rank,case_id,name,case_file,priority,profile,category,sqlite_median_ns,redline_median_ns,latency_ratio,gap_pct_raw,below_resolution,samples
1,00152,DOT_CLONE_TEMPFILE,SQLITE_PARITY_152_DOT_CLONE_TEMPFILE.rs,P2,tempfile,CLI_TEMPFILE,6143637,977426296,159.095711,-15809.571090,false,3
2,00168,DOT_CHECK_CATALOG,SQLITE_PARITY_168_DOT_CHECK_CATALOG.rs,P4,catalog,CLI_CATALOG,14337617,1307172231,91.170815,-9017.081528,false,3
3,00157,DOT_ARCHIVE_TEMPFILE_OPTIONAL,SQLITE_PARITY_157_DOT_ARCHIVE_TEMPFILE_OPTIONAL.rs,P3,tempfile,CLI_TEMPFILE_OPTIONAL,23143646,1767889469,76.387682,-7538.768191,false,3
4,00010,GENERATED_COLUMNS,SQLITE_PARITY_010_GENERATED_COLUMNS.rs,P0,memory,SQL_DDL,22754640,1639743952,72.061960,-7106.195976,false,3
5,00207,OPT_PCACHETRACE_CATALOG,SQLITE_PARITY_207_OPT_PCACHETRACE_CATALOG.rs,P4,catalog,CLI_OPTION_CATALOG,2755209,178425793,64.759440,-6375.944039,true,3
6,00348,SCALAR_ARITH_031,SQLITE_PARITY_348_SCALAR_ARITH_031.rs,P1,memory,GEN_SQL_SCALAR,6222446,396540441,63.727422,-6272.742182,false,3
7,00193,OPT_READONLY_TEMPFILE,SQLITE_PARITY_193_OPT_READONLY_TEMPFILE.rs,P2,tempfile,CLI_OPTION_TEMPFILE,18787265,1178733829,62.741108,-6174.110835,false,3
8,00008,STRICT_TABLE,SQLITE_PARITY_008_STRICT_TABLE.rs,P0,memory,SQL_DDL,13638182,801258471,58.751120,-5775.112027,false,3
9,00177,OPT_JSON_MODE,SQLITE_PARITY_177_OPT_JSON_MODE.rs,P1,memory,CLI_OPTION,5941043,344434347,57.975400,-5697.540045,false,3
10,00263,SCALAR_NULL_COALESCE_009,SQLITE_PARITY_263_SCALAR_NULL_COALESCE_009.rs,P1,memory,GEN_SQL_SCALAR,2493252,142151808,57.014617,-5601.461705,true,3
11,00319,SCALAR_NULL_COALESCE_023,SQLITE_PARITY_319_SCALAR_NULL_COALESCE_023.rs,P1,memory,GEN_SQL_SCALAR,8846656,504252344,56.999203,-5599.920331,false,3
12,00005,UNIQUE_CONSTRAINT_FAILURE,SQLITE_PARITY_005_UNIQUE_CONSTRAINT_FAILURE.rs,P0,memory,SQL_CONSTRAINTS_NEGATIVE,14673392,831418116,56.661617,-5566.161689,false,3
13,00094,FTS5_HIGHLIGHT_OPTIONAL,SQLITE_PARITY_094_FTS5_HIGHLIGHT_OPTIONAL.rs,P2,memory,SQL_VIRTUAL_TABLE_OPTIONAL,39169079,2164961658,55.272213,-5427.221250,false,3
14,00308,SCALAR_ARITH_021,SQLITE_PARITY_308_SCALAR_ARITH_021.rs,P1,memory,GEN_SQL_SCALAR,8526209,445707196,52.274955,-5127.495549,false,3
15,00045,REINDEX_COMMAND,SQLITE_PARITY_045_REINDEX_COMMAND.rs,P0,memory,SQL_REINDEX,15049565,780437904,51.857838,-5085.783802,false,3
16,00099,CLI_UINT_COLLATION_OPTIONAL,SQLITE_PARITY_099_CLI_UINT_COLLATION_OPTIONAL.rs,P3,memory,CLI_EXTENSION_OPTIONAL,3660413,178675296,48.812879,-4781.287877,false,3
17,00218,PRAGMA_FORMS_SCHEMA_EQUALS_PARENS,SQLITE_PARITY_218_PRAGMA_FORMS_SCHEMA_EQUALS_PARENS.rs,P0,memory,SQL_PRAGMA,2459579,115827958,47.092595,-4609.259511,true,3
18,00158,DOT_SHELL_SIDE_EFFECT,SQLITE_PARITY_158_DOT_SHELL_SIDE_EFFECT.rs,P4,side_effect,CLI_SIDE_EFFECT,24076523,1024745012,42.562002,-4156.200166,false,3
19,00058,GROUP_BY_HAVING,SQLITE_PARITY_058_GROUP_BY_HAVING.rs,P0,memory,SQL_AGGREGATE,23836238,959230200,40.242516,-3924.251646,false,3
20,00036,CREATE_VIEW,SQLITE_PARITY_036_CREATE_VIEW.rs,P0,memory,SQL_VIEW,10184811,401078246,39.380038,-3838.003818,false,3
21,00206,OPT_MEMTRACE_CATALOG,SQLITE_PARITY_206_OPT_MEMTRACE_CATALOG.rs,P4,catalog,CLI_OPTION_CATALOG,29217470,1148930609,39.323412,-3832.341195,false,3
22,00012,INSERT_DEFAULT_VALUES,SQLITE_PARITY_012_INSERT_DEFAULT_VALUES.rs,P0,memory,SQL_INSERT,21276770,772048414,36.285978,-3528.597828,false,3
23,00293,SCALAR_CAST_TYPEOF_017,SQLITE_PARITY_293_SCALAR_CAST_TYPEOF_017.rs,P1,memory,GEN_SQL_SCALAR,4030945,144824329,35.928133,-3492.813323,false,3
24,00163,DOT_FILECTRL_CATALOG,SQLITE_PARITY_163_DOT_FILECTRL_CATALOG.rs,P4,catalog,CLI_CATALOG,22641806,809121943,35.735751,-3473.575107,false,3
25,00116,DOT_DATABASES,SQLITE_PARITY_116_DOT_DATABASES.rs,P0,memory,CLI_DOT_COMMAND,22543920,746879772,33.129987,-3212.998680,false,3
26,00003,CREATE_TABLE_INSERT_SELECT,SQLITE_PARITY_003_CREATE_TABLE_INSERT_SELECT.rs,P0,memory,SQL_DDL_DML,25126431,809618005,32.221767,-3122.176699,false,3
27,00063,WINDOW_EXCLUDE_CURRENT_ROW,SQLITE_PARITY_063_WINDOW_EXCLUDE_CURRENT_ROW.rs,P0,memory,SQL_WINDOW,24222710,779377306,32.175479,-3117.547937,false,3
28,00280,SCALAR_ARITH_014,SQLITE_PARITY_280_SCALAR_ARITH_014.rs,P1,memory,GEN_SQL_SCALAR,5277806,167413906,31.720360,-3072.035994,false,3
29,00092,PERCENTILE_FUNCTIONS_OPTIONAL,SQLITE_PARITY_092_PERCENTILE_FUNCTIONS_OPTIONAL.rs,P3,memory,SQL_FUNCTIONS_OPTIONAL,25651005,796027262,31.032985,-3003.298534,false,3
30,00019,REPLACE_INTO,SQLITE_PARITY_019_REPLACE_INTO.rs,P0,memory,SQL_REPLACE,25169513,777668509,30.897241,-2989.724100,false,3
31,00007,WITHOUT_ROWID_TABLE,SQLITE_PARITY_007_WITHOUT_ROWID_TABLE.rs,P0,memory,SQL_ROWID,24092182,733273481,30.436159,-2943.615896,false,3
32,00104,SELECT_DISTINCT,SQLITE_PARITY_104_SELECT_DISTINCT.rs,P0,memory,SQL_SELECT,24615875,744736794,30.254330,-2925.432953,false,3
33,00134,DOT_CRLF,SQLITE_PARITY_134_DOT_CRLF.rs,P3,memory,CLI_DOT_COMMAND_DIAGNOSTIC,15554552,470143160,30.225439,-2922.543883,false,3
34,00071,BETWEEN_IN_ISNULL_IS,SQLITE_PARITY_071_BETWEEN_IN_ISNULL_IS.rs,P0,memory,SQL_OPERATORS,16655758,477507280,28.669201,-2766.920137,false,3
35,00001,SELECT_CORE_EXPRESSIONS,SQLITE_PARITY_001_SELECT_CORE_EXPRESSIONS.rs,P0,memory,SQL_SELECT,24016048,688238833,28.657456,-2765.745576,false,3
36,00139,DOT_LINT_FKEY_INDEXES,SQLITE_PARITY_139_DOT_LINT_FKEY_INDEXES.rs,P3,memory,CLI_DOT_COMMAND_DIAGNOSTIC,26173104,745007806,28.464633,-2746.463324,false,3
37,00093,CREATE_VIRTUAL_TABLE_FTS5_OPTIONAL,SQLITE_PARITY_093_CREATE_VIRTUAL_TABLE_FTS5_OPTIONAL.rs,P1,memory,SQL_VIRTUAL_TABLE_OPTIONAL,27707821,773241614,27.906980,-2690.698027,false,3
38,00006,ROWID_INTEGER_PRIMARY_KEY,SQLITE_PARITY_006_ROWID_INTEGER_PRIMARY_KEY.rs,P0,memory,SQL_ROWID,27644081,751185448,27.173464,-2617.346429,false,3
39,00060,FILTER_CLAUSE,SQLITE_PARITY_060_FILTER_CLAUSE.rs,P0,memory,SQL_AGGREGATE,21081390,572143960,27.139765,-2613.976450,false,3
40,00021,UPSERT_DO_NOTHING,SQLITE_PARITY_021_UPSERT_DO_NOTHING.rs,P0,memory,SQL_UPSERT,28228367,751930038,26.637391,-2563.739061,false,3
41,00025,BEGIN_MODES,SQLITE_PARITY_025_BEGIN_MODES.rs,P0,memory,SQL_TRANSACTION,30265716,801755111,26.490538,-2549.053837,false,3
42,00015,UPDATE_BASIC,SQLITE_PARITY_015_UPDATE_BASIC.rs,P0,memory,SQL_UPDATE,25286795,663439579,26.236602,-2523.660211,false,3
43,00130,DOT_OPEN_MEMORY,SQLITE_PARITY_130_DOT_OPEN_MEMORY.rs,P0,memory,CLI_DOT_COMMAND,33562269,859305414,25.603317,-2460.331705,false,3
44,00110,DOT_MODE_LINE_COLUMN_TABLE_BOX_MARKDOWN,SQLITE_PARITY_110_DOT_MODE_LINE_COLUMN_TABLE_BOX_MARKDOWN.rs,P0,memory,CLI_DOT_COMMAND,19736844,494789473,25.069331,-2406.933089,false,3
45,00069,COLLATE_NOCASE_RTRIM_BINARY,SQLITE_PARITY_069_COLLATE_NOCASE_RTRIM_BINARY.rs,P0,memory,SQL_COLLATION,35381596,886932374,25.067619,-2406.761917,false,3
46,00048,PRAGMA_USER_VERSION,SQLITE_PARITY_048_PRAGMA_USER_VERSION.rs,P0,memory,SQL_PRAGMA,5703553,141274786,24.769610,-2376.961045,false,3
47,00231,SCALAR_NULL_COALESCE_001,SQLITE_PARITY_231_SCALAR_NULL_COALESCE_001.rs,P1,memory,GEN_SQL_SCALAR,42401342,1025673900,24.189657,-2318.965654,false,3
48,00009,STRICT_TABLE_TYPE_FAILURE,SQLITE_PARITY_009_STRICT_TABLE_TYPE_FAILURE.rs,P0,memory,SQL_DDL_NEGATIVE,22155805,534856484,24.140693,-2314.069288,false,3
49,00065,CTE_RECURSIVE,SQLITE_PARITY_065_CTE_RECURSIVE.rs,P0,memory,SQL_CTE,24061495,567712976,23.594252,-2259.425198,false,3
50,00127,DOT_LIMIT,SQLITE_PARITY_127_DOT_LIMIT.rs,P0,memory,CLI_DOT_COMMAND,17131629,403576709,23.557404,-2255.740420,false,3
51,00002,LITERALS_AND_TYPEOF,SQLITE_PARITY_002_LITERALS_AND_TYPEOF.rs,P0,memory,SQL_EXPRESSIONS,33169857,778372062,23.466247,-2246.624714,false,3
52,00081,BLOBS_HEX_ZEROBLOB,SQLITE_PARITY_081_BLOBS_HEX_ZEROBLOB.rs,P0,memory,SQL_FUNCTIONS,58369717,1366805110,23.416340,-2241.633950,false,3
53,00172,OPT_CMD,SQLITE_PARITY_172_OPT_CMD.rs,P1,memory,CLI_OPTION,2588323,59866983,23.129641,-2212.964147,true,3
54,00259,SCALAR_NULL_COALESCE_008,SQLITE_PARITY_259_SCALAR_NULL_COALESCE_008.rs,P1,memory,GEN_SQL_SCALAR,26740218,617953906,23.109531,-2210.953134,false,3
55,00091,MATH_FUNCTIONS_OPTIONAL,SQLITE_PARITY_091_MATH_FUNCTIONS_OPTIONAL.rs,P2,memory,SQL_FUNCTIONS_OPTIONAL,32587623,752727468,23.098569,-2209.856929,false,3
56,00303,SCALAR_NULL_COALESCE_019,SQLITE_PARITY_303_SCALAR_NULL_COALESCE_019.rs,P1,memory,GEN_SQL_SCALAR,11738524,268997224,22.915762,-2191.576215,false,3
57,00086,DATE_TIME_FUNCTIONS,SQLITE_PARITY_086_DATE_TIME_FUNCTIONS.rs,P0,memory,SQL_FUNCTIONS,17964516,402296985,22.393978,-2139.397850,false,3
58,00011,CREATE_TABLE_AS_SELECT,SQLITE_PARITY_011_CREATE_TABLE_AS_SELECT.rs,P0,memory,SQL_DDL,31383943,700825001,22.330687,-2133.068678,false,3
59,00035,DROP_INDEX,SQLITE_PARITY_035_DROP_INDEX.rs,P0,memory,SQL_DROP,20775952,460128332,22.147160,-2114.715995,false,3
60,00072,ORDER_BY_NULLS_FIRST_LAST,SQLITE_PARITY_072_ORDER_BY_NULLS_FIRST_LAST.rs,P0,memory,SQL_SELECT,35289431,777846125,22.041900,-2104.190045,false,3
61,00079,CHECK_CONSTRAINT_FAILURE,SQLITE_PARITY_079_CHECK_CONSTRAINT_FAILURE.rs,P0,memory,SQL_CONSTRAINTS_NEGATIVE,26081901,562426363,21.563856,-2056.385622,false,3
62,00046,VACUUM_MEMORY,SQLITE_PARITY_046_VACUUM_MEMORY.rs,P0,memory,SQL_VACUUM,26523558,557413869,21.015803,-2001.580297,false,3
63,00052,PRAGMA_INTEGRITY_QUICK_CHECK,SQLITE_PARITY_052_PRAGMA_INTEGRITY_QUICK_CHECK.rs,P0,memory,SQL_PRAGMA,17443509,366410973,21.005577,-2000.557709,false,3
64,00032,UNIQUE_INDEX_FAILURE,SQLITE_PARITY_032_UNIQUE_INDEX_FAILURE.rs,P0,memory,SQL_INDEX_NEGATIVE,36400435,754713009,20.733626,-1973.362610,false,3
65,00020,UPSERT_DO_UPDATE,SQLITE_PARITY_020_UPSERT_DO_UPDATE.rs,P0,memory,SQL_UPSERT,35828743,742226098,20.715940,-1971.594022,false,3
66,00050,PRAGMA_TABLE_INFO_FUNCTION,SQLITE_PARITY_050_PRAGMA_TABLE_INFO_FUNCTION.rs,P0,memory,SQL_PRAGMA,5942185,121558873,20.456932,-1945.693175,false,3
67,00064,CTE_NON_RECURSIVE,SQLITE_PARITY_064_CTE_NON_RECURSIVE.rs,P0,memory,SQL_CTE,26015295,530961897,20.409605,-1940.960508,false,3
68,00328,SCALAR_ARITH_026,SQLITE_PARITY_328_SCALAR_ARITH_026.rs,P1,memory,GEN_SQL_SCALAR,6978197,142069160,20.359007,-1935.900677,false,3
69,00070,LIKE_GLOB_MATCH_ESCAPE,SQLITE_PARITY_070_LIKE_GLOB_MATCH_ESCAPE.rs,P0,memory,SQL_OPERATORS,25494699,515345659,20.213836,-1921.383579,false,3
70,00087,DATE_TIMEDIFF_FUNCTION,SQLITE_PARITY_087_DATE_TIMEDIFF_FUNCTION.rs,P0,memory,SQL_FUNCTIONS,38767659,779342270,20.102897,-1910.289737,false,3
71,00118,DOT_FULLSCHEMA,SQLITE_PARITY_118_DOT_FULLSCHEMA.rs,P0,memory,CLI_DOT_COMMAND,27762204,548257596,19.748345,-1874.834548,false,3
72,00346,SCALAR_STRING_030,SQLITE_PARITY_346_SCALAR_STRING_030.rs,P1,memory,GEN_SQL_SCALAR,11309962,221335798,19.569986,-1856.998600,false,3
73,00031,CREATE_INDEX,SQLITE_PARITY_031_CREATE_INDEX.rs,P0,memory,SQL_INDEX,39162106,764558677,19.522920,-1852.292037,false,3
74,00253,SCALAR_CAST_TYPEOF_007,SQLITE_PARITY_253_SCALAR_CAST_TYPEOF_007.rs,P1,memory,GEN_SQL_SCALAR,25380302,493959470,19.462316,-1846.231648,false,3
75,00175,OPT_QUOTE_MODE,SQLITE_PARITY_175_OPT_QUOTE_MODE.rs,P1,memory,CLI_OPTION,3551607,68053679,19.161377,-1816.137653,false,3
76,00047,PRAGMA_FOREIGN_KEYS,SQLITE_PARITY_047_PRAGMA_FOREIGN_KEYS.rs,P0,memory,SQL_PRAGMA,27178238,516393474,19.000256,-1800.025579,false,3
77,00106,DOT_HELP,SQLITE_PARITY_106_DOT_HELP.rs,P0,memory,CLI_DOT_COMMAND,38273573,725076595,18.944576,-1794.457554,false,3
78,00176,OPT_LINE_MODE,SQLITE_PARITY_176_OPT_LINE_MODE.rs,P2,memory,CLI_OPTION,25318064,478247050,18.889558,-1788.955846,false,3
79,00059,AGGREGATE_FUNCTIONS_CORE,SQLITE_PARITY_059_AGGREGATE_FUNCTIONS_CORE.rs,P0,memory,SQL_FUNCTIONS,38572580,714742011,18.529795,-1752.979528,false,3
80,00340,SCALAR_ARITH_029,SQLITE_PARITY_340_SCALAR_ARITH_029.rs,P1,memory,GEN_SQL_SCALAR,17355313,319849461,18.429484,-1742.948387,false,3
81,00037,DROP_VIEW,SQLITE_PARITY_037_DROP_VIEW.rs,P0,memory,SQL_DROP,43532875,800745367,18.394038,-1739.403823,false,3
82,00041,DROP_TRIGGER,SQLITE_PARITY_041_DROP_TRIGGER.rs,P0,memory,SQL_DROP,21985322,402346399,18.300683,-1730.068256,false,3
83,00013,INSERT_SELECT,SQLITE_PARITY_013_INSERT_SELECT.rs,P0,memory,SQL_INSERT,41881657,741039881,17.693662,-1669.366195,false,3
84,00016,UPDATE_RETURNING,SQLITE_PARITY_016_UPDATE_RETURNING.rs,P0,memory,SQL_UPDATE,30224678,534536047,17.685417,-1668.541743,false,3
85,00254,SCALAR_STRING_007,SQLITE_PARITY_254_SCALAR_STRING_007.rs,P1,memory,GEN_SQL_SCALAR,37766172,666096802,17.637393,-1663.739259,false,3
86,00017,DELETE_BASIC,SQLITE_PARITY_017_DELETE_BASIC.rs,P0,memory,SQL_DELETE,38733855,675646010,17.443294,-1644.329373,false,3
87,00039,CREATE_TRIGGER_BEFORE,SQLITE_PARITY_039_CREATE_TRIGGER_BEFORE.rs,P0,memory,SQL_TRIGGER,40415180,704586215,17.433702,-1643.370226,false,3
88,00068,CAST_AND_TYPE_AFFINITY,SQLITE_PARITY_068_CAST_AND_TYPE_AFFINITY.rs,P0,memory,SQL_EXPRESSIONS,103322622,1784723041,17.273304,-1627.330382,false,3
89,00141,DOT_SHA3SUM,SQLITE_PARITY_141_DOT_SHA3SUM.rs,P0,memory,CLI_DOT_COMMAND,32536717,561538252,17.258602,-1625.860209,false,3
90,00318,SCALAR_STRING_023,SQLITE_PARITY_318_SCALAR_STRING_023.rs,P1,memory,GEN_SQL_SCALAR,17444091,294416759,16.877736,-1587.773579,false,3
91,00173,OPT_LIST_MODE,SQLITE_PARITY_173_OPT_LIST_MODE.rs,P1,memory,CLI_OPTION,2986667,49995446,16.739545,-1573.954478,true,3
92,00240,SCALAR_ARITH_004,SQLITE_PARITY_240_SCALAR_ARITH_004.rs,P1,memory,GEN_SQL_SCALAR,13907472,229422595,16.496355,-1549.635498,false,3
93,00014,INSERT_RETURNING,SQLITE_PARITY_014_INSERT_RETURNING.rs,P0,memory,SQL_INSERT,32136509,529991158,16.491871,-1549.187091,false,3
94,00306,SCALAR_STRING_020,SQLITE_PARITY_306_SCALAR_STRING_020.rs,P1,memory,GEN_SQL_SCALAR,21724268,344195855,15.843841,-1484.384132,false,3
95,00040,INSTEAD_OF_TRIGGER_ON_VIEW,SQLITE_PARITY_040_INSTEAD_OF_TRIGGER_ON_VIEW.rs,P0,memory,SQL_TRIGGER,23146732,364690054,15.755574,-1475.557422,false,3
96,00283,SCALAR_NULL_COALESCE_014,SQLITE_PARITY_283_SCALAR_NULL_COALESCE_014.rs,P1,memory,GEN_SQL_SCALAR,29687330,467219502,15.738010,-1473.801019,false,3
97,00261,SCALAR_CAST_TYPEOF_009,SQLITE_PARITY_261_SCALAR_CAST_TYPEOF_009.rs,P1,memory,GEN_SQL_SCALAR,13274833,206086344,15.524590,-1452.459033,false,3
98,00161,DOT_WWW_EXTERNAL_APP,SQLITE_PARITY_161_DOT_WWW_EXTERNAL_APP.rs,P4,external_app,CLI_EXTERNAL_APP,68502059,1049042634,15.314031,-1431.403069,false,3
99,00266,SCALAR_STRING_010,SQLITE_PARITY_266_SCALAR_STRING_010.rs,P1,memory,GEN_SQL_SCALAR,15279681,233103707,15.255797,-1425.579670,false,3
100,00278,SCALAR_STRING_013,SQLITE_PARITY_278_SCALAR_STRING_013.rs,P1,memory,GEN_SQL_SCALAR,25962335,384383564,14.805431,-1380.543118,false,3
101,00028,ALTER_TABLE_RENAME,SQLITE_PARITY_028_ALTER_TABLE_RENAME.rs,P0,memory,SQL_ALTER,49379829,719845828,14.577730,-1357.773027,false,3
102,00166,DOT_SESSION_CATALOG,SQLITE_PARITY_166_DOT_SESSION_CATALOG.rs,P4,catalog,CLI_CATALOG,23708276,344777888,14.542512,-1354.251199,false,3
103,00305,SCALAR_CAST_TYPEOF_020,SQLITE_PARITY_305_SCALAR_CAST_TYPEOF_020.rs,P1,memory,GEN_SQL_SCALAR,25813202,375298006,14.538995,-1353.899466,false,3
104,00113,DOT_NULLVALUE,SQLITE_PARITY_113_DOT_NULLVALUE.rs,P0,memory,CLI_DOT_COMMAND,33306705,479378053,14.392839,-1339.283931,false,3
105,00126,DOT_STATS,SQLITE_PARITY_126_DOT_STATS.rs,P3,memory,CLI_DOT_COMMAND_DIAGNOSTIC,36516255,523412908,14.333696,-1333.369627,false,3
106,00128,DOT_DBCONFIG,SQLITE_PARITY_128_DOT_DBCONFIG.rs,P0,memory,CLI_DOT_COMMAND,33210804,475127372,14.306410,-1330.640981,false,3
107,00233,SCALAR_CAST_TYPEOF_002,SQLITE_PARITY_233_SCALAR_CAST_TYPEOF_002.rs,P1,memory,GEN_SQL_SCALAR,2677642,37624474,14.051346,-1305.134592,true,3
108,00310,SCALAR_STRING_021,SQLITE_PARITY_310_SCALAR_STRING_021.rs,P1,memory,GEN_SQL_SCALAR,14624389,204975079,14.015976,-1301.597557,false,3
109,00125,DOT_TIMER,SQLITE_PARITY_125_DOT_TIMER.rs,P3,memory,CLI_DOT_COMMAND_DIAGNOSTIC,52207535,719295105,13.777611,-1277.761093,false,3
110,00090,JSON_MUTATION_FUNCTIONS,SQLITE_PARITY_090_JSON_MUTATION_FUNCTIONS.rs,P0,memory,SQL_JSON,32906198,438833648,13.335896,-1233.589642,false,3
111,00236,SCALAR_ARITH_003,SQLITE_PARITY_236_SCALAR_ARITH_003.rs,P1,memory,GEN_SQL_SCALAR,47508675,628816491,13.235825,-1223.582464,false,3
112,00350,SCALAR_STRING_031,SQLITE_PARITY_350_SCALAR_STRING_031.rs,P1,memory,GEN_SQL_SCALAR,15436668,203091562,13.156438,-1215.643778,false,3
113,00229,SCALAR_CAST_TYPEOF_001,SQLITE_PARITY_229_SCALAR_CAST_TYPEOF_001.rs,P1,memory,GEN_SQL_SCALAR,47766253,611407386,12.799986,-1179.998634,false,3
114,00112,DOT_SEPARATOR,SQLITE_PARITY_112_DOT_SEPARATOR.rs,P0,memory,CLI_DOT_COMMAND,43128259,526963013,12.218509,-1121.850882,false,3
115,00187,OPT_NULLVALUE,SQLITE_PARITY_187_OPT_NULLVALUE.rs,P1,memory,CLI_OPTION,7850179,95913828,12.218043,-1121.804344,false,3
116,00331,SCALAR_NULL_COALESCE_026,SQLITE_PARITY_331_SCALAR_NULL_COALESCE_026.rs,P1,memory,GEN_SQL_SCALAR,18807353,229532113,12.204382,-1120.438161,false,3
117,00398,DML_WHERE_ORDER_LIMIT_011,SQLITE_PARITY_398_DML_WHERE_ORDER_LIMIT_011.rs,P1,memory,GEN_SQL_DML,5991088,72580965,12.114822,-1111.482205,false,3
118,00153,DOT_CD_TEMPFILE,SQLITE_PARITY_153_DOT_CD_TEMPFILE.rs,P2,tempfile,CLI_TEMPFILE,26700894,319934443,11.982162,-1098.216221,false,3
119,00122,DOT_CHANGES,SQLITE_PARITY_122_DOT_CHANGES.rs,P0,memory,CLI_DOT_COMMAND,6918154,82279193,11.893229,-1089.322947,false,3
120,00057,COMPOUND_SELECT_UNION_INTERSECT_EXCEPT,SQLITE_PARITY_057_COMPOUND_SELECT_UNION_INTERSECT_EXCEPT.rs,P0,memory,SQL_SELECT,22509625,263264495,11.695641,-1069.564109,false,3
121,00055,JOINS_RIGHT_FULL_OUTER,SQLITE_PARITY_055_JOINS_RIGHT_FULL_OUTER.rs,P0,memory,SQL_JOIN,28550748,332289896,11.638571,-1063.857059,false,3
122,00089,JSON_TABLE_VALUED_FUNCTIONS,SQLITE_PARITY_089_JSON_TABLE_VALUED_FUNCTIONS.rs,P0,memory,SQL_JSON,81795668,949859150,11.612585,-1061.258503,false,3
123,00322,SCALAR_STRING_024,SQLITE_PARITY_322_SCALAR_STRING_024.rs,P1,memory,GEN_SQL_SCALAR,16210364,187781623,11.584047,-1058.404728,false,3
124,00018,DELETE_RETURNING,SQLITE_PARITY_018_DELETE_RETURNING.rs,P0,memory,SQL_DELETE,30275674,342590195,11.315692,-1031.569177,false,3
125,00164,DOT_IMPOSTER_CATALOG,SQLITE_PARITY_164_DOT_IMPOSTER_CATALOG.rs,P4,catalog,CLI_CATALOG,15166036,170407155,11.236104,-1023.610382,false,3
126,00148,DOT_OUTPUT_TEMPFILE,SQLITE_PARITY_148_DOT_OUTPUT_TEMPFILE.rs,P1,tempfile,CLI_TEMPFILE,99484923,1095530022,11.012021,-1001.202061,false,3
127,00156,DOT_RECOVER_TEMPFILE,SQLITE_PARITY_156_DOT_RECOVER_TEMPFILE.rs,P3,tempfile,CLI_TEMPFILE,12028964,132435544,11.009722,-1000.972154,false,3
128,00056,SUBQUERIES_EXISTS_IN,SQLITE_PARITY_056_SUBQUERIES_EXISTS_IN.rs,P0,memory,SQL_SELECT,44531837,488606121,10.972063,-997.206300,false,3
129,00109,DOT_MODE_JSON,SQLITE_PARITY_109_DOT_MODE_JSON.rs,P0,memory,CLI_DOT_COMMAND,12367996,135163791,10.928512,-992.851186,false,3
130,00162,DOT_LOAD_EXTENSION_NEGATIVE,SQLITE_PARITY_162_DOT_LOAD_EXTENSION_NEGATIVE.rs,P4,side_effect,CLI_SIDE_EFFECT,4326715,46715232,10.796928,-979.692839,false,3
131,00117,DOT_DUMP,SQLITE_PARITY_117_DOT_DUMP.rs,P0,memory,CLI_DOT_COMMAND,48816031,517404838,10.599076,-959.907632,false,3
132,00146,DOT_READ_TEMPFILE,SQLITE_PARITY_146_DOT_READ_TEMPFILE.rs,P1,tempfile,CLI_TEMPFILE,33760866,346533775,10.264363,-926.436274,false,3
133,00085,CORE_RANDOM_SHAPE,SQLITE_PARITY_085_CORE_RANDOM_SHAPE.rs,P0,memory,SQL_FUNCTIONS,53816923,544472757,10.117129,-911.712909,false,3
134,00309,SCALAR_CAST_TYPEOF_021,SQLITE_PARITY_309_SCALAR_CAST_TYPEOF_021.rs,P1,memory,GEN_SQL_SCALAR,17401750,173696785,9.981570,-898.156996,false,3
135,00297,SCALAR_CAST_TYPEOF_018,SQLITE_PARITY_297_SCALAR_CAST_TYPEOF_018.rs,P1,memory,GEN_SQL_SCALAR,24704583,243471575,9.855320,-885.532016,false,3
136,00323,SCALAR_NULL_COALESCE_024,SQLITE_PARITY_323_SCALAR_NULL_COALESCE_024.rs,P1,memory,GEN_SQL_SCALAR,19478945,191376893,9.824808,-882.480791,false,3
137,00301,SCALAR_CAST_TYPEOF_019,SQLITE_PARITY_301_SCALAR_CAST_TYPEOF_019.rs,P1,memory,GEN_SQL_SCALAR,21814869,213048611,9.766211,-876.621088,false,3
138,00284,SCALAR_ARITH_015,SQLITE_PARITY_284_SCALAR_ARITH_015.rs,P1,memory,GEN_SQL_SCALAR,66400568,635235959,9.566725,-856.672478,false,3
139,00296,SCALAR_ARITH_018,SQLITE_PARITY_296_SCALAR_ARITH_018.rs,P1,memory,GEN_SQL_SCALAR,26781075,254678051,9.509628,-850.962764,false,3
140,00358,SCALAR_STRING_033,SQLITE_PARITY_358_SCALAR_STRING_033.rs,P1,memory,GEN_SQL_SCALAR,23323136,214111765,9.180231,-818.023052,false,3
141,00243,SCALAR_NULL_COALESCE_004,SQLITE_PARITY_243_SCALAR_NULL_COALESCE_004.rs,P1,memory,GEN_SQL_SCALAR,44524814,398136163,8.941894,-794.189391,false,3
142,00312,SCALAR_ARITH_022,SQLITE_PARITY_312_SCALAR_ARITH_022.rs,P1,memory,GEN_SQL_SCALAR,7821134,69339895,8.865709,-786.570860,false,3
143,00197,OPT_MAXSIZE_DESERIALIZE_TEMPFILE,SQLITE_PARITY_197_OPT_MAXSIZE_DESERIALIZE_TEMPFILE.rs,P3,tempfile,CLI_OPTION_TEMPFILE,10964558,96938570,8.841083,-784.108324,false,3
144,00270,SCALAR_STRING_011,SQLITE_PARITY_270_SCALAR_STRING_011.rs,P1,memory,GEN_SQL_SCALAR,29122941,252967281,8.686186,-768.618595,false,3
145,00027,FOREIGN_KEY_FAILURE,SQLITE_PARITY_027_FOREIGN_KEY_FAILURE.rs,P0,memory,SQL_FOREIGN_KEYS_NEGATIVE,13880421,120088058,8.651615,-765.161496,false,3
146,00103,WINDOW_NAMED_WINDOW,SQLITE_PARITY_103_WINDOW_NAMED_WINDOW.rs,P0,memory,SQL_WINDOW,24247958,209636408,8.645528,-764.552834,false,3
147,00330,SCALAR_STRING_026,SQLITE_PARITY_330_SCALAR_STRING_026.rs,P1,memory,GEN_SQL_SCALAR,10913160,94303349,8.641250,-764.125047,false,3
148,00067,CASE_COALESCE_NULLIF_IIF,SQLITE_PARITY_067_CASE_COALESCE_NULLIF_IIF.rs,P0,memory,SQL_EXPRESSIONS,19220575,166027611,8.638015,-763.801478,false,3
149,00245,SCALAR_CAST_TYPEOF_005,SQLITE_PARITY_245_SCALAR_CAST_TYPEOF_005.rs,P1,memory,GEN_SQL_SCALAR,23551709,198068037,8.409922,-740.992206,false,3
150,00288,SCALAR_ARITH_016,SQLITE_PARITY_288_SCALAR_ARITH_016.rs,P1,memory,GEN_SQL_SCALAR,13812702,113467978,8.214756,-721.475610,false,3
151,00277,SCALAR_CAST_TYPEOF_013,SQLITE_PARITY_277_SCALAR_CAST_TYPEOF_013.rs,P1,memory,GEN_SQL_SCALAR,19062376,154629311,8.111754,-711.175433,false,3
152,00289,SCALAR_CAST_TYPEOF_016,SQLITE_PARITY_289_SCALAR_CAST_TYPEOF_016.rs,P1,memory,GEN_SQL_SCALAR,33481526,271319732,8.103565,-710.356529,false,3
153,00302,SCALAR_STRING_019,SQLITE_PARITY_302_SCALAR_STRING_019.rs,P1,memory,GEN_SQL_SCALAR,17480059,140502283,8.037861,-703.786091,false,3
154,00313,SCALAR_CAST_TYPEOF_022,SQLITE_PARITY_313_SCALAR_CAST_TYPEOF_022.rs,P1,memory,GEN_SQL_SCALAR,21719468,171870307,7.913191,-691.319138,false,3
155,00469,DML_WHERE_ORDER_LIMIT_082,SQLITE_PARITY_469_DML_WHERE_ORDER_LIMIT_082.rs,P1,memory,GEN_SQL_DML,5231208,41192432,7.874363,-687.436324,false,3
156,00155,DOT_DBTOTXT_TEMPFILE,SQLITE_PARITY_155_DOT_DBTOTXT_TEMPFILE.rs,P3,tempfile,CLI_TEMPFILE,21897846,171714140,7.841600,-684.159958,false,3
157,00315,SCALAR_NULL_COALESCE_022,SQLITE_PARITY_315_SCALAR_NULL_COALESCE_022.rs,P1,memory,GEN_SQL_SCALAR,20405840,157778154,7.732010,-673.200976,false,3
158,00142,DOT_EXIT_CODE,SQLITE_PARITY_142_DOT_EXIT_CODE.rs,P0,memory,CLI_DOT_COMMAND,2356043,17779196,7.546210,-654.621032,true,3
159,00321,SCALAR_CAST_TYPEOF_024,SQLITE_PARITY_321_SCALAR_CAST_TYPEOF_024.rs,P1,memory,GEN_SQL_SCALAR,5941784,43976114,7.401163,-640.116335,false,3
160,00498,DML_WHERE_ORDER_LIMIT_111,SQLITE_PARITY_498_DML_WHERE_ORDER_LIMIT_111.rs,P1,memory,GEN_SQL_DML,7540432,55398429,7.346851,-634.685082,false,3
161,00105,CASE_SENSITIVE_LIKE_PRAGMA,SQLITE_PARITY_105_CASE_SENSITIVE_LIKE_PRAGMA.rs,P2,memory,SQL_PRAGMA,13002047,94095625,7.236985,-623.698545,false,3
162,00326,SCALAR_STRING_025,SQLITE_PARITY_326_SCALAR_STRING_025.rs,P1,memory,GEN_SQL_SCALAR,5175272,36909950,7.131983,-613.198263,false,3
163,00221,OPT_DOUBLE_DASH_END_OPTIONS,SQLITE_PARITY_221_OPT_DOUBLE_DASH_END_OPTIONS.rs,P2,memory,CLI_OPTION,3823913,27263559,7.129754,-612.975400,false,3
164,00317,SCALAR_CAST_TYPEOF_023,SQLITE_PARITY_317_SCALAR_CAST_TYPEOF_023.rs,P1,memory,GEN_SQL_SCALAR,4996293,35418165,7.088889,-608.888870,false,3
165,00244,SCALAR_ARITH_005,SQLITE_PARITY_244_SCALAR_ARITH_005.rs,P1,memory,GEN_SQL_SCALAR,10842016,76428212,7.049262,-604.926206,false,3
166,00333,SCALAR_CAST_TYPEOF_027,SQLITE_PARITY_333_SCALAR_CAST_TYPEOF_027.rs,P1,memory,GEN_SQL_SCALAR,20778245,146167143,7.034624,-603.462410,false,3
167,00107,DOT_HELP_PATTERN,SQLITE_PARITY_107_DOT_HELP_PATTERN.rs,P0,memory,CLI_DOT_COMMAND,24626935,172275414,6.995406,-599.540621,false,3
168,00225,OPT_NONCE_SAFE_MODE,SQLITE_PARITY_225_OPT_NONCE_SAFE_MODE.rs,P2,memory,CLI_OPTION,5378467,37408625,6.955258,-595.525788,false,3
169,00239,SCALAR_NULL_COALESCE_003,SQLITE_PARITY_239_SCALAR_NULL_COALESCE_003.rs,P1,memory,GEN_SQL_SCALAR,9603881,66337679,6.907382,-590.738244,false,3
170,00075,EXPLAIN_QUERY_PLAN,SQLITE_PARITY_075_EXPLAIN_QUERY_PLAN.rs,P0,memory,SQL_EXPLAIN,33137555,226742640,6.842467,-584.246741,false,3
171,00339,SCALAR_NULL_COALESCE_028,SQLITE_PARITY_339_SCALAR_NULL_COALESCE_028.rs,P1,memory,GEN_SQL_SCALAR,34629311,236670072,6.834386,-583.438582,false,3
172,00329,SCALAR_CAST_TYPEOF_026,SQLITE_PARITY_329_SCALAR_CAST_TYPEOF_026.rs,P1,memory,GEN_SQL_SCALAR,49146287,333680498,6.789536,-578.953627,false,3
173,00147,DOT_IMPORT_CSV_TEMPFILE,SQLITE_PARITY_147_DOT_IMPORT_CSV_TEMPFILE.rs,P1,tempfile,CLI_TEMPFILE,27031459,181965017,6.731602,-573.160176,false,3
174,00202,OPT_APPEND_TEMPFILE,SQLITE_PARITY_202_OPT_APPEND_TEMPFILE.rs,P4,tempfile,CLI_OPTION_TEMPFILE,14881177,99679892,6.698388,-569.838763,false,3
175,00061,WINDOW_ROW_NUMBER_RANK,SQLITE_PARITY_061_WINDOW_ROW_NUMBER_RANK.rs,P0,memory,SQL_WINDOW,4332096,28977837,6.689103,-568.910315,false,3
176,00084,CORE_FORMAT_QUOTE_HEX,SQLITE_PARITY_084_CORE_FORMAT_QUOTE_HEX.rs,P0,memory,SQL_FUNCTIONS,40442792,269700856,6.668700,-566.870022,false,3
177,00033,PARTIAL_INDEX,SQLITE_PARITY_033_PARTIAL_INDEX.rs,P0,memory,SQL_INDEX,19530753,129579815,6.634655,-563.465536,false,3
178,00272,SCALAR_ARITH_012,SQLITE_PARITY_272_SCALAR_ARITH_012.rs,P1,memory,GEN_SQL_SCALAR,29558837,195767600,6.622980,-562.298046,false,3
179,00320,SCALAR_ARITH_024,SQLITE_PARITY_320_SCALAR_ARITH_024.rs,P1,memory,GEN_SQL_SCALAR,4366761,28397337,6.503066,-550.306646,false,3
180,00501,DML_WHERE_ORDER_LIMIT_114,SQLITE_PARITY_501_DML_WHERE_ORDER_LIMIT_114.rs,P1,memory,GEN_SQL_DML,5410418,35145198,6.495838,-549.583784,false,3
181,00223,OPT_NOHEADER,SQLITE_PARITY_223_OPT_NOHEADER.rs,P2,memory,CLI_OPTION,5784837,37506350,6.483562,-548.356211,false,3
182,00201,OPT_NO_ROWID_IN_VIEW,SQLITE_PARITY_201_OPT_NO_ROWID_IN_VIEW.rs,P4,memory,CLI_OPTION,17808550,115291391,6.473935,-547.393477,false,3
183,00257,SCALAR_CAST_TYPEOF_008,SQLITE_PARITY_257_SCALAR_CAST_TYPEOF_008.rs,P1,memory,GEN_SQL_SCALAR,15678907,97407498,6.212646,-521.264595,false,3
184,00224,OPT_STATS,SQLITE_PARITY_224_OPT_STATS.rs,P3,memory,CLI_OPTION_DIAGNOSTIC,4856358,30003429,6.178175,-517.817488,false,3
185,00195,OPT_SAFE_MODE_BLOCKS_SHELL,SQLITE_PARITY_195_OPT_SAFE_MODE_BLOCKS_SHELL.rs,P2,memory,CLI_OPTION_NEGATIVE,14563715,89852629,6.169623,-516.962286,false,3
186,00101,SCHEMA_SQLITE_MASTER_ALIAS,SQLITE_PARITY_101_SCHEMA_SQLITE_MASTER_ALIAS.rs,P0,memory,SQL_SCHEMA,13026203,78878903,6.055403,-505.540256,false,3
187,00292,SCALAR_ARITH_017,SQLITE_PARITY_292_SCALAR_ARITH_017.rs,P1,memory,GEN_SQL_SCALAR,22945200,135498075,5.905291,-490.529065,false,3
188,00237,SCALAR_CAST_TYPEOF_003,SQLITE_PARITY_237_SCALAR_CAST_TYPEOF_003.rs,P1,memory,GEN_SQL_SCALAR,8512263,48384765,5.684125,-468.412477,false,3
189,00136,DOT_LOG,SQLITE_PARITY_136_DOT_LOG.rs,P0,memory,CLI_DOT_COMMAND,31443376,178208140,5.667589,-466.758926,false,3
190,00190,OPT_BAIL,SQLITE_PARITY_190_OPT_BAIL.rs,P1,memory,CLI_OPTION_NEGATIVE,4214022,23682506,5.619929,-461.992937,false,3
191,00102,WITH_MATERIALIZED_HINTS,SQLITE_PARITY_102_WITH_MATERIALIZED_HINTS.rs,P0,memory,SQL_CTE,29458607,163664365,5.555740,-455.574013,false,3
192,00262,SCALAR_STRING_009,SQLITE_PARITY_262_SCALAR_STRING_009.rs,P1,memory,GEN_SQL_SCALAR,40882284,226221182,5.533477,-453.347709,false,3
193,00276,SCALAR_ARITH_013,SQLITE_PARITY_276_SCALAR_ARITH_013.rs,P1,memory,GEN_SQL_SCALAR,42902721,236056280,5.502128,-450.212841,false,3
194,10403,PRAGMA_FUNCTION_LIST_FILTERED,SQLITE_PARITY_10403_PRAGMA_FUNCTION_LIST_FILTERED.rs,P0,memory,SQL_SCHEMA_INTROSPECTION,7709963,42396211,5.498886,-449.888644,false,3
195,00066,VALUES_STATEMENT,SQLITE_PARITY_066_VALUES_STATEMENT.rs,P0,memory,SQL_VALUES,31486348,172217945,5.469607,-446.960686,false,3
196,00248,SCALAR_ARITH_006,SQLITE_PARITY_248_SCALAR_ARITH_006.rs,P1,memory,GEN_SQL_SCALAR,47938780,262032531,5.465982,-446.598247,false,3
197,00357,SCALAR_CAST_TYPEOF_033,SQLITE_PARITY_357_SCALAR_CAST_TYPEOF_033.rs,P1,memory,GEN_SQL_SCALAR,30621811,163461639,5.338079,-433.807876,false,3
198,00029,ALTER_TABLE_RENAME_COLUMN,SQLITE_PARITY_029_ALTER_TABLE_RENAME_COLUMN.rs,P0,memory,SQL_ALTER,34944357,185383432,5.305104,-430.510354,false,3
199,00455,DML_WHERE_ORDER_LIMIT_068,SQLITE_PARITY_455_DML_WHERE_ORDER_LIMIT_068.rs,P1,memory,GEN_SQL_DML,5413063,28592306,5.282094,-428.209371,false,3
200,00143,DOT_QUIT,SQLITE_PARITY_143_DOT_QUIT.rs,P0,memory,CLI_DOT_COMMAND,16928022,89366178,5.279186,-427.918607,false,3
201,00226,OPT_NOFOLLOW_CATALOG,SQLITE_PARITY_226_OPT_NOFOLLOW_CATALOG.rs,P4,catalog,CLI_OPTION_CATALOG,6180777,31585345,5.110255,-411.025475,false,3
202,00336,SCALAR_ARITH_028,SQLITE_PARITY_336_SCALAR_ARITH_028.rs,P1,memory,GEN_SQL_SCALAR,51773954,262403673,5.068256,-406.825639,false,3
203,00258,SCALAR_STRING_008,SQLITE_PARITY_258_SCALAR_STRING_008.rs,P1,memory,GEN_SQL_SCALAR,47676924,239527395,5.023969,-402.396914,false,3
204,00337,SCALAR_CAST_TYPEOF_028,SQLITE_PARITY_337_SCALAR_CAST_TYPEOF_028.rs,P1,memory,GEN_SQL_SCALAR,14194916,71207533,5.016411,-401.641102,false,3
205,00342,SCALAR_STRING_029,SQLITE_PARITY_342_SCALAR_STRING_029.rs,P1,memory,GEN_SQL_SCALAR,29000459,144933656,4.997633,-399.763318,false,3
206,00286,SCALAR_STRING_015,SQLITE_PARITY_286_SCALAR_STRING_015.rs,P1,memory,GEN_SQL_SCALAR,33867488,168682177,4.980652,-398.065215,false,3
207,00078,ON_CONFLICT_ALGORITHMS,SQLITE_PARITY_078_ON_CONFLICT_ALGORITHMS.rs,P0,memory,SQL_CONFLICT,21708327,107307891,4.943167,-394.316725,false,3
208,00159,DOT_SYSTEM_SIDE_EFFECT,SQLITE_PARITY_159_DOT_SYSTEM_SIDE_EFFECT.rs,P4,side_effect,CLI_SIDE_EFFECT,13264164,64992451,4.899853,-389.985279,false,3
209,10195,DOT_INDEXES_NAMED_INDEX,SQLITE_PARITY_10195_DOT_INDEXES_NAMED_INDEX.rs,P0,memory,CLI_DOT_COMMAND,5109017,25028827,4.898952,-389.895160,false,3
210,00285,SCALAR_CAST_TYPEOF_015,SQLITE_PARITY_285_SCALAR_CAST_TYPEOF_015.rs,P1,memory,GEN_SQL_SCALAR,52372849,253731949,4.844723,-384.472305,false,3
211,00242,SCALAR_STRING_004,SQLITE_PARITY_242_SCALAR_STRING_004.rs,P1,memory,GEN_SQL_SCALAR,13768800,66351195,4.818953,-381.895263,false,3
212,00213,SQL_WAL_CHECKPOINT_TEMPFILE,SQLITE_PARITY_213_SQL_WAL_CHECKPOINT_TEMPFILE.rs,P2,tempfile,SQL_TEMPFILE,6289483,30208266,4.802981,-380.298079,false,3
213,00344,SCALAR_ARITH_030,SQLITE_PARITY_344_SCALAR_ARITH_030.rs,P1,memory,GEN_SQL_SCALAR,34936953,167358241,4.790293,-379.029299,false,3
214,00073,INDEXED_BY,SQLITE_PARITY_073_INDEXED_BY.rs,P0,memory,SQL_INDEX,11083984,52551486,4.741209,-374.120912,false,3
215,00294,SCALAR_STRING_017,SQLITE_PARITY_294_SCALAR_STRING_017.rs,P1,memory,GEN_SQL_SCALAR,15596642,73261463,4.697259,-369.725874,false,3
216,00290,SCALAR_STRING_016,SQLITE_PARITY_290_SCALAR_STRING_016.rs,P1,memory,GEN_SQL_SCALAR,41183375,191869977,4.658918,-365.891824,false,3
217,00260,SCALAR_ARITH_009,SQLITE_PARITY_260_SCALAR_ARITH_009.rs,P1,memory,GEN_SQL_SCALAR,77495342,360915914,4.657259,-365.725945,false,3
218,00062,WINDOW_FRAMES_ROWS,SQLITE_PARITY_062_WINDOW_FRAMES_ROWS.rs,P0,memory,SQL_WINDOW,21578842,100345904,4.650199,-365.019875,false,3
219,00282,SCALAR_STRING_014,SQLITE_PARITY_282_SCALAR_STRING_014.rs,P1,memory,GEN_SQL_SCALAR,107232967,484509902,4.518292,-351.829242,false,3
220,00228,SCALAR_ARITH_001,SQLITE_PARITY_228_SCALAR_ARITH_001.rs,P1,memory,GEN_SQL_SCALAR,6526642,29208182,4.475224,-347.522355,false,3
221,00393,DML_WHERE_ORDER_LIMIT_006,SQLITE_PARITY_393_DML_WHERE_ORDER_LIMIT_006.rs,P1,memory,GEN_SQL_DML,12380791,55360817,4.471509,-347.150889,false,3
222,00230,SCALAR_STRING_001,SQLITE_PARITY_230_SCALAR_STRING_001.rs,P1,memory,GEN_SQL_SCALAR,6621572,28763410,4.343894,-334.389447,false,3
223,00273,SCALAR_CAST_TYPEOF_012,SQLITE_PARITY_273_SCALAR_CAST_TYPEOF_012.rs,P1,memory,GEN_SQL_SCALAR,105156605,453254001,4.310276,-331.027610,false,3
224,00154,DOT_DBINFO_TEMPFILE,SQLITE_PARITY_154_DOT_DBINFO_TEMPFILE.rs,P3,tempfile,CLI_TEMPFILE_DIAGNOSTIC,14030866,59224947,4.221047,-322.104715,false,3
225,00022,TRANSACTION_COMMIT,SQLITE_PARITY_022_TRANSACTION_COMMIT.rs,P0,memory,SQL_TRANSACTION,9252265,38582889,4.170102,-317.010202,false,3
226,00030,ALTER_TABLE_ADD_DROP_COLUMN,SQLITE_PARITY_030_ALTER_TABLE_ADD_DROP_COLUMN.rs,P0,memory,SQL_ALTER,20804296,85961629,4.131917,-313.191723,false,3
227,00138,DOT_VFSNAME_LIST_INFO,SQLITE_PARITY_138_DOT_VFSNAME_LIST_INFO.rs,P3,memory,CLI_DOT_COMMAND_DIAGNOSTIC,5457247,22375681,4.100177,-310.017743,false,3
228,00295,SCALAR_NULL_COALESCE_017,SQLITE_PARITY_295_SCALAR_NULL_COALESCE_017.rs,P1,memory,GEN_SQL_SCALAR,28496936,111308677,3.905988,-290.598754,false,3
229,11713,DATETIME_JULIANDAY_UNIX_WEEKDAY_0,SQLITE_PARITY_11713_DATETIME_JULIANDAY_UNIX_WEEKDAY_0.rs,P0,memory,SQL_DATETIME,10561654,41200096,3.900913,-290.091325,false,3
230,00170,OPT_VERSION,SQLITE_PARITY_170_OPT_VERSION.rs,P1,memory,CLI_OPTION,6559524,25514708,3.889719,-288.971944,false,3
231,00558,AGG_GROUP_HAVING_051,SQLITE_PARITY_558_AGG_GROUP_HAVING_051.rs,P1,memory,GEN_SQL_AGGREGATE,12044143,46731814,3.880045,-288.004477,false,3
232,00227,OPT_UNSAFE_TESTING_CATALOG,SQLITE_PARITY_227_OPT_UNSAFE_TESTING_CATALOG.rs,P4,catalog,CLI_OPTION_CATALOG,6711452,25606431,3.815334,-281.533400,false,3
233,00120,DOT_EXPLAIN,SQLITE_PARITY_120_DOT_EXPLAIN.rs,P0,memory,CLI_DOT_COMMAND,34467264,129826273,3.766654,-276.665444,false,3
234,10107,STRICT_TEXT_UPDATE_REJECTS_BLOB,SQLITE_PARITY_10107_STRICT_TEXT_UPDATE_REJECTS_BLOB.rs,P0,memory,SQL_STRICT_TABLES,12849227,47628943,3.706756,-270.675551,false,3
235,00167,DOT_UNMODULE_CATALOG,SQLITE_PARITY_167_DOT_UNMODULE_CATALOG.rs,P4,catalog,CLI_CATALOG,49967423,185046693,3.703347,-270.334674,false,3
236,00274,SCALAR_STRING_012,SQLITE_PARITY_274_SCALAR_STRING_012.rs,P1,memory,GEN_SQL_SCALAR,35324438,130811398,3.703142,-270.314166,false,3
237,00354,SCALAR_STRING_032,SQLITE_PARITY_354_SCALAR_STRING_032.rs,P1,memory,GEN_SQL_SCALAR,50088341,182386826,3.641303,-264.130299,false,3
238,00026,FOREIGN_KEYS_CASCADE,SQLITE_PARITY_026_FOREIGN_KEYS_CASCADE.rs,P0,memory,SQL_FOREIGN_KEYS,5883033,21183323,3.600749,-260.074863,false,3
239,00360,SCALAR_ARITH_034,SQLITE_PARITY_360_SCALAR_ARITH_034.rs,P1,memory,GEN_SQL_SCALAR,35440938,127428660,3.595522,-259.552165,false,3
240,00299,SCALAR_NULL_COALESCE_018,SQLITE_PARITY_299_SCALAR_NULL_COALESCE_018.rs,P1,memory,GEN_SQL_SCALAR,77107588,273984479,3.553275,-255.327518,false,3
241,00150,DOT_BACKUP_RESTORE_TEMPFILE,SQLITE_PARITY_150_DOT_BACKUP_RESTORE_TEMPFILE.rs,P1,tempfile,CLI_TEMPFILE,16578451,57825607,3.487998,-248.799819,false,3
242,00181,OPT_TABLE_MODE,SQLITE_PARITY_181_OPT_TABLE_MODE.rs,P2,memory,CLI_OPTION,7573104,26409341,3.487254,-248.725450,false,3
243,00219,UPDATE_LIMIT_OPTIONAL,SQLITE_PARITY_219_UPDATE_LIMIT_OPTIONAL.rs,P3,memory,SQL_UPDATE_OPTIONAL,53885554,187735807,3.483973,-248.397285,false,3
244,10375,QUALIFIED_TABLE_REF,SQLITE_PARITY_10375_QUALIFIED_TABLE_REF.rs,P0,memory,SQL_ATTACH,13820436,48111797,3.481207,-248.120689,false,3
245,00179,OPT_MARKDOWN_MODE,SQLITE_PARITY_179_OPT_MARKDOWN_MODE.rs,P2,memory,CLI_OPTION,15735724,54445264,3.459978,-245.997833,false,3
246,00232,SCALAR_ARITH_002,SQLITE_PARITY_232_SCALAR_ARITH_002.rs,P1,memory,GEN_SQL_SCALAR,8650384,29862032,3.452105,-245.210479,false,3
247,00054,JOINS_INNER_LEFT_CROSS_NATURAL,SQLITE_PARITY_054_JOINS_INNER_LEFT_CROSS_NATURAL.rs,P0,memory,SQL_JOIN,15161798,51627447,3.405101,-240.510057,false,3
248,10478,COMPOUND_LIMIT,SQLITE_PARITY_10478_COMPOUND_LIMIT.rs,P0,memory,SQL_COMPOUND,16302959,55473771,3.402681,-240.268113,false,3
249,00196,OPT_MMAP,SQLITE_PARITY_196_OPT_MMAP.rs,P3,memory,CLI_OPTION,19149200,64924012,3.390429,-239.042947,false,3
250,00083,CORE_NUMERIC_FUNCTIONS,SQLITE_PARITY_083_CORE_NUMERIC_FUNCTIONS.rs,P0,memory,SQL_FUNCTIONS,10109258,34189909,3.382039,-238.203941,false,3
251,00368,SCALAR_ARITH_036,SQLITE_PARITY_368_SCALAR_ARITH_036.rs,P1,memory,GEN_SQL_SCALAR,26361261,88914612,3.372927,-237.292711,false,3
252,00044,ANALYZE_SQLITE_STAT1,SQLITE_PARITY_044_ANALYZE_SQLITE_STAT1.rs,P0,memory,SQL_ANALYZE,15155826,50829355,3.353783,-235.378323,false,3
253,00111,DOT_HEADERS,SQLITE_PARITY_111_DOT_HEADERS.rs,P0,memory,CLI_DOT_COMMAND,20266476,67942289,3.352447,-235.244712,false,3
254,00373,SCALAR_CAST_TYPEOF_037,SQLITE_PARITY_373_SCALAR_CAST_TYPEOF_037.rs,P1,memory,GEN_SQL_SCALAR,24821113,82434478,3.321143,-232.114350,false,3
255,00327,SCALAR_NULL_COALESCE_025,SQLITE_PARITY_327_SCALAR_NULL_COALESCE_025.rs,P1,memory,GEN_SQL_SCALAR,9848223,32444372,3.294439,-229.443921,false,3
256,00251,SCALAR_NULL_COALESCE_006,SQLITE_PARITY_251_SCALAR_NULL_COALESCE_006.rs,P1,memory,GEN_SQL_SCALAR,15812460,52078992,3.293541,-229.354142,false,3
257,00137,DOT_VERSION,SQLITE_PARITY_137_DOT_VERSION.rs,P2,memory,CLI_DOT_COMMAND_DIAGNOSTIC,57741227,188967560,3.272663,-227.266270,false,3
258,00212,SQL_VACUUM_INTO_TEMPFILE,SQLITE_PARITY_212_SQL_VACUUM_INTO_TEMPFILE.rs,P2,tempfile,SQL_TEMPFILE,13310251,42948047,3.226689,-222.668949,false,3
259,00291,SCALAR_NULL_COALESCE_016,SQLITE_PARITY_291_SCALAR_NULL_COALESCE_016.rs,P1,memory,GEN_SQL_SCALAR,37290371,119933133,3.216196,-221.619576,false,3
260,10590,LIKE_ESCAPE_PERCENT,SQLITE_PARITY_10590_LIKE_ESCAPE_PERCENT.rs,P0,memory,SQL_PATTERN,13755163,43564384,3.167130,-216.712961,false,3
261,00281,SCALAR_CAST_TYPEOF_014,SQLITE_PARITY_281_SCALAR_CAST_TYPEOF_014.rs,P1,memory,GEN_SQL_SCALAR,22169221,70027959,3.158792,-215.879205,false,3
262,10383,DETACH_NONEXISTENT_ERROR,SQLITE_PARITY_10383_DETACH_NONEXISTENT_ERROR.rs,P0,memory,SQL_ATTACH,9432445,29469167,3.124234,-212.423417,false,3
263,00123,DOT_ECHO,SQLITE_PARITY_123_DOT_ECHO.rs,P0,memory,CLI_DOT_COMMAND,7308923,22789655,3.118059,-211.805925,false,3
264,11703,DATETIME_JULIANDAY_UNIX_START_OF_MONTH,SQLITE_PARITY_11703_DATETIME_JULIANDAY_UNIX_START_OF_MONTH.rs,P0,memory,SQL_DATETIME,24694063,76204266,3.085935,-208.593470,false,3
265,00234,SCALAR_STRING_002,SQLITE_PARITY_234_SCALAR_STRING_002.rs,P1,memory,GEN_SQL_SCALAR,76363448,235302472,3.081349,-208.134950,false,3
266,00194,OPT_IFEXISTS_NEGATIVE_TEMPFILE,SQLITE_PARITY_194_OPT_IFEXISTS_NEGATIVE_TEMPFILE.rs,P3,tempfile,CLI_OPTION_TEMPFILE_DIAGNOSTIC,7799133,24010428,3.078602,-207.860220,false,3
267,00316,SCALAR_ARITH_023,SQLITE_PARITY_316_SCALAR_ARITH_023.rs,P1,memory,GEN_SQL_SCALAR,76370051,234513177,3.070748,-207.074794,false,3
268,00114,DOT_PRINT,SQLITE_PARITY_114_DOT_PRINT.rs,P0,memory,CLI_DOT_COMMAND,34692039,106268642,3.063200,-206.319966,false,3
269,00235,SCALAR_NULL_COALESCE_002,SQLITE_PARITY_235_SCALAR_NULL_COALESCE_002.rs,P1,memory,GEN_SQL_SCALAR,56013645,170744864,3.048273,-204.827268,false,3
270,00351,SCALAR_NULL_COALESCE_031,SQLITE_PARITY_351_SCALAR_NULL_COALESCE_031.rs,P1,memory,GEN_SQL_SCALAR,40343033,122411758,3.034273,-203.427256,false,3
271,00098,CLI_REGEXP_OPTIONAL,SQLITE_PARITY_098_CLI_REGEXP_OPTIONAL.rs,P2,memory,CLI_EXTENSION_OPTIONAL,71044394,214570344,3.020229,-202.022907,false,3
272,00203,OPT_ARCHIVE_A_TEMPFILE_OPTIONAL,SQLITE_PARITY_203_OPT_ARCHIVE_A_TEMPFILE_OPTIONAL.rs,P4,tempfile,CLI_OPTION_TEMPFILE_OPTIONAL,3628192,10943759,3.016312,-201.631198,false,3
273,00051,PRAGMA_INDEX_LIST_FUNCTION,SQLITE_PARITY_051_PRAGMA_INDEX_LIST_FUNCTION.rs,P0,memory,SQL_PRAGMA,7900014,23826429,3.015998,-201.599833,false,3
274,00074,NOT_INDEXED,SQLITE_PARITY_074_NOT_INDEXED.rs,P0,memory,SQL_INDEX,6264035,18728543,2.989853,-198.985287,false,3
275,00169,DOT_NONCE_SAFE_MODE,SQLITE_PARITY_169_DOT_NONCE_SAFE_MODE.rs,P2,memory,CLI_DOT_COMMAND,8645024,25544533,2.954825,-195.482500,false,3
276,00361,SCALAR_CAST_TYPEOF_034,SQLITE_PARITY_361_SCALAR_CAST_TYPEOF_034.rs,P1,memory,GEN_SQL_SCALAR,31810061,92929927,2.921400,-192.140047,false,3
277,00042,TEMP_TABLE_TEMP_SCHEMA,SQLITE_PARITY_042_TEMP_TABLE_TEMP_SCHEMA.rs,P0,memory,SQL_TEMP,14277854,41527456,2.908522,-190.852225,false,3
278,00279,SCALAR_NULL_COALESCE_013,SQLITE_PARITY_279_SCALAR_NULL_COALESCE_013.rs,P1,memory,GEN_SQL_SCALAR,35203388,102173505,2.902377,-190.237704,false,3
279,00149,DOT_ONCE_TEMPFILE,SQLITE_PARITY_149_DOT_ONCE_TEMPFILE.rs,P1,tempfile,CLI_TEMPFILE,15000272,43450018,2.896615,-189.661534,false,3
280,10085,STRICT_INT_REJECTS_NON_NUMERIC_TEXT,SQLITE_PARITY_10085_STRICT_INT_REJECTS_NON_NUMERIC_TEXT.rs,P0,memory,SQL_STRICT_TABLES,15463509,44447908,2.874374,-187.437399,false,3
281,00910,CONSTRAINT_FK_SAVEPOINT_043,SQLITE_PARITY_910_CONSTRAINT_FK_SAVEPOINT_043.rs,P2,memory,GEN_SQL_CONSTRAINT_TX,14933865,42670321,2.857286,-185.728584,false,3
282,00189,OPT_ECHO,SQLITE_PARITY_189_OPT_ECHO.rs,P2,memory,CLI_OPTION,12411308,35462650,2.857285,-185.728547,false,3
283,10562,SYNTAX_ERROR_NEAR_TOKEN,SQLITE_PARITY_10562_SYNTAX_ERROR_NEAR_TOKEN.rs,P0,memory,SQL_ERROR_MESSAGES,18839404,53794621,2.855431,-185.543115,false,3
284,00192,OPT_INIT_TEMPFILE,SQLITE_PARITY_192_OPT_INIT_TEMPFILE.rs,P2,tempfile,CLI_OPTION_TEMPFILE,7434351,21190797,2.850390,-185.038963,false,3
285,00505,DML_WHERE_ORDER_LIMIT_118,SQLITE_PARITY_505_DML_WHERE_ORDER_LIMIT_118.rs,P1,memory,GEN_SQL_DML,19913438,55478882,2.786002,-178.600220,false,3
286,00374,SCALAR_STRING_037,SQLITE_PARITY_374_SCALAR_STRING_037.rs,P1,memory,GEN_SQL_SCALAR,24055753,66063329,2.746259,-174.625903,false,3
287,10051,GROUP_CONCAT_ALL_NULL_RETURNS_NULL,SQLITE_PARITY_10051_GROUP_CONCAT_ALL_NULL_RETURNS_NULL.rs,P0,memory,SQL_AGGREGATE_NULL,13865011,37863496,2.730867,-173.086664,false,3
288,00267,SCALAR_NULL_COALESCE_010,SQLITE_PARITY_267_SCALAR_NULL_COALESCE_010.rs,P1,memory,GEN_SQL_SCALAR,106273311,289970077,2.728532,-172.853150,false,3
289,00200,OPT_HEAP,SQLITE_PARITY_200_OPT_HEAP.rs,P4,memory,CLI_OPTION,14371140,39198365,2.727575,-172.757520,false,3
290,10401,PRAGMA_FOREIGN_KEY_LIST_TVF,SQLITE_PARITY_10401_PRAGMA_FOREIGN_KEY_LIST_TVF.rs,P0,memory,SQL_SCHEMA_INTROSPECTION,16672819,44749740,2.683994,-168.399363,false,3
291,00038,CREATE_TRIGGER_AFTER,SQLITE_PARITY_038_CREATE_TRIGGER_AFTER.rs,P0,memory,SQL_TRIGGER,38031144,101444875,2.667416,-166.741582,false,3
292,10508,SUBQUERY_IN_DELETE_WHERE,SQLITE_PARITY_10508_SUBQUERY_IN_DELETE_WHERE.rs,P0,memory,SQL_SUBQUERY,13997092,37130649,2.652740,-165.274023,false,3
293,00345,SCALAR_CAST_TYPEOF_030,SQLITE_PARITY_345_SCALAR_CAST_TYPEOF_030.rs,P1,memory,GEN_SQL_SCALAR,43789711,116115081,2.651652,-165.165214,false,3
294,10089,STRICT_REAL_REJECTS_BLOB,SQLITE_PARITY_10089_STRICT_REAL_REJECTS_BLOB.rs,P0,memory,SQL_STRICT_TABLES,12624161,33416042,2.646991,-164.699111,false,3
295,00222,OPT_ESCAPE_SYMBOL,SQLITE_PARITY_222_OPT_ESCAPE_SYMBOL.rs,P3,memory,CLI_OPTION,8251770,21598920,2.617489,-161.748934,false,3
296,00180,OPT_BOX_MODE,SQLITE_PARITY_180_OPT_BOX_MODE.rs,P2,memory,CLI_OPTION,19394765,50430570,2.600216,-160.021557,false,3
297,00216,ROLLBACK_TRANSACTION_SYNTAX,SQLITE_PARITY_216_ROLLBACK_TRANSACTION_SYNTAX.rs,P0,memory,SQL_TRANSACTION,6977977,18093661,2.592967,-159.296656,false,3
298,00135,DOT_PROGRESS,SQLITE_PARITY_135_DOT_PROGRESS.rs,P0,memory,CLI_DOT_COMMAND,14407920,37316380,2.589991,-158.999078,false,3
299,00438,DML_WHERE_ORDER_LIMIT_051,SQLITE_PARITY_438_DML_WHERE_ORDER_LIMIT_051.rs,P1,memory,GEN_SQL_DML,30853209,78320365,2.538484,-153.848360,false,3
300,00891,CONSTRAINT_FK_SAVEPOINT_024,SQLITE_PARITY_891_CONSTRAINT_FK_SAVEPOINT_024.rs,P2,memory,GEN_SQL_CONSTRAINT_TX,17236186,43644246,2.532129,-153.212898,false,3
301,00829,WINDOW_PARTITION_SUM_042,SQLITE_PARITY_829_WINDOW_PARTITION_SUM_042.rs,P2,memory,GEN_SQL_WINDOW,17806827,44899173,2.521458,-152.145837,false,3
302,11654,DATETIME_STRFTIME_ISO_DATE_2024_START_OF_YEAR,SQLITE_PARITY_11654_DATETIME_STRFTIME_ISO_DATE_2024_START_OF_YEAR.rs,P0,memory,SQL_DATETIME,16304352,40920717,2.509803,-150.980333,false,3
303,11205,CAST_INT_5_AS_INTEGER,SQLITE_PARITY_11205_CAST_INT_5_AS_INTEGER.rs,P0,memory,SQL_CAST,24341766,60837872,2.499320,-149.932039,false,3
304,00095,CREATE_VIRTUAL_TABLE_RTREE_OPTIONAL,SQLITE_PARITY_095_CREATE_VIRTUAL_TABLE_RTREE_OPTIONAL.rs,P2,memory,SQL_VIRTUAL_TABLE_OPTIONAL,13669772,34059812,2.491615,-149.161522,false,3
305,00049,PRAGMA_TEMP_STORE_MEMORY,SQLITE_PARITY_049_PRAGMA_TEMP_STORE_MEMORY.rs,P0,memory,SQL_PRAGMA,11851668,29422659,2.482575,-148.257536,false,3
306,00334,SCALAR_STRING_027,SQLITE_PARITY_334_SCALAR_STRING_027.rs,P1,memory,GEN_SQL_SCALAR,25423013,63090168,2.481616,-148.161648,false,3
307,00912,CONSTRAINT_FK_SAVEPOINT_045,SQLITE_PARITY_912_CONSTRAINT_FK_SAVEPOINT_045.rs,P2,memory,GEN_SQL_CONSTRAINT_TX,24008494,59429464,2.475352,-147.535160,false,3
308,10398,PRAGMA_TABLE_XINFO_INCLUDES_GENERATED,SQLITE_PARITY_10398_PRAGMA_TABLE_XINFO_INCLUDES_GENERATED.rs,P0,memory,SQL_SCHEMA_INTROSPECTION,15157670,37303326,2.461020,-146.101980,false,3
309,10585,SUBQUERY_WRONG_COLUMN_COUNT,SQLITE_PARITY_10585_SUBQUERY_WRONG_COLUMN_COUNT.rs,P0,memory,SQL_ERROR_MESSAGES,14866458,36384425,2.447417,-144.741720,false,3
310,12025,PRAGMA_SET_PAGE_SIZE_4096,SQLITE_PARITY_12025_PRAGMA_SET_PAGE_SIZE_4096.rs,P1,memory,SQL_PRAGMA,9222658,22567514,2.446964,-144.696420,false,3
311,00132,DOT_TRACE_STDOUT,SQLITE_PARITY_132_DOT_TRACE_STDOUT.rs,P2,memory,CLI_DOT_COMMAND_DIAGNOSTIC,9011088,22020228,2.443681,-144.368138,false,3
312,00352,SCALAR_ARITH_032,SQLITE_PARITY_352_SCALAR_ARITH_032.rs,P1,memory,GEN_SQL_SCALAR,49742557,121255699,2.437665,-143.766518,false,3
313,00493,DML_WHERE_ORDER_LIMIT_106,SQLITE_PARITY_493_DML_WHERE_ORDER_LIMIT_106.rs,P1,memory,GEN_SQL_DML,16614560,40307155,2.426014,-142.601399,false,3
314,00205,OPT_VFS_CATALOG,SQLITE_PARITY_205_OPT_VFS_CATALOG.rs,P4,catalog,CLI_OPTION_CATALOG,9334069,22572154,2.418254,-141.825446,false,3
315,00994,VIEW_TRIGGER_GENERATED_047,SQLITE_PARITY_994_VIEW_TRIGGER_GENERATED_047.rs,P2,memory,GEN_SQL_VIEW_TRIGGER,22596740,54586141,2.415664,-141.566443,false,3
316,00252,SCALAR_ARITH_007,SQLITE_PARITY_252_SCALAR_ARITH_007.rs,P1,memory,GEN_SQL_SCALAR,64768257,155991660,2.408459,-140.845851,false,3
317,11408,STRING_LOWER_,SQLITE_PARITY_11408_STRING_LOWER_.rs,P0,memory,SQL_STRING,22951783,55185035,2.404390,-140.438989,false,3
318,00347,SCALAR_NULL_COALESCE_030,SQLITE_PARITY_347_SCALAR_NULL_COALESCE_030.rs,P1,memory,GEN_SQL_SCALAR,22282445,53443165,2.398443,-139.844259,false,3
319,10335,REPLACE_INTO_LEGACY_FORM,SQLITE_PARITY_10335_REPLACE_INTO_LEGACY_FORM.rs,P0,memory,SQL_UPSERT,14124833,33835207,2.395441,-139.544121,false,3
320,10300,COMMIT_WITHOUT_TRANSACTION,SQLITE_PARITY_10300_COMMIT_WITHOUT_TRANSACTION.rs,P0,memory,SQL_TRANSACTION,18438304,43779372,2.374371,-137.437087,false,3
321,00955,VIEW_TRIGGER_GENERATED_008,SQLITE_PARITY_955_VIEW_TRIGGER_GENERATED_008.rs,P2,memory,GEN_SQL_VIEW_TRIGGER,21604842,51093245,2.364898,-136.489788,false,3
322,00024,SAVEPOINT_ROLLBACK_RELEASE,SQLITE_PARITY_024_SAVEPOINT_ROLLBACK_RELEASE.rs,P0,memory,SQL_SAVEPOINT,37435857,88296472,2.358607,-135.860694,false,3
323,00479,DML_WHERE_ORDER_LIMIT_092,SQLITE_PARITY_479_DML_WHERE_ORDER_LIMIT_092.rs,P1,memory,GEN_SQL_DML,23374723,54976820,2.351977,-135.197739,false,3
324,00096,DBSTAT_OPTIONAL,SQLITE_PARITY_096_DBSTAT_OPTIONAL.rs,P3,memory,SQL_VIRTUAL_TABLE_OPTIONAL,34981348,81909864,2.341530,-134.152966,false,3
325,00124,DOT_BAIL_OFF,SQLITE_PARITY_124_DOT_BAIL_OFF.rs,P0,memory,CLI_DOT_COMMAND_NEGATIVE,26396888,61747296,2.339188,-133.918847,false,3
326,00888,CONSTRAINT_FK_SAVEPOINT_021,SQLITE_PARITY_888_CONSTRAINT_FK_SAVEPOINT_021.rs,P2,memory,GEN_SQL_CONSTRAINT_TX,21595503,49999263,2.315263,-131.526272,false,3
327,00886,CONSTRAINT_FK_SAVEPOINT_019,SQLITE_PARITY_886_CONSTRAINT_FK_SAVEPOINT_019.rs,P2,memory,GEN_SQL_CONSTRAINT_TX,15051849,34811496,2.312772,-131.277207,false,3
328,00901,CONSTRAINT_FK_SAVEPOINT_034,SQLITE_PARITY_901_CONSTRAINT_FK_SAVEPOINT_034.rs,P2,memory,GEN_SQL_CONSTRAINT_TX,20225488,46650881,2.306539,-130.653920,false,3
329,00699,JOIN_SUBQUERY_EXISTS_092,SQLITE_PARITY_699_JOIN_SUBQUERY_EXISTS_092.rs,P1,memory,GEN_SQL_JOIN_SUBQUERY,17820313,41099505,2.306329,-130.632902,false,3
330,00784,CTE_RECURSIVE_MATRIX_077,SQLITE_PARITY_784_CTE_RECURSIVE_MATRIX_077.rs,P1,memory,GEN_SQL_CTE,19571470,45061250,2.302395,-130.239476,false,3
331,10444,JOIN_INNER_ON,SQLITE_PARITY_10444_JOIN_INNER_ON.rs,P0,memory,SQL_JOIN,16683630,38405053,2.301960,-130.196024,false,3
332,00613,JOIN_SUBQUERY_EXISTS_006,SQLITE_PARITY_613_JOIN_SUBQUERY_EXISTS_006.rs,P1,memory,GEN_SQL_JOIN_SUBQUERY,16817093,38622915,2.296646,-129.664633,false,3
333,11345,AFFINITY_VARCHAR_8_TEXT_BARE,SQLITE_PARITY_11345_AFFINITY_VARCHAR_8_TEXT_BARE.rs,P0,memory,SQL_TYPE_AFFINITY,19512708,44786449,2.295245,-129.524518,false,3
334,11342,AFFINITY_VARCHAR_8_REAL_HALF,SQLITE_PARITY_11342_AFFINITY_VARCHAR_8_REAL_HALF.rs,P0,memory,SQL_TYPE_AFFINITY,15611329,35709237,2.287393,-128.739251,false,3
335,11661,DATETIME_TIME_DATE_2024_UTC,SQLITE_PARITY_11661_DATETIME_TIME_DATE_2024_UTC.rs,P0,memory,SQL_DATETIME,19614551,44854818,2.286813,-128.681340,false,3
336,10279,FK_DELETE_SET_NULL_NULLIFIES_CHILD,SQLITE_PARITY_10279_FK_DELETE_SET_NULL_NULLIFIES_CHILD.rs,P0,memory,SQL_FOREIGN_KEYS,23751176,54202975,2.282118,-128.211753,false,3
337,00517,AGG_GROUP_HAVING_010,SQLITE_PARITY_517_AGG_GROUP_HAVING_010.rs,P1,memory,GEN_SQL_AGGREGATE,17808130,40515099,2.275090,-127.509003,false,3
338,00480,DML_WHERE_ORDER_LIMIT_093,SQLITE_PARITY_480_DML_WHERE_ORDER_LIMIT_093.rs,P1,memory,GEN_SQL_DML,25975710,59026140,2.272359,-127.235906,false,3
339,00645,JOIN_SUBQUERY_EXISTS_038,SQLITE_PARITY_645_JOIN_SUBQUERY_EXISTS_038.rs,P1,memory,GEN_SQL_JOIN_SUBQUERY,27225818,61685036,2.265682,-126.568164,false,3
340,10380,TXN_SPANS_ATTACHED_DBS,SQLITE_PARITY_10380_TXN_SPANS_ATTACHED_DBS.rs,P0,memory,SQL_ATTACH,13527662,30640827,2.265050,-126.504972,false,3
341,00211,SQL_ATTACH_TEMPFILE_DATABASE,SQLITE_PARITY_211_SQL_ATTACH_TEMPFILE_DATABASE.rs,P1,tempfile,SQL_TEMPFILE,16771847,37852997,2.256937,-125.693670,false,3
342,00198,OPT_LOOKASIDE,SQLITE_PARITY_198_OPT_LOOKASIDE.rs,P3,memory,CLI_OPTION,8015712,18021614,2.248286,-124.828612,false,3
343,00671,JOIN_SUBQUERY_EXISTS_064,SQLITE_PARITY_671_JOIN_SUBQUERY_EXISTS_064.rs,P1,memory,GEN_SQL_JOIN_SUBQUERY,29879574,66718210,2.232904,-123.290366,false,3
344,00896,CONSTRAINT_FK_SAVEPOINT_029,SQLITE_PARITY_896_CONSTRAINT_FK_SAVEPOINT_029.rs,P2,memory,GEN_SQL_CONSTRAINT_TX,27048091,60338086,2.230771,-123.077059,false,3
345,00389,DML_WHERE_ORDER_LIMIT_002,SQLITE_PARITY_389_DML_WHERE_ORDER_LIMIT_002.rs,P1,memory,GEN_SQL_DML,31515763,70215384,2.227945,-122.794492,false,3
346,10266,PRAGMA_QUICK_CHECK_OK,SQLITE_PARITY_10266_PRAGMA_QUICK_CHECK_OK.rs,P0,memory,SQL_PRAGMA,19138189,42597863,2.225804,-122.580428,false,3
347,00043,ATTACH_DETACH_MEMORY,SQLITE_PARITY_043_ATTACH_DETACH_MEMORY.rs,P0,memory,SQL_ATTACH,14373534,31938334,2.222024,-122.202376,false,3
348,11009,MATH_ASIN_0_0,SQLITE_PARITY_11009_MATH_ASIN_0_0.rs,P1,memory,SQL_MATH,17086022,37934411,2.220201,-122.020146,false,3
349,00489,DML_WHERE_ORDER_LIMIT_102,SQLITE_PARITY_489_DML_WHERE_ORDER_LIMIT_102.rs,P1,memory,GEN_SQL_DML,24643086,54667705,2.218379,-121.837902,false,3
350,10513,SUM_DISTINCT_BASIC,SQLITE_PARITY_10513_SUM_DISTINCT_BASIC.rs,P0,memory,SQL_AGGREGATE_ADV,20896801,46295097,2.215416,-121.541551,false,3
351,11726,DATETIME_TIME_Y2K_BASE,SQLITE_PARITY_11726_DATETIME_TIME_Y2K_BASE.rs,P0,memory,SQL_DATETIME,14008283,30836657,2.201316,-120.131596,false,3
352,00367,SCALAR_NULL_COALESCE_035,SQLITE_PARITY_367_SCALAR_NULL_COALESCE_035.rs,P1,memory,GEN_SQL_SCALAR,27739842,60590594,2.184244,-118.424438,false,3
353,00484,DML_WHERE_ORDER_LIMIT_097,SQLITE_PARITY_484_DML_WHERE_ORDER_LIMIT_097.rs,P1,memory,GEN_SQL_DML,27529783,60086909,2.182615,-118.261470,false,3
354,11431,STRING_UNICODE_,SQLITE_PARITY_11431_STRING_UNICODE_.rs,P0,memory,SQL_STRING,27142280,59182226,2.180444,-118.044416,false,3
355,11847,JSON_ARROW_A_B,SQLITE_PARITY_11847_JSON_ARROW_A_B.rs,P0,memory,SQL_JSON,22653598,49284749,2.175582,-117.558151,false,3
356,00382,SCALAR_STRING_039,SQLITE_PARITY_382_SCALAR_STRING_039.rs,P1,memory,GEN_SQL_SCALAR,26252895,56838927,2.165054,-116.505368,false,3
357,10144,MODE_JSON_BASIC,SQLITE_PARITY_10144_MODE_JSON_BASIC.rs,P0,memory,CLI_OUTPUT_MODE,14302419,30947147,2.163770,-116.377013,false,3
358,10497,CORRELATED_SUBQUERY_IN_WHERE,SQLITE_PARITY_10497_CORRELATED_SUBQUERY_IN_WHERE.rs,P0,memory,SQL_SUBQUERY,16070789,34697711,2.159055,-115.905461,false,3
359,00349,SCALAR_CAST_TYPEOF_031,SQLITE_PARITY_349_SCALAR_CAST_TYPEOF_031.rs,P1,memory,GEN_SQL_SCALAR,25052501,53982427,2.154772,-115.477197,false,3
360,01097,INDEX_SCHEMA_PRAGMA_030,SQLITE_PARITY_1097_INDEX_SCHEMA_PRAGMA_030.rs,P2,memory,GEN_SQL_INDEX_PRAGMA,16914548,36403050,2.152174,-115.217397,false,3
361,11053,MATH_LN_2_0,SQLITE_PARITY_11053_MATH_LN_2_0.rs,P1,memory,SQL_MATH,15093688,32369109,2.144546,-114.454605,false,3
362,00975,VIEW_TRIGGER_GENERATED_028,SQLITE_PARITY_975_VIEW_TRIGGER_GENERATED_028.rs,P2,memory,GEN_SQL_VIEW_TRIGGER,16610942,35409608,2.131704,-113.170379,false,3
363,10080,STRICT_FIVE_TYPES_TYPEOF,SQLITE_PARITY_10080_STRICT_FIVE_TYPES_TYPEOF.rs,P0,memory,SQL_STRICT_TABLES,21914648,46693111,2.130680,-113.068040,false,3
364,10203,OPT_NULLVALUE_LITERAL,SQLITE_PARITY_10203_OPT_NULLVALUE_LITERAL.rs,P0,memory,CLI_OPTION,20997861,44599866,2.124019,-112.401949,false,3
365,11647,DATETIME_DATETIME_DATE_2024_START_OF_MONTH,SQLITE_PARITY_11647_DATETIME_DATETIME_DATE_2024_START_OF_MONTH.rs,P0,memory,SQL_DATETIME,20590630,43687868,2.121735,-112.173537,false,3
366,11594,DATETIME_STRFTIME_ISO_Y2K_START_OF_MONTH,SQLITE_PARITY_11594_DATETIME_STRFTIME_ISO_Y2K_START_OF_MONTH.rs,P0,memory,SQL_DATETIME,27638139,58628918,2.121305,-112.130484,false,3
367,01109,INDEX_SCHEMA_PRAGMA_042,SQLITE_PARITY_1109_INDEX_SCHEMA_PRAGMA_042.rs,P2,memory,GEN_SQL_INDEX_PRAGMA,20639092,43779762,2.121206,-112.120582,false,3
368,10576,DELETE_ON_VIEW,SQLITE_PARITY_10576_DELETE_ON_VIEW.rs,P0,memory,SQL_ERROR_MESSAGES,18904477,40032294,2.117609,-111.760918,false,3
369,01066,JSON_EXTRACT_SET_059,SQLITE_PARITY_1066_JSON_EXTRACT_SET_059.rs,P2,memory,GEN_SQL_JSON,23033578,48735629,2.115851,-111.585143,false,3
370,00902,CONSTRAINT_FK_SAVEPOINT_035,SQLITE_PARITY_902_CONSTRAINT_FK_SAVEPOINT_035.rs,P2,memory,GEN_SQL_CONSTRAINT_TX,23129179,48712736,2.106116,-110.611609,false,3
371,00404,DML_WHERE_ORDER_LIMIT_017,SQLITE_PARITY_404_DML_WHERE_ORDER_LIMIT_017.rs,P1,memory,GEN_SQL_DML,33785843,70695192,2.092450,-109.245014,false,3
372,00431,DML_WHERE_ORDER_LIMIT_044,SQLITE_PARITY_431_DML_WHERE_ORDER_LIMIT_044.rs,P1,memory,GEN_SQL_DML,24959806,52169093,2.090124,-109.012414,false,3
373,11335,AFFINITY_TEXT_REAL_BIG,SQLITE_PARITY_11335_AFFINITY_TEXT_REAL_BIG.rs,P0,memory,SQL_TYPE_AFFINITY,24181332,50475455,2.087373,-108.737281,false,3
374,11967,WIN_LAST_VALUE_EXCL_GROUP,SQLITE_PARITY_11967_WIN_LAST_VALUE_EXCL_GROUP.rs,P0,memory,SQL_WINDOW,14874904,30965140,2.081704,-108.170352,false,3
375,11802,JSON_JSON_EXTRACT_A_B,SQLITE_PARITY_11802_JSON_JSON_EXTRACT_A_B.rs,P0,memory,SQL_JSON,21719599,44997078,2.071727,-107.172692,false,3
376,00578,AGG_GROUP_HAVING_071,SQLITE_PARITY_578_AGG_GROUP_HAVING_071.rs,P1,memory,GEN_SQL_AGGREGATE,27449321,56708961,2.065951,-106.595132,false,3
377,00917,CONSTRAINT_FK_SAVEPOINT_050,SQLITE_PARITY_917_CONSTRAINT_FK_SAVEPOINT_050.rs,P2,memory,GEN_SQL_CONSTRAINT_TX,27633049,57043415,2.064319,-106.431853,false,3
378,10325,DO_UPDATE_WHERE_MATCH,SQLITE_PARITY_10325_DO_UPDATE_WHERE_MATCH.rs,P0,memory,SQL_UPSERT,17240184,35563550,2.062829,-106.282891,false,3
379,10520,STRING_AGG_ALIAS_OF_GROUP_CONCAT,SQLITE_PARITY_10520_STRING_AGG_ALIAS_OF_GROUP_CONCAT.rs,P0,memory,SQL_AGGREGATE_ADV,30632240,62867206,2.052322,-105.232154,false,3
380,00366,SCALAR_STRING_035,SQLITE_PARITY_366_SCALAR_STRING_035.rs,P1,memory,GEN_SQL_SCALAR,48613999,99533024,2.047415,-104.741486,false,3
381,11695,DATETIME_DATE_UNIX_START_OF_DAY,SQLITE_PARITY_11695_DATETIME_DATE_UNIX_START_OF_DAY.rs,P0,memory,SQL_DATETIME,23946146,48858151,2.040335,-104.033463,false,3
382,00183,OPT_TABS_MODE,SQLITE_PARITY_183_OPT_TABS_MODE.rs,P2,memory,CLI_OPTION,52826378,107522466,2.035393,-103.539349,false,3
383,11730,DATETIME_DATE_DATE_2024_BASE,SQLITE_PARITY_11730_DATETIME_DATE_DATE_2024_BASE.rs,P0,memory,SQL_DATETIME,18596954,37791761,2.032148,-103.214790,false,3
384,00053,SELECT_WHERE_ORDER_LIMIT_OFFSET,SQLITE_PARITY_053_SELECT_WHERE_ORDER_LIMIT_OFFSET.rs,P0,memory,SQL_SELECT,22881920,46399916,2.027798,-102.779819,false,3
385,00579,AGG_GROUP_HAVING_072,SQLITE_PARITY_579_AGG_GROUP_HAVING_072.rs,P1,memory,GEN_SQL_AGGREGATE,27853317,56252167,2.019586,-101.958593,false,3
386,11602,DATETIME_DATETIME_Y2K_WEEKDAY_0,SQLITE_PARITY_11602_DATETIME_DATETIME_Y2K_WEEKDAY_0.rs,P0,memory,SQL_DATETIME,16462582,33202087,2.016821,-101.682136,false,3
387,00581,AGG_GROUP_HAVING_074,SQLITE_PARITY_581_AGG_GROUP_HAVING_074.rs,P1,memory,GEN_SQL_AGGREGATE,23073162,46516916,2.016062,-101.606160,false,3
388,10087,STRICT_REAL_COERCES_INTEGER,SQLITE_PARITY_10087_STRICT_REAL_COERCES_INTEGER.rs,P0,memory,SQL_STRICT_TABLES,28246271,56824721,2.011760,-101.176010,false,3
389,00468,DML_WHERE_ORDER_LIMIT_081,SQLITE_PARITY_468_DML_WHERE_ORDER_LIMIT_081.rs,P1,memory,GEN_SQL_DML,19147557,38510632,2.011256,-101.125564,false,3
390,11583,DATETIME_JULIANDAY_Y2K_PLUS_10_SECONDS,SQLITE_PARITY_11583_DATETIME_JULIANDAY_Y2K_PLUS_10_SECONDS.rs,P0,memory,SQL_DATETIME,24988410,50124429,2.005907,-100.590710,false,3
391,00632,JOIN_SUBQUERY_EXISTS_025,SQLITE_PARITY_632_JOIN_SUBQUERY_EXISTS_025.rs,P1,memory,GEN_SQL_JOIN_SUBQUERY,32973745,66125898,2.005411,-100.541061,false,3
392,11819,JSON_JSON_TYPE_D_0,SQLITE_PARITY_11819_JSON_JSON_TYPE_D_0.rs,P0,memory,SQL_JSON,21602858,43282791,2.003568,-100.356781,false,3
393,11584,DATETIME_STRFTIME_ISO_Y2K_PLUS_10_SECONDS,SQLITE_PARITY_11584_DATETIME_STRFTIME_ISO_Y2K_PLUS_10_SECONDS.rs,P0,memory,SQL_DATETIME,23970191,48023510,2.003468,-100.346797,false,3
394,10133,MODE_INSERT_DEFAULT,SQLITE_PARITY_10133_MODE_INSERT_DEFAULT.rs,P0,memory,CLI_OUTPUT_MODE,26600674,53203342,2.000075,-100.007496,false,3
395,00583,AGG_GROUP_HAVING_076,SQLITE_PARITY_583_AGG_GROUP_HAVING_076.rs,P1,memory,GEN_SQL_AGGREGATE,23130391,46198974,1.997328,-99.732784,false,3
396,00670,JOIN_SUBQUERY_EXISTS_063,SQLITE_PARITY_670_JOIN_SUBQUERY_EXISTS_063.rs,P1,memory,GEN_SQL_JOIN_SUBQUERY,15102836,30100673,1.993048,-99.304773,false,3
397,11652,DATETIME_DATETIME_DATE_2024_START_OF_YEAR,SQLITE_PARITY_11652_DATETIME_DATETIME_DATE_2024_START_OF_YEAR.rs,P0,memory,SQL_DATETIME,20572816,40725066,1.979557,-97.955720,false,3
398,00250,SCALAR_STRING_006,SQLITE_PARITY_250_SCALAR_STRING_006.rs,P1,memory,GEN_SQL_SCALAR,78924860,155748340,1.973375,-97.337493,false,3
399,00353,SCALAR_CAST_TYPEOF_032,SQLITE_PARITY_353_SCALAR_CAST_TYPEOF_032.rs,P1,memory,GEN_SQL_SCALAR,29466652,58122750,1.972492,-97.249250,false,3
400,00023,TRANSACTION_ROLLBACK,SQLITE_PARITY_023_TRANSACTION_ROLLBACK.rs,P0,memory,SQL_TRANSACTION,18656817,36796766,1.972296,-97.229602,false,3
401,00992,VIEW_TRIGGER_GENERATED_045,SQLITE_PARITY_992_VIEW_TRIGGER_GENERATED_045.rs,P2,memory,GEN_SQL_VIEW_TRIGGER,25400280,50029901,1.969659,-96.965943,false,3
402,00512,AGG_GROUP_HAVING_005,SQLITE_PARITY_512_AGG_GROUP_HAVING_005.rs,P1,memory,GEN_SQL_AGGREGATE,22082116,43492719,1.969590,-96.959019,false,3
403,01009,JSON_EXTRACT_SET_002,SQLITE_PARITY_1009_JSON_EXTRACT_SET_002.rs,P2,memory,GEN_SQL_JSON,26925940,52965792,1.967092,-96.709166,false,3
404,00701,JOIN_SUBQUERY_EXISTS_094,SQLITE_PARITY_701_JOIN_SUBQUERY_EXISTS_094.rs,P1,memory,GEN_SQL_JOIN_SUBQUERY,26348666,51706907,1.962411,-96.241081,false,3
405,11632,DATETIME_DATETIME_DATE_2024_PLUS_30_MINUTES,SQLITE_PARITY_11632_DATETIME_DATETIME_DATE_2024_PLUS_30_MINUTES.rs,P0,memory,SQL_DATETIME,15663478,30733712,1.962126,-96.212565,false,3
406,00887,CONSTRAINT_FK_SAVEPOINT_020,SQLITE_PARITY_887_CONSTRAINT_FK_SAVEPOINT_020.rs,P2,memory,GEN_SQL_CONSTRAINT_TX,21049049,41232969,1.958899,-95.889938,false,3
407,00951,VIEW_TRIGGER_GENERATED_004,SQLITE_PARITY_951_VIEW_TRIGGER_GENERATED_004.rs,P2,memory,GEN_SQL_VIEW_TRIGGER,22909984,44821816,1.956432,-95.643157,false,3
408,00217,DETACH_DATABASE_SYNTAX,SQLITE_PARITY_217_DETACH_DATABASE_SYNTAX.rs,P0,memory,SQL_ATTACH,14399674,28150109,1.954913,-95.491294,false,3
409,10560,NO_SUCH_SAVEPOINT,SQLITE_PARITY_10560_NO_SUCH_SAVEPOINT.rs,P0,memory,SQL_ERROR_MESSAGES,17158860,33509179,1.952879,-95.287910,false,3
410,10527,AGGREGATE_OVER_ALL_NULL_SET,SQLITE_PARITY_10527_AGGREGATE_OVER_ALL_NULL_SET.rs,P0,memory,SQL_AGGREGATE_ADV,16349999,31899710,1.951053,-95.105272,false,3
411,12007,PRAGMA_FULLFSYNC,SQLITE_PARITY_12007_PRAGMA_FULLFSYNC.rs,P1,memory,SQL_PRAGMA,13706171,26733685,1.950485,-95.048530,false,3
412,11444,STRING_INSTR_ABCDEF_CD,SQLITE_PARITY_11444_STRING_INSTR_ABCDEF_CD.rs,P0,memory,SQL_STRING,20629644,40148675,1.946164,-94.616422,false,3
413,00325,SCALAR_CAST_TYPEOF_025,SQLITE_PARITY_325_SCALAR_CAST_TYPEOF_025.rs,P1,memory,GEN_SQL_SCALAR,56983131,110855750,1.945413,-94.541346,false,3
414,01057,JSON_EXTRACT_SET_050,SQLITE_PARITY_1057_JSON_EXTRACT_SET_050.rs,P2,memory,GEN_SQL_JSON,24211729,47085734,1.944749,-94.474893,false,3
415,00830,WINDOW_PARTITION_SUM_043,SQLITE_PARITY_830_WINDOW_PARTITION_SUM_043.rs,P2,memory,GEN_SQL_WINDOW,28632953,55674632,1.944425,-94.442508,false,3
416,11317,AFFINITY_REAL_INT_BIG,SQLITE_PARITY_11317_AFFINITY_REAL_INT_BIG.rs,P0,memory,SQL_TYPE_AFFINITY,24750439,48122778,1.944320,-94.432018,false,3
417,11424,STRING_HEX_X_01AB,SQLITE_PARITY_11424_STRING_HEX_X_01AB.rs,P0,memory,SQL_STRING,20283338,39430254,1.943973,-94.397263,false,3
418,10121,MODE_COLUMN_WIDTH_LARGE,SQLITE_PARITY_10121_MODE_COLUMN_WIDTH_LARGE.rs,P0,memory,CLI_OUTPUT_MODE,23181928,44997328,1.941052,-94.105201,false,3
419,10539,WHERE_BEFORE_GROUP_BY,SQLITE_PARITY_10539_WHERE_BEFORE_GROUP_BY.rs,P0,memory,SQL_AGGREGATE_ADV,27533400,53361912,1.938079,-93.807928,false,3
420,00184,OPT_ASCII_MODE,SQLITE_PARITY_184_OPT_ASCII_MODE.rs,P2,memory,CLI_OPTION,15991499,30931056,1.934219,-93.421867,false,3
421,00827,WINDOW_PARTITION_SUM_040,SQLITE_PARITY_827_WINDOW_PARTITION_SUM_040.rs,P2,memory,GEN_SQL_WINDOW,25643992,49558528,1.932559,-93.255902,false,3
422,00703,JOIN_SUBQUERY_EXISTS_096,SQLITE_PARITY_703_JOIN_SUBQUERY_EXISTS_096.rs,P1,memory,GEN_SQL_JOIN_SUBQUERY,16609289,32035267,1.928756,-92.875607,false,3
423,00745,CTE_RECURSIVE_MATRIX_038,SQLITE_PARITY_745_CTE_RECURSIVE_MATRIX_038.rs,P1,memory,GEN_SQL_CTE,17798061,34320837,1.928347,-92.834697,false,3
424,00884,CONSTRAINT_FK_SAVEPOINT_017,SQLITE_PARITY_884_CONSTRAINT_FK_SAVEPOINT_017.rs,P2,memory,GEN_SQL_CONSTRAINT_TX,27702901,53369436,1.926493,-92.649268,false,3
425,10236,OPT_MAXSIZE,SQLITE_PARITY_10236_OPT_MAXSIZE.rs,P0,memory,CLI_OPTION,18468832,35383219,1.915834,-91.583415,false,3
426,10447,JOIN_LEFT_WHERE_ON_LEFT_OK,SQLITE_PARITY_10447_JOIN_LEFT_WHERE_ON_LEFT_OK.rs,P0,memory,SQL_JOIN,26498270,50686524,1.912824,-91.282389,false,3
427,01106,INDEX_SCHEMA_PRAGMA_039,SQLITE_PARITY_1106_INDEX_SCHEMA_PRAGMA_039.rs,P2,memory,GEN_SQL_INDEX_PRAGMA,24342236,46530763,1.911524,-91.152378,false,3
428,10042,MULTI_COL_ORDER_BY_MIXED_NULLS,SQLITE_PARITY_10042_MULTI_COL_ORDER_BY_MIXED_NULLS.rs,P0,memory,SQL_NULL_ORDER,18180265,34732286,1.910439,-91.043893,false,3
429,00785,CTE_RECURSIVE_MATRIX_078,SQLITE_PARITY_785_CTE_RECURSIVE_MATRIX_078.rs,P1,memory,GEN_SQL_CTE,23268372,44192254,1.899241,-89.924134,false,3
430,10625,BLOB_VS_TEXT_DIFFERENT_TYPES,SQLITE_PARITY_10625_BLOB_VS_TEXT_DIFFERENT_TYPES.rs,P0,memory,SQL_BLOB,22599034,42676523,1.888422,-88.842244,false,3
431,11644,DATETIME_STRFTIME_ISO_DATE_2024_START_OF_DAY,SQLITE_PARITY_11644_DATETIME_STRFTIME_ISO_DATE_2024_START_OF_DAY.rs,P0,memory,SQL_DATETIME,25838500,48746239,1.886574,-88.657387,false,3
432,11341,AFFINITY_VARCHAR_8_INT_BIG,SQLITE_PARITY_11341_AFFINITY_VARCHAR_8_INT_BIG.rs,P0,memory,SQL_TYPE_AFFINITY,24470970,46154199,1.886080,-88.607967,false,3
433,00610,JOIN_SUBQUERY_EXISTS_003,SQLITE_PARITY_610_JOIN_SUBQUERY_EXISTS_003.rs,P1,memory,GEN_SQL_JOIN_SUBQUERY,28670535,54051488,1.885263,-88.526262,false,3
434,01025,JSON_EXTRACT_SET_018,SQLITE_PARITY_1025_JSON_EXTRACT_SET_018.rs,P2,memory,GEN_SQL_JSON,21799089,41040243,1.882659,-88.265863,false,3
435,00954,VIEW_TRIGGER_GENERATED_007,SQLITE_PARITY_954_VIEW_TRIGGER_GENERATED_007.rs,P2,memory,GEN_SQL_VIEW_TRIGGER,28413477,53477781,1.882127,-88.212731,false,3
436,12003,PRAGMA_MAX_PAGE_COUNT,SQLITE_PARITY_12003_PRAGMA_MAX_PAGE_COUNT.rs,P1,memory,SQL_PRAGMA,17841223,33526121,1.879138,-87.913805,false,3
437,00402,DML_WHERE_ORDER_LIMIT_015,SQLITE_PARITY_402_DML_WHERE_ORDER_LIMIT_015.rs,P1,memory,GEN_SQL_DML,32805937,61269039,1.867620,-86.762046,false,3
438,11324,AFFINITY_DOUBLE_INT_1,SQLITE_PARITY_11324_AFFINITY_DOUBLE_INT_1.rs,P0,memory,SQL_TYPE_AFFINITY,22479988,41942944,1.865790,-86.579032,false,3
439,12030,PRAGMA_SET_AUTOMATIC_INDEX_ON,SQLITE_PARITY_12030_PRAGMA_SET_AUTOMATIC_INDEX_ON.rs,P1,memory,SQL_PRAGMA,7734340,14424391,1.864980,-86.498021,false,3
440,10593,NOT_LIKE_BASIC,SQLITE_PARITY_10593_NOT_LIKE_BASIC.rs,P0,memory,SQL_PATTERN,29568565,55112488,1.863888,-86.388781,false,3
441,00486,DML_WHERE_ORDER_LIMIT_099,SQLITE_PARITY_486_DML_WHERE_ORDER_LIMIT_099.rs,P1,memory,GEN_SQL_DML,22340364,41590024,1.861654,-86.165382,false,3
442,10104,STRICT_INTEGER_PK_ALIAS,SQLITE_PARITY_10104_STRICT_INTEGER_PK_ALIAS.rs,P0,memory,SQL_STRICT_TABLES,22748909,42155647,1.853084,-85.308434,false,3
443,01081,INDEX_SCHEMA_PRAGMA_014,SQLITE_PARITY_1081_INDEX_SCHEMA_PRAGMA_014.rs,P2,memory,GEN_SQL_INDEX_PRAGMA,25522652,47158683,1.847719,-84.771876,false,3
444,00375,SCALAR_NULL_COALESCE_037,SQLITE_PARITY_375_SCALAR_NULL_COALESCE_037.rs,P1,memory,GEN_SQL_SCALAR,30183800,55752951,1.847115,-84.711504,false,3
445,00487,DML_WHERE_ORDER_LIMIT_100,SQLITE_PARITY_487_DML_WHERE_ORDER_LIMIT_100.rs,P1,memory,GEN_SQL_DML,20961984,38710040,1.846678,-84.667825,false,3
446,11214,CAST_INT_NEG_3_AS_NUMERIC,SQLITE_PARITY_11214_CAST_INT_NEG_3_AS_NUMERIC.rs,P0,memory,SQL_CAST,26885322,49636486,1.846230,-84.622992,false,3
447,10044,COUNT_STAR_VS_COUNT_COL_WITH_NULLS,SQLITE_PARITY_10044_COUNT_STAR_VS_COUNT_COL_WITH_NULLS.rs,P0,memory,SQL_AGGREGATE_NULL,18987043,35035330,1.845223,-84.522308,false,3
448,11409,STRING_LOWER_ABC,SQLITE_PARITY_11409_STRING_LOWER_ABC.rs,P0,memory,SQL_STRING,16856908,31083825,1.843981,-84.398141,false,3
449,11529,DATETIME_STRFTIME_ISO_EPOCH_PLUS_10_SECONDS,SQLITE_PARITY_11529_DATETIME_STRFTIME_ISO_EPOCH_PLUS_10_SECONDS.rs,P0,memory,SQL_DATETIME,24254079,44717809,1.843723,-84.372324,false,3
450,01023,JSON_EXTRACT_SET_016,SQLITE_PARITY_1023_JSON_EXTRACT_SET_016.rs,P2,memory,GEN_SQL_JSON,23668089,43635589,1.843646,-84.364648,false,3
451,11571,DATETIME_TIME_Y2K_PLUS_3_HOURS,SQLITE_PARITY_11571_DATETIME_TIME_Y2K_PLUS_3_HOURS.rs,P0,memory,SQL_DATETIME,19676690,36171932,1.838314,-83.831386,false,3
452,11635,DATETIME_DATE_DATE_2024_PLUS_10_SECONDS,SQLITE_PARITY_11635_DATETIME_DATE_DATE_2024_PLUS_10_SECONDS.rs,P0,memory,SQL_DATETIME,34892710,64070544,1.836216,-83.621576,false,3
453,11859,JSON_ARROW_D_3,SQLITE_PARITY_11859_JSON_ARROW_D_3.rs,P0,memory,SQL_JSON,26326735,48319471,1.835377,-83.537651,false,3
454,10390,SQLITE_MASTER_AFTER_CREATE_TABLE,SQLITE_PARITY_10390_SQLITE_MASTER_AFTER_CREATE_TABLE.rs,P0,memory,SQL_SCHEMA_INTROSPECTION,29685788,54473116,1.834990,-83.498973,false,3
455,10277,FK_DELETE_RESTRICT_REJECTED,SQLITE_PARITY_10277_FK_DELETE_RESTRICT_REJECTED.rs,P0,memory,SQL_FOREIGN_KEYS,22079219,40473911,1.833122,-83.312240,false,3
456,00602,AGG_GROUP_HAVING_095,SQLITE_PARITY_602_AGG_GROUP_HAVING_095.rs,P1,memory,GEN_SQL_AGGREGATE,23399200,42879988,1.832541,-83.254077,false,3
457,00332,SCALAR_ARITH_027,SQLITE_PARITY_332_SCALAR_ARITH_027.rs,P1,memory,GEN_SQL_SCALAR,35368311,64733521,1.830269,-83.026894,false,3
458,11071,MATH_SIN_1_5707963267949,SQLITE_PARITY_11071_MATH_SIN_1_5707963267949.rs,P1,memory,SQL_MATH,27079310,49560502,1.830198,-83.019811,false,3
459,10581,DUPLICATE_COLUMN_NAME,SQLITE_PARITY_10581_DUPLICATE_COLUMN_NAME.rs,P0,memory,SQL_ERROR_MESSAGES,18623344,34032711,1.827422,-82.742213,false,3
460,10480,COMPOUND_DIFFERENT_COLUMN_COUNT_ERRORS,SQLITE_PARITY_10480_COMPOUND_DIFFERENT_COLUMN_COUNT_ERRORS.rs,P0,memory,SQL_COMPOUND,15091194,27569048,1.826830,-82.683014,false,3
461,00964,VIEW_TRIGGER_GENERATED_017,SQLITE_PARITY_964_VIEW_TRIGGER_GENERATED_017.rs,P2,memory,GEN_SQL_VIEW_TRIGGER,24165541,44140245,1.826578,-82.657798,false,3
462,00781,CTE_RECURSIVE_MATRIX_074,SQLITE_PARITY_781_CTE_RECURSIVE_MATRIX_074.rs,P1,memory,GEN_SQL_CTE,20768768,37801209,1.820099,-82.009877,false,3
463,11418,STRING_RTRIM_,SQLITE_PARITY_11418_STRING_RTRIM_.rs,P0,memory,SQL_STRING,21848463,39731896,1.818521,-81.852133,false,3
464,11502,DATETIME_DATETIME_EPOCH_PLUS_5_DAYS,SQLITE_PARITY_11502_DATETIME_DATETIME_EPOCH_PLUS_5_DAYS.rs,P0,memory,SQL_DATETIME,24342997,44266524,1.818450,-81.845005,false,3
465,00577,AGG_GROUP_HAVING_070,SQLITE_PARITY_577_AGG_GROUP_HAVING_070.rs,P1,memory,GEN_SQL_AGGREGATE,23755955,43108201,1.814627,-81.462715,false,3
466,00268,SCALAR_ARITH_011,SQLITE_PARITY_268_SCALAR_ARITH_011.rs,P1,memory,GEN_SQL_SCALAR,23871003,43308249,1.814262,-81.426181,false,3
467,10164,DOT_MODE_MARKDOWN_RESET_SEPARATOR,SQLITE_PARITY_10164_DOT_MODE_MARKDOWN_RESET_SEPARATOR.rs,P0,memory,CLI_DOT_COMMAND,25889788,46881588,1.810814,-81.081390,false,3
468,11933,WIN_MIN_ROWS_2_PREC_CURRENT,SQLITE_PARITY_11933_WIN_MIN_ROWS_2_PREC_CURRENT.rs,P0,memory,SQL_WINDOW,23534336,42615898,1.810797,-81.079670,false,3
469,11320,AFFINITY_REAL_TEXT_NUM,SQLITE_PARITY_11320_AFFINITY_REAL_TEXT_NUM.rs,P0,memory,SQL_TYPE_AFFINITY,31564456,56890756,1.802368,-80.236770,false,3
470,10339,MULTIPLE_ON_CONFLICT_PK_BRANCH,SQLITE_PARITY_10339_MULTIPLE_ON_CONFLICT_PK_BRANCH.rs,P0,memory,SQL_UPSERT,24241536,43650788,1.800661,-80.066098,false,3
471,11808,JSON_JSON_EXTRACT_D_3,SQLITE_PARITY_11808_JSON_JSON_EXTRACT_D_3.rs,P0,memory,SQL_JSON,21687438,39043551,1.800284,-80.028416,false,3
472,10465,JOIN_ON_EXPRESSION,SQLITE_PARITY_10465_JOIN_ON_EXPRESSION.rs,P0,memory,SQL_JOIN,18058995,32386001,1.793345,-79.334459,false,3
473,10037,CREATE_INDEX_DESC_NULLS_FIRST_REJECTED,SQLITE_PARITY_10037_CREATE_INDEX_DESC_NULLS_FIRST_REJECTED.rs,P0,memory,SQL_NULL_ORDER,18389381,32855591,1.786661,-78.666106,false,3
474,11901,WIN_SUM_ROWS_CURRENT_UNBND_FOLL,SQLITE_PARITY_11901_WIN_SUM_ROWS_CURRENT_UNBND_FOLL.rs,P0,memory,SQL_WINDOW,24258898,43323077,1.785863,-78.586336,false,3
475,11857,JSON_ARROW_D_0,SQLITE_PARITY_11857_JSON_ARROW_D_0.rs,P0,memory,SQL_JSON,21265429,37977132,1.785862,-78.586249,false,3
476,11541,DATETIME_TIME_EPOCH_START_OF_YEAR,SQLITE_PARITY_11541_DATETIME_TIME_EPOCH_START_OF_YEAR.rs,P0,memory,SQL_DATETIME,22086955,39350422,1.781614,-78.161372,false,3
477,00131,DOT_TIMEOUT,SQLITE_PARITY_131_DOT_TIMEOUT.rs,P0,memory,CLI_DOT_COMMAND,20495260,36435512,1.777753,-77.775310,false,3
478,00702,JOIN_SUBQUERY_EXISTS_095,SQLITE_PARITY_702_JOIN_SUBQUERY_EXISTS_095.rs,P1,memory,GEN_SQL_JOIN_SUBQUERY,23663942,42061558,1.777454,-77.745356,false,3
479,11401,STRING_LENGTH_,SQLITE_PARITY_11401_STRING_LENGTH_.rs,P0,memory,SQL_STRING,15460373,27475822,1.777177,-77.717717,false,3
480,00568,AGG_GROUP_HAVING_061,SQLITE_PARITY_568_AGG_GROUP_HAVING_061.rs,P1,memory,GEN_SQL_AGGREGATE,25145678,44685858,1.777079,-77.707907,false,3
481,11936,WIN_MIN_EXCL_CURRENT_ROW,SQLITE_PARITY_11936_WIN_MIN_EXCL_CURRENT_ROW.rs,P0,memory,SQL_WINDOW,21917814,38906351,1.775102,-77.510180,false,3
482,11243,CAST_BLOB_HEX_AS_BLOB,SQLITE_PARITY_11243_CAST_BLOB_HEX_AS_BLOB.rs,P0,memory,SQL_CAST,24588443,43575685,1.772202,-77.220188,false,3
483,00365,SCALAR_CAST_TYPEOF_035,SQLITE_PARITY_365_SCALAR_CAST_TYPEOF_035.rs,P1,memory,GEN_SQL_SCALAR,36582851,64784918,1.770909,-77.090949,false,3
484,11610,DATETIME_DATE_DATE_2024_PLUS_5_DAYS,SQLITE_PARITY_11610_DATETIME_DATE_DATE_2024_PLUS_5_DAYS.rs,P0,memory,SQL_DATETIME,23947489,42232833,1.763560,-76.355997,false,3
485,00700,JOIN_SUBQUERY_EXISTS_093,SQLITE_PARITY_700_JOIN_SUBQUERY_EXISTS_093.rs,P1,memory,GEN_SQL_JOIN_SUBQUERY,18612303,32817879,1.763236,-76.323580,false,3
486,11960,WIN_LAST_VALUE_ROWS_UNBND_PREC_CURRENT,SQLITE_PARITY_11960_WIN_LAST_VALUE_ROWS_UNBND_PREC_CURRENT.rs,P0,memory,SQL_WINDOW,16861838,29648206,1.758302,-75.830215,false,3
487,11540,DATETIME_DATE_EPOCH_START_OF_YEAR,SQLITE_PARITY_11540_DATETIME_DATE_EPOCH_START_OF_YEAR.rs,P0,memory,SQL_DATETIME,23004612,40412825,1.756727,-75.672709,false,3
488,11228,CAST_TEXT_42_AS_BLOB,SQLITE_PARITY_11228_CAST_TEXT_42_AS_BLOB.rs,P0,memory,SQL_CAST,27208645,47789708,1.756416,-75.641632,false,3
489,11815,JSON_JSON_TYPE_A_B_0,SQLITE_PARITY_11815_JSON_JSON_TYPE_A_B_0.rs,P0,memory,SQL_JSON,21613077,37955791,1.756149,-75.614934,false,3
490,00275,SCALAR_NULL_COALESCE_012,SQLITE_PARITY_275_SCALAR_NULL_COALESCE_012.rs,P1,memory,GEN_SQL_SCALAR,23135931,40599378,1.754819,-75.481929,false,3
491,01087,INDEX_SCHEMA_PRAGMA_020,SQLITE_PARITY_1087_INDEX_SCHEMA_PRAGMA_020.rs,P2,memory,GEN_SQL_INDEX_PRAGMA,24769786,43451460,1.754212,-75.421217,false,3
492,00997,VIEW_TRIGGER_GENERATED_050,SQLITE_PARITY_997_VIEW_TRIGGER_GENERATED_050.rs,P2,memory,GEN_SQL_VIEW_TRIGGER,22008837,38545929,1.751384,-75.138418,false,3
493,00145,DOT_SCANSTATS,SQLITE_PARITY_145_DOT_SCANSTATS.rs,P3,memory,CLI_DOT_COMMAND_DIAGNOSTIC,83662093,146238829,1.747970,-74.797000,false,3
494,10368,RETURNING_COMPUTED_FROM_INSERTED_ROW,SQLITE_PARITY_10368_RETURNING_COMPUTED_FROM_INSERTED_ROW.rs,P0,memory,SQL_RETURNING,32994454,57515389,1.743184,-74.318354,false,3
495,11814,JSON_JSON_TYPE_A_B,SQLITE_PARITY_11814_JSON_JSON_TYPE_A_B.rs,P0,memory,SQL_JSON,22275561,38788659,1.741310,-74.131008,false,3
496,11663,DATETIME_JULIANDAY_DATE_2024_UTC,SQLITE_PARITY_11663_DATETIME_JULIANDAY_DATE_2024_UTC.rs,P0,memory,SQL_DATETIME,21087622,36710974,1.740878,-74.087785,false,3
497,11218,CAST_REAL_3_14_AS_BLOB,SQLITE_PARITY_11218_CAST_REAL_3_14_AS_BLOB.rs,P0,memory,SQL_CAST,23256770,40440858,1.738885,-73.888541,false,3
498,11099,MATH_LOG_2_0_1_0,SQLITE_PARITY_11099_MATH_LOG_2_0_1_0.rs,P1,memory,SQL_MATH,31077062,54001193,1.737654,-73.765438,false,3
499,00370,SCALAR_STRING_036,SQLITE_PARITY_370_SCALAR_STRING_036.rs,P1,memory,GEN_SQL_SCALAR,36056184,62557829,1.735010,-73.500970,false,3
500,10501,SCALAR_SUBQUERY_MULTI_ROW_TAKES_FIRST,SQLITE_PARITY_10501_SCALAR_SUBQUERY_MULTI_ROW_TAKES_FIRST.rs,P0,memory,SQL_SUBQUERY,25333163,43841128,1.730582,-73.058248,false,3
501,10288,PRAGMA_DEFER_FOREIGN_KEYS_FOR_TXN,SQLITE_PARITY_10288_PRAGMA_DEFER_FOREIGN_KEYS_FOR_TXN.rs,P0,memory,SQL_FOREIGN_KEYS,29637195,51283245,1.730368,-73.036770,false,3
502,10295,BEGIN_ROLLBACK_DROPS_WRITES,SQLITE_PARITY_10295_BEGIN_ROLLBACK_DROPS_WRITES.rs,P0,memory,SQL_TRANSACTION,19747453,34038472,1.723689,-72.368923,false,3
503,11941,WIN_MAX_ROWS_CURRENT_UNBND_FOLL,SQLITE_PARITY_11941_WIN_MAX_ROWS_CURRENT_UNBND_FOLL.rs,P0,memory,SQL_WINDOW,22953796,39550452,1.723046,-72.304624,false,3
504,00818,WINDOW_PARTITION_SUM_031,SQLITE_PARITY_818_WINDOW_PARTITION_SUM_031.rs,P2,memory,GEN_SQL_WINDOW,25877253,44507581,1.719950,-71.994999,false,3
505,00238,SCALAR_STRING_003,SQLITE_PARITY_238_SCALAR_STRING_003.rs,P1,memory,GEN_SQL_SCALAR,12662514,21770615,1.719296,-71.929642,false,3
506,10124,MODE_CSV_HEADERS_ON,SQLITE_PARITY_10124_MODE_CSV_HEADERS_ON.rs,P0,memory,CLI_OUTPUT_MODE,28665955,49275552,1.718957,-71.895728,false,3
507,11416,STRING_LTRIM_NO_SPACE,SQLITE_PARITY_11416_STRING_LTRIM_NO_SPACE.rs,P0,memory,SQL_STRING,34186882,58653675,1.715678,-71.567781,false,3
508,10324,ON_CONFLICT_COL_DO_UPDATE,SQLITE_PARITY_10324_ON_CONFLICT_COL_DO_UPDATE.rs,P0,memory,SQL_UPSERT,30713083,52682535,1.715312,-71.531249,false,3
509,11664,DATETIME_STRFTIME_ISO_DATE_2024_UTC,SQLITE_PARITY_11664_DATETIME_STRFTIME_ISO_DATE_2024_UTC.rs,P0,memory,SQL_DATETIME,24408812,41865356,1.715174,-71.517385,false,3
510,00625,JOIN_SUBQUERY_EXISTS_018,SQLITE_PARITY_625_JOIN_SUBQUERY_EXISTS_018.rs,P1,memory,GEN_SQL_JOIN_SUBQUERY,27079832,46445501,1.715133,-71.513254,false,3
511,11244,CAST_BLOB_HEX_AS_NUMERIC,SQLITE_PARITY_11244_CAST_BLOB_HEX_AS_NUMERIC.rs,P0,memory,SQL_CAST,18771985,32195271,1.715070,-71.507014,false,3
512,11866,JSON_DARROW_A_B_99,SQLITE_PARITY_11866_JSON_DARROW_A_B_99.rs,P0,memory,SQL_JSON,38164466,65449006,1.714920,-71.492000,false,3
513,11240,CAST_BLOB_HEX_AS_INTEGER,SQLITE_PARITY_11240_CAST_BLOB_HEX_AS_INTEGER.rs,P0,memory,SQL_CAST,33556870,57482667,1.712993,-71.299251,false,3
514,00186,OPT_NEWLINE,SQLITE_PARITY_186_OPT_NEWLINE.rs,P2,memory,CLI_OPTION,15988233,27341507,1.710102,-71.010186,false,3
515,00623,JOIN_SUBQUERY_EXISTS_016,SQLITE_PARITY_623_JOIN_SUBQUERY_EXISTS_016.rs,P1,memory,GEN_SQL_JOIN_SUBQUERY,28060659,47921658,1.707788,-70.778805,false,3
516,10498,CORRELATED_SUBQUERY_IN_SELECT_LIST,SQLITE_PARITY_10498_CORRELATED_SUBQUERY_IN_SELECT_LIST.rs,P0,memory,SQL_SUBQUERY,20088990,34236747,1.704254,-70.425427,false,3
517,11851,JSON_ARROW_A_B_1,SQLITE_PARITY_11851_JSON_ARROW_A_B_1.rs,P0,memory,SQL_JSON,26850317,45693447,1.701784,-70.178427,false,3
518,10309,RELEASE_UNKNOWN_SAVEPOINT_REJECTED,SQLITE_PARITY_10309_RELEASE_UNKNOWN_SAVEPOINT_REJECTED.rs,P0,memory,SQL_TRANSACTION,17711577,30137012,1.701543,-70.154312,false,3
519,00524,AGG_GROUP_HAVING_017,SQLITE_PARITY_524_AGG_GROUP_HAVING_017.rs,P1,memory,GEN_SQL_AGGREGATE,22834670,38838272,1.700847,-70.084665,false,3
520,00619,JOIN_SUBQUERY_EXISTS_012,SQLITE_PARITY_619_JOIN_SUBQUERY_EXISTS_012.rs,P1,memory,GEN_SQL_JOIN_SUBQUERY,39667063,67322454,1.697188,-69.718777,false,3
521,00246,SCALAR_STRING_005,SQLITE_PARITY_246_SCALAR_STRING_005.rs,P1,memory,GEN_SQL_SCALAR,42213325,71578436,1.695636,-69.563606,false,3
522,00831,WINDOW_PARTITION_SUM_044,SQLITE_PARITY_831_WINDOW_PARTITION_SUM_044.rs,P2,memory,GEN_SQL_WINDOW,22497983,38140611,1.695290,-69.529024,false,3
523,00100,SCHEMA_SQLITE_SCHEMA,SQLITE_PARITY_100_SCHEMA_SQLITE_SCHEMA.rs,P0,memory,SQL_SCHEMA,34173398,57866002,1.693305,-69.330548,false,3
524,10179,DOT_DATABASES_MAIN,SQLITE_PARITY_10179_DOT_DATABASES_MAIN.rs,P0,memory,CLI_DOT_COMMAND,26698830,45187609,1.692494,-69.249398,false,3
525,00833,WINDOW_PARTITION_SUM_046,SQLITE_PARITY_833_WINDOW_PARTITION_SUM_046.rs,P2,memory,GEN_SQL_WINDOW,23356679,39509444,1.691569,-69.156942,false,3
526,11227,CAST_TEXT_42_AS_TEXT,SQLITE_PARITY_11227_CAST_TEXT_42_AS_TEXT.rs,P0,memory,SQL_CAST,23703427,40091927,1.691398,-69.139791,false,3
527,10389,DETACH_THEN_QUALIFIED_REF_ERROR,SQLITE_PARITY_10389_DETACH_THEN_QUALIFIED_REF_ERROR.rs,P0,memory,SQL_ATTACH,19931312,33702966,1.690956,-69.095572,false,3
528,11955,WIN_FIRST_VALUE_GROUPS_1_PREC_CURRENT,SQLITE_PARITY_11955_WIN_FIRST_VALUE_GROUPS_1_PREC_CURRENT.rs,P0,memory,SQL_WINDOW,15290943,25852557,1.690710,-69.071044,false,3
529,00707,JOIN_SUBQUERY_EXISTS_100,SQLITE_PARITY_707_JOIN_SUBQUERY_EXISTS_100.rs,P1,memory,GEN_SQL_JOIN_SUBQUERY,32357557,54682964,1.689960,-68.995960,false,3
530,00485,DML_WHERE_ORDER_LIMIT_098,SQLITE_PARITY_485_DML_WHERE_ORDER_LIMIT_098.rs,P1,memory,GEN_SQL_DML,20943930,35387857,1.689647,-68.964741,false,3
531,11721,DATETIME_TIME_EPOCH_BASE,SQLITE_PARITY_11721_DATETIME_TIME_EPOCH_BASE.rs,P0,memory,SQL_DATETIME,20828631,35168863,1.688487,-68.848654,false,3
532,11805,JSON_JSON_EXTRACT_A_B_1_C,SQLITE_PARITY_11805_JSON_JSON_EXTRACT_A_B_1_C.rs,P0,memory,SQL_JSON,27162819,45794969,1.685943,-68.594316,false,3
533,10035,CREATE_INDEX_DESC_NULLS_LAST_REJECTED,SQLITE_PARITY_10035_CREATE_INDEX_DESC_NULLS_LAST_REJECTED.rs,P0,memory,SQL_NULL_ORDER,22502993,37917709,1.685007,-68.500737,false,3
534,10145,MODE_JSON_WITH_BLOB,SQLITE_PARITY_10145_MODE_JSON_WITH_BLOB.rs,P0,memory,CLI_OUTPUT_MODE,25161067,42342139,1.682844,-68.284354,false,3
535,10320,ROLLBACK_TO_OUTER_DROPS_INNER_WRITES,SQLITE_PARITY_10320_ROLLBACK_TO_OUTER_DROPS_INNER_WRITES.rs,P0,memory,SQL_TRANSACTION,35018898,58925640,1.682681,-68.268116,false,3
536,00426,DML_WHERE_ORDER_LIMIT_039,SQLITE_PARITY_426_DML_WHERE_ORDER_LIMIT_039.rs,P1,memory,GEN_SQL_DML,34719582,58415082,1.682482,-68.248229,false,3
537,00460,DML_WHERE_ORDER_LIMIT_073,SQLITE_PARITY_460_DML_WHERE_ORDER_LIMIT_073.rs,P1,memory,GEN_SQL_DML,31326716,52692674,1.682036,-68.203632,false,3
538,11957,WIN_FIRST_VALUE_EXCL_GROUP,SQLITE_PARITY_11957_WIN_FIRST_VALUE_EXCL_GROUP.rs,P0,memory,SQL_WINDOW,16931149,28473201,1.681705,-68.170518,false,3
539,00906,CONSTRAINT_FK_SAVEPOINT_039,SQLITE_PARITY_906_CONSTRAINT_FK_SAVEPOINT_039.rs,P2,memory,GEN_SQL_CONSTRAINT_TX,27481732,46120686,1.678231,-67.823069,false,3
540,00993,VIEW_TRIGGER_GENERATED_046,SQLITE_PARITY_993_VIEW_TRIGGER_GENERATED_046.rs,P2,memory,GEN_SQL_VIEW_TRIGGER,21151342,35456908,1.676343,-67.634318,false,3
541,00988,VIEW_TRIGGER_GENERATED_041,SQLITE_PARITY_988_VIEW_TRIGGER_GENERATED_041.rs,P2,memory,GEN_SQL_VIEW_TRIGGER,31003312,51924289,1.674798,-67.479813,false,3
542,00743,CTE_RECURSIVE_MATRIX_036,SQLITE_PARITY_743_CTE_RECURSIVE_MATRIX_036.rs,P1,memory,GEN_SQL_CTE,27777052,46407189,1.670702,-67.070246,false,3
543,11687,DATETIME_DATETIME_UNIX_PLUS_30_MINUTES,SQLITE_PARITY_11687_DATETIME_DATETIME_UNIX_PLUS_30_MINUTES.rs,P0,memory,SQL_DATETIME,23724386,39573355,1.668045,-66.804549,false,3
544,11912,WIN_AVG_ROWS_1_PREC_1_FOLL,SQLITE_PARITY_11912_WIN_AVG_ROWS_1_PREC_1_FOLL.rs,P0,memory,SQL_WINDOW,22016240,36653264,1.664829,-66.482851,false,3
545,00188,OPT_HEADER,SQLITE_PARITY_188_OPT_HEADER.rs,P1,memory,CLI_OPTION,105925993,175901582,1.660608,-66.060829,false,3
546,11920,WIN_COUNT_ROWS_UNBND_PREC_CURRENT,SQLITE_PARITY_11920_WIN_COUNT_ROWS_UNBND_PREC_CURRENT.rs,P0,memory,SQL_WINDOW,22797140,37849369,1.660268,-66.026831,false,3
547,11684,DATETIME_STRFTIME_ISO_UNIX_PLUS_3_HOURS,SQLITE_PARITY_11684_DATETIME_STRFTIME_ISO_UNIX_PLUS_3_HOURS.rs,P0,memory,SQL_DATETIME,26184946,43442944,1.659081,-65.908091,false,3
548,01051,JSON_EXTRACT_SET_044,SQLITE_PARITY_1051_JSON_EXTRACT_SET_044.rs,P2,memory,GEN_SQL_JSON,19836351,32884877,1.657809,-65.780879,false,3
549,11813,JSON_JSON_TYPE_A,SQLITE_PARITY_11813_JSON_JSON_TYPE_A.rs,P0,memory,SQL_JSON,21539398,35649583,1.655087,-65.508725,false,3
550,12017,PRAGMA_SOFT_HEAP_LIMIT,SQLITE_PARITY_12017_PRAGMA_SOFT_HEAP_LIMIT.rs,P1,memory,SQL_PRAGMA,14138649,23392397,1.654500,-65.450016,false,3
551,00932,CONSTRAINT_FK_SAVEPOINT_065,SQLITE_PARITY_932_CONSTRAINT_FK_SAVEPOINT_065.rs,P2,memory,GEN_SQL_CONSTRAINT_TX,29062697,47979086,1.650882,-65.088209,false,3
552,11428,STRING_QUOTE_X_01AB,SQLITE_PARITY_11428_STRING_QUOTE_X_01AB.rs,P0,memory,SQL_STRING,35628443,58813507,1.650746,-65.074592,false,3
553,10411,DROP_COLUMN_BASIC,SQLITE_PARITY_10411_DROP_COLUMN_BASIC.rs,P0,memory,SQL_ALTER,29881638,49312211,1.650251,-65.025127,false,3
554,11303,AFFINITY_INTEGER_REAL_BIG,SQLITE_PARITY_11303_AFFINITY_INTEGER_REAL_BIG.rs,P0,memory,SQL_TYPE_AFFINITY,17112712,28214110,1.648722,-64.872231,false,3
555,00640,JOIN_SUBQUERY_EXISTS_033,SQLITE_PARITY_640_JOIN_SUBQUERY_EXISTS_033.rs,P1,memory,GEN_SQL_JOIN_SUBQUERY,24713439,40733864,1.648247,-64.824750,false,3
556,00538,AGG_GROUP_HAVING_031,SQLITE_PARITY_538_AGG_GROUP_HAVING_031.rs,P1,memory,GEN_SQL_AGGREGATE,20129076,33145780,1.646662,-64.666177,false,3
557,10265,PRAGMA_INTEGRITY_CHECK_OK,SQLITE_PARITY_10265_PRAGMA_INTEGRITY_CHECK_OK.rs,P0,memory,SQL_PRAGMA,18023609,29674295,1.646412,-64.641249,false,3
558,12027,PRAGMA_SET_MMAP_SIZE_0,SQLITE_PARITY_12027_PRAGMA_SET_MMAP_SIZE_0.rs,P1,memory,SQL_PRAGMA,13598987,22381882,1.645849,-64.584921,false,3
559,10600,REGEXP_POSITIVE,SQLITE_PARITY_10600_REGEXP_POSITIVE.rs,P0,memory,SQL_PATTERN,30761054,50609227,1.645237,-64.523709,false,3
560,00314,SCALAR_STRING_022,SQLITE_PARITY_314_SCALAR_STRING_022.rs,P1,memory,GEN_SQL_SCALAR,21090958,34685427,1.644564,-64.456385,false,3
561,11611,DATETIME_TIME_DATE_2024_PLUS_5_DAYS,SQLITE_PARITY_11611_DATETIME_TIME_DATE_2024_PLUS_5_DAYS.rs,P0,memory,SQL_DATETIME,22063520,36179336,1.639781,-63.978078,false,3
562,11022,MATH_ATANH_0_5,SQLITE_PARITY_11022_MATH_ATANH_0_5.rs,P1,memory,SQL_MATH,23471627,38475796,1.639247,-63.924708,false,3
563,10578,ORDER_BY_TERM_NOT_IN_COMPOUND,SQLITE_PARITY_10578_ORDER_BY_TERM_NOT_IN_COMPOUND.rs,P0,memory,SQL_ERROR_MESSAGES,21352423,34999271,1.639124,-63.912409,false,3
564,10344,ON_CONFLICT_DEFAULTED_COLUMN,SQLITE_PARITY_10344_ON_CONFLICT_DEFAULTED_COLUMN.rs,P0,memory,SQL_UPSERT,20105862,32879646,1.635326,-63.532635,false,3
565,11092,MATH_PI_NO_ARG,SQLITE_PARITY_11092_MATH_PI_NO_ARG.rs,P1,memory,SQL_MATH,24705053,40381285,1.634535,-63.453545,false,3
566,00812,WINDOW_PARTITION_SUM_025,SQLITE_PARITY_812_WINDOW_PARTITION_SUM_025.rs,P2,memory,GEN_SQL_WINDOW,26970705,44024285,1.632300,-63.230012,false,3
567,00565,AGG_GROUP_HAVING_058,SQLITE_PARITY_565_AGG_GROUP_HAVING_058.rs,P1,memory,GEN_SQL_AGGREGATE,26050191,42438312,1.629098,-62.909792,false,3
568,11946,WIN_MAX_EXCL_CURRENT_ROW,SQLITE_PARITY_11946_WIN_MAX_EXCL_CURRENT_ROW.rs,P0,memory,SQL_WINDOW,20799776,33848221,1.627336,-62.733584,false,3
569,10429,REC_GRAPH_CYCLE_DETECT_NOT_IN,SQLITE_PARITY_10429_REC_GRAPH_CYCLE_DETECT_NOT_IN.rs,P0,memory,SQL_RECURSIVE_CTE,25656766,41734499,1.626647,-62.664690,false,3
570,10142,MODE_BOX_BASIC,SQLITE_PARITY_10142_MODE_BOX_BASIC.rs,P0,memory,CLI_OUTPUT_MODE,20947506,34058279,1.625887,-62.588706,false,3
571,00265,SCALAR_CAST_TYPEOF_010,SQLITE_PARITY_265_SCALAR_CAST_TYPEOF_010.rs,P1,memory,GEN_SQL_SCALAR,130404547,212001919,1.625725,-62.572490,false,3
572,11239,CAST_TEXT_BARE_AS_NUMERIC,SQLITE_PARITY_11239_CAST_TEXT_BARE_AS_NUMERIC.rs,P0,memory,SQL_CAST,21269216,34495898,1.621870,-62.186975,false,3
573,10415,RENAME_COLUMN_REWRITES_TRIGGER,SQLITE_PARITY_10415_RENAME_COLUMN_REWRITES_TRIGGER.rs,P0,memory,SQL_ALTER,33762478,54728440,1.620984,-62.098410,false,3
574,01117,INDEX_SCHEMA_PRAGMA_050,SQLITE_PARITY_1117_INDEX_SCHEMA_PRAGMA_050.rs,P2,memory,GEN_SQL_INDEX_PRAGMA,28590032,46297361,1.619353,-61.935324,false,3
575,10016,IFNULL_TWO_ARG,SQLITE_PARITY_10016_IFNULL_TWO_ARG.rs,P0,memory,SQL_NULL_SEMANTICS,24240594,39230646,1.618386,-61.838633,false,3
576,11677,DATETIME_DATETIME_UNIX_PLUS_1_YEAR,SQLITE_PARITY_11677_DATETIME_DATETIME_UNIX_PLUS_1_YEAR.rs,P0,memory,SQL_DATETIME,29980075,48487008,1.617308,-61.730776,false,3
577,10196,DOT_PARAMETER_SET_SUBSTITUTES,SQLITE_PARITY_10196_DOT_PARAMETER_SET_SUBSTITUTES.rs,P0,memory,CLI_DOT_COMMAND,33298861,53772349,1.614840,-61.484049,false,3
578,00575,AGG_GROUP_HAVING_068,SQLITE_PARITY_575_AGG_GROUP_HAVING_068.rs,P1,memory,GEN_SQL_AGGREGATE,24861229,40135711,1.614390,-61.438966,false,3
579,00304,SCALAR_ARITH_020,SQLITE_PARITY_304_SCALAR_ARITH_020.rs,P1,memory,GEN_SQL_SCALAR,18653811,30113107,1.614314,-61.431393,false,3
580,11093,MATH_ATAN2_1_0_0_0,SQLITE_PARITY_11093_MATH_ATAN2_1_0_0_0.rs,P1,memory,SQL_MATH,30786913,49692883,1.614091,-61.409112,false,3
581,00899,CONSTRAINT_FK_SAVEPOINT_032,SQLITE_PARITY_899_CONSTRAINT_FK_SAVEPOINT_032.rs,P2,memory,GEN_SQL_CONSTRAINT_TX,26168986,42227182,1.613635,-61.363463,false,3
582,00622,JOIN_SUBQUERY_EXISTS_015,SQLITE_PARITY_622_JOIN_SUBQUERY_EXISTS_015.rs,P1,memory,GEN_SQL_JOIN_SUBQUERY,27602592,44482634,1.611538,-61.153829,false,3
583,00606,AGG_GROUP_HAVING_099,SQLITE_PARITY_606_AGG_GROUP_HAVING_099.rs,P1,memory,GEN_SQL_AGGREGATE,26976776,43465276,1.611211,-61.121092,false,3
584,10047,SUM_EMPTY_RETURNS_NULL,SQLITE_PARITY_10047_SUM_EMPTY_RETURNS_NULL.rs,P0,memory,SQL_AGGREGATE_NULL,21139029,34055674,1.611033,-61.103303,false,3
585,11626,DATETIME_TIME_DATE_2024_PLUS_3_HOURS,SQLITE_PARITY_11626_DATETIME_TIME_DATE_2024_PLUS_3_HOURS.rs,P0,memory,SQL_DATETIME,19981116,32186644,1.610853,-61.085317,false,3
586,10589,LIKE_ESCAPE_UNDERSCORE,SQLITE_PARITY_10589_LIKE_ESCAPE_UNDERSCORE.rs,P0,memory,SQL_PATTERN,33952609,54576743,1.607439,-60.743886,false,3
587,11522,DATETIME_DATETIME_EPOCH_PLUS_30_MINUTES,SQLITE_PARITY_11522_DATETIME_DATETIME_EPOCH_PLUS_30_MINUTES.rs,P0,memory,SQL_DATETIME,30682745,49309987,1.607092,-60.709177,false,3
588,11737,DATETIME_DATETIME_UNIX_BASE,SQLITE_PARITY_11737_DATETIME_DATETIME_UNIX_BASE.rs,P0,memory,SQL_DATETIME,29346815,47109138,1.605256,-60.525556,false,3
589,10117,MODE_LIST_HEADERS_OFF_DEFAULT_NULL,SQLITE_PARITY_10117_MODE_LIST_HEADERS_OFF_DEFAULT_NULL.rs,P0,memory,CLI_OUTPUT_MODE,27425857,43999028,1.604290,-60.429000,false,3
590,11426,STRING_QUOTE_1,SQLITE_PARITY_11426_STRING_QUOTE_1.rs,P0,memory,SQL_STRING,25025620,40099181,1.602325,-60.232518,false,3
591,00882,CONSTRAINT_FK_SAVEPOINT_015,SQLITE_PARITY_882_CONSTRAINT_FK_SAVEPOINT_015.rs,P2,memory,GEN_SQL_CONSTRAINT_TX,30448802,48729558,1.600377,-60.037686,false,3
592,11534,DATETIME_STRFTIME_ISO_EPOCH_START_OF_DAY,SQLITE_PARITY_11534_DATETIME_STRFTIME_ISO_EPOCH_START_OF_DAY.rs,P0,memory,SQL_DATETIME,30047763,48079496,1.600102,-60.010234,false,3
593,11561,DATETIME_TIME_Y2K_MINUS_1_MONTH,SQLITE_PARITY_11561_DATETIME_TIME_Y2K_MINUS_1_MONTH.rs,P0,memory,SQL_DATETIME,21749846,34776800,1.598945,-59.894465,false,3
594,00968,VIEW_TRIGGER_GENERATED_021,SQLITE_PARITY_968_VIEW_TRIGGER_GENERATED_021.rs,P2,memory,GEN_SQL_VIEW_TRIGGER,20951855,33422204,1.595191,-59.519069,false,3
595,11355,AFFINITY_BLOB_NULL_LIT,SQLITE_PARITY_11355_AFFINITY_BLOB_NULL_LIT.rs,P0,memory,SQL_TYPE_AFFINITY,26432816,42097155,1.592610,-59.260954,false,3
596,00687,JOIN_SUBQUERY_EXISTS_080,SQLITE_PARITY_687_JOIN_SUBQUERY_EXISTS_080.rs,P1,memory,GEN_SQL_JOIN_SUBQUERY,33445909,53214011,1.591047,-59.104693,false,3
597,11315,AFFINITY_BIGINT_NULL_LIT,SQLITE_PARITY_11315_AFFINITY_BIGINT_NULL_LIT.rs,P0,memory,SQL_TYPE_AFFINITY,32814643,52204630,1.590894,-59.089435,false,3
598,00725,CTE_RECURSIVE_MATRIX_018,SQLITE_PARITY_725_CTE_RECURSIVE_MATRIX_018.rs,P1,memory,GEN_SQL_CTE,18478189,29377794,1.589863,-58.986327,false,3
599,10084,STRICT_INT_REJECTS_NON_WHOLE_REAL,SQLITE_PARITY_10084_STRICT_INT_REJECTS_NON_WHOLE_REAL.rs,P0,memory,SQL_STRICT_TABLES,22596330,35920336,1.589654,-58.965354,false,3
600,11088,MATH_TRUNC_1_4,SQLITE_PARITY_11088_MATH_TRUNC_1_4.rs,P1,memory,SQL_MATH,22198756,35271477,1.588894,-58.889431,false,3
601,11437,STRING_SOUNDEX_ROBERT,SQLITE_PARITY_11437_STRING_SOUNDEX_ROBERT.rs,P0,memory,SQL_STRING,30078591,47765100,1.588010,-58.800989,false,3
602,10356,UPDATE_RETURNING_BASIC,SQLITE_PARITY_10356_UPDATE_RETURNING_BASIC.rs,P0,memory,SQL_RETURNING,24781839,39335875,1.587286,-58.728636,false,3
603,11511,DATETIME_TIME_EPOCH_PLUS_1_YEAR,SQLITE_PARITY_11511_DATETIME_TIME_EPOCH_PLUS_1_YEAR.rs,P0,memory,SQL_DATETIME,29316278,46524250,1.586977,-58.697670,false,3
604,01022,JSON_EXTRACT_SET_015,SQLITE_PARITY_1022_JSON_EXTRACT_SET_015.rs,P2,memory,GEN_SQL_JSON,30837809,48933444,1.586800,-58.680028,false,3
605,10402,PRAGMA_DATABASE_LIST_DEFAULT,SQLITE_PARITY_10402_PRAGMA_DATABASE_LIST_DEFAULT.rs,P0,memory,SQL_SCHEMA_INTROSPECTION,36383443,57679069,1.585311,-58.531091,false,3
606,10393,SQLITE_MASTER_AFTER_CREATE_TRIGGER,SQLITE_PARITY_10393_SQLITE_MASTER_AFTER_CREATE_TRIGGER.rs,P0,memory,SQL_SCHEMA_INTROSPECTION,27281994,43211045,1.583867,-58.386682,false,3
607,11852,JSON_DARROW_A_B_1,SQLITE_PARITY_11852_JSON_DARROW_A_B_1.rs,P0,memory,SQL_JSON,28258183,44753006,1.583718,-58.371846,false,3
608,10366,WITH_PREFIX_INSERT_SELECT_RETURNING,SQLITE_PARITY_10366_WITH_PREFIX_INSERT_SELECT_RETURNING.rs,P0,memory,SQL_RETURNING,30335408,48038419,1.583576,-58.357583,false,3
609,10544,AGGREGATE_IN_SUBQUERY_IN_SELECT_LIST,SQLITE_PARITY_10544_AGGREGATE_IN_SUBQUERY_IN_SELECT_LIST.rs,P0,memory,SQL_AGGREGATE_ADV,22333571,35264174,1.578976,-57.897606,false,3
610,10157,CLI_FLAG_QUOTE,SQLITE_PARITY_10157_CLI_FLAG_QUOTE.rs,P0,memory,CLI_OUTPUT_MODE,17136618,27055165,1.578793,-57.879256,false,3
611,11094,MATH_ATAN2_0_0_1_0,SQLITE_PARITY_11094_MATH_ATAN2_0_0_1_0.rs,P1,memory,SQL_MATH,23717753,37430195,1.578151,-57.815097,false,3
612,10524,GROUP_BY_ROLLUP_UNSUPPORTED,SQLITE_PARITY_10524_GROUP_BY_ROLLUP_UNSUPPORTED.rs,P0,memory,SQL_AGGREGATE_ADV,25394299,40050349,1.577139,-57.713938,false,3
613,11019,MATH_ATAN_10_0,SQLITE_PARITY_11019_MATH_ATAN_10_0.rs,P1,memory,SQL_MATH,20829843,32841344,1.576649,-57.664866,false,3
614,11908,WIN_SUM_EXCL_TIES,SQLITE_PARITY_11908_WIN_SUM_EXCL_TIES.rs,P0,memory,SQL_WINDOW,27432599,43248857,1.576550,-57.654975,false,3
615,10373,ATTACH_MEMORY_AS_AUX,SQLITE_PARITY_10373_ATTACH_MEMORY_AS_AUX.rs,P0,memory,SQL_ATTACH,26121887,41156543,1.575558,-57.555781,false,3
616,00654,JOIN_SUBQUERY_EXISTS_047,SQLITE_PARITY_654_JOIN_SUBQUERY_EXISTS_047.rs,P1,memory,GEN_SQL_JOIN_SUBQUERY,30638792,48259007,1.575095,-57.509496,false,3
617,11309,AFFINITY_BIGINT_INT_BIG,SQLITE_PARITY_11309_AFFINITY_BIGINT_INT_BIG.rs,P0,memory,SQL_TYPE_AFFINITY,20090994,31637825,1.574727,-57.472672,false,3
618,11568,DATETIME_JULIANDAY_Y2K_PLUS_1_YEAR,SQLITE_PARITY_11568_DATETIME_JULIANDAY_Y2K_PLUS_1_YEAR.rs,P0,memory,SQL_DATETIME,22133623,34850550,1.574552,-57.455244,false,3
619,11343,AFFINITY_VARCHAR_8_REAL_BIG,SQLITE_PARITY_11343_AFFINITY_VARCHAR_8_REAL_BIG.rs,P0,memory,SQL_TYPE_AFFINITY,25732830,40515019,1.574449,-57.444863,false,3
620,00895,CONSTRAINT_FK_SAVEPOINT_028,SQLITE_PARITY_895_CONSTRAINT_FK_SAVEPOINT_028.rs,P2,memory,GEN_SQL_CONSTRAINT_TX,23023578,36247175,1.574350,-57.435022,false,3
621,11001,MATH_ACOS_0_0,SQLITE_PARITY_11001_MATH_ACOS_0_0.rs,P1,memory,SQL_MATH,24785556,39000099,1.573501,-57.350107,false,3
622,11025,MATH_CEIL_1_6,SQLITE_PARITY_11025_MATH_CEIL_1_6.rs,P1,memory,SQL_MATH,28942520,45529447,1.573099,-57.309892,false,3
623,00383,SCALAR_NULL_COALESCE_039,SQLITE_PARITY_383_SCALAR_NULL_COALESCE_039.rs,P1,memory,GEN_SQL_SCALAR,25700699,40373551,1.570913,-57.091257,false,3
624,10574,INSERT_INTO_VIEW,SQLITE_PARITY_10574_INSERT_INTO_VIEW.rs,P0,memory,SQL_ERROR_MESSAGES,30842428,48434418,1.570383,-57.038279,false,3
625,10228,OPT_MEMTRACE,SQLITE_PARITY_10228_OPT_MEMTRACE.rs,P0,memory,CLI_OPTION,25983945,40796933,1.570082,-57.008233,false,3
626,00121,DOT_PARAMETER,SQLITE_PARITY_121_DOT_PARAMETER.rs,P0,memory,CLI_DOT_COMMAND,35023127,54968555,1.569493,-56.949307,false,3
627,11406,STRING_OCTET_LENGTH_H_LLO,SQLITE_PARITY_11406_STRING_OCTET_LENGTH_H_LLO.rs,P0,memory,SQL_STRING,25808403,40494200,1.569032,-56.903161,false,3
628,10349,ON_CONFLICT_DO_UPDATE_PRESERVES_ROWID,SQLITE_PARITY_10349_ON_CONFLICT_DO_UPDATE_PRESERVES_ROWID.rs,P0,memory,SQL_UPSERT,28973839,45448623,1.568609,-56.860894,false,3
629,11230,CAST_TEXT_NUM_AS_INTEGER,SQLITE_PARITY_11230_CAST_TEXT_NUM_AS_INTEGER.rs,P0,memory,SQL_CAST,27449322,43016667,1.567130,-56.713040,false,3
630,00440,DML_WHERE_ORDER_LIMIT_053,SQLITE_PARITY_440_DML_WHERE_ORDER_LIMIT_053.rs,P1,memory,GEN_SQL_DML,26542364,41588783,1.566883,-56.688315,false,3
631,11735,DATETIME_DATE_UNIX_BASE,SQLITE_PARITY_11735_DATETIME_DATE_UNIX_BASE.rs,P0,memory,SQL_DATETIME,27410447,42828460,1.562487,-56.248674,false,3
632,00585,AGG_GROUP_HAVING_078,SQLITE_PARITY_585_AGG_GROUP_HAVING_078.rs,P1,memory,GEN_SQL_AGGREGATE,23897103,37334875,1.562318,-56.231803,false,3
633,00936,CONSTRAINT_FK_SAVEPOINT_069,SQLITE_PARITY_936_CONSTRAINT_FK_SAVEPOINT_069.rs,P2,memory,GEN_SQL_CONSTRAINT_TX,34457284,53781857,1.560827,-56.082694,false,3
634,11427,STRING_QUOTE_NULL,SQLITE_PARITY_11427_STRING_QUOTE_NULL.rs,P0,memory,SQL_STRING,24254931,37806819,1.558727,-55.872713,false,3
635,00415,DML_WHERE_ORDER_LIMIT_028,SQLITE_PARITY_415_DML_WHERE_ORDER_LIMIT_028.rs,P1,memory,GEN_SQL_DML,37229355,57994586,1.557765,-55.776499,false,3
636,00825,WINDOW_PARTITION_SUM_038,SQLITE_PARITY_825_WINDOW_PARTITION_SUM_038.rs,P2,memory,GEN_SQL_WINDOW,22282144,34707729,1.557648,-55.764764,false,3
637,00792,WINDOW_PARTITION_SUM_005,SQLITE_PARITY_792_WINDOW_PARTITION_SUM_005.rs,P2,memory,GEN_SQL_WINDOW,24277704,37802762,1.557098,-55.709790,false,3
638,00736,CTE_RECURSIVE_MATRIX_029,SQLITE_PARITY_736_CTE_RECURSIVE_MATRIX_029.rs,P1,memory,GEN_SQL_CTE,21446952,33304472,1.552877,-55.287670,false,3
639,00866,WINDOW_PARTITION_SUM_079,SQLITE_PARITY_866_WINDOW_PARTITION_SUM_079.rs,P2,memory,GEN_SQL_WINDOW,34099136,52935775,1.552408,-55.240810,false,3
640,00433,DML_WHERE_ORDER_LIMIT_046,SQLITE_PARITY_433_DML_WHERE_ORDER_LIMIT_046.rs,P1,memory,GEN_SQL_DML,23335089,36213882,1.551907,-55.190674,false,3
641,00821,WINDOW_PARTITION_SUM_034,SQLITE_PARITY_821_WINDOW_PARTITION_SUM_034.rs,P2,memory,GEN_SQL_WINDOW,28685854,44489177,1.550910,-55.090997,false,3
642,10255,PRAGMA_SECURE_DELETE_TOGGLE,SQLITE_PARITY_10255_PRAGMA_SECURE_DELETE_TOGGLE.rs,P0,memory,SQL_PRAGMA,22991257,35648000,1.550502,-55.050244,false,3
643,00771,CTE_RECURSIVE_MATRIX_064,SQLITE_PARITY_771_CTE_RECURSIVE_MATRIX_064.rs,P1,memory,GEN_SQL_CTE,23135821,35869029,1.550368,-55.036767,false,3
644,00883,CONSTRAINT_FK_SAVEPOINT_016,SQLITE_PARITY_883_CONSTRAINT_FK_SAVEPOINT_016.rs,P2,memory,GEN_SQL_CONSTRAINT_TX,30032985,46554978,1.550128,-55.012823,false,3
645,00523,AGG_GROUP_HAVING_016,SQLITE_PARITY_523_AGG_GROUP_HAVING_016.rs,P1,memory,GEN_SQL_AGGREGATE,27947064,43314932,1.549892,-54.989204,false,3
646,10163,DOT_MODE_COLUMN_AFTER_LIST,SQLITE_PARITY_10163_DOT_MODE_COLUMN_AFTER_LIST.rs,P0,memory,CLI_DOT_COMMAND,24573935,38078815,1.549561,-54.956115,false,3
647,11733,DATETIME_JULIANDAY_DATE_2024_BASE,SQLITE_PARITY_11733_DATETIME_JULIANDAY_DATE_2024_BASE.rs,P0,memory,SQL_DATETIME,31500635,48766919,1.548125,-54.812495,false,3
648,11536,DATETIME_TIME_EPOCH_START_OF_MONTH,SQLITE_PARITY_11536_DATETIME_TIME_EPOCH_START_OF_MONTH.rs,P0,memory,SQL_DATETIME,30113868,46506416,1.544352,-54.435212,false,3
649,10535,HAVING_AGG_DIFFERENT_FROM_SELECT_AGG,SQLITE_PARITY_10535_HAVING_AGG_DIFFERENT_FROM_SELECT_AGG.rs,P0,memory,SQL_AGGREGATE_ADV,28741419,44354851,1.543238,-54.323804,false,3
650,00916,CONSTRAINT_FK_SAVEPOINT_049,SQLITE_PARITY_916_CONSTRAINT_FK_SAVEPOINT_049.rs,P2,memory,GEN_SQL_CONSTRAINT_TX,22508924,34732657,1.543062,-54.306163,false,3
651,01014,JSON_EXTRACT_SET_007,SQLITE_PARITY_1014_JSON_EXTRACT_SET_007.rs,P2,memory,GEN_SQL_JSON,21095116,32523102,1.541736,-54.173611,false,3
652,00527,AGG_GROUP_HAVING_020,SQLITE_PARITY_527_AGG_GROUP_HAVING_020.rs,P1,memory,GEN_SQL_AGGREGATE,25061909,38630439,1.541400,-54.140050,false,3
653,10487,COMPOUND_THREE_WAY_UNION_ALL,SQLITE_PARITY_10487_COMPOUND_THREE_WAY_UNION_ALL.rs,P0,memory,SQL_COMPOUND,20410399,31437896,1.540288,-54.028816,false,3
654,11087,MATH_TANH_10_0,SQLITE_PARITY_11087_MATH_TANH_10_0.rs,P1,memory,SQL_MATH,24362965,37508003,1.539550,-53.955001,false,3
655,11417,STRING_RTRIM_HI,SQLITE_PARITY_11417_STRING_RTRIM_HI.rs,P0,memory,SQL_STRING,28333125,43597477,1.538746,-53.874580,false,3
656,11024,MATH_CEIL_1_4,SQLITE_PARITY_11024_MATH_CEIL_1_4.rs,P1,memory,SQL_MATH,26194465,40285825,1.537952,-53.795182,false,3
657,00482,DML_WHERE_ORDER_LIMIT_095,SQLITE_PARITY_482_DML_WHERE_ORDER_LIMIT_095.rs,P1,memory,GEN_SQL_DML,23454855,36067575,1.537745,-53.774453,false,3
658,11855,JSON_ARROW_D,SQLITE_PARITY_11855_JSON_ARROW_D.rs,P0,memory,SQL_JSON,27784746,42725035,1.537716,-53.771551,false,3
659,00991,VIEW_TRIGGER_GENERATED_044,SQLITE_PARITY_991_VIEW_TRIGGER_GENERATED_044.rs,P2,memory,GEN_SQL_VIEW_TRIGGER,21602707,33195835,1.536652,-53.665163,false,3
660,00500,DML_WHERE_ORDER_LIMIT_113,SQLITE_PARITY_500_DML_WHERE_ORDER_LIMIT_113.rs,P1,memory,GEN_SQL_DML,24455260,37533161,1.534768,-53.476843,false,3
661,10450,JOIN_CROSS,SQLITE_PARITY_10450_JOIN_CROSS.rs,P0,memory,SQL_JOIN,26647402,40891312,1.534533,-53.453278,false,3
662,10358,UPDATE_WHERE_RETURNING_FILTERED,SQLITE_PARITY_10358_UPDATE_WHERE_RETURNING_FILTERED.rs,P0,memory,SQL_RETURNING,31976716,49063120,1.534339,-53.433892,false,3
663,10294,BEGIN_COMMIT_BASIC,SQLITE_PARITY_10294_BEGIN_COMMIT_BASIC.rs,P0,memory,SQL_TRANSACTION,24121047,37004289,1.534108,-53.410791,false,3
664,00495,DML_WHERE_ORDER_LIMIT_108,SQLITE_PARITY_495_DML_WHERE_ORDER_LIMIT_108.rs,P1,memory,GEN_SQL_DML,32934410,50509499,1.533639,-53.363910,false,3
665,00428,DML_WHERE_ORDER_LIMIT_041,SQLITE_PARITY_428_DML_WHERE_ORDER_LIMIT_041.rs,P1,memory,GEN_SQL_DML,23488619,36008873,1.533035,-53.303491,false,3
666,11316,AFFINITY_REAL_INT_1,SQLITE_PARITY_11316_AFFINITY_REAL_INT_1.rs,P0,memory,SQL_TYPE_AFFINITY,32461304,49668516,1.530084,-53.008382,false,3
667,10570,RAISE_OUTSIDE_TRIGGER,SQLITE_PARITY_10570_RAISE_OUTSIDE_TRIGGER.rs,P0,memory,SQL_ERROR_MESSAGES,29281321,44709313,1.526889,-52.688852,false,3
668,11439,STRING_SOUNDEX_X,SQLITE_PARITY_11439_STRING_SOUNDEX_X.rs,P0,memory,SQL_STRING,25481003,38898026,1.526550,-52.655003,false,3
669,00510,AGG_GROUP_HAVING_003,SQLITE_PARITY_510_AGG_GROUP_HAVING_003.rs,P1,memory,GEN_SQL_AGGREGATE,23427603,35708855,1.524221,-52.422145,false,3
670,10604,NOT_LIKE_PRESERVES_NULL,SQLITE_PARITY_10604_NOT_LIKE_PRESERVES_NULL.rs,P0,memory,SQL_PATTERN,23649705,36024563,1.523256,-52.325634,false,3
671,00362,SCALAR_STRING_034,SQLITE_PARITY_362_SCALAR_STRING_034.rs,P1,memory,GEN_SQL_SCALAR,50401905,76665611,1.521086,-52.108558,false,3
672,11438,STRING_SOUNDEX_RUPERT,SQLITE_PARITY_11438_STRING_SOUNDEX_RUPERT.rs,P0,memory,SQL_STRING,19084668,28991292,1.519088,-51.908810,false,3
673,10378,CROSS_DB_JOIN,SQLITE_PARITY_10378_CROSS_DB_JOIN.rs,P0,memory,SQL_ATTACH,17991998,27321559,1.518539,-51.853946,false,3
674,00082,CORE_STRING_FUNCTIONS,SQLITE_PARITY_082_CORE_STRING_FUNCTIONS.rs,P0,memory,SQL_FUNCTIONS,45494320,68956219,1.515711,-51.571051,false,3
675,11201,CAST_NULL_AS_REAL,SQLITE_PARITY_11201_CAST_NULL_AS_REAL.rs,P0,memory,SQL_CAST,24381150,36892688,1.513164,-51.316439,false,3
676,00692,JOIN_SUBQUERY_EXISTS_085,SQLITE_PARITY_692_JOIN_SUBQUERY_EXISTS_085.rs,P1,memory,GEN_SQL_JOIN_SUBQUERY,26200055,39599225,1.511418,-51.141763,false,3
677,11653,DATETIME_JULIANDAY_DATE_2024_START_OF_YEAR,SQLITE_PARITY_11653_DATETIME_JULIANDAY_DATE_2024_START_OF_YEAR.rs,P0,memory,SQL_DATETIME,31372301,47396472,1.510774,-51.077449,false,3
678,10130,MODE_LINE_WITH_NEWLINE_IN_VALUE,SQLITE_PARITY_10130_MODE_LINE_WITH_NEWLINE_IN_VALUE.rs,P0,memory,CLI_OUTPUT_MODE,26892727,40618194,1.510378,-51.037840,false,3
679,11528,DATETIME_JULIANDAY_EPOCH_PLUS_10_SECONDS,SQLITE_PARITY_11528_DATETIME_JULIANDAY_EPOCH_PLUS_10_SECONDS.rs,P0,memory,SQL_DATETIME,36042498,54334504,1.507512,-50.751216,false,3
680,11519,DATETIME_STRFTIME_ISO_EPOCH_PLUS_3_HOURS,SQLITE_PARITY_11519_DATETIME_STRFTIME_ISO_EPOCH_PLUS_3_HOURS.rs,P0,memory,SQL_DATETIME,27560211,41525392,1.506715,-50.671532,false,3
681,11682,DATETIME_DATETIME_UNIX_PLUS_3_HOURS,SQLITE_PARITY_11682_DATETIME_DATETIME_UNIX_PLUS_3_HOURS.rs,P0,memory,SQL_DATETIME,27125869,40864942,1.506493,-50.649338,false,3
682,10486,COMPOUND_ORDER_BY_ORDINAL,SQLITE_PARITY_10486_COMPOUND_ORDER_BY_ORDINAL.rs,P0,memory,SQL_COMPOUND,32342920,48708016,1.505987,-50.598697,false,3
683,10553,STRICT_TABLE_TYPE_REJECT,SQLITE_PARITY_10553_STRICT_TABLE_TYPE_REJECT.rs,P0,memory,SQL_ERROR_MESSAGES,23652499,35587966,1.504618,-50.461759,false,3
684,11363,AFFINITY_NUMERIC_NULL_LIT,SQLITE_PARITY_11363_AFFINITY_NUMERIC_NULL_LIT.rs,P0,memory,SQL_TYPE_AFFINITY,30323576,45619517,1.504424,-50.442405,false,3
685,10347,ON_CONFLICT_DO_UPDATE_RETURNING_STAR,SQLITE_PARITY_10347_ON_CONFLICT_DO_UPDATE_RETURNING_STAR.rs,P0,memory,SQL_UPSERT,19691648,29617267,1.504052,-50.405223,false,3
686,11331,AFFINITY_DOUBLE_NULL_LIT,SQLITE_PARITY_11331_AFFINITY_DOUBLE_NULL_LIT.rs,P0,memory,SQL_TYPE_AFFINITY,33124791,49811307,1.503747,-50.374706,false,3
687,01092,INDEX_SCHEMA_PRAGMA_025,SQLITE_PARITY_1092_INDEX_SCHEMA_PRAGMA_025.rs,P2,memory,GEN_SQL_INDEX_PRAGMA,22267687,33439036,1.501684,-50.168430,false,3
688,11226,CAST_TEXT_42_AS_REAL,SQLITE_PARITY_11226_CAST_TEXT_42_AS_REAL.rs,P0,memory,SQL_CAST,27972242,41982588,1.500866,-50.086604,false,3
689,00716,CTE_RECURSIVE_MATRIX_009,SQLITE_PARITY_716_CTE_RECURSIVE_MATRIX_009.rs,P1,memory,GEN_SQL_CTE,20294850,30440677,1.499921,-49.992126,false,3
690,00973,VIEW_TRIGGER_GENERATED_026,SQLITE_PARITY_973_VIEW_TRIGGER_GENERATED_026.rs,P2,memory,GEN_SQL_VIEW_TRIGGER,21705742,32553509,1.499765,-49.976485,false,3
691,01100,INDEX_SCHEMA_PRAGMA_033,SQLITE_PARITY_1100_INDEX_SCHEMA_PRAGMA_033.rs,P2,memory,GEN_SQL_INDEX_PRAGMA,18371758,27524724,1.498209,-49.820850,false,3
692,10551,CHECK_CONSTRAINT_FAILED,SQLITE_PARITY_10551_CHECK_CONSTRAINT_FAILED.rs,P0,memory,SQL_ERROR_MESSAGES,17813079,26672570,1.497359,-49.735877,false,3
693,00797,WINDOW_PARTITION_SUM_010,SQLITE_PARITY_797_WINDOW_PARTITION_SUM_010.rs,P2,memory,GEN_SQL_WINDOW,28474503,42635245,1.497313,-49.731305,false,3
694,00995,VIEW_TRIGGER_GENERATED_048,SQLITE_PARITY_995_VIEW_TRIGGER_GENERATED_048.rs,P2,memory,GEN_SQL_VIEW_TRIGGER,32235366,48249258,1.496780,-49.678021,false,3
695,00658,JOIN_SUBQUERY_EXISTS_051,SQLITE_PARITY_658_JOIN_SUBQUERY_EXISTS_051.rs,P1,memory,GEN_SQL_JOIN_SUBQUERY,28115182,42072418,1.496431,-49.643058,false,3
696,00378,SCALAR_STRING_038,SQLITE_PARITY_378_SCALAR_STRING_038.rs,P1,memory,GEN_SQL_SCALAR,29582922,44245244,1.495635,-49.563468,false,3
697,01063,JSON_EXTRACT_SET_056,SQLITE_PARITY_1063_JSON_EXTRACT_SET_056.rs,P2,memory,GEN_SQL_JSON,27248982,40740526,1.495121,-49.512103,false,3
698,00612,JOIN_SUBQUERY_EXISTS_005,SQLITE_PARITY_612_JOIN_SUBQUERY_EXISTS_005.rs,P1,memory,GEN_SQL_JOIN_SUBQUERY,28632503,42797813,1.494728,-49.472832,false,3
699,10134,MODE_INSERT_NAMED_TARGET,SQLITE_PARITY_10134_MODE_INSERT_NAMED_TARGET.rs,P0,memory,CLI_OUTPUT_MODE,29841522,44579588,1.493878,-49.387783,false,3
700,10252,PRAGMA_QUERY_ONLY_READS_DEFAULT,SQLITE_PARITY_10252_PRAGMA_QUERY_ONLY_READS_DEFAULT.rs,P0,memory,SQL_PRAGMA,20022254,29909501,1.493813,-49.381288,false,3
701,00546,AGG_GROUP_HAVING_039,SQLITE_PARITY_546_AGG_GROUP_HAVING_039.rs,P1,memory,GEN_SQL_AGGREGATE,27664859,41301028,1.492906,-49.290578,false,3
702,10025,NULL_GLOB_PATTERN,SQLITE_PARITY_10025_NULL_GLOB_PATTERN.rs,P0,memory,SQL_NULL_SEMANTICS,23029540,34370390,1.492448,-49.244796,false,3
703,00396,DML_WHERE_ORDER_LIMIT_009,SQLITE_PARITY_396_DML_WHERE_ORDER_LIMIT_009.rs,P1,memory,GEN_SQL_DML,43477700,64838529,1.491305,-49.130540,false,3
704,10540,GROUPBY_EMPTY_VS_NO_GROUPBY_EMPTY,SQLITE_PARITY_10540_GROUPBY_EMPTY_VS_NO_GROUPBY_EMPTY.rs,P0,memory,SQL_AGGREGATE_ADV,32103526,47844612,1.490323,-49.032265,false,3
705,00927,CONSTRAINT_FK_SAVEPOINT_060,SQLITE_PARITY_927_CONSTRAINT_FK_SAVEPOINT_060.rs,P2,memory,GEN_SQL_CONSTRAINT_TX,25935374,38557642,1.486682,-48.668155,false,3
706,10319,SAVEPOINT_REUSE_AFTER_RELEASE,SQLITE_PARITY_10319_SAVEPOINT_REUSE_AFTER_RELEASE.rs,P0,memory,SQL_TRANSACTION,24008854,35683277,1.486255,-48.625490,false,3
707,10078,AUTOINCREMENT_COMPOSITE_PK_REJECTED,SQLITE_PARITY_10078_AUTOINCREMENT_COMPOSITE_PK_REJECTED.rs,P0,memory,SQL_AUTOINCREMENT,18853490,28012768,1.485813,-48.581340,false,3
708,10224,OPT_PAGECACHE_ZERO,SQLITE_PARITY_10224_OPT_PAGECACHE_ZERO.rs,P0,memory,CLI_OPTION,32988273,49007725,1.485611,-48.561051,false,3
709,00808,WINDOW_PARTITION_SUM_021,SQLITE_PARITY_808_WINDOW_PARTITION_SUM_021.rs,P2,memory,GEN_SQL_WINDOW,21481908,31902546,1.485089,-48.508903,false,3
710,11513,DATETIME_JULIANDAY_EPOCH_PLUS_1_YEAR,SQLITE_PARITY_11513_DATETIME_JULIANDAY_EPOCH_PLUS_1_YEAR.rs,P0,memory,SQL_DATETIME,22854748,33933913,1.484764,-48.476426,false,3
711,10530,FILTER_PLUS_DISTINCT_COMBO,SQLITE_PARITY_10530_FILTER_PLUS_DISTINCT_COMBO.rs,P0,memory,SQL_AGGREGATE_ADV,30111934,44704914,1.484624,-48.462447,false,3
712,00454,DML_WHERE_ORDER_LIMIT_067,SQLITE_PARITY_454_DML_WHERE_ORDER_LIMIT_067.rs,P1,memory,GEN_SQL_DML,23751657,35248754,1.484055,-48.405452,false,3
713,10091,STRICT_TEXT_COERCES_REAL,SQLITE_PARITY_10091_STRICT_TEXT_COERCES_REAL.rs,P0,memory,SQL_STRICT_TABLES,24240994,35950823,1.483059,-48.305895,false,3
714,11225,CAST_TEXT_42_AS_INTEGER,SQLITE_PARITY_11225_CAST_TEXT_42_AS_INTEGER.rs,P0,memory,SQL_CAST,26342525,39054582,1.482568,-48.256790,false,3
715,00775,CTE_RECURSIVE_MATRIX_068,SQLITE_PARITY_775_CTE_RECURSIVE_MATRIX_068.rs,P1,memory,GEN_SQL_CTE,22950009,34024525,1.482550,-48.254953,false,3
716,10372,ATTACH_FILE_BASIC,SQLITE_PARITY_10372_ATTACH_FILE_BASIC.rs,P0,memory,SQL_ATTACH,23564774,34895024,1.480813,-48.081301,false,3
717,10605,LIKE_INSIDE_CHECK_CONSTRAINT,SQLITE_PARITY_10605_LIKE_INSIDE_CHECK_CONSTRAINT.rs,P0,memory,SQL_PATTERN,28433615,42097666,1.480560,-48.055975,false,3
718,00462,DML_WHERE_ORDER_LIMIT_075,SQLITE_PARITY_462_DML_WHERE_ORDER_LIMIT_075.rs,P1,memory,GEN_SQL_DML,28334268,41950527,1.480558,-48.055799,false,3
719,10254,PRAGMA_SECURE_DELETE_DEFAULT,SQLITE_PARITY_10254_PRAGMA_SECURE_DELETE_DEFAULT.rs,P0,memory,SQL_PRAGMA,24918036,36886065,1.480296,-48.029584,false,3
720,11670,DATETIME_DATE_UNIX_MINUS_1_MONTH,SQLITE_PARITY_11670_DATETIME_DATE_UNIX_MINUS_1_MONTH.rs,P0,memory,SQL_DATETIME,34401449,50868118,1.478662,-47.866208,false,3
721,00952,VIEW_TRIGGER_GENERATED_005,SQLITE_PARITY_952_VIEW_TRIGGER_GENERATED_005.rs,P2,memory,GEN_SQL_VIEW_TRIGGER,26125354,38593499,1.477243,-47.724310,false,3
722,01055,JSON_EXTRACT_SET_048,SQLITE_PARITY_1055_JSON_EXTRACT_SET_048.rs,P2,memory,GEN_SQL_JSON,23258654,34317340,1.475465,-47.546543,false,3
723,00119,DOT_EQP,SQLITE_PARITY_119_DOT_EQP.rs,P0,memory,CLI_DOT_COMMAND,24410035,35979017,1.473944,-47.394369,false,3
724,11029,MATH_CEILING_1_6,SQLITE_PARITY_11029_MATH_CEILING_1_6.rs,P1,memory,SQL_MATH,27758507,40904617,1.473589,-47.358851,false,3
725,11864,JSON_DARROW_MISSING,SQLITE_PARITY_11864_JSON_DARROW_MISSING.rs,P0,memory,SQL_JSON,21171771,31158827,1.471716,-47.171566,false,3
726,10140,MODE_QUOTE_WITH_BLOB,SQLITE_PARITY_10140_MODE_QUOTE_WITH_BLOB.rs,P0,memory,CLI_OUTPUT_MODE,21103051,31020456,1.469951,-46.995124,false,3
727,10489,COMPOUND_INTERSECT_THEN_UNION,SQLITE_PARITY_10489_COMPOUND_INTERSECT_THEN_UNION.rs,P0,memory,SQL_COMPOUND,20636327,30319477,1.469228,-46.922837,false,3
728,11569,DATETIME_STRFTIME_ISO_Y2K_PLUS_1_YEAR,SQLITE_PARITY_11569_DATETIME_STRFTIME_ISO_Y2K_PLUS_1_YEAR.rs,P0,memory,SQL_DATETIME,24353277,35752277,1.468068,-46.806842,false,3
729,00543,AGG_GROUP_HAVING_036,SQLITE_PARITY_543_AGG_GROUP_HAVING_036.rs,P1,memory,GEN_SQL_AGGREGATE,23462570,34440794,1.467904,-46.790373,false,3
730,00463,DML_WHERE_ORDER_LIMIT_076,SQLITE_PARITY_463_DML_WHERE_ORDER_LIMIT_076.rs,P1,memory,GEN_SQL_DML,18477528,27103717,1.466848,-46.684757,false,3
731,11403,STRING_LENGTH_H_LLO,SQLITE_PARITY_11403_STRING_LENGTH_H_LLO.rs,P0,memory,SQL_STRING,24040475,35226131,1.465284,-46.528432,false,3
732,00763,CTE_RECURSIVE_MATRIX_056,SQLITE_PARITY_763_CTE_RECURSIVE_MATRIX_056.rs,P1,memory,GEN_SQL_CTE,21230872,31075880,1.463712,-46.371190,false,3
733,00151,DOT_SAVE_RESTORE_TEMPFILE,SQLITE_PARITY_151_DOT_SAVE_RESTORE_TEMPFILE.rs,P1,tempfile,CLI_TEMPFILE,61770749,90400817,1.463489,-46.348909,false,3
734,11688,DATETIME_JULIANDAY_UNIX_PLUS_30_MINUTES,SQLITE_PARITY_11688_DATETIME_JULIANDAY_UNIX_PLUS_30_MINUTES.rs,P0,memory,SQL_DATETIME,28326313,41421095,1.462283,-46.228332,false,3
735,11640,DATETIME_DATE_DATE_2024_START_OF_DAY,SQLITE_PARITY_11640_DATETIME_DATE_DATE_2024_START_OF_DAY.rs,P0,memory,SQL_DATETIME,29999290,43817273,1.460610,-46.061033,false,3
736,11106,MATH_MOD_10_3,SQLITE_PARITY_11106_MATH_MOD_10_3.rs,P1,memory,SQL_MATH,29987479,43707696,1.457532,-45.753153,false,3
737,00639,JOIN_SUBQUERY_EXISTS_032,SQLITE_PARITY_639_JOIN_SUBQUERY_EXISTS_032.rs,P1,memory,GEN_SQL_JOIN_SUBQUERY,27004299,39330836,1.456466,-45.646573,false,3
738,00875,CONSTRAINT_FK_SAVEPOINT_008,SQLITE_PARITY_875_CONSTRAINT_FK_SAVEPOINT_008.rs,P2,memory,GEN_SQL_CONSTRAINT_TX,27882071,40608656,1.456443,-45.644332,false,3
739,11517,DATETIME_DATETIME_EPOCH_PLUS_3_HOURS,SQLITE_PARITY_11517_DATETIME_DATETIME_EPOCH_PLUS_3_HOURS.rs,P0,memory,SQL_DATETIME,36723417,53444668,1.455329,-45.532939,false,3
740,00572,AGG_GROUP_HAVING_065,SQLITE_PARITY_572_AGG_GROUP_HAVING_065.rs,P1,memory,GEN_SQL_AGGREGATE,29916935,43525591,1.454881,-45.488136,false,3
741,01094,INDEX_SCHEMA_PRAGMA_027,SQLITE_PARITY_1094_INDEX_SCHEMA_PRAGMA_027.rs,P2,memory,GEN_SQL_INDEX_PRAGMA,27013966,39301780,1.454869,-45.486894,false,3
742,11692,DATETIME_DATETIME_UNIX_PLUS_10_SECONDS,SQLITE_PARITY_11692_DATETIME_DATETIME_UNIX_PLUS_10_SECONDS.rs,P0,memory,SQL_DATETIME,28278582,41105577,1.453594,-45.359400,false,3
743,11429,STRING_QUOTE_1_5,SQLITE_PARITY_11429_STRING_QUOTE_1_5.rs,P0,memory,SQL_STRING,22369309,32468628,1.451481,-45.148104,false,3
744,10198,OPT_BAIL_ABORTS_ON_ERROR,SQLITE_PARITY_10198_OPT_BAIL_ABORTS_ON_ERROR.rs,P0,memory,CLI_OPTION,16866868,24463576,1.450392,-45.039233,false,3
745,10034,CREATE_INDEX_ASC_NULLS_FIRST_REJECTED,SQLITE_PARITY_10034_CREATE_INDEX_ASC_NULLS_FIRST_REJECTED.rs,P0,memory,SQL_NULL_ORDER,24826103,35968287,1.448809,-44.880922,false,3
746,00525,AGG_GROUP_HAVING_018,SQLITE_PARITY_525_AGG_GROUP_HAVING_018.rs,P1,memory,GEN_SQL_AGGREGATE,23749052,34388113,1.447978,-44.797834,false,3
747,00594,AGG_GROUP_HAVING_087,SQLITE_PARITY_594_AGG_GROUP_HAVING_087.rs,P1,memory,GEN_SQL_AGGREGATE,28492847,41236486,1.447257,-44.725748,false,3
748,11337,AFFINITY_TEXT_TEXT_BARE,SQLITE_PARITY_11337_AFFINITY_TEXT_TEXT_BARE.rs,P0,memory,SQL_TYPE_AFFINITY,30669260,44379158,1.447024,-44.702409,false,3
749,00966,VIEW_TRIGGER_GENERATED_019,SQLITE_PARITY_966_VIEW_TRIGGER_GENERATED_019.rs,P2,memory,GEN_SQL_VIEW_TRIGGER,29591479,42805627,1.446552,-44.655247,false,3
750,11969,WIN_LAST_VALUE_EXCL_NO_OTHERS,SQLITE_PARITY_11969_WIN_LAST_VALUE_EXCL_NO_OTHERS.rs,P0,memory,SQL_WINDOW,17771451,25690389,1.445599,-44.559884,false,3
751,00673,JOIN_SUBQUERY_EXISTS_066,SQLITE_PARITY_673_JOIN_SUBQUERY_EXISTS_066.rs,P1,memory,GEN_SQL_JOIN_SUBQUERY,25386033,36677581,1.444794,-44.479372,false,3
752,00630,JOIN_SUBQUERY_EXISTS_023,SQLITE_PARITY_630_JOIN_SUBQUERY_EXISTS_023.rs,P1,memory,GEN_SQL_JOIN_SUBQUERY,31679804,45766695,1.444665,-44.466471,false,3
753,10452,JOIN_COMMA_IMPLICIT_CROSS,SQLITE_PARITY_10452_JOIN_COMMA_IMPLICIT_CROSS.rs,P0,memory,SQL_JOIN,28312016,40888646,1.444215,-44.421528,false,3
754,10629,CAST_BLOB_TO_TEXT,SQLITE_PARITY_10629_CAST_BLOB_TO_TEXT.rs,P0,memory,SQL_BLOB,26028109,37578287,1.443758,-44.375786,false,3
755,11841,JSON_QUOTE_NULL_LIT,SQLITE_PARITY_11841_JSON_QUOTE_NULL_LIT.rs,P0,memory,SQL_JSON,26598439,38357412,1.442093,-44.209260,false,3
756,00551,AGG_GROUP_HAVING_044,SQLITE_PARITY_551_AGG_GROUP_HAVING_044.rs,P1,memory,GEN_SQL_AGGREGATE,27684336,39881138,1.440567,-44.056690,false,3
757,11554,DATETIME_STRFTIME_ISO_EPOCH_UTC,SQLITE_PARITY_11554_DATETIME_STRFTIME_ISO_EPOCH_UTC.rs,P0,memory,SQL_DATETIME,37135468,53474765,1.439992,-43.999168,false,3
758,00643,JOIN_SUBQUERY_EXISTS_036,SQLITE_PARITY_643_JOIN_SUBQUERY_EXISTS_036.rs,P1,memory,GEN_SQL_JOIN_SUBQUERY,22227190,31990452,1.439249,-43.924860,false,3
759,10509,NESTED_THREE_LEVEL_SUBQUERY,SQLITE_PARITY_10509_NESTED_THREE_LEVEL_SUBQUERY.rs,P0,memory,SQL_SUBQUERY,26903397,38713246,1.438972,-43.897241,false,3
760,11096,MATH_ATAN2_1_0_1_0,SQLITE_PARITY_11096_MATH_ATAN2_1_0_1_0.rs,P1,memory,SQL_MATH,26140943,37603985,1.438509,-43.850912,false,3
761,11613,DATETIME_JULIANDAY_DATE_2024_PLUS_5_DAYS,SQLITE_PARITY_11613_DATETIME_JULIANDAY_DATE_2024_PLUS_5_DAYS.rs,P0,memory,SQL_DATETIME,22177586,31880644,1.437516,-43.751642,false,3
762,10500,MULTIPLE_DERIVED_TABLES_IN_FROM,SQLITE_PARITY_10500_MULTIPLE_DERIVED_TABLES_IN_FROM.rs,P0,memory,SQL_SUBQUERY,25985569,37345105,1.437148,-43.714786,false,3
763,00530,AGG_GROUP_HAVING_023,SQLITE_PARITY_530_AGG_GROUP_HAVING_023.rs,P1,memory,GEN_SQL_AGGREGATE,35857046,51525984,1.436984,-43.698352,false,3
764,11925,WIN_COUNT_GROUPS_1_PREC_CURRENT,SQLITE_PARITY_11925_WIN_COUNT_GROUPS_1_PREC_CURRENT.rs,P0,memory,SQL_WINDOW,24711716,35486334,1.436013,-43.601254,false,3
765,01003,VIEW_TRIGGER_GENERATED_056,SQLITE_PARITY_1003_VIEW_TRIGGER_GENERATED_056.rs,P2,memory,GEN_SQL_VIEW_TRIGGER,34947403,50176458,1.435771,-43.577072,false,3
766,10278,FK_DELETE_CASCADE_REMOVES_CHILD,SQLITE_PARITY_10278_FK_DELETE_CASCADE_REMOVES_CHILD.rs,P0,memory,SQL_FOREIGN_KEYS,32555763,46733648,1.435495,-43.549540,false,3
767,11820,JSON_JSON_TYPE_D_3,SQLITE_PARITY_11820_JSON_JSON_TYPE_D_3.rs,P0,memory,SQL_JSON,32482084,46543366,1.432893,-43.289347,false,3
768,10194,DOT_TIMEOUT_100,SQLITE_PARITY_10194_DOT_TIMEOUT_100.rs,P0,memory,CLI_DOT_COMMAND,18727682,26832443,1.432769,-43.276904,false,3
769,11940,WIN_MAX_ROWS_UNBND_PREC_CURRENT,SQLITE_PARITY_11940_WIN_MAX_ROWS_UNBND_PREC_CURRENT.rs,P0,memory,SQL_WINDOW,25217223,36115205,1.432164,-43.216424,false,3
770,00897,CONSTRAINT_FK_SAVEPOINT_030,SQLITE_PARITY_897_CONSTRAINT_FK_SAVEPOINT_030.rs,P2,memory,GEN_SQL_CONSTRAINT_TX,33272140,47644733,1.431971,-43.197080,false,3
771,01075,INDEX_SCHEMA_PRAGMA_008,SQLITE_PARITY_1075_INDEX_SCHEMA_PRAGMA_008.rs,P2,memory,GEN_SQL_INDEX_PRAGMA,28096888,40232643,1.431925,-43.192524,false,3
772,00944,CONSTRAINT_FK_SAVEPOINT_077,SQLITE_PARITY_944_CONSTRAINT_FK_SAVEPOINT_077.rs,P2,memory,GEN_SQL_CONSTRAINT_TX,27604004,39505377,1.431147,-43.114662,false,3
773,00791,WINDOW_PARTITION_SUM_004,SQLITE_PARITY_791_WINDOW_PARTITION_SUM_004.rs,P2,memory,GEN_SQL_WINDOW,19950508,28539225,1.430501,-43.050117,false,3
774,11928,WIN_COUNT_EXCL_TIES,SQLITE_PARITY_11928_WIN_COUNT_EXCL_TIES.rs,P0,memory,SQL_WINDOW,27787502,39681740,1.428043,-42.804272,false,3
775,10546,MEDIAN_REQUIRES_CAPABILITY,SQLITE_PARITY_10546_MEDIAN_REQUIRES_CAPABILITY.rs,P0,memory,SQL_AGGREGATE_ADV,32597102,46543968,1.427856,-42.785601,false,3
776,10303,SAVEPOINT_DEPTH_2_RELEASE,SQLITE_PARITY_10303_SAVEPOINT_DEPTH_2_RELEASE.rs,P0,memory,SQL_TRANSACTION,19193855,27405178,1.427810,-42.780999,false,3
777,00496,DML_WHERE_ORDER_LIMIT_109,SQLITE_PARITY_496_DML_WHERE_ORDER_LIMIT_109.rs,P1,memory,GEN_SQL_DML,24647203,35163191,1.426661,-42.666050,false,3
778,00598,AGG_GROUP_HAVING_091,SQLITE_PARITY_598_AGG_GROUP_HAVING_091.rs,P1,memory,GEN_SQL_AGGREGATE,31701615,45130190,1.423593,-42.359277,false,3
779,11812,JSON_JSON_TYPE_,SQLITE_PARITY_11812_JSON_JSON_TYPE_.rs,P0,memory,SQL_JSON,23912933,34029996,1.423079,-42.307913,false,3
780,00865,WINDOW_PARTITION_SUM_078,SQLITE_PARITY_865_WINDOW_PARTITION_SUM_078.rs,P2,memory,GEN_SQL_WINDOW,28120021,40015122,1.423012,-42.301181,false,3
781,11003,MATH_ACOS_0_5,SQLITE_PARITY_11003_MATH_ACOS_0_5.rs,P1,memory,SQL_MATH,31265259,44442598,1.421469,-42.146905,false,3
782,00307,SCALAR_NULL_COALESCE_020,SQLITE_PARITY_307_SCALAR_NULL_COALESCE_020.rs,P1,memory,GEN_SQL_SCALAR,32553549,46264278,1.421175,-42.117463,false,3
783,01078,INDEX_SCHEMA_PRAGMA_011,SQLITE_PARITY_1078_INDEX_SCHEMA_PRAGMA_011.rs,P2,memory,GEN_SQL_INDEX_PRAGMA,24275119,34455542,1.419377,-41.937685,false,3
784,00841,WINDOW_PARTITION_SUM_054,SQLITE_PARITY_841_WINDOW_PARTITION_SUM_054.rs,P2,memory,GEN_SQL_WINDOW,30869519,43811483,1.419247,-41.924735,false,3
785,10305,SAVEPOINT_DEPTH_4_RELEASE,SQLITE_PARITY_10305_SAVEPOINT_DEPTH_4_RELEASE.rs,P0,memory,SQL_TRANSACTION,33717584,47851424,1.419183,-41.918306,false,3
786,12013,PRAGMA_ENCODING,SQLITE_PARITY_12013_PRAGMA_ENCODING.rs,P1,memory,SQL_PRAGMA,13951406,19796616,1.418969,-41.896924,false,3
787,11900,WIN_SUM_ROWS_UNBND_PREC_CURRENT,SQLITE_PARITY_11900_WIN_SUM_ROWS_UNBND_PREC_CURRENT.rs,P0,memory,SQL_WINDOW,23112056,32779728,1.418296,-41.829563,false,3
788,00497,DML_WHERE_ORDER_LIMIT_110,SQLITE_PARITY_497_DML_WHERE_ORDER_LIMIT_110.rs,P1,memory,GEN_SQL_DML,24579996,34858595,1.418169,-41.816927,false,3
789,00620,JOIN_SUBQUERY_EXISTS_013,SQLITE_PARITY_620_JOIN_SUBQUERY_EXISTS_013.rs,P1,memory,GEN_SQL_JOIN_SUBQUERY,29855519,42296853,1.416718,-41.671806,false,3
790,00129,DOT_CONNECTION,SQLITE_PARITY_129_DOT_CONNECTION.rs,P0,memory,CLI_DOT_COMMAND,18943741,26827203,1.416151,-41.615128,false,3
791,11816,JSON_JSON_TYPE_A_B_1,SQLITE_PARITY_11816_JSON_JSON_TYPE_A_B_1.rs,P0,memory,SQL_JSON,25525277,36139120,1.415817,-41.581696,false,3
792,10239,OPT_HEADER_COLUMN_COMBO,SQLITE_PARITY_10239_OPT_HEADER_COLUMN_COMBO.rs,P0,memory,CLI_OPTION,25887182,36570367,1.412682,-41.268242,false,3
793,01031,JSON_EXTRACT_SET_024,SQLITE_PARITY_1031_JSON_EXTRACT_SET_024.rs,P2,memory,GEN_SQL_JSON,32788795,46306689,1.412272,-41.227175,false,3
794,10009,NULL_AND_FALSE_SHORTCIRCUIT,SQLITE_PARITY_10009_NULL_AND_FALSE_SHORTCIRCUIT.rs,P0,memory,SQL_NULL_SEMANTICS,29813800,42083860,1.411556,-41.155639,false,3
795,10361,DELETE_ALL_RETURNING,SQLITE_PARITY_10361_DELETE_ALL_RETURNING.rs,P0,memory,SQL_RETURNING,27422340,38670835,1.410195,-41.019457,false,3
796,00742,CTE_RECURSIVE_MATRIX_035,SQLITE_PARITY_742_CTE_RECURSIVE_MATRIX_035.rs,P1,memory,GEN_SQL_CTE,27075433,38159687,1.409384,-40.938418,false,3
797,01102,INDEX_SCHEMA_PRAGMA_035,SQLITE_PARITY_1102_INDEX_SCHEMA_PRAGMA_035.rs,P2,memory,GEN_SQL_INDEX_PRAGMA,26520111,37361035,1.408781,-40.878125,false,3
798,00939,CONSTRAINT_FK_SAVEPOINT_072,SQLITE_PARITY_939_CONSTRAINT_FK_SAVEPOINT_072.rs,P2,memory,GEN_SQL_CONSTRAINT_TX,26890122,37876311,1.408559,-40.855854,false,3
799,10595,GLOB_QUESTION_WILDCARD,SQLITE_PARITY_10595_GLOB_QUESTION_WILDCARD.rs,P0,memory,SQL_PATTERN,28894568,40697895,1.408496,-40.849640,false,3
800,10621,UNHEX_INVALID_RETURNS_NULL,SQLITE_PARITY_10621_UNHEX_INVALID_RETURNS_NULL.rs,P0,memory,SQL_BLOB,22805285,32119086,1.408405,-40.840538,false,3
801,11057,MATH_LOG10_10_0,SQLITE_PARITY_11057_MATH_LOG10_10_0.rs,P1,memory,SQL_MATH,22616728,31849125,1.408211,-40.821099,false,3
802,10525,GROUP_BY_GROUPING_SETS_UNSUPPORTED,SQLITE_PARITY_10525_GROUP_BY_GROUPING_SETS_UNSUPPORTED.rs,P0,memory,SQL_AGGREGATE_ADV,19786517,27832226,1.406626,-40.662584,false,3
803,10242,PRAGMA_FOREIGN_KEYS_OFF_AGAIN,SQLITE_PARITY_10242_PRAGMA_FOREIGN_KEYS_OFF_AGAIN.rs,P0,memory,SQL_PRAGMA,24843997,34931723,1.406043,-40.604280,false,3
804,10269,PRAGMA_TABLE_INFO_BASIC,SQLITE_PARITY_10269_PRAGMA_TABLE_INFO_BASIC.rs,P0,memory,SQL_PRAGMA,26438887,37170193,1.405891,-40.589099,false,3
805,00589,AGG_GROUP_HAVING_082,SQLITE_PARITY_589_AGG_GROUP_HAVING_082.rs,P1,memory,GEN_SQL_AGGREGATE,26231173,36875816,1.405801,-40.580126,false,3
806,11533,DATETIME_JULIANDAY_EPOCH_START_OF_DAY,SQLITE_PARITY_11533_DATETIME_JULIANDAY_EPOCH_START_OF_DAY.rs,P0,memory,SQL_DATETIME,28754754,40417754,1.405602,-40.560250,false,3
807,10351,INSERT_RETURNING_SINGLE_COL,SQLITE_PARITY_10351_INSERT_RETURNING_SINGLE_COL.rs,P0,memory,SQL_RETURNING,32050577,44986388,1.403606,-40.360618,false,3
808,10116,MODE_LIST_NULLVALUE_NA,SQLITE_PARITY_10116_MODE_LIST_NULLVALUE_NA.rs,P0,memory,CLI_OUTPUT_MODE,28343945,39776771,1.403360,-40.336044,false,3
809,11592,DATETIME_DATETIME_Y2K_START_OF_MONTH,SQLITE_PARITY_11592_DATETIME_DATETIME_Y2K_START_OF_MONTH.rs,P0,memory,SQL_DATETIME,36063507,50580563,1.402541,-40.254144,false,3
810,01001,VIEW_TRIGGER_GENERATED_054,SQLITE_PARITY_1001_VIEW_TRIGGER_GENERATED_054.rs,P2,memory,GEN_SQL_VIEW_TRIGGER,27589957,38691635,1.402381,-40.238113,false,3
811,00676,JOIN_SUBQUERY_EXISTS_069,SQLITE_PARITY_676_JOIN_SUBQUERY_EXISTS_069.rs,P1,memory,GEN_SQL_JOIN_SUBQUERY,28640798,40144728,1.401662,-40.166234,false,3
812,00604,AGG_GROUP_HAVING_097,SQLITE_PARITY_604_AGG_GROUP_HAVING_097.rs,P1,memory,GEN_SQL_AGGREGATE,25728441,36061955,1.401638,-40.163778,false,3
813,00560,AGG_GROUP_HAVING_053,SQLITE_PARITY_560_AGG_GROUP_HAVING_053.rs,P1,memory,GEN_SQL_AGGREGATE,35177719,49277856,1.400826,-40.082579,false,3
814,11630,DATETIME_DATE_DATE_2024_PLUS_30_MINUTES,SQLITE_PARITY_11630_DATETIME_DATE_DATE_2024_PLUS_30_MINUTES.rs,P0,memory,SQL_DATETIME,19177684,26854605,1.400305,-40.030491,false,3
815,01090,INDEX_SCHEMA_PRAGMA_023,SQLITE_PARITY_1090_INDEX_SCHEMA_PRAGMA_023.rs,P2,memory,GEN_SQL_INDEX_PRAGMA,27530886,38543925,1.400025,-40.002487,false,3
816,01024,JSON_EXTRACT_SET_017,SQLITE_PARITY_1024_JSON_EXTRACT_SET_017.rs,P2,memory,GEN_SQL_JSON,26441472,37005722,1.399533,-39.953335,false,3
817,11842,JSON_QUOTE_REAL,SQLITE_PARITY_11842_JSON_QUOTE_REAL.rs,P0,memory,SQL_JSON,32528111,45503748,1.398905,-39.890533,false,3
818,10630,JSON_REJECTS_BLOB,SQLITE_PARITY_10630_JSON_REJECTS_BLOB.rs,P0,memory,SQL_BLOB,29592480,41367283,1.397898,-39.789849,false,3
819,11000,MATH_ACOS_1_0,SQLITE_PARITY_11000_MATH_ACOS_1_0.rs,P1,memory,SQL_MATH,34765268,48562541,1.396869,-39.686946,false,3
820,11500,DATETIME_DATE_EPOCH_PLUS_5_DAYS,SQLITE_PARITY_11500_DATETIME_DATE_EPOCH_PLUS_5_DAYS.rs,P0,memory,SQL_DATETIME,25832929,36078245,1.396599,-39.659908,false,3
821,11854,JSON_DARROW_A_B_1_C,SQLITE_PARITY_11854_JSON_DARROW_A_B_1_C.rs,P0,memory,SQL_JSON,32524293,45423356,1.396598,-39.659780,false,3
822,11966,WIN_LAST_VALUE_EXCL_CURRENT_ROW,SQLITE_PARITY_11966_WIN_LAST_VALUE_EXCL_CURRENT_ROW.rs,P0,memory,SQL_WINDOW,21188233,29561652,1.395192,-39.519194,false,3
823,01071,INDEX_SCHEMA_PRAGMA_004,SQLITE_PARITY_1071_INDEX_SCHEMA_PRAGMA_004.rs,P2,memory,GEN_SQL_INDEX_PRAGMA,31589654,44072878,1.395168,-39.516811,false,3
824,10275,FK_UPDATE_VIOLATION_REJECTED,SQLITE_PARITY_10275_FK_UPDATE_VIOLATION_REJECTED.rs,P0,memory,SQL_FOREIGN_KEYS,28682567,39977580,1.393794,-39.379366,false,3
825,11560,DATETIME_DATE_Y2K_MINUS_1_MONTH,SQLITE_PARITY_11560_DATETIME_DATE_Y2K_MINUS_1_MONTH.rs,P0,memory,SQL_DATETIME,29844227,41552484,1.392312,-39.231229,false,3
826,00806,WINDOW_PARTITION_SUM_019,SQLITE_PARITY_806_WINDOW_PARTITION_SUM_019.rs,P2,memory,GEN_SQL_WINDOW,19743616,27487013,1.392198,-39.219751,false,3
827,10457,JOIN_COALESCE_ON_JOIN_COL,SQLITE_PARITY_10457_JOIN_COALESCE_ON_JOIN_COL.rs,P0,memory,SQL_JOIN,32904795,45722241,1.389531,-38.953125,false,3
828,00097,CLI_GENERATE_SERIES_OPTIONAL,SQLITE_PARITY_097_CLI_GENERATE_SERIES_OPTIONAL.rs,P2,memory,CLI_EXTENSION_OPTIONAL,93708562,130128393,1.388650,-38.864998,false,3
829,10304,SAVEPOINT_DEPTH_3_RELEASE,SQLITE_PARITY_10304_SAVEPOINT_DEPTH_3_RELEASE.rs,P0,memory,SQL_TRANSACTION,31798168,44107012,1.387093,-38.709287,false,3
830,00854,WINDOW_PARTITION_SUM_067,SQLITE_PARITY_854_WINDOW_PARTITION_SUM_067.rs,P2,memory,GEN_SQL_WINDOW,32354663,44831384,1.385624,-38.562358,false,3
831,10280,FK_DELETE_SET_DEFAULT_FALLS_BACK,SQLITE_PARITY_10280_FK_DELETE_SET_DEFAULT_FALLS_BACK.rs,P0,memory,SQL_FOREIGN_KEYS,20598124,28517304,1.384461,-38.446123,false,3
832,00948,VIEW_TRIGGER_GENERATED_001,SQLITE_PARITY_948_VIEW_TRIGGER_GENERATED_001.rs,P2,memory,GEN_SQL_VIEW_TRIGGER,22886639,31671869,1.383858,-38.385846,false,3
833,00969,VIEW_TRIGGER_GENERATED_022,SQLITE_PARITY_969_VIEW_TRIGGER_GENERATED_022.rs,P2,memory,GEN_SQL_VIEW_TRIGGER,29292683,40460184,1.381239,-38.123858,false,3
834,11701,DATETIME_TIME_UNIX_START_OF_MONTH,SQLITE_PARITY_11701_DATETIME_TIME_UNIX_START_OF_MONTH.rs,P0,memory,SQL_DATETIME,32785177,45271889,1.380865,-38.086456,false,3
835,10350,INSERT_RETURNING_STAR,SQLITE_PARITY_10350_INSERT_RETURNING_STAR.rs,P0,memory,SQL_RETURNING,23092799,31868582,1.380022,-38.002249,false,3
836,12018,PRAGMA_HARD_HEAP_LIMIT,SQLITE_PARITY_12018_PRAGMA_HARD_HEAP_LIMIT.rs,P1,memory,SQL_PRAGMA,14953223,20606340,1.378053,-37.805341,false,3
837,00481,DML_WHERE_ORDER_LIMIT_094,SQLITE_PARITY_481_DML_WHERE_ORDER_LIMIT_094.rs,P1,memory,GEN_SQL_DML,37555343,51703480,1.376728,-37.672767,false,3
838,11433,STRING_CHAR_97,SQLITE_PARITY_11433_STRING_CHAR_97.rs,P0,memory,SQL_STRING,31264858,43043087,1.376724,-37.672421,false,3
839,11836,JSON_VALID_DOC,SQLITE_PARITY_11836_JSON_VALID_DOC.rs,P0,memory,SQL_JSON,38452762,52898985,1.375688,-37.568753,false,3
840,11846,JSON_DARROW_A,SQLITE_PARITY_11846_JSON_DARROW_A.rs,P0,memory,SQL_JSON,31211427,42925124,1.375302,-37.530155,false,3
841,11235,CAST_TEXT_BARE_AS_INTEGER,SQLITE_PARITY_11235_CAST_TEXT_BARE_AS_INTEGER.rs,P0,memory,SQL_CAST,25260846,34736284,1.375104,-37.510375,false,3
842,11909,WIN_SUM_EXCL_NO_OTHERS,SQLITE_PARITY_11909_WIN_SUM_EXCL_NO_OTHERS.rs,P0,memory,SQL_WINDOW,25158292,34591479,1.374953,-37.495340,false,3
843,10092,STRICT_TEXT_REJECTS_BLOB,SQLITE_PARITY_10092_STRICT_TEXT_REJECTS_BLOB.rs,P0,memory,SQL_STRICT_TABLES,31557372,43380076,1.374642,-37.464159,false,3
844,00693,JOIN_SUBQUERY_EXISTS_086,SQLITE_PARITY_693_JOIN_SUBQUERY_EXISTS_086.rs,P1,memory,GEN_SQL_JOIN_SUBQUERY,32069813,44079660,1.374491,-37.449071,false,3
845,10143,MODE_BOX_HEADERS_OFF,SQLITE_PARITY_10143_MODE_BOX_HEADERS_OFF.rs,P0,memory,CLI_OUTPUT_MODE,21756969,29885375,1.373600,-37.360011,false,3
846,11448,STRING_CONCAT_WS_A_B_C,SQLITE_PARITY_11448_STRING_CONCAT_WS_A_B_C.rs,P0,memory,SQL_STRING,34531926,47402985,1.372729,-37.272925,false,3
847,00856,WINDOW_PARTITION_SUM_069,SQLITE_PARITY_856_WINDOW_PARTITION_SUM_069.rs,P2,memory,GEN_SQL_WINDOW,23273863,31908527,1.371003,-37.100261,false,3
848,00567,AGG_GROUP_HAVING_060,SQLITE_PARITY_567_AGG_GROUP_HAVING_060.rs,P1,memory,GEN_SQL_AGGREGATE,24804692,34002474,1.370808,-37.080815,false,3
849,11234,CAST_TEXT_NUM_AS_NUMERIC,SQLITE_PARITY_11234_CAST_TEXT_NUM_AS_NUMERIC.rs,P0,memory,SQL_CAST,24338860,33363323,1.370784,-37.078413,false,3
850,11809,JSON_JSON_EXTRACT_E,SQLITE_PARITY_11809_JSON_JSON_EXTRACT_E.rs,P0,memory,SQL_JSON,28494390,39045255,1.370279,-37.027868,false,3
851,11027,MATH_CEIL_1_6,SQLITE_PARITY_11027_MATH_CEIL_1_6.rs,P1,memory,SQL_MATH,29902888,40897964,1.367693,-36.769278,false,3
852,00363,SCALAR_NULL_COALESCE_034,SQLITE_PARITY_363_SCALAR_NULL_COALESCE_034.rs,P1,memory,GEN_SQL_SCALAR,52048033,71165543,1.367305,-36.730514,false,3
853,00756,CTE_RECURSIVE_MATRIX_049,SQLITE_PARITY_756_CTE_RECURSIVE_MATRIX_049.rs,P1,memory,GEN_SQL_CTE,29891377,40840425,1.366295,-36.629453,false,3
854,11326,AFFINITY_DOUBLE_REAL_HALF,SQLITE_PARITY_11326_AFFINITY_DOUBLE_REAL_HALF.rs,P0,memory,SQL_TYPE_AFFINITY,30968236,42297334,1.365830,-36.582962,false,3
855,11629,DATETIME_STRFTIME_ISO_DATE_2024_PLUS_3_HOURS,SQLITE_PARITY_11629_DATETIME_STRFTIME_ISO_DATE_2024_PLUS_3_HOURS.rs,P0,memory,SQL_DATETIME,33982926,46385066,1.364952,-36.495209,false,3
856,00764,CTE_RECURSIVE_MATRIX_057,SQLITE_PARITY_764_CTE_RECURSIVE_MATRIX_057.rs,P1,memory,GEN_SQL_CTE,30499749,41597229,1.363855,-36.385480,false,3
857,10199,OPT_BATCH_NONINTERACTIVE,SQLITE_PARITY_10199_OPT_BATCH_NONINTERACTIVE.rs,P0,memory,CLI_OPTION,40566997,55222576,1.361269,-36.126852,false,3
858,00709,CTE_RECURSIVE_MATRIX_002,SQLITE_PARITY_709_CTE_RECURSIVE_MATRIX_002.rs,P1,memory,GEN_SQL_CTE,31754075,43207719,1.360698,-36.069840,false,3
859,10413,ADD_COLUMN_WITH_CHECK_ENFORCED,SQLITE_PARITY_10413_ADD_COLUMN_WITH_CHECK_ENFORCED.rs,P0,memory,SQL_ALTER,23632372,32138092,1.359918,-35.991817,false,3
860,00765,CTE_RECURSIVE_MATRIX_058,SQLITE_PARITY_765_CTE_RECURSIVE_MATRIX_058.rs,P1,memory,GEN_SQL_CTE,33703216,45804948,1.359068,-35.906757,false,3
861,11559,DATETIME_STRFTIME_ISO_Y2K_PLUS_5_DAYS,SQLITE_PARITY_11559_DATETIME_STRFTIME_ISO_Y2K_PLUS_5_DAYS.rs,P0,memory,SQL_DATETIME,36163978,49110039,1.357982,-35.798222,false,3
862,11410,STRING_LOWER_,SQLITE_PARITY_11410_STRING_LOWER_.rs,P0,memory,SQL_STRING,26700983,36242165,1.357334,-35.733448,false,3
863,00503,DML_WHERE_ORDER_LIMIT_116,SQLITE_PARITY_503_DML_WHERE_ORDER_LIMIT_116.rs,P1,memory,GEN_SQL_DML,24073978,32661052,1.356695,-35.669527,false,3
864,00678,JOIN_SUBQUERY_EXISTS_071,SQLITE_PARITY_678_JOIN_SUBQUERY_EXISTS_071.rs,P1,memory,GEN_SQL_JOIN_SUBQUERY,28243425,38295646,1.355914,-35.591367,false,3
865,00386,SCALAR_STRING_040,SQLITE_PARITY_386_SCALAR_STRING_040.rs,P1,memory,GEN_SQL_SCALAR,40253073,54530275,1.354686,-35.468601,false,3
866,00165,DOT_INTCK_CATALOG,SQLITE_PARITY_165_DOT_INTCK_CATALOG.rs,P4,catalog,CLI_CATALOG,33002449,44703051,1.354537,-35.453739,false,3
867,10472,COMPOUND_UNION_ALL_PRESERVES_DUPES,SQLITE_PARITY_10472_COMPOUND_UNION_ALL_PRESERVES_DUPES.rs,P0,memory,SQL_COMPOUND,29409544,39833648,1.354446,-35.444630,false,3
868,00706,JOIN_SUBQUERY_EXISTS_099,SQLITE_PARITY_706_JOIN_SUBQUERY_EXISTS_099.rs,P1,memory,GEN_SQL_JOIN_SUBQUERY,31119001,42100662,1.352892,-35.289247,false,3
869,00824,WINDOW_PARTITION_SUM_037,SQLITE_PARITY_824_WINDOW_PARTITION_SUM_037.rs,P2,memory,GEN_SQL_WINDOW,24440262,33062513,1.352789,-35.278881,false,3
870,11599,DATETIME_STRFTIME_ISO_Y2K_START_OF_YEAR,SQLITE_PARITY_11599_DATETIME_STRFTIME_ISO_Y2K_START_OF_YEAR.rs,P0,memory,SQL_DATETIME,32233102,43587758,1.352267,-35.226693,false,3
871,10036,CREATE_INDEX_ASC_NULLS_LAST_REJECTED,SQLITE_PARITY_10036_CREATE_INDEX_ASC_NULLS_LAST_REJECTED.rs,P0,memory,SQL_NULL_ORDER,20250987,27375271,1.351799,-35.179935,false,3
872,10077,AUTOINCREMENT_WITHOUT_ROWID_REJECTED,SQLITE_PARITY_10077_AUTOINCREMENT_WITHOUT_ROWID_REJECTED.rs,P0,memory,SQL_AUTOINCREMENT,30966143,41830741,1.350854,-35.085409,false,3
873,00919,CONSTRAINT_FK_SAVEPOINT_052,SQLITE_PARITY_919_CONSTRAINT_FK_SAVEPOINT_052.rs,P2,memory,GEN_SQL_CONSTRAINT_TX,29067867,39241086,1.349982,-34.998161,false,3
874,10474,COMPOUND_INTERSECT,SQLITE_PARITY_10474_COMPOUND_INTERSECT.rs,P0,memory,SQL_COMPOUND,36160580,48794982,1.349397,-34.939711,false,3
875,10024,NULL_LITERAL_VS_QUOTED_STRING,SQLITE_PARITY_10024_NULL_LITERAL_VS_QUOTED_STRING.rs,P0,memory,SQL_NULL_SEMANTICS,28071981,37877653,1.349305,-34.930460,false,3
876,00794,WINDOW_PARTITION_SUM_007,SQLITE_PARITY_794_WINDOW_PARTITION_SUM_007.rs,P2,memory,GEN_SQL_WINDOW,31667891,42650583,1.346808,-34.680844,false,3
877,11044,MATH_EXP_0_0,SQLITE_PARITY_11044_MATH_EXP_0_0.rs,P1,memory,SQL_MATH,26805111,36092913,1.346494,-34.649370,false,3
878,10445,JOIN_INNER_USING_MERGES_COLUMN,SQLITE_PARITY_10445_JOIN_INNER_USING_MERGES_COLUMN.rs,P0,memory,SQL_JOIN,24410987,32848248,1.345634,-34.563375,false,3
879,00816,WINDOW_PARTITION_SUM_029,SQLITE_PARITY_816_WINDOW_PARTITION_SUM_029.rs,P2,memory,GEN_SQL_WINDOW,35124228,47253131,1.345314,-34.531444,false,3
880,00958,VIEW_TRIGGER_GENERATED_011,SQLITE_PARITY_958_VIEW_TRIGGER_GENERATED_011.rs,P2,memory,GEN_SQL_VIEW_TRIGGER,26208501,35241901,1.344674,-34.467442,false,3
881,00452,DML_WHERE_ORDER_LIMIT_065,SQLITE_PARITY_452_DML_WHERE_ORDER_LIMIT_065.rs,P1,memory,GEN_SQL_DML,34697430,46616416,1.343512,-34.351207,false,3
882,10050,GROUP_CONCAT_SKIPS_NULL,SQLITE_PARITY_10050_GROUP_CONCAT_SKIPS_NULL.rs,P0,memory,SQL_AGGREGATE_NULL,23463541,31523468,1.343509,-34.350855,false,3
883,10073,REPLACE_WITH_AUTOINCREMENT,SQLITE_PARITY_10073_REPLACE_WITH_AUTOINCREMENT.rs,P0,memory,SQL_AUTOINCREMENT,26874052,36068206,1.342120,-34.212012,false,3
884,10417,RENAME_TABLE_REWRITES_TRIGGER_REF,SQLITE_PARITY_10417_RENAME_TABLE_REWRITES_TRIGGER_REF.rs,P0,memory,SQL_ALTER,29065733,39000030,1.341787,-34.178725,false,3
885,11849,JSON_ARROW_A_B_0,SQLITE_PARITY_11849_JSON_ARROW_A_B_0.rs,P0,memory,SQL_JSON,20740695,27826034,1.341615,-34.161531,false,3
886,10055,GROUP_BY_NULL_KEY_COLLAPSES,SQLITE_PARITY_10055_GROUP_BY_NULL_KEY_COLLAPSES.rs,P0,memory,SQL_AGGREGATE_NULL,21315163,28572729,1.340488,-34.048841,false,3
887,00799,WINDOW_PARTITION_SUM_012,SQLITE_PARITY_799_WINDOW_PARTITION_SUM_012.rs,P2,memory,GEN_SQL_WINDOW,28462761,38149117,1.340317,-34.031681,false,3
888,11432,STRING_UNICODE_,SQLITE_PARITY_11432_STRING_UNICODE_.rs,P0,memory,SQL_STRING,26527696,35547239,1.340005,-34.000476,false,3
889,10128,MODE_TABS_HEADERS_ON,SQLITE_PARITY_10128_MODE_TABS_HEADERS_ON.rs,P0,memory,CLI_OUTPUT_MODE,23549164,31547834,1.339658,-33.965834,false,3
890,11330,AFFINITY_DOUBLE_BLOB_HEX,SQLITE_PARITY_11330_AFFINITY_DOUBLE_BLOB_HEX.rs,P0,memory,SQL_TYPE_AFFINITY,28531440,38211816,1.339288,-33.928803,false,3
891,10332,ON_CONFLICT_WHERE_PARTIAL_INDEX_NO_MATCH,SQLITE_PARITY_10332_ON_CONFLICT_WHERE_PARTIAL_INDEX_NO_MATCH.rs,P0,memory,SQL_UPSERT,28647280,38362772,1.339142,-33.914187,false,3
892,10428,REC_TREE_TRAVERSAL_PARENT_CHILD,SQLITE_PARITY_10428_REC_TREE_TRAVERSAL_PARENT_CHILD.rs,P0,memory,SQL_RECURSIVE_CTE,32224346,43132056,1.338493,-33.849283,false,3
893,11714,DATETIME_STRFTIME_ISO_UNIX_WEEKDAY_0,SQLITE_PARITY_11714_DATETIME_STRFTIME_ISO_UNIX_WEEKDAY_0.rs,P0,memory,SQL_DATETIME,33429017,44738067,1.338300,-33.830041,false,3
894,11693,DATETIME_JULIANDAY_UNIX_PLUS_10_SECONDS,SQLITE_PARITY_11693_DATETIME_JULIANDAY_UNIX_PLUS_10_SECONDS.rs,P0,memory,SQL_DATETIME,21949023,29370119,1.338106,-33.810598,false,3
895,00384,SCALAR_ARITH_040,SQLITE_PARITY_384_SCALAR_ARITH_040.rs,P1,memory,GEN_SQL_SCALAR,39887040,53338578,1.337241,-33.724082,false,3
896,10420,LEGACY_ALTER_TABLE_NO_VIEW_REWRITE,SQLITE_PARITY_10420_LEGACY_ALTER_TABLE_NO_VIEW_REWRITE.rs,P0,memory,SQL_ALTER,32185342,43023280,1.336735,-33.673521,false,3
897,11619,DATETIME_STRFTIME_ISO_DATE_2024_MINUS_1_MONTH,SQLITE_PARITY_11619_DATETIME_STRFTIME_ISO_DATE_2024_MINUS_1_MONTH.rs,P0,memory,SQL_DATETIME,25108077,33519850,1.335023,-33.502259,false,3
898,00814,WINDOW_PARTITION_SUM_027,SQLITE_PARITY_814_WINDOW_PARTITION_SUM_027.rs,P2,memory,GEN_SQL_WINDOW,27419705,36600415,1.334822,-33.482162,false,3
899,10122,MODE_COLUMN_WIDTH_SMALL_WRAPS,SQLITE_PARITY_10122_MODE_COLUMN_WIDTH_SMALL_WRAPS.rs,P0,memory,CLI_OUTPUT_MODE,26612997,35503046,1.334049,-33.404915,false,3
900,11204,CAST_NULL_AS_NUMERIC,SQLITE_PARITY_11204_CAST_NULL_AS_NUMERIC.rs,P0,memory,SQL_CAST,41138099,54846183,1.333221,-33.322113,false,3
901,10511,SUBQUERY_ORDER_BY_NO_LIMIT_SCALAR,SQLITE_PARITY_10511_SUBQUERY_ORDER_BY_NO_LIMIT_SCALAR.rs,P0,memory,SQL_SUBQUERY,25440347,33890832,1.332169,-33.216862,false,3
902,11586,DATETIME_TIME_Y2K_START_OF_DAY,SQLITE_PARITY_11586_DATETIME_TIME_Y2K_START_OF_DAY.rs,P0,memory,SQL_DATETIME,24561491,32708343,1.331692,-33.169208,false,3
903,11501,DATETIME_TIME_EPOCH_PLUS_5_DAYS,SQLITE_PARITY_11501_DATETIME_TIME_EPOCH_PLUS_5_DAYS.rs,P0,memory,SQL_DATETIME,20554221,27345775,1.330421,-33.042138,false,3
904,00528,AGG_GROUP_HAVING_021,SQLITE_PARITY_528_AGG_GROUP_HAVING_021.rs,P1,memory,GEN_SQL_AGGREGATE,31101528,41373404,1.330269,-33.026918,false,3
905,11660,DATETIME_DATE_DATE_2024_UTC,SQLITE_PARITY_11660_DATETIME_DATE_DATE_2024_UTC.rs,P0,memory,SQL_DATETIME,25529896,33934415,1.329203,-32.920303,false,3
906,11606,DATETIME_TIME_Y2K_UTC,SQLITE_PARITY_11606_DATETIME_TIME_Y2K_UTC.rs,P0,memory,SQL_DATETIME,25535697,33921681,1.328402,-32.840239,false,3
907,00566,AGG_GROUP_HAVING_059,SQLITE_PARITY_566_AGG_GROUP_HAVING_059.rs,P1,memory,GEN_SQL_AGGREGATE,39842686,52890839,1.327492,-32.749180,false,3
908,10014,NULL_LIKE_PATTERN,SQLITE_PARITY_10014_NULL_LIKE_PATTERN.rs,P0,memory,SQL_NULL_SEMANTICS,24092342,31956408,1.326414,-32.641351,false,3
909,11617,DATETIME_DATETIME_DATE_2024_MINUS_1_MONTH,SQLITE_PARITY_11617_DATETIME_DATETIME_DATE_2024_MINUS_1_MONTH.rs,P0,memory,SQL_DATETIME,34242308,45419398,1.326412,-32.641170,false,3
910,00774,CTE_RECURSIVE_MATRIX_067,SQLITE_PARITY_774_CTE_RECURSIVE_MATRIX_067.rs,P1,memory,GEN_SQL_CTE,20025970,26562491,1.326402,-32.640222,false,3
911,00925,CONSTRAINT_FK_SAVEPOINT_058,SQLITE_PARITY_925_CONSTRAINT_FK_SAVEPOINT_058.rs,P2,memory,GEN_SQL_CONSTRAINT_TX,29447957,39025247,1.325228,-32.522766,false,3
912,11031,MATH_CEILING_1_6,SQLITE_PARITY_11031_MATH_CEILING_1_6.rs,P1,memory,SQL_MATH,25652068,33957648,1.323778,-32.377818,false,3
913,11916,WIN_AVG_EXCL_CURRENT_ROW,SQLITE_PARITY_11916_WIN_AVG_EXCL_CURRENT_ROW.rs,P0,memory,SQL_WINDOW,28232254,37362718,1.323405,-32.340542,false,3
914,00450,DML_WHERE_ORDER_LIMIT_063,SQLITE_PARITY_450_DML_WHERE_ORDER_LIMIT_063.rs,P1,memory,GEN_SQL_DML,18117346,23961746,1.322586,-32.258588,false,3
915,00711,CTE_RECURSIVE_MATRIX_004,SQLITE_PARITY_711_CTE_RECURSIVE_MATRIX_004.rs,P1,memory,GEN_SQL_CTE,22949768,30338845,1.321967,-32.196739,false,3
916,11504,DATETIME_STRFTIME_ISO_EPOCH_PLUS_5_DAYS,SQLITE_PARITY_11504_DATETIME_STRFTIME_ISO_EPOCH_PLUS_5_DAYS.rs,P0,memory,SQL_DATETIME,26695213,35234066,1.319865,-31.986458,false,3
917,00864,WINDOW_PARTITION_SUM_077,SQLITE_PARITY_864_WINDOW_PARTITION_SUM_077.rs,P2,memory,GEN_SQL_WINDOW,31204554,41157596,1.318961,-31.896120,false,3
918,00537,AGG_GROUP_HAVING_030,SQLITE_PARITY_537_AGG_GROUP_HAVING_030.rs,P1,memory,GEN_SQL_AGGREGATE,26607367,35090625,1.318831,-31.883117,false,3
919,11587,DATETIME_DATETIME_Y2K_START_OF_DAY,SQLITE_PARITY_11587_DATETIME_DATETIME_Y2K_START_OF_DAY.rs,P0,memory,SQL_DATETIME,23565575,31062274,1.318121,-31.812078,false,3
920,11353,AFFINITY_BLOB_TEXT_BARE,SQLITE_PARITY_11353_AFFINITY_BLOB_TEXT_BARE.rs,P0,memory,SQL_TYPE_AFFINITY,30002467,39546394,1.318105,-31.810474,false,3
921,00845,WINDOW_PARTITION_SUM_058,SQLITE_PARITY_845_WINDOW_PARTITION_SUM_058.rs,P2,memory,GEN_SQL_WINDOW,27031169,35627241,1.318006,-31.800593,false,3
922,10270,PRAGMA_FOREIGN_KEYS_DEFAULT_OFF,SQLITE_PARITY_10270_PRAGMA_FOREIGN_KEYS_DEFAULT_OFF.rs,P0,memory,SQL_FOREIGN_KEYS,25039967,32965379,1.316510,-31.651048,false,3
923,00429,DML_WHERE_ORDER_LIMIT_042,SQLITE_PARITY_429_DML_WHERE_ORDER_LIMIT_042.rs,P1,memory,GEN_SQL_DML,29105348,38306485,1.316132,-31.613218,false,3
924,00935,CONSTRAINT_FK_SAVEPOINT_068,SQLITE_PARITY_935_CONSTRAINT_FK_SAVEPOINT_068.rs,P2,memory,GEN_SQL_CONSTRAINT_TX,27757395,36495085,1.314788,-31.478783,false,3
925,00369,SCALAR_CAST_TYPEOF_036,SQLITE_PARITY_369_SCALAR_CAST_TYPEOF_036.rs,P1,memory,GEN_SQL_SCALAR,33583800,44152258,1.314689,-31.468917,false,3
926,00432,DML_WHERE_ORDER_LIMIT_045,SQLITE_PARITY_432_DML_WHERE_ORDER_LIMIT_045.rs,P1,memory,GEN_SQL_DML,22421067,29472022,1.314479,-31.447901,false,3
927,00989,VIEW_TRIGGER_GENERATED_042,SQLITE_PARITY_989_VIEW_TRIGGER_GENERATED_042.rs,P2,memory,GEN_SQL_VIEW_TRIGGER,29454479,38717273,1.314478,-31.447828,false,3
928,11034,MATH_COS_3_14159265358979,SQLITE_PARITY_11034_MATH_COS_3_14159265358979.rs,P1,memory,SQL_MATH,22620515,29732806,1.314418,-31.441773,false,3
929,00675,JOIN_SUBQUERY_EXISTS_068,SQLITE_PARITY_675_JOIN_SUBQUERY_EXISTS_068.rs,P1,memory,GEN_SQL_JOIN_SUBQUERY,26634748,34986086,1.313550,-31.355048,false,3
930,11306,AFFINITY_INTEGER_BLOB_HEX,SQLITE_PARITY_11306_AFFINITY_INTEGER_BLOB_HEX.rs,P0,memory,SQL_TYPE_AFFINITY,27878264,36610453,1.313226,-31.322571,false,3
931,10557,NO_SUCH_FUNCTION,SQLITE_PARITY_10557_NO_SUCH_FUNCTION.rs,P0,memory,SQL_ERROR_MESSAGES,23071800,30297977,1.313204,-31.320387,false,3
932,11080,MATH_TAN_0_0,SQLITE_PARITY_11080_MATH_TAN_0_0.rs,P1,memory,SQL_MATH,27725815,36408580,1.313165,-31.316537,false,3
933,01008,JSON_EXTRACT_SET_001,SQLITE_PARITY_1008_JSON_EXTRACT_SET_001.rs,P2,memory,GEN_SQL_JSON,32597052,42804345,1.313135,-31.313546,false,3
934,11930,WIN_MIN_ROWS_UNBND_PREC_CURRENT,SQLITE_PARITY_11930_WIN_MIN_ROWS_UNBND_PREC_CURRENT.rs,P0,memory,SQL_WINDOW,26262844,34481811,1.312950,-31.295038,false,3
935,11354,AFFINITY_BLOB_BLOB_HEX,SQLITE_PARITY_11354_AFFINITY_BLOB_BLOB_HEX.rs,P0,memory,SQL_TYPE_AFFINITY,25138404,32985948,1.312174,-31.217352,false,3
936,00731,CTE_RECURSIVE_MATRIX_024,SQLITE_PARITY_731_CTE_RECURSIVE_MATRIX_024.rs,P1,memory,GEN_SQL_CTE,23598207,30915486,1.310078,-31.007775,false,3
937,00890,CONSTRAINT_FK_SAVEPOINT_023,SQLITE_PARITY_890_CONSTRAINT_FK_SAVEPOINT_023.rs,P2,memory,GEN_SQL_CONSTRAINT_TX,25507984,33384443,1.308784,-30.878407,false,3
938,11932,WIN_MIN_ROWS_1_PREC_1_FOLL,SQLITE_PARITY_11932_WIN_MIN_ROWS_1_PREC_1_FOLL.rs,P0,memory,SQL_WINDOW,27421318,35882193,1.308551,-30.855100,false,3
939,10432,REC_MATERIALIZED_HINT,SQLITE_PARITY_10432_REC_MATERIALIZED_HINT.rs,P0,memory,SQL_RECURSIVE_CTE,21643484,28301105,1.307604,-30.760394,false,3
940,11603,DATETIME_JULIANDAY_Y2K_WEEKDAY_0,SQLITE_PARITY_11603_DATETIME_JULIANDAY_Y2K_WEEKDAY_0.rs,P0,memory,SQL_DATETIME,31117488,40688627,1.307581,-30.758071,false,3
941,10542,TOTAL_EMPTY_RETURNS_ZERO_REAL,SQLITE_PARITY_10542_TOTAL_EMPTY_RETURNS_ZERO_REAL.rs,P0,memory,SQL_AGGREGATE_ADV,27085552,35415420,1.307539,-30.753916,false,3
942,10060,INTPK_EXPLICIT_VALUE_USED,SQLITE_PARITY_10060_INTPK_EXPLICIT_VALUE_USED.rs,P0,memory,SQL_AUTOINCREMENT,36780104,48087531,1.307433,-30.743325,false,3
943,10374,DETACH_AFTER_ATTACH,SQLITE_PARITY_10374_DETACH_AFTER_ATTACH.rs,P0,memory,SQL_ATTACH,25956674,33925919,1.307021,-30.702104,false,3
944,00439,DML_WHERE_ORDER_LIMIT_052,SQLITE_PARITY_439_DML_WHERE_ORDER_LIMIT_052.rs,P1,memory,GEN_SQL_DML,32830113,42904184,1.306855,-30.685459,false,3
945,10626,EMPTY_BLOB_LENGTH,SQLITE_PARITY_10626_EMPTY_BLOB_LENGTH.rs,P0,memory,SQL_BLOB,27849229,36378754,1.306275,-30.627509,false,3
946,01113,INDEX_SCHEMA_PRAGMA_046,SQLITE_PARITY_1113_INDEX_SCHEMA_PRAGMA_046.rs,P2,memory,GEN_SQL_INDEX_PRAGMA,24081241,31435131,1.305378,-30.537836,false,3
947,10189,DOT_ECHO_OFF,SQLITE_PARITY_10189_DOT_ECHO_OFF.rs,P0,memory,CLI_DOT_COMMAND,25250556,32960379,1.305333,-30.533280,false,3
948,11723,DATETIME_JULIANDAY_EPOCH_BASE,SQLITE_PARITY_11723_DATETIME_JULIANDAY_EPOCH_BASE.rs,P0,memory,SQL_DATETIME,27188017,35472308,1.304704,-30.470376,false,3
949,01095,INDEX_SCHEMA_PRAGMA_028,SQLITE_PARITY_1095_INDEX_SCHEMA_PRAGMA_028.rs,P2,memory,GEN_SQL_INDEX_PRAGMA,29117220,37985548,1.304573,-30.457331,false,3
950,11830,JSON_JSON_ARRAY_LENGTH_D,SQLITE_PARITY_11830_JSON_JSON_ARRAY_LENGTH_D.rs,P0,memory,SQL_JSON,29631735,38634266,1.303814,-30.381383,false,3
951,00772,CTE_RECURSIVE_MATRIX_065,SQLITE_PARITY_772_CTE_RECURSIVE_MATRIX_065.rs,P1,memory,GEN_SQL_CTE,21556329,28098120,1.303474,-30.347426,false,3
952,11643,DATETIME_JULIANDAY_DATE_2024_START_OF_DAY,SQLITE_PARITY_11643_DATETIME_JULIANDAY_DATE_2024_START_OF_DAY.rs,P0,memory,SQL_DATETIME,34430554,44863986,1.303028,-30.302829,false,3
953,10250,PRAGMA_IGNORE_CHECK_CONSTRAINTS_TOGGLE,SQLITE_PARITY_10250_PRAGMA_IGNORE_CHECK_CONSTRAINTS_TOGGLE.rs,P0,memory,SQL_PRAGMA,27066456,35228115,1.301541,-30.154147,false,3
954,12020,PRAGMA_AUTOMATIC_INDEX,SQLITE_PARITY_12020_PRAGMA_AUTOMATIC_INDEX.rs,P1,memory,SQL_PRAGMA,13346309,17354190,1.300299,-30.029883,false,3
955,01052,JSON_EXTRACT_SET_045,SQLITE_PARITY_1052_JSON_EXTRACT_SET_045.rs,P2,memory,GEN_SQL_JSON,26205636,34071564,1.300162,-30.016169,false,3
956,10243,PRAGMA_RECURSIVE_TRIGGERS_DEFAULT,SQLITE_PARITY_10243_PRAGMA_RECURSIVE_TRIGGERS_DEFAULT.rs,P0,memory,SQL_PRAGMA,29337388,38139048,1.300015,-30.001512,false,3
957,10460,JOIN_LEFT_IS_NULL_ANTIJOIN,SQLITE_PARITY_10460_JOIN_LEFT_IS_NULL_ANTIJOIN.rs,P0,memory,SQL_JOIN,24326316,31622887,1.299946,-29.994558,false,3
958,11546,DATETIME_TIME_EPOCH_WEEKDAY_0,SQLITE_PARITY_11546_DATETIME_TIME_EPOCH_WEEKDAY_0.rs,P0,memory,SQL_DATETIME,27128845,35260796,1.299753,-29.975294,false,3
959,11668,DATETIME_JULIANDAY_UNIX_PLUS_5_DAYS,SQLITE_PARITY_11668_DATETIME_JULIANDAY_UNIX_PLUS_5_DAYS.rs,P0,memory,SQL_DATETIME,27134846,35248583,1.299015,-29.901541,false,3
960,10607,LIKE_MULTIBYTE_NOT_FOLDED,SQLITE_PARITY_10607_LIKE_MULTIBYTE_NOT_FOLDED.rs,P0,memory,SQL_PATTERN,29844227,38763561,1.298863,-29.886296,false,3
961,00735,CTE_RECURSIVE_MATRIX_028,SQLITE_PARITY_735_CTE_RECURSIVE_MATRIX_028.rs,P1,memory,GEN_SQL_CTE,26096519,33866727,1.297749,-29.774883,false,3
962,11405,STRING_OCTET_LENGTH_,SQLITE_PARITY_11405_STRING_OCTET_LENGTH_.rs,P0,memory,SQL_STRING,24595175,31906303,1.297259,-29.725863,false,3
963,11211,CAST_INT_NEG_3_AS_REAL,SQLITE_PARITY_11211_CAST_INT_NEG_3_AS_REAL.rs,P0,memory,SQL_CAST,23644685,30637340,1.295739,-29.573898,false,3
964,11577,DATETIME_DATETIME_Y2K_PLUS_30_MINUTES,SQLITE_PARITY_11577_DATETIME_DATETIME_Y2K_PLUS_30_MINUTES.rs,P0,memory,SQL_DATETIME,27356957,35390923,1.293672,-29.367177,false,3
965,10348,INSERT_OR_REPLACE_FIRES_DELETE_THEN_INSERT,SQLITE_PARITY_10348_INSERT_OR_REPLACE_FIRES_DELETE_THEN_INSERT.rs,P0,memory,SQL_UPSERT,24396610,31559296,1.293593,-29.359350,false,3
966,11241,CAST_BLOB_HEX_AS_REAL,SQLITE_PARITY_11241_CAST_BLOB_HEX_AS_REAL.rs,P0,memory,SQL_CAST,22921104,29594434,1.291143,-29.114348,false,3
967,11435,STRING_ZEROBLOB_0,SQLITE_PARITY_11435_STRING_ZEROBLOB_0.rs,P0,memory,SQL_STRING,24083156,31072383,1.290212,-29.021225,false,3
968,11045,MATH_EXP_1_0,SQLITE_PARITY_11045_MATH_EXP_1_0.rs,P1,memory,SQL_MATH,24460069,31544949,1.289651,-28.965086,false,3
969,00739,CTE_RECURSIVE_MATRIX_032,SQLITE_PARITY_739_CTE_RECURSIVE_MATRIX_032.rs,P1,memory,GEN_SQL_CTE,22507852,29023713,1.289493,-28.949280,false,3
970,01124,INDEX_SCHEMA_PRAGMA_057,SQLITE_PARITY_1124_INDEX_SCHEMA_PRAGMA_057.rs,P2,memory,GEN_SQL_INDEX_PRAGMA,27052450,34844889,1.288049,-28.804929,false,3
971,10537,MIN_MAX_OVER_STRINGS_LEXICOGRAPHIC,SQLITE_PARITY_10537_MIN_MAX_OVER_STRINGS_LEXICOGRAPHIC.rs,P0,memory,SQL_AGGREGATE_ADV,29611988,38125954,1.287518,-28.751754,false,3
972,11962,WIN_LAST_VALUE_ROWS_1_PREC_1_FOLL,SQLITE_PARITY_11962_WIN_LAST_VALUE_ROWS_1_PREC_1_FOLL.rs,P0,memory,SQL_WINDOW,17100589,22004258,1.286754,-28.675439,false,3
973,00801,WINDOW_PARTITION_SUM_014,SQLITE_PARITY_801_WINDOW_PARTITION_SUM_014.rs,P2,memory,GEN_SQL_WINDOW,28359365,36483724,1.286479,-28.647888,false,3
974,00411,DML_WHERE_ORDER_LIMIT_024,SQLITE_PARITY_411_DML_WHERE_ORDER_LIMIT_024.rs,P1,memory,GEN_SQL_DML,43181128,55547872,1.286392,-28.639233,false,3
975,01105,INDEX_SCHEMA_PRAGMA_038,SQLITE_PARITY_1105_INDEX_SCHEMA_PRAGMA_038.rs,P2,memory,GEN_SQL_INDEX_PRAGMA,26991684,34715835,1.286168,-28.616781,false,3
976,11705,DATETIME_DATE_UNIX_START_OF_YEAR,SQLITE_PARITY_11705_DATETIME_DATE_UNIX_START_OF_YEAR.rs,P0,memory,SQL_DATETIME,33088002,42520167,1.285063,-28.506300,false,3
977,00550,AGG_GROUP_HAVING_043,SQLITE_PARITY_550_AGG_GROUP_HAVING_043.rs,P1,memory,GEN_SQL_AGGREGATE,24782149,31844145,1.284963,-28.496302,false,3
978,10329,DO_UPDATE_REFERENCES_EXISTING,SQLITE_PARITY_10329_DO_UPDATE_REFERENCES_EXISTING.rs,P0,memory,SQL_UPSERT,26446572,33965183,1.284294,-28.429435,false,3
979,00741,CTE_RECURSIVE_MATRIX_034,SQLITE_PARITY_741_CTE_RECURSIVE_MATRIX_034.rs,P1,memory,GEN_SQL_CTE,26890432,34491109,1.282654,-28.265358,false,3
980,00447,DML_WHERE_ORDER_LIMIT_060,SQLITE_PARITY_447_DML_WHERE_ORDER_LIMIT_060.rs,P1,memory,GEN_SQL_DML,31548335,40455215,1.282325,-28.232488,false,3
981,10601,LIKE_ON_INTEGER_COERCES,SQLITE_PARITY_10601_LIKE_ON_INTEGER_COERCES.rs,P0,memory,SQL_PATTERN,26886845,34476030,1.282264,-28.226387,false,3
982,11556,DATETIME_TIME_Y2K_PLUS_5_DAYS,SQLITE_PARITY_11556_DATETIME_TIME_Y2K_PLUS_5_DAYS.rs,P0,memory,SQL_DATETIME,31851219,40818183,1.281527,-28.152656,false,3
983,11352,AFFINITY_BLOB_TEXT_NUM,SQLITE_PARITY_11352_AFFINITY_BLOB_TEXT_NUM.rs,P0,memory,SQL_TYPE_AFFINITY,23247863,29783072,1.281110,-28.111010,false,3
984,10205,OPT_NEWLINE_AT,SQLITE_PARITY_10205_OPT_NEWLINE_AT.rs,P0,memory,CLI_OPTION,33714598,43184104,1.280873,-28.087258,false,3
985,01062,JSON_EXTRACT_SET_055,SQLITE_PARITY_1062_JSON_EXTRACT_SET_055.rs,P2,memory,GEN_SQL_JSON,35556707,45539065,1.280745,-28.074473,false,3
986,10342,MULTI_ROW_INSERT_UPSERT,SQLITE_PARITY_10342_MULTI_ROW_INSERT_UPSERT.rs,P0,memory,SQL_UPSERT,25095894,32119417,1.279867,-27.986742,false,3
987,00573,AGG_GROUP_HAVING_066,SQLITE_PARITY_573_AGG_GROUP_HAVING_066.rs,P1,memory,GEN_SQL_AGGREGATE,29094547,37233844,1.279753,-27.975335,false,3
988,11699,DATETIME_STRFTIME_ISO_UNIX_START_OF_DAY,SQLITE_PARITY_11699_DATETIME_STRFTIME_ISO_UNIX_START_OF_DAY.rs,P0,memory,SQL_DATETIME,36927494,47257941,1.279749,-27.974947,false,3
989,01068,INDEX_SCHEMA_PRAGMA_001,SQLITE_PARITY_1068_INDEX_SCHEMA_PRAGMA_001.rs,P2,memory,GEN_SQL_INDEX_PRAGMA,45191046,57833020,1.279745,-27.974511,false,3
990,00926,CONSTRAINT_FK_SAVEPOINT_059,SQLITE_PARITY_926_CONSTRAINT_FK_SAVEPOINT_059.rs,P2,memory,GEN_SQL_CONSTRAINT_TX,29962933,38294162,1.278051,-27.805118,false,3
991,00879,CONSTRAINT_FK_SAVEPOINT_012,SQLITE_PARITY_879_CONSTRAINT_FK_SAVEPOINT_012.rs,P2,memory,GEN_SQL_CONSTRAINT_TX,15000281,19167404,1.277803,-27.780300,false,3
992,00518,AGG_GROUP_HAVING_011,SQLITE_PARITY_518_AGG_GROUP_HAVING_011.rs,P1,memory,GEN_SQL_AGGREGATE,23391516,29874144,1.277136,-27.713586,false,3
993,00712,CTE_RECURSIVE_MATRIX_005,SQLITE_PARITY_712_CTE_RECURSIVE_MATRIX_005.rs,P1,memory,GEN_SQL_CTE,28135581,35900839,1.275994,-27.599423,false,3
994,10113,MODE_LIST_NULLVALUE_NULL,SQLITE_PARITY_10113_MODE_LIST_NULLVALUE_NULL.rs,P0,memory,CLI_OUTPUT_MODE,23959191,30560774,1.275534,-27.553447,false,3
995,00385,SCALAR_CAST_TYPEOF_040,SQLITE_PARITY_385_SCALAR_CAST_TYPEOF_040.rs,P1,memory,GEN_SQL_SCALAR,26901504,34240885,1.272824,-27.282419,false,3
996,11358,AFFINITY_NUMERIC_REAL_HALF,SQLITE_PARITY_11358_AFFINITY_NUMERIC_REAL_HALF.rs,P0,memory,SQL_TYPE_AFFINITY,22927346,29180309,1.272729,-27.272947,false,3
997,10517,FILTER_SUM_X_IS_NOT_NULL,SQLITE_PARITY_10517_FILTER_SUM_X_IS_NOT_NULL.rs,P0,memory,SQL_AGGREGATE_ADV,27005832,34370521,1.272707,-27.270735,false,3
998,01126,INDEX_SCHEMA_PRAGMA_059,SQLITE_PARITY_1126_INDEX_SCHEMA_PRAGMA_059.rs,P2,memory,GEN_SQL_INDEX_PRAGMA,28790402,36635060,1.272475,-27.247476,false,3
999,00983,VIEW_TRIGGER_GENERATED_036,SQLITE_PARITY_983_VIEW_TRIGGER_GENERATED_036.rs,P2,memory,GEN_SQL_VIEW_TRIGGER,32361154,41163637,1.272008,-27.200770,false,3
1000,11421,STRING_TRIM_,SQLITE_PARITY_11421_STRING_TRIM_.rs,P0,memory,SQL_STRING,28253905,35915527,1.271170,-27.117037,false,3
1001,01067,JSON_EXTRACT_SET_060,SQLITE_PARITY_1067_JSON_EXTRACT_SET_060.rs,P2,memory,GEN_SQL_JSON,24036607,30549093,1.270940,-27.094032,false,3
1002,00215,TRANSACTION_SYNONYMS_END_COMMIT_TRANSACTION,SQLITE_PARITY_215_TRANSACTION_SYNONYMS_END_COMMIT_TRANSACTION.rs,P0,memory,SQL_TRANSACTION,61853516,78610966,1.270922,-27.092154,false,3
1003,11344,AFFINITY_VARCHAR_8_TEXT_NUM,SQLITE_PARITY_11344_AFFINITY_VARCHAR_8_TEXT_NUM.rs,P0,memory,SQL_TYPE_AFFINITY,29205367,37107745,1.270580,-27.057965,false,3
1004,11016,MATH_ATAN_1_0,SQLITE_PARITY_11016_MATH_ATAN_1_0.rs,P1,memory,SQL_MATH,28338475,35983094,1.269761,-26.976113,false,3
1005,00509,AGG_GROUP_HAVING_002,SQLITE_PARITY_509_AGG_GROUP_HAVING_002.rs,P1,memory,GEN_SQL_AGGREGATE,39206150,49774237,1.269552,-26.955177,false,3
1006,00921,CONSTRAINT_FK_SAVEPOINT_054,SQLITE_PARITY_921_CONSTRAINT_FK_SAVEPOINT_054.rs,P2,memory,GEN_SQL_CONSTRAINT_TX,36602658,46463195,1.269394,-26.939402,false,3
1007,10443,REC_SUM_TO_N_VIA_FOLD,SQLITE_PARITY_10443_REC_SUM_TO_N_VIA_FOLD.rs,P0,memory,SQL_RECURSIVE_CTE,33537052,42554512,1.268881,-26.888052,false,3
1008,10098,STRICT_NUMERIC_TYPE_REJECTED,SQLITE_PARITY_10098_STRICT_NUMERIC_TYPE_REJECTED.rs,P0,memory,SQL_STRICT_TABLES,30728863,38980913,1.268544,-26.854394,false,3
1009,11958,WIN_FIRST_VALUE_EXCL_TIES,SQLITE_PARITY_11958_WIN_FIRST_VALUE_EXCL_TIES.rs,P0,memory,SQL_WINDOW,19494545,24721023,1.268100,-26.809951,false,3
1010,10006,IS_NULL_DEFINITE_BOOL,SQLITE_PARITY_10006_IS_NULL_DEFINITE_BOOL.rs,P0,memory,SQL_NULL_SEMANTICS,27541436,34887460,1.266726,-26.672625,false,3
1011,00903,CONSTRAINT_FK_SAVEPOINT_036,SQLITE_PARITY_903_CONSTRAINT_FK_SAVEPOINT_036.rs,P2,memory,GEN_SQL_CONSTRAINT_TX,29940861,37924392,1.266643,-26.664333,false,3
1012,00599,AGG_GROUP_HAVING_092,SQLITE_PARITY_599_AGG_GROUP_HAVING_092.rs,P1,memory,GEN_SQL_AGGREGATE,31018893,39284327,1.266465,-26.646451,false,3
1013,10160,DOT_MODE_LIST_AFTER_CSV,SQLITE_PARITY_10160_DOT_MODE_LIST_AFTER_CSV.rs,P0,memory,CLI_DOT_COMMAND,19909930,25196243,1.265511,-26.551138,false,3
1014,11085,MATH_TANH_1_0,SQLITE_PARITY_11085_MATH_TANH_1_0.rs,P1,memory,SQL_MATH,28771716,36409553,1.265463,-26.546338,false,3
1015,11939,WIN_MIN_EXCL_NO_OTHERS,SQLITE_PARITY_11939_WIN_MIN_EXCL_NO_OTHERS.rs,P0,memory,SQL_WINDOW,29605104,37425417,1.264154,-26.415421,false,3
1016,11400,STRING_LENGTH_ABC,SQLITE_PARITY_11400_STRING_LENGTH_ABC.rs,P0,memory,SQL_STRING,24841532,31386448,1.263467,-26.346668,false,3
1017,11542,DATETIME_DATETIME_EPOCH_START_OF_YEAR,SQLITE_PARITY_11542_DATETIME_DATETIME_EPOCH_START_OF_YEAR.rs,P0,memory,SQL_DATETIME,37080734,46836151,1.263086,-26.308587,false,3
1018,00710,CTE_RECURSIVE_MATRIX_003,SQLITE_PARITY_710_CTE_RECURSIVE_MATRIX_003.rs,P1,memory,GEN_SQL_CTE,18611392,23495392,1.262420,-26.241992,false,3
1019,01002,VIEW_TRIGGER_GENERATED_055,SQLITE_PARITY_1002_VIEW_TRIGGER_GENERATED_055.rs,P2,memory,GEN_SQL_VIEW_TRIGGER,29046877,36668392,1.262387,-26.238673,false,3
1020,11722,DATETIME_DATETIME_EPOCH_BASE,SQLITE_PARITY_11722_DATETIME_DATETIME_EPOCH_BASE.rs,P0,memory,SQL_DATETIME,32525697,41051054,1.262111,-26.211143,false,3
1021,10316,PRAGMA_RECURSIVE_TRIGGERS_DEFAULT,SQLITE_PARITY_10316_PRAGMA_RECURSIVE_TRIGGERS_DEFAULT.rs,P0,memory,SQL_TRANSACTION,30368560,38321864,1.261893,-26.189269,false,3
1022,00324,SCALAR_ARITH_025,SQLITE_PARITY_324_SCALAR_ARITH_025.rs,P1,memory,GEN_SQL_SCALAR,40514849,51120206,1.261765,-26.176469,false,3
1023,10218,OPT_MODE_MARKDOWN,SQLITE_PARITY_10218_OPT_MODE_MARKDOWN.rs,P0,memory,CLI_OPTION,27362687,34512800,1.261309,-26.130888,false,3
1024,11052,MATH_LN_1_0,SQLITE_PARITY_11052_MATH_LN_1_0.rs,P1,memory,SQL_MATH,23002589,29006551,1.261012,-26.101245,false,3
1025,11323,AFFINITY_REAL_NULL_LIT,SQLITE_PARITY_11323_AFFINITY_REAL_NULL_LIT.rs,P0,memory,SQL_TYPE_AFFINITY,24786858,31254799,1.260942,-26.094235,false,3
1026,10502,SCALAR_SUBQUERY_MULTI_COLUMN_ERROR,SQLITE_PARITY_10502_SCALAR_SUBQUERY_MULTI_COLUMN_ERROR.rs,P0,memory,SQL_SUBQUERY,29280510,36910361,1.260578,-26.057780,false,3
1027,00934,CONSTRAINT_FK_SAVEPOINT_067,SQLITE_PARITY_934_CONSTRAINT_FK_SAVEPOINT_067.rs,P2,memory,GEN_SQL_CONSTRAINT_TX,34540623,43510522,1.259691,-25.969129,false,3
1028,00933,CONSTRAINT_FK_SAVEPOINT_066,SQLITE_PARITY_933_CONSTRAINT_FK_SAVEPOINT_066.rs,P2,memory,GEN_SQL_CONSTRAINT_TX,31549337,39726996,1.259202,-25.920225,false,3
1029,10258,PRAGMA_LOCKING_MODE_EXCLUSIVE_SET,SQLITE_PARITY_10258_PRAGMA_LOCKING_MODE_EXCLUSIVE_SET.rs,P0,memory,SQL_PRAGMA,33097760,41662532,1.258772,-25.877195,false,3
1030,00477,DML_WHERE_ORDER_LIMIT_090,SQLITE_PARITY_477_DML_WHERE_ORDER_LIMIT_090.rs,P1,memory,GEN_SQL_DML,35929954,45207517,1.258212,-25.821249,false,3
1031,00907,CONSTRAINT_FK_SAVEPOINT_040,SQLITE_PARITY_907_CONSTRAINT_FK_SAVEPOINT_040.rs,P2,memory,GEN_SQL_CONSTRAINT_TX,27530375,34638628,1.258197,-25.819674,false,3
1032,10493,IN_SELECT_SUBQUERY_BASIC,SQLITE_PARITY_10493_IN_SELECT_SUBQUERY_BASIC.rs,P0,memory,SQL_SUBQUERY,29691618,37355514,1.258116,-25.811648,false,3
1033,00844,WINDOW_PARTITION_SUM_057,SQLITE_PARITY_844_WINDOW_PARTITION_SUM_057.rs,P2,memory,GEN_SQL_WINDOW,35396664,44528781,1.257994,-25.799372,false,3
1034,00979,VIEW_TRIGGER_GENERATED_032,SQLITE_PARITY_979_VIEW_TRIGGER_GENERATED_032.rs,P2,memory,GEN_SQL_VIEW_TRIGGER,34535273,43405043,1.256832,-25.683220,false,3
1035,00974,VIEW_TRIGGER_GENERATED_027,SQLITE_PARITY_974_VIEW_TRIGGER_GENERATED_027.rs,P2,memory,GEN_SQL_VIEW_TRIGGER,27653277,34748015,1.256560,-25.656048,false,3
1036,00409,DML_WHERE_ORDER_LIMIT_022,SQLITE_PARITY_409_DML_WHERE_ORDER_LIMIT_022.rs,P1,memory,GEN_SQL_DML,33317506,41827434,1.255419,-25.541912,false,3
1037,10400,PRAGMA_INDEX_INFO_TVF,SQLITE_PARITY_10400_PRAGMA_INDEX_INFO_TVF.rs,P0,memory,SQL_SCHEMA_INTROSPECTION,27218374,34151506,1.254722,-25.472249,false,3
1038,10538,MIN_MAX_OVER_BLOBS_BYTEWISE,SQLITE_PARITY_10538_MIN_MAX_OVER_BLOBS_BYTEWISE.rs,P0,memory,SQL_AGGREGATE_ADV,32432730,40678078,1.254229,-25.422923,false,3
1039,00766,CTE_RECURSIVE_MATRIX_059,SQLITE_PARITY_766_CTE_RECURSIVE_MATRIX_059.rs,P1,memory,GEN_SQL_CTE,22988862,28830247,1.254096,-25.409631,false,3
1040,10543,TOTAL_ALL_NULL_RETURNS_ZERO_REAL,SQLITE_PARITY_10543_TOTAL_ALL_NULL_RETURNS_ZERO_REAL.rs,P0,memory,SQL_AGGREGATE_ADV,24281081,30425048,1.253035,-25.303515,false,3
1041,10032,CREATE_INDEX_ASC_DEFAULT_OK,SQLITE_PARITY_10032_CREATE_INDEX_ASC_DEFAULT_OK.rs,P0,memory,SQL_NULL_ORDER,31604892,39601779,1.253027,-25.302687,false,3
1042,01070,INDEX_SCHEMA_PRAGMA_003,SQLITE_PARITY_1070_INDEX_SCHEMA_PRAGMA_003.rs,P2,memory,GEN_SQL_INDEX_PRAGMA,23793096,29808931,1.252840,-25.283952,false,3
1043,11004,MATH_ACOSH_1_0,SQLITE_PARITY_11004_MATH_ACOSH_1_0.rs,P1,memory,SQL_MATH,29059591,36402118,1.252671,-25.267138,false,3
1044,11840,JSON_QUOTE_STR,SQLITE_PARITY_11840_JSON_QUOTE_STR.rs,P0,memory,SQL_JSON,28487528,35660754,1.251802,-25.180233,false,3
1045,00708,CTE_RECURSIVE_MATRIX_001,SQLITE_PARITY_708_CTE_RECURSIVE_MATRIX_001.rs,P1,memory,GEN_SQL_CTE,25019079,31317277,1.251736,-25.173581,false,3
1046,11667,DATETIME_DATETIME_UNIX_PLUS_5_DAYS,SQLITE_PARITY_11667_DATETIME_DATETIME_UNIX_PLUS_5_DAYS.rs,P0,memory,SQL_DATETIME,23696073,29660169,1.251691,-25.169132,false,3
1047,10031,ORDER_BY_DESC_NULLS_LAST_EXPLICIT,SQLITE_PARITY_10031_ORDER_BY_DESC_NULLS_LAST_EXPLICIT.rs,P0,memory,SQL_NULL_ORDER,26124883,32686421,1.251160,-25.116047,false,3
1048,01083,INDEX_SCHEMA_PRAGMA_016,SQLITE_PARITY_1083_INDEX_SCHEMA_PRAGMA_016.rs,P2,memory,GEN_SQL_INDEX_PRAGMA,31128981,38934104,1.250735,-25.073493,false,3
1049,10388,ALIAS_QUALIFIED_UPDATE_DELETE,SQLITE_PARITY_10388_ALIAS_QUALIFIED_UPDATE_DELETE.rs,P0,memory,SQL_ATTACH,32459731,40540116,1.248936,-24.893567,false,3
1050,11944,WIN_MAX_RANGE_UNBND_PREC_CURRENT,SQLITE_PARITY_11944_WIN_MAX_RANGE_UNBND_PREC_CURRENT.rs,P0,memory,SQL_WINDOW,21696405,27064332,1.247411,-24.741090,false,3
1051,10597,GLOB_CHAR_RANGE,SQLITE_PARITY_10597_GLOB_CHAR_RANGE.rs,P0,memory,SQL_PATTERN,32854710,40959771,1.246694,-24.669404,false,3
1052,11844,JSON_DARROW_,SQLITE_PARITY_11844_JSON_DARROW_.rs,P0,memory,SQL_JSON,32087717,39999923,1.246581,-24.658052,false,3
1053,00776,CTE_RECURSIVE_MATRIX_069,SQLITE_PARITY_776_CTE_RECURSIVE_MATRIX_069.rs,P1,memory,GEN_SQL_CTE,33778720,42107414,1.246566,-24.656630,false,3
1054,10554,NO_SUCH_TABLE,SQLITE_PARITY_10554_NO_SUCH_TABLE.rs,P0,memory,SQL_ERROR_MESSAGES,23641429,29470229,1.246550,-24.655024,false,3
1055,00959,VIEW_TRIGGER_GENERATED_012,SQLITE_PARITY_959_VIEW_TRIGGER_GENERATED_012.rs,P2,memory,GEN_SQL_VIEW_TRIGGER,28879510,35961133,1.245213,-24.521271,false,3
1056,00549,AGG_GROUP_HAVING_042,SQLITE_PARITY_549_AGG_GROUP_HAVING_042.rs,P1,memory,GEN_SQL_AGGREGATE,29887880,37205300,1.244829,-24.482901,false,3
1057,10451,JOIN_NATURAL,SQLITE_PARITY_10451_JOIN_NATURAL.rs,P0,memory,SQL_JOIN,34943125,43498079,1.244825,-24.482510,false,3
1058,00406,DML_WHERE_ORDER_LIMIT_019,SQLITE_PARITY_406_DML_WHERE_ORDER_LIMIT_019.rs,P1,memory,GEN_SQL_DML,42984957,53505594,1.244752,-24.475160,false,3
1059,00636,JOIN_SUBQUERY_EXISTS_029,SQLITE_PARITY_636_JOIN_SUBQUERY_EXISTS_029.rs,P1,memory,GEN_SQL_JOIN_SUBQUERY,25096816,31222438,1.244080,-24.407965,false,3
1060,10506,SUBQUERY_IN_INSERT_VALUES,SQLITE_PARITY_10506_SUBQUERY_IN_INSERT_VALUES.rs,P0,memory,SQL_SUBQUERY,23233105,28900761,1.243947,-24.394742,false,3
1061,11689,DATETIME_STRFTIME_ISO_UNIX_PLUS_30_MINUTES,SQLITE_PARITY_11689_DATETIME_STRFTIME_ISO_UNIX_PLUS_30_MINUTES.rs,P0,memory,SQL_DATETIME,32104148,39919380,1.243434,-24.343371,false,3
1062,11545,DATETIME_DATE_EPOCH_WEEKDAY_0,SQLITE_PARITY_11545_DATETIME_DATE_EPOCH_WEEKDAY_0.rs,P0,memory,SQL_DATETIME,21258525,26419500,1.242772,-24.277202,false,3
1063,10159,CLI_FLAG_ASCII,SQLITE_PARITY_10159_CLI_FLAG_ASCII.rs,P0,memory,CLI_OUTPUT_MODE,21193252,26294404,1.240697,-24.069699,false,3
1064,00914,CONSTRAINT_FK_SAVEPOINT_047,SQLITE_PARITY_914_CONSTRAINT_FK_SAVEPOINT_047.rs,P2,memory,GEN_SQL_CONSTRAINT_TX,28551058,35400611,1.239905,-23.990540,false,3
1065,10174,DOT_SCHEMA_SQLITE_MASTER,SQLITE_PARITY_10174_DOT_SCHEMA_SQLITE_MASTER.rs,P0,memory,CLI_DOT_COMMAND,23617163,29271913,1.239434,-23.943392,false,3
1066,00811,WINDOW_PARTITION_SUM_024,SQLITE_PARITY_811_WINDOW_PARTITION_SUM_024.rs,P2,memory,GEN_SQL_WINDOW,30435969,37714294,1.239136,-23.913564,false,3
1067,00249,SCALAR_CAST_TYPEOF_006,SQLITE_PARITY_249_SCALAR_CAST_TYPEOF_006.rs,P1,memory,GEN_SQL_SCALAR,126271289,156446362,1.238970,-23.897018,false,3
1068,01127,INDEX_SCHEMA_PRAGMA_060,SQLITE_PARITY_1127_INDEX_SCHEMA_PRAGMA_060.rs,P2,memory,GEN_SQL_INDEX_PRAGMA,30137382,37337971,1.238925,-23.892550,false,3
1069,10131,MODE_HTML_BASIC,SQLITE_PARITY_10131_MODE_HTML_BASIC.rs,P0,memory,CLI_OUTPUT_MODE,27138283,33600412,1.238119,-23.811856,false,3
1070,00913,CONSTRAINT_FK_SAVEPOINT_046,SQLITE_PARITY_913_CONSTRAINT_FK_SAVEPOINT_046.rs,P2,memory,GEN_SQL_CONSTRAINT_TX,31919388,39482503,1.236944,-23.694424,false,3
1071,00880,CONSTRAINT_FK_SAVEPOINT_013,SQLITE_PARITY_880_CONSTRAINT_FK_SAVEPOINT_013.rs,P2,memory,GEN_SQL_CONSTRAINT_TX,38957498,48129572,1.235438,-23.543796,false,3
1072,10070,CHANGES_AND_TOTAL_CHANGES,SQLITE_PARITY_10070_CHANGES_AND_TOTAL_CHANGES.rs,P0,memory,SQL_AUTOINCREMENT,29395548,36310285,1.235231,-23.523076,false,3
1073,00943,CONSTRAINT_FK_SAVEPOINT_076,SQLITE_PARITY_943_CONSTRAINT_FK_SAVEPOINT_076.rs,P2,memory,GEN_SQL_CONSTRAINT_TX,38185126,47114649,1.233848,-23.384820,false,3
1074,11089,MATH_TRUNC_1_6,SQLITE_PARITY_11089_MATH_TRUNC_1_6.rs,P1,memory,SQL_MATH,31659726,39039403,1.233094,-23.309352,false,3
1075,11329,AFFINITY_DOUBLE_TEXT_BARE,SQLITE_PARITY_11329_AFFINITY_DOUBLE_TEXT_BARE.rs,P0,memory,SQL_TYPE_AFFINITY,32837828,40491204,1.233066,-23.306584,false,3
1076,11359,AFFINITY_NUMERIC_REAL_BIG,SQLITE_PARITY_11359_AFFINITY_NUMERIC_REAL_BIG.rs,P0,memory,SQL_TYPE_AFFINITY,28579792,35210812,1.232018,-23.201778,false,3
1077,01123,INDEX_SCHEMA_PRAGMA_056,SQLITE_PARITY_1123_INDEX_SCHEMA_PRAGMA_056.rs,P2,memory,GEN_SQL_INDEX_PRAGMA,31959834,39359841,1.231541,-23.154085,false,3
1078,10312,ROLLBACK_ERASES_ALL_WRITES,SQLITE_PARITY_10312_ROLLBACK_ERASES_ALL_WRITES.rs,P0,memory,SQL_TRANSACTION,24181071,29776810,1.231410,-23.140989,false,3
1079,10281,FK_UPDATE_NO_ACTION_REJECTED,SQLITE_PARITY_10281_FK_UPDATE_NO_ACTION_REJECTED.rs,P0,memory,SQL_FOREIGN_KEYS,23370425,28777547,1.231366,-23.136601,false,3
1080,11097,MATH_LOG_10_0_100_0,SQLITE_PARITY_11097_MATH_LOG_10_0_100_0.rs,P1,memory,SQL_MATH,30041060,36982498,1.231065,-23.106502,false,3
1081,10485,COMPOUND_DISTINCT_INSIDE_VS_UNION,SQLITE_PARITY_10485_COMPOUND_DISTINCT_INSIDE_VS_UNION.rs,P0,memory,SQL_COMPOUND,38068274,46847703,1.230623,-23.062325,false,3
1082,10503,SUBQUERY_GROUP_BY_HAVING_IN_WHERE,SQLITE_PARITY_10503_SUBQUERY_GROUP_BY_HAVING_IN_WHERE.rs,P0,memory,SQL_SUBQUERY,29936643,36827164,1.230170,-23.017013,false,3
1083,00889,CONSTRAINT_FK_SAVEPOINT_022,SQLITE_PARITY_889_CONSTRAINT_FK_SAVEPOINT_022.rs,P2,memory,GEN_SQL_CONSTRAINT_TX,26102991,32105791,1.229966,-22.996598,false,3
1084,10453,JOIN_SELF,SQLITE_PARITY_10453_JOIN_SELF.rs,P0,memory,SQL_JOIN,28823754,35431881,1.229260,-22.925976,false,3
1085,10434,REC_DFS_ORDER_TREE,SQLITE_PARITY_10434_REC_DFS_ORDER_TREE.rs,P0,memory,SQL_RECURSIVE_CTE,40927280,50305182,1.229136,-22.913573,false,3
1086,00957,VIEW_TRIGGER_GENERATED_010,SQLITE_PARITY_957_VIEW_TRIGGER_GENERATED_010.rs,P2,memory,GEN_SQL_VIEW_TRIGGER,31986275,39303795,1.228771,-22.877062,false,3
1087,11709,DATETIME_STRFTIME_ISO_UNIX_START_OF_YEAR,SQLITE_PARITY_11709_DATETIME_STRFTIME_ISO_UNIX_START_OF_YEAR.rs,P0,memory,SQL_DATETIME,26936280,33080788,1.228113,-22.811272,false,3
1088,00341,SCALAR_CAST_TYPEOF_029,SQLITE_PARITY_341_SCALAR_CAST_TYPEOF_029.rs,P1,memory,GEN_SQL_SCALAR,23851937,29287904,1.227905,-22.790464,false,3
1089,11707,DATETIME_DATETIME_UNIX_START_OF_YEAR,SQLITE_PARITY_11707_DATETIME_DATETIME_UNIX_START_OF_YEAR.rs,P0,memory,SQL_DATETIME,25041621,30745585,1.227779,-22.777934,false,3
1090,00587,AGG_GROUP_HAVING_080,SQLITE_PARITY_587_AGG_GROUP_HAVING_080.rs,P1,memory,GEN_SQL_AGGREGATE,27143602,33313308,1.227299,-22.729872,false,3
1091,10249,PRAGMA_DEFER_FOREIGN_KEYS_TOGGLE,SQLITE_PARITY_10249_PRAGMA_DEFER_FOREIGN_KEYS_TOGGLE.rs,P0,memory,SQL_PRAGMA,32658849,40064907,1.226770,-22.677033,false,3
1092,11641,DATETIME_TIME_DATE_2024_START_OF_DAY,SQLITE_PARITY_11641_DATETIME_TIME_DATE_2024_START_OF_DAY.rs,P0,memory,SQL_DATETIME,30263661,37119417,1.226534,-22.653426,false,3
1093,10289,PRAGMA_FOREIGN_KEY_LIST_BASIC,SQLITE_PARITY_10289_PRAGMA_FOREIGN_KEY_LIST_BASIC.rs,P0,memory,SQL_FOREIGN_KEYS,29399154,36011198,1.224906,-22.490593,false,3
1094,10572,ALTER_TABLE_ON_VIEW,SQLITE_PARITY_10572_ALTER_TABLE_ON_VIEW.rs,P0,memory,SQL_ERROR_MESSAGES,31036546,37998723,1.224322,-22.432190,false,3
1095,11058,MATH_LOG10_100_0,SQLITE_PARITY_11058_MATH_LOG10_100_0.rs,P1,memory,SQL_MATH,27106742,33172672,1.223779,-22.377938,false,3
1096,10583,DUPLICATE_VIEW_NAME,SQLITE_PARITY_10583_DUPLICATE_VIEW_NAME.rs,P0,memory,SQL_ERROR_MESSAGES,24279066,29678784,1.222402,-22.240221,false,3
1097,00465,DML_WHERE_ORDER_LIMIT_078,SQLITE_PARITY_465_DML_WHERE_ORDER_LIMIT_078.rs,P1,memory,GEN_SQL_DML,26410914,32284560,1.222395,-22.239465,false,3
1098,10225,OPT_VFS_UNIX,SQLITE_PARITY_10225_OPT_VFS_UNIX.rs,P0,memory,CLI_OPTION,31664776,38689631,1.221851,-22.185077,false,3
1099,10614,ZEROBLOB_TYPEOF_AND_HEX,SQLITE_PARITY_10614_ZEROBLOB_TYPEOF_AND_HEX.rs,P0,memory,SQL_BLOB,23933252,29239482,1.221710,-22.170953,false,3
1100,10334,INSERT_OR_IGNORE_SKIPS_ROW,SQLITE_PARITY_10334_INSERT_OR_IGNORE_SKIPS_ROW.rs,P0,memory,SQL_UPSERT,22284539,27211781,1.221106,-22.110585,false,3
1101,10171,DOT_NULLVALUE_EMPTY,SQLITE_PARITY_10171_DOT_NULLVALUE_EMPTY.rs,P0,memory,CLI_DOT_COMMAND,25724444,31372312,1.219553,-21.955258,false,3
1102,00870,CONSTRAINT_FK_SAVEPOINT_003,SQLITE_PARITY_870_CONSTRAINT_FK_SAVEPOINT_003.rs,P2,memory,GEN_SQL_CONSTRAINT_TX,36285698,44237620,1.219148,-21.914756,false,3
1103,12006,PRAGMA_SYNCHRONOUS,SQLITE_PARITY_12006_PRAGMA_SYNCHRONOUS.rs,P1,memory,SQL_PRAGMA,19403602,23647229,1.218703,-21.870305,false,3
1104,10111,MODE_LIST_SEP_TAB,SQLITE_PARITY_10111_MODE_LIST_SEP_TAB.rs,P0,memory,CLI_OUTPUT_MODE,24240934,29530352,1.218202,-21.820191,false,3
1105,00847,WINDOW_PARTITION_SUM_060,SQLITE_PARITY_847_WINDOW_PARTITION_SUM_060.rs,P2,memory,GEN_SQL_WINDOW,24140404,29377964,1.216962,-21.696240,false,3
1106,11210,CAST_INT_NEG_3_AS_INTEGER,SQLITE_PARITY_11210_CAST_INT_NEG_3_AS_INTEGER.rs,P0,memory,SQL_CAST,24805895,30154745,1.215628,-21.562818,false,3
1107,10286,FK_DEFERRED_PASSES_INSIDE_TXN,SQLITE_PARITY_10286_FK_DEFERRED_PASSES_INSIDE_TXN.rs,P0,memory,SQL_FOREIGN_KEYS,29255533,35560304,1.215507,-21.550696,false,3
1108,10147,MODE_MARKDOWN_BASIC,SQLITE_PARITY_10147_MODE_MARKDOWN_BASIC.rs,P0,memory,CLI_OUTPUT_MODE,27314907,33179785,1.214713,-21.471345,false,3
1109,11708,DATETIME_JULIANDAY_UNIX_START_OF_YEAR,SQLITE_PARITY_11708_DATETIME_JULIANDAY_UNIX_START_OF_YEAR.rs,P0,memory,SQL_DATETIME,33643654,40811240,1.213044,-21.304422,false,3
1110,12016,PRAGMA_MMAP_SIZE,SQLITE_PARITY_12016_PRAGMA_MMAP_SIZE.rs,P1,memory,SQL_PRAGMA,15677825,19010126,1.212549,-21.254868,false,3
1111,00574,AGG_GROUP_HAVING_067,SQLITE_PARITY_574_AGG_GROUP_HAVING_067.rs,P1,memory,GEN_SQL_AGGREGATE,23934825,29018934,1.212415,-21.241471,false,3
1112,00681,JOIN_SUBQUERY_EXISTS_074,SQLITE_PARITY_681_JOIN_SUBQUERY_EXISTS_074.rs,P1,memory,GEN_SQL_JOIN_SUBQUERY,36325694,44024125,1.211928,-21.192798,false,3
1113,00668,JOIN_SUBQUERY_EXISTS_061,SQLITE_PARITY_668_JOIN_SUBQUERY_EXISTS_061.rs,P1,memory,GEN_SQL_JOIN_SUBQUERY,23930506,28994939,1.211631,-21.163084,false,3
1114,11419,STRING_RTRIM_NO_SPACE,SQLITE_PARITY_11419_STRING_RTRIM_NO_SPACE.rs,P0,memory,SQL_STRING,31501787,38149488,1.211026,-21.102616,false,3
1115,00397,DML_WHERE_ORDER_LIMIT_010,SQLITE_PARITY_397_DML_WHERE_ORDER_LIMIT_010.rs,P1,memory,GEN_SQL_DML,47373460,57336940,1.210318,-21.031776,false,3
1116,11360,AFFINITY_NUMERIC_TEXT_NUM,SQLITE_PARITY_11360_AFFINITY_NUMERIC_TEXT_NUM.rs,P0,memory,SQL_TYPE_AFFINITY,29058510,35127925,1.208869,-20.886876,false,3
1117,10066,AUTOINCREMENT_PERSISTS_AFTER_DELETE_ALL,SQLITE_PARITY_10066_AUTOINCREMENT_PERSISTS_AFTER_DELETE_ALL.rs,P0,memory,SQL_AUTOINCREMENT,29959616,36189476,1.207942,-20.794192,false,3
1118,10201,OPT_HEADER_LIST,SQLITE_PARITY_10201_OPT_HEADER_LIST.rs,P0,memory,CLI_OPTION,19932874,24062566,1.207180,-20.717996,false,3
1119,10074,NO_SQLITE_SEQUENCE_WITHOUT_AUTOINCREMENT,SQLITE_PARITY_10074_NO_SQLITE_SEQUENCE_WITHOUT_AUTOINCREMENT.rs,P0,memory,SQL_AUTOINCREMENT,30314669,36579655,1.206665,-20.666516,false,3
1120,10381,DOT_DATABASES_LISTS_ATTACHED,SQLITE_PARITY_10381_DOT_DATABASES_LISTS_ATTACHED.rs,P0,memory,SQL_ATTACH,27396762,33047584,1.206259,-20.625875,false,3
1121,01032,JSON_EXTRACT_SET_025,SQLITE_PARITY_1032_JSON_EXTRACT_SET_025.rs,P2,memory,GEN_SQL_JSON,38198842,46074288,1.206170,-20.616976,false,3
1122,10569,UPSERT_CONFLICT_NO_MATCH,SQLITE_PARITY_10569_UPSERT_CONFLICT_NO_MATCH.rs,P0,memory,SQL_ERROR_MESSAGES,32325878,38957709,1.205155,-20.515548,false,3
1123,00807,WINDOW_PARTITION_SUM_020,SQLITE_PARITY_807_WINDOW_PARTITION_SUM_020.rs,P2,memory,GEN_SQL_WINDOW,34624712,41720432,1.204932,-20.493225,false,3
1124,10063,INTPK_NULL_PK_AFTER_DELETE_ALL,SQLITE_PARITY_10063_INTPK_NULL_PK_AFTER_DELETE_ALL.rs,P0,memory,SQL_AUTOINCREMENT,31504191,37957805,1.204849,-20.484938,false,3
1125,00300,SCALAR_ARITH_019,SQLITE_PARITY_300_SCALAR_ARITH_019.rs,P1,memory,GEN_SQL_SCALAR,24328420,29307811,1.204674,-20.467383,false,3
1126,10259,PRAGMA_BUSY_TIMEOUT_DEFAULT,SQLITE_PARITY_10259_PRAGMA_BUSY_TIMEOUT_DEFAULT.rs,P0,memory,SQL_PRAGMA,27182065,32741104,1.204511,-20.451128,false,3
1127,11625,DATETIME_DATE_DATE_2024_PLUS_3_HOURS,SQLITE_PARITY_11625_DATETIME_DATE_DATE_2024_PLUS_3_HOURS.rs,P0,memory,SQL_DATETIME,23784851,28648323,1.204478,-20.447772,false,3
1128,00893,CONSTRAINT_FK_SAVEPOINT_026,SQLITE_PARITY_893_CONSTRAINT_FK_SAVEPOINT_026.rs,P2,memory,GEN_SQL_CONSTRAINT_TX,24650380,29689194,1.204411,-20.441121,false,3
1129,10238,OPT_INIT_WITH_READ,SQLITE_PARITY_10238_OPT_INIT_WITH_READ.rs,P0,memory,CLI_OPTION,30803344,37087356,1.204004,-20.400421,false,3
1130,11107,MATH_MOD_10_5_3_0,SQLITE_PARITY_11107_MATH_MOD_10_5_3_0.rs,P1,memory,SQL_MATH,33243927,40022426,1.203902,-20.390187,false,3
1131,00371,SCALAR_NULL_COALESCE_036,SQLITE_PARITY_371_SCALAR_NULL_COALESCE_036.rs,P1,memory,GEN_SQL_SCALAR,36801204,44291492,1.203534,-20.353378,false,3
1132,00746,CTE_RECURSIVE_MATRIX_039,SQLITE_PARITY_746_CTE_RECURSIVE_MATRIX_039.rs,P1,memory,GEN_SQL_CTE,30523134,36729589,1.203336,-20.333610,false,3
1133,11339,AFFINITY_TEXT_NULL_LIT,SQLITE_PARITY_11339_AFFINITY_TEXT_NULL_LIT.rs,P0,memory,SQL_TYPE_AFFINITY,32720906,39324263,1.201809,-20.180850,false,3
1134,00355,SCALAR_NULL_COALESCE_032,SQLITE_PARITY_355_SCALAR_NULL_COALESCE_032.rs,P1,memory,GEN_SQL_SCALAR,46227278,55538975,1.201433,-20.143295,false,3
1135,00080,NOT_NULL_FAILURE,SQLITE_PARITY_080_NOT_NULL_FAILURE.rs,P0,memory,SQL_CONSTRAINTS_NEGATIVE,14903318,17904302,1.201363,-20.136348,false,3
1136,10598,GLOB_NEGATED_CHAR_CLASS,SQLITE_PARITY_10598_GLOB_NEGATED_CHAR_CLASS.rs,P0,memory,SQL_PATTERN,28648803,34417129,1.201346,-20.134614,false,3
1137,00780,CTE_RECURSIVE_MATRIX_073,SQLITE_PARITY_780_CTE_RECURSIVE_MATRIX_073.rs,P1,memory,GEN_SQL_CTE,29126427,34964546,1.200441,-20.044062,false,3
1138,10137,MODE_TCL_WITH_NEWLINE,SQLITE_PARITY_10137_MODE_TCL_WITH_NEWLINE.rs,P0,memory,CLI_OUTPUT_MODE,26116868,31328158,1.199537,-19.953733,false,3
1139,00721,CTE_RECURSIVE_MATRIX_014,SQLITE_PARITY_721_CTE_RECURSIVE_MATRIX_014.rs,P1,memory,GEN_SQL_CTE,28419749,34070251,1.198823,-19.882308,false,3
1140,00611,JOIN_SUBQUERY_EXISTS_004,SQLITE_PARITY_611_JOIN_SUBQUERY_EXISTS_004.rs,P1,memory,GEN_SQL_JOIN_SUBQUERY,28288570,33887115,1.197908,-19.790838,false,3
1141,00391,DML_WHERE_ORDER_LIMIT_004,SQLITE_PARITY_391_DML_WHERE_ORDER_LIMIT_004.rs,P1,memory,GEN_SQL_DML,35392937,42372297,1.197196,-19.719641,false,3
1142,11065,MATH_RADIANS_90_0,SQLITE_PARITY_11065_MATH_RADIANS_90_0.rs,P1,memory,SQL_MATH,30364913,36350190,1.197112,-19.711161,false,3
1143,00695,JOIN_SUBQUERY_EXISTS_088,SQLITE_PARITY_695_JOIN_SUBQUERY_EXISTS_088.rs,P1,memory,GEN_SQL_JOIN_SUBQUERY,31075439,37139124,1.195128,-19.512790,false,3
1144,00679,JOIN_SUBQUERY_EXISTS_072,SQLITE_PARITY_679_JOIN_SUBQUERY_EXISTS_072.rs,P1,memory,GEN_SQL_JOIN_SUBQUERY,27651504,33021495,1.194202,-19.420249,false,3
1145,01010,JSON_EXTRACT_SET_003,SQLITE_PARITY_1010_JSON_EXTRACT_SET_003.rs,P2,memory,GEN_SQL_JSON,25189391,30079112,1.194118,-19.411827,false,3
1146,00626,JOIN_SUBQUERY_EXISTS_019,SQLITE_PARITY_626_JOIN_SUBQUERY_EXISTS_019.rs,P1,memory,GEN_SQL_JOIN_SUBQUERY,31436944,37529855,1.193814,-19.381372,false,3
1147,00506,DML_WHERE_ORDER_LIMIT_119,SQLITE_PARITY_506_DML_WHERE_ORDER_LIMIT_119.rs,P1,memory,GEN_SQL_DML,34791669,41517939,1.193330,-19.332990,false,3
1148,00647,JOIN_SUBQUERY_EXISTS_040,SQLITE_PARITY_647_JOIN_SUBQUERY_EXISTS_040.rs,P1,memory,GEN_SQL_JOIN_SUBQUERY,34303644,40928702,1.193130,-19.312986,false,3
1149,11036,MATH_COSH_0_0,SQLITE_PARITY_11036_MATH_COSH_0_0.rs,P1,memory,SQL_MATH,30897101,36819058,1.191667,-19.166708,false,3
1150,11033,MATH_COS_1_0,SQLITE_PARITY_11033_MATH_COS_1_0.rs,P1,memory,SQL_MATH,25802072,30742158,1.191461,-19.146083,false,3
1151,00722,CTE_RECURSIVE_MATRIX_015,SQLITE_PARITY_722_CTE_RECURSIVE_MATRIX_015.rs,P1,memory,GEN_SQL_CTE,30629074,36461180,1.190411,-19.041078,false,3
1152,10186,DOT_EXIT_TERMINATES,SQLITE_PARITY_10186_DOT_EXIT_TERMINATES.rs,P0,memory,CLI_DOT_COMMAND,30400922,36185829,1.190287,-19.028722,false,3
1153,10371,INSERT_SELECT_RANGE_RETURNING,SQLITE_PARITY_10371_INSERT_SELECT_RANGE_RETURNING.rs,P0,memory,SQL_RETURNING,34235535,40709607,1.189104,-18.910387,false,3
1154,11623,DATETIME_JULIANDAY_DATE_2024_PLUS_1_YEAR,SQLITE_PARITY_11623_DATETIME_JULIANDAY_DATE_2024_PLUS_1_YEAR.rs,P0,memory,SQL_DATETIME,33886474,40266538,1.188278,-18.827760,false,3
1155,11646,DATETIME_TIME_DATE_2024_START_OF_MONTH,SQLITE_PARITY_11646_DATETIME_TIME_DATE_2024_START_OF_MONTH.rs,P0,memory,SQL_DATETIME,24820542,29488764,1.188079,-18.807897,false,3
1156,00634,JOIN_SUBQUERY_EXISTS_027,SQLITE_PARITY_634_JOIN_SUBQUERY_EXISTS_027.rs,P1,memory,GEN_SQL_JOIN_SUBQUERY,37845693,44959998,1.187982,-18.798189,false,3
1157,11236,CAST_TEXT_BARE_AS_REAL,SQLITE_PARITY_11236_CAST_TEXT_BARE_AS_REAL.rs,P0,memory,SQL_CAST,31416305,37298537,1.187235,-18.723500,false,3
1158,10526,AGGREGATE_OVER_EMPTY_SET,SQLITE_PARITY_10526_AGGREGATE_OVER_EMPTY_SET.rs,P0,memory,SQL_AGGREGATE_ADV,35215601,41807186,1.187178,-18.717798,false,3
1159,11607,DATETIME_DATETIME_Y2K_UTC,SQLITE_PARITY_11607_DATETIME_DATETIME_Y2K_UTC.rs,P0,memory,SQL_DATETIME,41228860,48939055,1.187010,-18.700966,false,3
1160,10161,DOT_MODE_CSV_AFTER_LIST,SQLITE_PARITY_10161_DOT_MODE_CSV_AFTER_LIST.rs,P0,memory,CLI_DOT_COMMAND,27592843,32750642,1.186925,-18.692525,false,3
1161,00405,DML_WHERE_ORDER_LIMIT_018,SQLITE_PARITY_405_DML_WHERE_ORDER_LIMIT_018.rs,P1,memory,GEN_SQL_DML,34794974,41298403,1.186907,-18.690714,false,3
1162,00823,WINDOW_PARTITION_SUM_036,SQLITE_PARITY_823_WINDOW_PARTITION_SUM_036.rs,P2,memory,GEN_SQL_WINDOW,40146390,47642579,1.186721,-18.672137,false,3
1163,11006,MATH_ACOSH_10_0,SQLITE_PARITY_11006_MATH_ACOSH_10_0.rs,P1,memory,SQL_MATH,29663615,35198890,1.186601,-18.660150,false,3
1164,10088,STRICT_REAL_REJECTS_NON_NUMERIC_TEXT,SQLITE_PARITY_10088_STRICT_REAL_REJECTS_NON_NUMERIC_TEXT.rs,P0,memory,SQL_STRICT_TABLES,24602229,29188866,1.186432,-18.643177,false,3
1165,00898,CONSTRAINT_FK_SAVEPOINT_031,SQLITE_PARITY_898_CONSTRAINT_FK_SAVEPOINT_031.rs,P2,memory,GEN_SQL_CONSTRAINT_TX,28770393,34126468,1.186166,-18.616621,false,3
1166,01037,JSON_EXTRACT_SET_030,SQLITE_PARITY_1037_JSON_EXTRACT_SET_030.rs,P2,memory,GEN_SQL_JSON,27543490,32667244,1.186024,-18.602414,false,3
1167,11310,AFFINITY_BIGINT_REAL_HALF,SQLITE_PARITY_11310_AFFINITY_BIGINT_REAL_HALF.rs,P0,memory,SQL_TYPE_AFFINITY,25054475,29694874,1.185212,-18.521238,false,3
1168,10156,CLI_FLAG_TABLE,SQLITE_PARITY_10156_CLI_FLAG_TABLE.rs,P0,memory,CLI_OUTPUT_MODE,27069552,32070464,1.184743,-18.474306,false,3
1169,11704,DATETIME_STRFTIME_ISO_UNIX_START_OF_MONTH,SQLITE_PARITY_11704_DATETIME_STRFTIME_ISO_UNIX_START_OF_MONTH.rs,P0,memory,SQL_DATETIME,28182330,33385054,1.184609,-18.460943,false,3
1170,11739,DATETIME_STRFTIME_ISO_UNIX_BASE,SQLITE_PARITY_11739_DATETIME_STRFTIME_ISO_UNIX_BASE.rs,P0,memory,SQL_DATETIME,32728901,38763250,1.184374,-18.437371,false,3
1171,11937,WIN_MIN_EXCL_GROUP,SQLITE_PARITY_11937_WIN_MIN_EXCL_GROUP.rs,P0,memory,SQL_WINDOW,27421769,32450654,1.183390,-18.339025,false,3
1172,10345,ON_CONFLICT_NO_TARGET_DO_NOTHING_MIXED_BATCH,SQLITE_PARITY_10345_ON_CONFLICT_NO_TARGET_DO_NOTHING_MIXED_BATCH.rs,P0,memory,SQL_UPSERT,35008348,41419602,1.183135,-18.313501,false,3
1173,00777,CTE_RECURSIVE_MATRIX_070,SQLITE_PARITY_777_CTE_RECURSIVE_MATRIX_070.rs,P1,memory,GEN_SQL_CTE,23548754,27855380,1.182881,-18.288127,false,3
1174,00644,JOIN_SUBQUERY_EXISTS_037,SQLITE_PARITY_644_JOIN_SUBQUERY_EXISTS_037.rs,P1,memory,GEN_SQL_JOIN_SUBQUERY,30019109,35506802,1.182807,-18.280666,false,3
1175,11711,DATETIME_TIME_UNIX_WEEKDAY_0,SQLITE_PARITY_11711_DATETIME_TIME_UNIX_WEEKDAY_0.rs,P0,memory,SQL_DATETIME,28326733,33491545,1.182330,-18.232996,false,3
1176,10362,UPSERT_RETURNING_UPDATE_PATH,SQLITE_PARITY_10362_UPSERT_RETURNING_UPDATE_PATH.rs,P0,memory,SQL_RETURNING,34137809,40357199,1.182185,-18.218480,false,3
1177,10394,SQLITE_SCHEMA_ALIAS,SQLITE_PARITY_10394_SQLITE_SCHEMA_ALIAS.rs,P0,memory,SQL_SCHEMA_INTROSPECTION,26978179,31892237,1.182149,-18.214936,false,3
1178,00536,AGG_GROUP_HAVING_029,SQLITE_PARITY_536_AGG_GROUP_HAVING_029.rs,P1,memory,GEN_SQL_AGGREGATE,42002186,49602621,1.180953,-18.095332,false,3
1179,00982,VIEW_TRIGGER_GENERATED_035,SQLITE_PARITY_982_VIEW_TRIGGER_GENERATED_035.rs,P2,memory,GEN_SQL_VIEW_TRIGGER,23647831,27882241,1.179061,-17.906124,false,3
1180,11580,DATETIME_DATE_Y2K_PLUS_10_SECONDS,SQLITE_PARITY_11580_DATETIME_DATE_Y2K_PLUS_10_SECONDS.rs,P0,memory,SQL_DATETIME,34567133,40684801,1.176979,-17.697933,false,3
1181,10414,RENAME_COLUMN_REWRITES_VIEW,SQLITE_PARITY_10414_RENAME_COLUMN_REWRITES_VIEW.rs,P0,memory,SQL_ALTER,29861921,35122354,1.176159,-17.615856,false,3
1182,10459,JOIN_ON_VS_WHERE_LEFT_DIFFERS,SQLITE_PARITY_10459_JOIN_ON_VS_WHERE_LEFT_DIFFERS.rs,P0,memory,SQL_JOIN,30553130,35929343,1.175963,-17.596276,false,3
1183,10548,PRIMARY_KEY_DUPLICATE_FAILS,SQLITE_PARITY_10548_PRIMARY_KEY_DUPLICATE_FAILS.rs,P0,memory,SQL_ERROR_MESSAGES,30509868,35858980,1.175324,-17.532400,false,3
1184,00892,CONSTRAINT_FK_SAVEPOINT_025,SQLITE_PARITY_892_CONSTRAINT_FK_SAVEPOINT_025.rs,P2,memory,GEN_SQL_CONSTRAINT_TX,30948549,36345261,1.174377,-17.437690,false,3
1185,11012,MATH_ASINH_1_0,SQLITE_PARITY_11012_MATH_ASINH_1_0.rs,P1,memory,SQL_MATH,26459486,31060831,1.173902,-17.390153,false,3
1186,11728,DATETIME_JULIANDAY_Y2K_BASE,SQLITE_PARITY_11728_DATETIME_JULIANDAY_Y2K_BASE.rs,P0,memory,SQL_DATETIME,31349178,36782048,1.173302,-17.330183,false,3
1187,00820,WINDOW_PARTITION_SUM_033,SQLITE_PARITY_820_WINDOW_PARTITION_SUM_033.rs,P2,memory,GEN_SQL_WINDOW,35206534,41291480,1.172836,-17.283570,false,3
1188,00627,JOIN_SUBQUERY_EXISTS_020,SQLITE_PARITY_627_JOIN_SUBQUERY_EXISTS_020.rs,P1,memory,GEN_SQL_JOIN_SUBQUERY,32688425,38338055,1.172833,-17.283274,false,3
1189,10313,COMMIT_AFTER_ONLY_SELECTS,SQLITE_PARITY_10313_COMMIT_AFTER_ONLY_SELECTS.rs,P0,memory,SQL_TRANSACTION,36551421,42847787,1.172260,-17.226050,false,3
1190,00488,DML_WHERE_ORDER_LIMIT_101,SQLITE_PARITY_488_DML_WHERE_ORDER_LIMIT_101.rs,P1,memory,GEN_SQL_DML,45835135,53723546,1.172104,-17.210402,false,3
1191,11810,JSON_JSON_EXTRACT_MISSING,SQLITE_PARITY_11810_JSON_JSON_EXTRACT_MISSING.rs,P0,memory,SQL_JSON,27502742,32174100,1.169851,-16.985063,false,3
1192,11051,MATH_FLOOR_1_6,SQLITE_PARITY_11051_MATH_FLOOR_1_6.rs,P1,memory,SQL_MATH,30245347,35372769,1.169528,-16.952763,false,3
1193,00615,JOIN_SUBQUERY_EXISTS_008,SQLITE_PARITY_615_JOIN_SUBQUERY_EXISTS_008.rs,P1,memory,GEN_SQL_JOIN_SUBQUERY,31599241,36953373,1.169439,-16.943863,false,3
1194,11679,DATETIME_STRFTIME_ISO_UNIX_PLUS_1_YEAR,SQLITE_PARITY_11679_DATETIME_STRFTIME_ISO_UNIX_PLUS_1_YEAR.rs,P0,memory,SQL_DATETIME,31801685,37169341,1.168785,-16.878527,false,3
1195,10322,ON_CONFLICT_DO_NOTHING_NO_TARGET,SQLITE_PARITY_10322_ON_CONFLICT_DO_NOTHING_NO_TARGET.rs,P0,memory,SQL_UPSERT,28288350,33054728,1.168493,-16.849261,false,3
1196,00629,JOIN_SUBQUERY_EXISTS_022,SQLITE_PARITY_629_JOIN_SUBQUERY_EXISTS_022.rs,P1,memory,GEN_SQL_JOIN_SUBQUERY,32459832,37913331,1.168008,-16.800762,false,3
1197,10418,DROP_COLUMN_USED_BY_INDEX_ERRORS,SQLITE_PARITY_10418_DROP_COLUMN_USED_BY_INDEX_ERRORS.rs,P0,memory,SQL_ALTER,32318794,37736766,1.167642,-16.764153,false,3
1198,00920,CONSTRAINT_FK_SAVEPOINT_053,SQLITE_PARITY_920_CONSTRAINT_FK_SAVEPOINT_053.rs,P2,memory,GEN_SQL_CONSTRAINT_TX,33873319,39549329,1.167566,-16.756581,false,3
1199,00407,DML_WHERE_ORDER_LIMIT_020,SQLITE_PARITY_407_DML_WHERE_ORDER_LIMIT_020.rs,P1,memory,GEN_SQL_DML,35526780,41473494,1.167387,-16.738680,false,3
1200,10061,INTPK_NEXT_AUTO_ABOVE_EXPLICIT,SQLITE_PARITY_10061_INTPK_NEXT_AUTO_ABOVE_EXPLICIT.rs,P0,memory,SQL_AUTOINCREMENT,32890988,38393852,1.167306,-16.730613,false,3
1201,11430,STRING_UNICODE_A,SQLITE_PARITY_11430_STRING_UNICODE_A.rs,P0,memory,SQL_STRING,23563281,27486943,1.166516,-16.651594,false,3
1202,10096,STRICT_ANY_PRESERVES_INPUT_TYPES,SQLITE_PARITY_10096_STRICT_ANY_PRESERVES_INPUT_TYPES.rs,P0,memory,SQL_STRICT_TABLES,27332460,31849977,1.165280,-16.528029,false,3
1203,10352,INSERT_RETURNING_EXPR_ALIAS,SQLITE_PARITY_10352_INSERT_RETURNING_EXPR_ALIAS.rs,P0,memory,SQL_RETURNING,21700783,25252761,1.163680,-16.367972,false,3
1204,00704,JOIN_SUBQUERY_EXISTS_097,SQLITE_PARITY_704_JOIN_SUBQUERY_EXISTS_097.rs,P1,memory,GEN_SQL_JOIN_SUBQUERY,26632003,30973146,1.163005,-16.300475,false,3
1205,10425,DROP_LAST_COLUMN_ERROR,SQLITE_PARITY_10425_DROP_LAST_COLUMN_ERROR.rs,P0,memory,SQL_ALTER,21543705,25049456,1.162727,-16.272740,false,3
1206,11075,MATH_SINH_2_0,SQLITE_PARITY_11075_MATH_SINH_2_0.rs,P1,memory,SQL_MATH,39086954,45424968,1.162152,-16.215165,false,3
1207,00663,JOIN_SUBQUERY_EXISTS_056,SQLITE_PARITY_663_JOIN_SUBQUERY_EXISTS_056.rs,P1,memory,GEN_SQL_JOIN_SUBQUERY,29763385,34583113,1.161935,-16.193481,false,3
1208,01038,JSON_EXTRACT_SET_031,SQLITE_PARITY_1038_JSON_EXTRACT_SET_031.rs,P2,memory,GEN_SQL_JSON,25184892,29255081,1.161612,-16.161233,false,3
1209,10033,CREATE_INDEX_DESC_DEFAULT_OK,SQLITE_PARITY_10033_CREATE_INDEX_DESC_DEFAULT_OK.rs,P0,memory,SQL_NULL_ORDER,36550289,42416861,1.160507,-16.050686,false,3
1210,11581,DATETIME_TIME_Y2K_PLUS_10_SECONDS,SQLITE_PARITY_11581_DATETIME_TIME_Y2K_PLUS_10_SECONDS.rs,P0,memory,SQL_DATETIME,37362778,43350920,1.160270,-16.027026,false,3
1211,10326,DO_UPDATE_WHERE_FILTERED_OUT,SQLITE_PARITY_10326_DO_UPDATE_WHERE_FILTERED_OUT.rs,P0,memory,SQL_UPSERT,29370751,34059822,1.159651,-15.965104,false,3
1212,11922,WIN_COUNT_ROWS_1_PREC_1_FOLL,SQLITE_PARITY_11922_WIN_COUNT_ROWS_1_PREC_1_FOLL.rs,P0,memory,SQL_WINDOW,26386939,30591082,1.159327,-15.932667,false,3
1213,00819,WINDOW_PARTITION_SUM_032,SQLITE_PARITY_819_WINDOW_PARTITION_SUM_032.rs,P2,memory,GEN_SQL_WINDOW,32286504,37406701,1.158586,-15.858629,false,3
1214,11451,STRING_UNHEX_0102,SQLITE_PARITY_11451_STRING_UNHEX_0102.rs,P0,memory,SQL_STRING,37071516,42943979,1.158409,-15.840903,false,3
1215,00359,SCALAR_NULL_COALESCE_033,SQLITE_PARITY_359_SCALAR_NULL_COALESCE_033.rs,P1,memory,GEN_SQL_SCALAR,49465602,57267238,1.157718,-15.771841,false,3
1216,00787,CTE_RECURSIVE_MATRIX_080,SQLITE_PARITY_787_CTE_RECURSIVE_MATRIX_080.rs,P1,memory,GEN_SQL_CTE,31201909,36065822,1.155885,-15.588511,false,3
1217,11927,WIN_COUNT_EXCL_GROUP,SQLITE_PARITY_11927_WIN_COUNT_EXCL_GROUP.rs,P0,memory,SQL_WINDOW,24516276,28315672,1.154974,-15.497443,false,3
1218,11865,JSON_ARROW_A_B_99,SQLITE_PARITY_11865_JSON_ARROW_A_B_99.rs,P0,memory,SQL_JSON,32712681,37758989,1.154262,-15.426152,false,3
1219,00601,AGG_GROUP_HAVING_094,SQLITE_PARITY_601_AGG_GROUP_HAVING_094.rs,P1,memory,GEN_SQL_AGGREGATE,31840117,36732184,1.153645,-15.364476,false,3
1220,10579,MODIFY_SQLITE_MASTER,SQLITE_PARITY_10579_MODIFY_SQLITE_MASTER.rs,P0,memory,SQL_ERROR_MESSAGES,35757809,41239170,1.153291,-15.329130,false,3
1221,11804,JSON_JSON_EXTRACT_A_B_1,SQLITE_PARITY_11804_JSON_JSON_EXTRACT_A_B_1.rs,P0,memory,SQL_JSON,25546046,29461873,1.153285,-15.328505,false,3
1222,00287,SCALAR_NULL_COALESCE_015,SQLITE_PARITY_287_SCALAR_NULL_COALESCE_015.rs,P1,memory,GEN_SQL_SCALAR,71111291,81947115,1.152378,-15.237839,false,3
1223,10582,DUPLICATE_TABLE_NAME,SQLITE_PARITY_10582_DUPLICATE_TABLE_NAME.rs,P0,memory,SQL_ERROR_MESSAGES,26717414,30777305,1.151957,-15.195674,false,3
1224,11669,DATETIME_STRFTIME_ISO_UNIX_PLUS_5_DAYS,SQLITE_PARITY_11669_DATETIME_STRFTIME_ISO_UNIX_PLUS_5_DAYS.rs,P0,memory,SQL_DATETIME,37243452,42868897,1.151045,-15.104521,false,3
1225,10603,GLOB_WITH_NULL,SQLITE_PARITY_10603_GLOB_WITH_NULL.rs,P0,memory,SQL_PATTERN,24072856,27656875,1.148882,-14.888217,false,3
1226,10567,COMMIT_NO_TRANSACTION,SQLITE_PARITY_10567_COMMIT_NO_TRANSACTION.rs,P0,memory,SQL_ERROR_MESSAGES,30055798,34526696,1.148753,-14.875326,false,3
1227,01085,INDEX_SCHEMA_PRAGMA_018,SQLITE_PARITY_1085_INDEX_SCHEMA_PRAGMA_018.rs,P2,memory,GEN_SQL_INDEX_PRAGMA,27597302,31696175,1.148524,-14.852441,false,3
1228,00769,CTE_RECURSIVE_MATRIX_062,SQLITE_PARITY_769_CTE_RECURSIVE_MATRIX_062.rs,P1,memory,GEN_SQL_CTE,27518402,31604401,1.148482,-14.848242,false,3
1229,10623,BLOB_INDEX_LOOKUP,SQLITE_PARITY_10623_BLOB_INDEX_LOOKUP.rs,P0,memory,SQL_BLOB,34970698,40160016,1.148390,-14.839046,false,3
1230,00608,JOIN_SUBQUERY_EXISTS_001,SQLITE_PARITY_608_JOIN_SUBQUERY_EXISTS_001.rs,P1,memory,GEN_SQL_JOIN_SUBQUERY,32176726,36918256,1.147359,-14.735899,false,3
1231,10029,ORDER_BY_DESC_NULLS_FIRST_OVERRIDE,SQLITE_PARITY_10029_ORDER_BY_DESC_NULLS_FIRST_OVERRIDE.rs,P0,memory,SQL_NULL_ORDER,28184564,32322802,1.146826,-14.682640,false,3
1232,00617,JOIN_SUBQUERY_EXISTS_010,SQLITE_PARITY_617_JOIN_SUBQUERY_EXISTS_010.rs,P1,memory,GEN_SQL_JOIN_SUBQUERY,38603748,44226118,1.145643,-14.564311,false,3
1233,00848,WINDOW_PARTITION_SUM_061,SQLITE_PARITY_848_WINDOW_PARTITION_SUM_061.rs,P2,memory,GEN_SQL_WINDOW,20933299,23972667,1.145193,-14.519298,false,3
1234,11312,AFFINITY_BIGINT_TEXT_NUM,SQLITE_PARITY_11312_AFFINITY_BIGINT_TEXT_NUM.rs,P0,memory,SQL_TYPE_AFFINITY,23340398,26717055,1.144670,-14.467007,false,3
1235,12031,PRAGMA_SET_THREADS_0,SQLITE_PARITY_12031_PRAGMA_SET_THREADS_0.rs,P1,memory,SQL_PRAGMA,10392204,11888117,1.143946,-14.394569,false,3
1236,10416,RENAME_TABLE_REWRITES_VIEW_REF,SQLITE_PARITY_10416_RENAME_TABLE_REWRITES_VIEW_REF.rs,P0,memory,SQL_ALTER,43004844,49158149,1.143084,-14.308400,false,3
1237,01101,INDEX_SCHEMA_PRAGMA_034,SQLITE_PARITY_1101_INDEX_SCHEMA_PRAGMA_034.rs,P2,memory,GEN_SQL_INDEX_PRAGMA,32075714,36657332,1.142838,-14.283760,false,3
1238,00688,JOIN_SUBQUERY_EXISTS_081,SQLITE_PARITY_688_JOIN_SUBQUERY_EXISTS_081.rs,P1,memory,GEN_SQL_JOIN_SUBQUERY,28522824,32548960,1.141155,-14.115489,false,3
1239,00758,CTE_RECURSIVE_MATRIX_051,SQLITE_PARITY_758_CTE_RECURSIVE_MATRIX_051.rs,P1,memory,GEN_SQL_CTE,33425040,38125863,1.140638,-14.063777,false,3
1240,10431,REC_DEPTH_LIMIT_WHERE,SQLITE_PARITY_10431_REC_DEPTH_LIMIT_WHERE.rs,P0,memory,SQL_RECURSIVE_CTE,28253254,32219947,1.140398,-14.039774,false,3
1241,00399,DML_WHERE_ORDER_LIMIT_012,SQLITE_PARITY_399_DML_WHERE_ORDER_LIMIT_012.rs,P1,memory,GEN_SQL_DML,35864240,40861245,1.139331,-13.933113,false,3
1242,00444,DML_WHERE_ORDER_LIMIT_057,SQLITE_PARITY_444_DML_WHERE_ORDER_LIMIT_057.rs,P1,memory,GEN_SQL_DML,40568530,46212811,1.139130,-13.912954,false,3
1243,00247,SCALAR_NULL_COALESCE_005,SQLITE_PARITY_247_SCALAR_NULL_COALESCE_005.rs,P1,memory,GEN_SQL_SCALAR,58639959,66789203,1.138971,-13.897083,false,3
1244,11018,MATH_ATAN_1_0,SQLITE_PARITY_11018_MATH_ATAN_1_0.rs,P1,memory,SQL_MATH,22844850,26009564,1.138531,-13.853074,false,3
1245,10321,BEGIN_THEN_DDL_THEN_ROLLBACK,SQLITE_PARITY_10321_BEGIN_THEN_DDL_THEN_ROLLBACK.rs,P0,memory,SQL_TRANSACTION,30315380,34494956,1.137870,-13.786982,false,3
1246,10190,DOT_CHANGES_ON,SQLITE_PARITY_10190_DOT_CHANGES_ON.rs,P0,memory,CLI_DOT_COMMAND,23607805,26840949,1.136952,-13.695233,false,3
1247,11848,JSON_DARROW_A_B,SQLITE_PARITY_11848_JSON_DARROW_A_B.rs,P0,memory,SQL_JSON,27484808,31245201,1.136817,-13.681715,false,3
1248,00755,CTE_RECURSIVE_MATRIX_048,SQLITE_PARITY_755_CTE_RECURSIVE_MATRIX_048.rs,P1,memory,GEN_SQL_CTE,32945752,37449823,1.136712,-13.671174,false,3
1249,00760,CTE_RECURSIVE_MATRIX_053,SQLITE_PARITY_760_CTE_RECURSIVE_MATRIX_053.rs,P1,memory,GEN_SQL_CTE,27708612,31454327,1.135182,-13.518234,false,3
1250,12028,PRAGMA_SET_TEMP_STORE_MEMORY,SQLITE_PARITY_12028_PRAGMA_SET_TEMP_STORE_MEMORY.rs,P1,memory,SQL_PRAGMA,19170280,21758713,1.135023,-13.502322,false,3
1251,00757,CTE_RECURSIVE_MATRIX_050,SQLITE_PARITY_757_CTE_RECURSIVE_MATRIX_050.rs,P1,memory,GEN_SQL_CTE,30341239,34423401,1.134542,-13.454170,false,3
1252,01029,JSON_EXTRACT_SET_022,SQLITE_PARITY_1029_JSON_EXTRACT_SET_022.rs,P2,memory,GEN_SQL_JSON,30863778,35011355,1.134383,-13.438332,false,3
1253,11544,DATETIME_STRFTIME_ISO_EPOCH_START_OF_YEAR,SQLITE_PARITY_11544_DATETIME_STRFTIME_ISO_EPOCH_START_OF_YEAR.rs,P0,memory,SQL_DATETIME,24978201,28327325,1.134082,-13.408187,false,3
1254,10338,MULTIPLE_ON_CONFLICT_CLAUSES,SQLITE_PARITY_10338_MULTIPLE_ON_CONFLICT_CLAUSES.rs,P0,memory,SQL_UPSERT,25543431,28954712,1.133548,-13.354827,false,3
1255,10230,OPT_SAFE_BENIGN,SQLITE_PARITY_10230_OPT_SAFE_BENIGN.rs,P0,memory,CLI_OPTION,26278633,29737906,1.131638,-13.163824,false,3
1256,00846,WINDOW_PARTITION_SUM_059,SQLITE_PARITY_846_WINDOW_PARTITION_SUM_059.rs,P2,memory,GEN_SQL_WINDOW,41440311,46890805,1.131526,-13.152638,false,3
1257,11510,DATETIME_DATE_EPOCH_PLUS_1_YEAR,SQLITE_PARITY_11510_DATETIME_DATE_EPOCH_PLUS_1_YEAR.rs,P0,memory,SQL_DATETIME,29360170,33215433,1.131309,-13.130929,false,3
1258,11706,DATETIME_TIME_UNIX_START_OF_YEAR,SQLITE_PARITY_11706_DATETIME_TIME_UNIX_START_OF_YEAR.rs,P0,memory,SQL_DATETIME,39924330,45160668,1.131157,-13.115657,false,3
1259,00446,DML_WHERE_ORDER_LIMIT_059,SQLITE_PARITY_446_DML_WHERE_ORDER_LIMIT_059.rs,P1,memory,GEN_SQL_DML,33607245,37971030,1.129847,-12.984656,false,3
1260,00894,CONSTRAINT_FK_SAVEPOINT_027,SQLITE_PARITY_894_CONSTRAINT_FK_SAVEPOINT_027.rs,P2,memory,GEN_SQL_CONSTRAINT_TX,33965353,38371639,1.129729,-12.972884,false,3
1261,10314,ROLLBACK_OF_SAVEPOINT_PRESERVES_OUTER,SQLITE_PARITY_10314_ROLLBACK_OF_SAVEPOINT_PRESERVES_OUTER.rs,P0,memory,SQL_TRANSACTION,31802026,35919705,1.129479,-12.947851,false,3
1262,10449,JOIN_FULL_OUTER,SQLITE_PARITY_10449_JOIN_FULL_OUTER.rs,P0,memory,SQL_JOIN,28922180,32633801,1.128331,-12.833130,false,3
1263,11067,MATH_RADIANS_180_0,SQLITE_PARITY_11067_MATH_RADIANS_180_0.rs,P1,memory,SQL_MATH,30876753,34809592,1.127372,-12.737217,false,3
1264,11645,DATETIME_DATE_DATE_2024_START_OF_MONTH,SQLITE_PARITY_11645_DATETIME_DATE_DATE_2024_START_OF_MONTH.rs,P0,memory,SQL_DATETIME,37129356,41833326,1.126691,-12.669140,false,3
1265,10346,ON_CONFLICT_DO_UPDATE_NO_OP_VALUES,SQLITE_PARITY_10346_ON_CONFLICT_DO_UPDATE_NO_OP_VALUES.rs,P0,memory,SQL_UPSERT,23526401,26485296,1.125769,-12.576913,false,3
1266,10563,SYNTAX_ERROR_BAD_KEYWORD,SQLITE_PARITY_10563_SYNTAX_ERROR_BAD_KEYWORD.rs,P0,memory,SQL_ERROR_MESSAGES,25194981,28346391,1.125081,-12.508086,false,3
1267,00472,DML_WHERE_ORDER_LIMIT_085,SQLITE_PARITY_472_DML_WHERE_ORDER_LIMIT_085.rs,P1,memory,GEN_SQL_DML,26119021,29377132,1.124741,-12.474093,false,3
1268,00946,CONSTRAINT_FK_SAVEPOINT_079,SQLITE_PARITY_946_CONSTRAINT_FK_SAVEPOINT_079.rs,P2,memory,GEN_SQL_CONSTRAINT_TX,38117457,42789006,1.122557,-12.255668,false,3
1269,10041,DISTINCT_ORDER_BY_DESC_NULLS_LAST,SQLITE_PARITY_10041_DISTINCT_ORDER_BY_DESC_NULLS_LAST.rs,P0,memory,SQL_NULL_ORDER,26653704,29913178,1.122290,-12.228972,false,3
1270,10602,LIKE_WITH_NULL_PATTERN_VALUE,SQLITE_PARITY_10602_LIKE_WITH_NULL_PATTERN_VALUE.rs,P0,memory,SQL_PATTERN,34276963,38438816,1.121418,-12.141837,false,3
1271,11446,STRING_PRINTF_05D_7,SQLITE_PARITY_11446_STRING_PRINTF_05D_7.rs,P0,memory,SQL_STRING,31138279,34895235,1.120654,-12.065394,false,3
1272,11727,DATETIME_DATETIME_Y2K_BASE,SQLITE_PARITY_11727_DATETIME_DATETIME_Y2K_BASE.rs,P0,memory,SQL_DATETIME,39190359,43848943,1.118871,-11.887066,false,3
1273,00961,VIEW_TRIGGER_GENERATED_014,SQLITE_PARITY_961_VIEW_TRIGGER_GENERATED_014.rs,P2,memory,GEN_SQL_VIEW_TRIGGER,31474395,35210561,1.118705,-11.870493,false,3
1274,11436,STRING_ZEROBLOB_4,SQLITE_PARITY_11436_STRING_ZEROBLOB_4.rs,P0,memory,SQL_STRING,30236100,33801222,1.117909,-11.790945,false,3
1275,00803,WINDOW_PARTITION_SUM_016,SQLITE_PARITY_803_WINDOW_PARTITION_SUM_016.rs,P2,memory,GEN_SQL_WINDOW,26138008,29206239,1.117386,-11.738580,false,3
1276,11567,DATETIME_DATETIME_Y2K_PLUS_1_YEAR,SQLITE_PARITY_11567_DATETIME_DATETIME_Y2K_PLUS_1_YEAR.rs,P0,memory,SQL_DATETIME,48164938,53772249,1.116419,-11.641894,false,3
1277,11305,AFFINITY_INTEGER_TEXT_BARE,SQLITE_PARITY_11305_AFFINITY_INTEGER_TEXT_BARE.rs,P0,memory,SQL_TYPE_AFFINITY,30411903,33914918,1.115186,-11.518566,false,3
1278,11350,AFFINITY_BLOB_REAL_HALF,SQLITE_PARITY_11350_AFFINITY_BLOB_REAL_HALF.rs,P0,memory,SQL_TYPE_AFFINITY,31021437,34580799,1.114739,-11.473879,false,3
1279,00863,WINDOW_PARTITION_SUM_076,SQLITE_PARITY_863_WINDOW_PARTITION_SUM_076.rs,P2,memory,GEN_SQL_WINDOW,28304231,31548004,1.114604,-11.460382,false,3
1280,11503,DATETIME_JULIANDAY_EPOCH_PLUS_5_DAYS,SQLITE_PARITY_11503_DATETIME_JULIANDAY_EPOCH_PLUS_5_DAYS.rs,P0,memory,SQL_DATETIME,30009110,33423938,1.113793,-11.379304,false,3
1281,00868,CONSTRAINT_FK_SAVEPOINT_001,SQLITE_PARITY_868_CONSTRAINT_FK_SAVEPOINT_001.rs,P2,memory,GEN_SQL_CONSTRAINT_TX,28445188,31649166,1.112637,-11.263691,false,3
1282,11023,MATH_ATANH_0_9,SQLITE_PARITY_11023_MATH_ATANH_0_9.rs,P1,memory,SQL_MATH,27207143,30246649,1.111717,-11.171721,false,3
1283,10291,FK_COMPOSITE_HAPPY_AND_LIST,SQLITE_PARITY_10291_FK_COMPOSITE_HAPPY_AND_LIST.rs,P0,memory,SQL_FOREIGN_KEYS,29517979,32810866,1.111555,-11.155530,false,3
1284,00004,TABLE_CONSTRAINTS_SUCCESS,SQLITE_PARITY_004_TABLE_CONSTRAINTS_SUCCESS.rs,P0,memory,SQL_CONSTRAINTS,36720051,40795730,1.110993,-11.099328,false,3
1285,11021,MATH_ATANH_0_5,SQLITE_PARITY_11021_MATH_ATANH_0_5.rs,P1,memory,SQL_MATH,33616693,37324465,1.110296,-11.029556,false,3
1286,00754,CTE_RECURSIVE_MATRIX_047,SQLITE_PARITY_754_CTE_RECURSIVE_MATRIX_047.rs,P1,memory,GEN_SQL_CTE,29494305,32737838,1.109972,-10.997150,false,3
1287,01033,JSON_EXTRACT_SET_026,SQLITE_PARITY_1033_JSON_EXTRACT_SET_026.rs,P2,memory,GEN_SQL_JSON,26425081,29328190,1.109862,-10.986188,false,3
1288,10072,INSERT_OR_REPLACE_OVERWRITES,SQLITE_PARITY_10072_INSERT_OR_REPLACE_OVERWRITES.rs,P0,memory,SQL_AUTOINCREMENT,28769261,31926772,1.109753,-10.975294,false,3
1289,10376,SCHEMA_ISOLATION_SAME_NAME,SQLITE_PARITY_10376_SCHEMA_ISOLATION_SAME_NAME.rs,P0,memory,SQL_ATTACH,33076309,36705674,1.109727,-10.972703,false,3
1290,00717,CTE_RECURSIVE_MATRIX_010,SQLITE_PARITY_717_CTE_RECURSIVE_MATRIX_010.rs,P1,memory,GEN_SQL_CTE,29087884,32277866,1.109667,-10.966704,false,3
1291,11050,MATH_FLOOR_1_4,SQLITE_PARITY_11050_MATH_FLOOR_1_4.rs,P1,memory,SQL_MATH,32308925,35840495,1.109306,-10.930633,false,3
1292,10264,PRAGMA_APPLICATION_ID_DEFAULT,SQLITE_PARITY_10264_PRAGMA_APPLICATION_ID_DEFAULT.rs,P0,memory,SQL_PRAGMA,32284669,35803645,1.108998,-10.899836,false,3
1293,01030,JSON_EXTRACT_SET_023,SQLITE_PARITY_1030_JSON_EXTRACT_SET_023.rs,P2,memory,GEN_SQL_JSON,33438455,37082326,1.108972,-10.897247,false,3
1294,00656,JOIN_SUBQUERY_EXISTS_049,SQLITE_PARITY_656_JOIN_SUBQUERY_EXISTS_049.rs,P1,memory,GEN_SQL_JOIN_SUBQUERY,26210976,29067196,1.108970,-10.897038,false,3
1295,10412,ADD_COLUMN_WITH_FK_REFERENCE,SQLITE_PARITY_10412_ADD_COLUMN_WITH_FK_REFERENCE.rs,P0,memory,SQL_ALTER,35078992,38894569,1.108771,-10.877100,false,3
1296,00034,EXPRESSION_INDEX,SQLITE_PARITY_034_EXPRESSION_INDEX.rs,P0,memory,SQL_INDEX,22663467,25098980,1.107464,-10.746427,false,3
1297,00737,CTE_RECURSIVE_MATRIX_030,SQLITE_PARITY_737_CTE_RECURSIVE_MATRIX_030.rs,P1,memory,GEN_SQL_CTE,30034017,33245730,1.106936,-10.693585,false,3
1298,11931,WIN_MIN_ROWS_CURRENT_UNBND_FOLL,SQLITE_PARITY_11931_WIN_MIN_ROWS_CURRENT_UNBND_FOLL.rs,P0,memory,SQL_WINDOW,24825531,27469229,1.106491,-10.649110,false,3
1299,10622,BLOB_GROUP_BY,SQLITE_PARITY_10622_BLOB_GROUP_BY.rs,P0,memory,SQL_BLOB,26039751,28787465,1.105520,-10.551998,false,3
1300,11425,STRING_QUOTE_A_B,SQLITE_PARITY_11425_STRING_QUOTE_A_B.rs,P0,memory,SQL_STRING,24589585,27169431,1.104916,-10.491621,false,3
1301,10206,OPT_INIT_FILE,SQLITE_PARITY_10206_OPT_INIT_FILE.rs,P0,memory,CLI_OPTION,28308037,31272022,1.104705,-10.470472,false,3
1302,01013,JSON_EXTRACT_SET_006,SQLITE_PARITY_1013_JSON_EXTRACT_SET_006.rs,P2,memory,GEN_SQL_JSON,28806531,31818768,1.104568,-10.456785,false,3
1303,00805,WINDOW_PARTITION_SUM_018,SQLITE_PARITY_805_WINDOW_PARTITION_SUM_018.rs,P2,memory,GEN_SQL_WINDOW,24921764,27509415,1.103831,-10.383097,false,3
1304,10233,OPT_CMD_MULTIPLE,SQLITE_PARITY_10233_OPT_CMD_MULTIPLE.rs,P0,memory,CLI_OPTION,29546303,32613643,1.103815,-10.381468,false,3
1305,10404,PRAGMA_COLLATION_LIST,SQLITE_PARITY_10404_PRAGMA_COLLATION_LIST.rs,P0,memory,SQL_SCHEMA_INTROSPECTION,44178197,48719228,1.102789,-10.278896,false,3
1306,00733,CTE_RECURSIVE_MATRIX_026,SQLITE_PARITY_733_CTE_RECURSIVE_MATRIX_026.rs,P1,memory,GEN_SQL_CTE,29526005,32543149,1.102186,-10.218599,false,3
1307,01047,JSON_EXTRACT_SET_040,SQLITE_PARITY_1047_JSON_EXTRACT_SET_040.rs,P2,memory,GEN_SQL_JSON,38874642,42805227,1.101109,-10.110923,false,3
1308,00504,DML_WHERE_ORDER_LIMIT_117,SQLITE_PARITY_504_DML_WHERE_ORDER_LIMIT_117.rs,P1,memory,GEN_SQL_DML,28932621,31811814,1.099514,-9.951373,false,3
1309,11518,DATETIME_JULIANDAY_EPOCH_PLUS_3_HOURS,SQLITE_PARITY_11518_DATETIME_JULIANDAY_EPOCH_PLUS_3_HOURS.rs,P0,memory,SQL_DATETIME,25478558,28011105,1.099399,-9.939915,false,3
1310,11905,WIN_SUM_GROUPS_1_PREC_CURRENT,SQLITE_PARITY_11905_WIN_SUM_GROUPS_1_PREC_CURRENT.rs,P0,memory,SQL_WINDOW,35220360,38700983,1.098824,-9.882417,false,3
1311,00264,SCALAR_ARITH_010,SQLITE_PARITY_264_SCALAR_ARITH_010.rs,P1,memory,GEN_SQL_SCALAR,90856210,99762188,1.098023,-9.802278,false,3
1312,01086,INDEX_SCHEMA_PRAGMA_019,SQLITE_PARITY_1086_INDEX_SCHEMA_PRAGMA_019.rs,P2,memory,GEN_SQL_INDEX_PRAGMA,31920300,35020702,1.097129,-9.712948,false,3
1313,11685,DATETIME_DATE_UNIX_PLUS_30_MINUTES,SQLITE_PARITY_11685_DATETIME_DATE_UNIX_PLUS_30_MINUTES.rs,P0,memory,SQL_DATETIME,32114137,35229878,1.097021,-9.702085,false,3
1314,11718,DATETIME_JULIANDAY_UNIX_UTC,SQLITE_PARITY_11718_DATETIME_JULIANDAY_UNIX_UTC.rs,P0,memory,SQL_DATETIME,35613054,39039955,1.096226,-9.622598,false,3
1315,00689,JOIN_SUBQUERY_EXISTS_082,SQLITE_PARITY_689_JOIN_SUBQUERY_EXISTS_082.rs,P1,memory,GEN_SQL_JOIN_SUBQUERY,28210613,30916739,1.095926,-9.592581,false,3
1316,12002,PRAGMA_PAGE_SIZE,SQLITE_PARITY_12002_PRAGMA_PAGE_SIZE.rs,P1,memory,SQL_PRAGMA,19895624,21799981,1.095717,-9.571738,false,3
1317,10026,ORDER_BY_ASC_NULL_FIRST_DEFAULT,SQLITE_PARITY_10026_ORDER_BY_ASC_NULL_FIRST_DEFAULT.rs,P0,memory,SQL_NULL_ORDER,43449387,47603285,1.095603,-9.560314,false,3
1318,11860,JSON_DARROW_D_3,SQLITE_PARITY_11860_JSON_DARROW_D_3.rs,P0,memory,SQL_JSON,31036626,33999507,1.095464,-9.546402,false,3
1319,10049,MIN_MAX_IGNORE_NULL,SQLITE_PARITY_10049_MIN_MAX_IGNORE_NULL.rs,P0,memory,SQL_AGGREGATE_NULL,39163730,42893734,1.095241,-9.524129,false,3
1320,00571,AGG_GROUP_HAVING_064,SQLITE_PARITY_571_AGG_GROUP_HAVING_064.rs,P1,memory,GEN_SQL_AGGREGATE,29339231,32130918,1.095152,-9.515202,false,3
1321,00542,AGG_GROUP_HAVING_035,SQLITE_PARITY_542_AGG_GROUP_HAVING_035.rs,P1,memory,GEN_SQL_AGGREGATE,33777057,36988660,1.095082,-9.508238,false,3
1322,11411,STRING_UPPER_ABC,SQLITE_PARITY_11411_STRING_UPPER_ABC.rs,P0,memory,SQL_STRING,32574018,35645916,1.094305,-9.430516,false,3
1323,11300,AFFINITY_INTEGER_INT_1,SQLITE_PARITY_11300_AFFINITY_INTEGER_INT_1.rs,P0,memory,SQL_TYPE_AFFINITY,28694460,31381129,1.093630,-9.363023,false,3
1324,00559,AGG_GROUP_HAVING_052,SQLITE_PARITY_559_AGG_GROUP_HAVING_052.rs,P1,memory,GEN_SQL_AGGREGATE,29565971,32306952,1.092707,-9.270729,false,3
1325,00430,DML_WHERE_ORDER_LIMIT_043,SQLITE_PARITY_430_DML_WHERE_ORDER_LIMIT_043.rs,P1,memory,GEN_SQL_DML,39344101,42946203,1.091554,-9.155380,false,3
1326,00759,CTE_RECURSIVE_MATRIX_052,SQLITE_PARITY_759_CTE_RECURSIVE_MATRIX_052.rs,P1,memory,GEN_SQL_CTE,35489520,38705661,1.090622,-9.062227,false,3
1327,00694,JOIN_SUBQUERY_EXISTS_087,SQLITE_PARITY_694_JOIN_SUBQUERY_EXISTS_087.rs,P1,memory,GEN_SQL_JOIN_SUBQUERY,27479939,29914781,1.088604,-8.860435,false,3
1328,00855,WINDOW_PARTITION_SUM_068,SQLITE_PARITY_855_WINDOW_PARTITION_SUM_068.rs,P2,memory,GEN_SQL_WINDOW,26583290,28925388,1.088104,-8.810414,false,3
1329,10552,DATATYPE_MISMATCH_INT_PK,SQLITE_PARITY_10552_DATATYPE_MISMATCH_INT_PK.rs,P0,memory,SQL_ERROR_MESSAGES,27756774,30161588,1.086639,-8.663881,false,3
1330,00596,AGG_GROUP_HAVING_089,SQLITE_PARITY_596_AGG_GROUP_HAVING_089.rs,P1,memory,GEN_SQL_AGGREGATE,37765111,41030145,1.086456,-8.645636,false,3
1331,00414,DML_WHERE_ORDER_LIMIT_027,SQLITE_PARITY_414_DML_WHERE_ORDER_LIMIT_027.rs,P1,memory,GEN_SQL_DML,33957759,36882148,1.086118,-8.611843,false,3
1332,10202,OPT_NOHEADER_LIST,SQLITE_PARITY_10202_OPT_NOHEADER_LIST.rs,P0,memory,CLI_OPTION,42210901,45781324,1.084585,-8.458533,false,3
1333,00984,VIEW_TRIGGER_GENERATED_037,SQLITE_PARITY_984_VIEW_TRIGGER_GENERATED_037.rs,P2,memory,GEN_SQL_VIEW_TRIGGER,29836703,32359281,1.084546,-8.454614,false,3
1334,00511,AGG_GROUP_HAVING_004,SQLITE_PARITY_511_AGG_GROUP_HAVING_004.rs,P1,memory,GEN_SQL_AGGREGATE,28950234,31391227,1.084317,-8.431687,false,3
1335,01091,INDEX_SCHEMA_PRAGMA_024,SQLITE_PARITY_1091_INDEX_SCHEMA_PRAGMA_024.rs,P2,memory,GEN_SQL_INDEX_PRAGMA,29544760,32027022,1.084017,-8.401700,false,3
1336,11608,DATETIME_JULIANDAY_Y2K_UTC,SQLITE_PARITY_11608_DATETIME_JULIANDAY_Y2K_UTC.rs,P0,memory,SQL_DATETIME,34194096,37047982,1.083461,-8.346137,false,3
1337,00401,DML_WHERE_ORDER_LIMIT_014,SQLITE_PARITY_401_DML_WHERE_ORDER_LIMIT_014.rs,P1,memory,GEN_SQL_DML,47042152,50968178,1.083458,-8.345762,false,3
1338,11349,AFFINITY_BLOB_INT_BIG,SQLITE_PARITY_11349_AFFINITY_BLOB_INT_BIG.rs,P0,memory,SQL_TYPE_AFFINITY,31522566,34149812,1.083345,-8.334493,false,3
1339,11627,DATETIME_DATETIME_DATE_2024_PLUS_3_HOURS,SQLITE_PARITY_11627_DATETIME_DATETIME_DATE_2024_PLUS_3_HOURS.rs,P0,memory,SQL_DATETIME,28332053,30693196,1.083338,-8.333822,false,3
1340,10046,SUM_AVG_ALL_NULL_RETURNS_NULL,SQLITE_PARITY_10046_SUM_AVG_ALL_NULL_RETURNS_NULL.rs,P0,memory,SQL_AGGREGATE_NULL,27463077,29749788,1.083265,-8.326492,false,3
1341,10354,INSERT_MULTI_ROW_RETURNING,SQLITE_PARITY_10354_INSERT_MULTI_ROW_RETURNING.rs,P0,memory,SQL_RETURNING,34359419,37208276,1.082913,-8.291342,false,3
1342,11666,DATETIME_TIME_UNIX_PLUS_5_DAYS,SQLITE_PARITY_11666_DATETIME_TIME_UNIX_PLUS_5_DAYS.rs,P0,memory,SQL_DATETIME,32442709,35113929,1.082337,-8.233653,false,3
1343,00749,CTE_RECURSIVE_MATRIX_042,SQLITE_PARITY_749_CTE_RECURSIVE_MATRIX_042.rs,P1,memory,GEN_SQL_CTE,26565478,28749984,1.082231,-8.223101,false,3
1344,10110,MODE_LIST_SEP_COMMA,SQLITE_PARITY_10110_MODE_LIST_SEP_COMMA.rs,P0,memory,CLI_OUTPUT_MODE,48630741,52618203,1.081995,-8.199468,false,3
1345,10207,OPT_READONLY_REFUSES_WRITE,SQLITE_PARITY_10207_OPT_READONLY_REFUSES_WRITE.rs,P0,memory,CLI_OPTION,26839125,29033692,1.081767,-8.176746,false,3
1346,10473,COMPOUND_UNION_DEDUPLICATES,SQLITE_PARITY_10473_COMPOUND_UNION_DEDUPLICATES.rs,P0,memory,SQL_COMPOUND,26042998,28159607,1.081274,-8.127363,false,3
1347,00838,WINDOW_PARTITION_SUM_051,SQLITE_PARITY_838_WINDOW_PARTITION_SUM_051.rs,P2,memory,GEN_SQL_WINDOW,29857122,32240205,1.079816,-7.981623,false,3
1348,00646,JOIN_SUBQUERY_EXISTS_039,SQLITE_PARITY_646_JOIN_SUBQUERY_EXISTS_039.rs,P1,memory,GEN_SQL_JOIN_SUBQUERY,27581080,29775256,1.079554,-7.955367,false,3
1349,11971,WIN_RANK_PARTITION,SQLITE_PARITY_11971_WIN_RANK_PARTITION.rs,P0,memory,SQL_WINDOW,22887911,24706717,1.079466,-7.946579,false,3
1350,00637,JOIN_SUBQUERY_EXISTS_030,SQLITE_PARITY_637_JOIN_SUBQUERY_EXISTS_030.rs,P1,memory,GEN_SQL_JOIN_SUBQUERY,22470210,24243779,1.078930,-7.892979,false,3
1351,00857,WINDOW_PARTITION_SUM_070,SQLITE_PARITY_857_WINDOW_PARTITION_SUM_070.rs,P2,memory,GEN_SQL_WINDOW,37315318,40259014,1.078887,-7.888707,false,3
1352,00836,WINDOW_PARTITION_SUM_049,SQLITE_PARITY_836_WINDOW_PARTITION_SUM_049.rs,P2,memory,GEN_SQL_WINDOW,34358698,37067679,1.078844,-7.884411,false,3
1353,10118,MODE_COLUMN_DEFAULT,SQLITE_PARITY_10118_MODE_COLUMN_DEFAULT.rs,P0,memory,CLI_OUTPUT_MODE,31060751,33506544,1.078742,-7.874224,false,3
1354,10165,DOT_HEADERS_ON_THEN_OFF,SQLITE_PARITY_10165_DOT_HEADERS_ON_THEN_OFF.rs,P0,memory,CLI_DOT_COMMAND,29810594,32140747,1.078165,-7.816527,false,3
1355,10284,FK_UPDATE_SET_NULL_NULLIFIES_CHILD,SQLITE_PARITY_10284_FK_UPDATE_SET_NULL_NULLIFIES_CHILD.rs,P0,memory,SQL_FOREIGN_KEYS,38061952,41034643,1.078101,-7.810138,false,3
1356,01019,JSON_EXTRACT_SET_012,SQLITE_PARITY_1019_JSON_EXTRACT_SET_012.rs,P2,memory,GEN_SQL_JSON,24164560,26050993,1.078066,-7.806610,false,3
1357,11415,STRING_LTRIM_,SQLITE_PARITY_11415_STRING_LTRIM_.rs,P0,memory,SQL_STRING,43528577,46890143,1.077227,-7.722665,false,3
1358,00160,DOT_EXCEL_EXTERNAL_APP,SQLITE_PARITY_160_DOT_EXCEL_EXTERNAL_APP.rs,P4,external_app,CLI_EXTERNAL_APP,64089582,68967289,1.076108,-7.610764,false,3
1359,11101,MATH_POW_3_0_2,SQLITE_PARITY_11101_MATH_POW_3_0_2.rs,P1,memory,SQL_MATH,28984899,31179226,1.075706,-7.570587,false,3
1360,00956,VIEW_TRIGGER_GENERATED_009,SQLITE_PARITY_956_VIEW_TRIGGER_GENERATED_009.rs,P2,memory,GEN_SQL_VIEW_TRIGGER,34830743,37464581,1.075618,-7.561820,false,3
1361,10555,NO_SUCH_COLUMN,SQLITE_PARITY_10555_NO_SUCH_COLUMN.rs,P0,memory,SQL_ERROR_MESSAGES,36140954,38863751,1.075338,-7.533827,false,3
1362,10359,DELETE_RETURNING_BASIC,SQLITE_PARITY_10359_DELETE_RETURNING_BASIC.rs,P0,memory,SQL_RETURNING,26898277,28914977,1.074975,-7.497506,false,3
1363,11412,STRING_UPPER_,SQLITE_PARITY_11412_STRING_UPPER_.rs,P0,memory,SQL_STRING,26163636,28116725,1.074649,-7.464899,false,3
1364,00748,CTE_RECURSIVE_MATRIX_041,SQLITE_PARITY_748_CTE_RECURSIVE_MATRIX_041.rs,P1,memory,GEN_SQL_CTE,38324069,41176952,1.074441,-7.444103,false,3
1365,11700,DATETIME_DATE_UNIX_START_OF_MONTH,SQLITE_PARITY_11700_DATETIME_DATE_UNIX_START_OF_MONTH.rs,P0,memory,SQL_DATETIME,35109299,37722198,1.074422,-7.442185,false,3
1366,11242,CAST_BLOB_HEX_AS_TEXT,SQLITE_PARITY_11242_CAST_BLOB_HEX_AS_TEXT.rs,P0,memory,SQL_CAST,35053674,37657917,1.074293,-7.429301,false,3
1367,00400,DML_WHERE_ORDER_LIMIT_013,SQLITE_PARITY_400_DML_WHERE_ORDER_LIMIT_013.rs,P1,memory,GEN_SQL_DML,42739112,45897203,1.073892,-7.389229,false,3
1368,10496,ALL_OPERATOR_UNSUPPORTED,SQLITE_PARITY_10496_ALL_OPERATOR_UNSUPPORTED.rs,P0,memory,SQL_SUBQUERY,38469995,41267834,1.072728,-7.272782,false,3
1369,11538,DATETIME_JULIANDAY_EPOCH_START_OF_MONTH,SQLITE_PARITY_11538_DATETIME_JULIANDAY_EPOCH_START_OF_MONTH.rs,P0,memory,SQL_DATETIME,30051109,32234605,1.072659,-7.265941,false,3
1370,11582,DATETIME_DATETIME_Y2K_PLUS_10_SECONDS,SQLITE_PARITY_11582_DATETIME_DATETIME_Y2K_PLUS_10_SECONDS.rs,P0,memory,SQL_DATETIME,20167519,21629137,1.072474,-7.247386,false,3
1371,10620,QUOTE_BLOB_HEX_LITERAL,SQLITE_PARITY_10620_QUOTE_BLOB_HEX_LITERAL.rs,P0,memory,SQL_BLOB,33624728,36049761,1.072121,-7.212052,false,3
1372,10136,MODE_TCL_BASIC,SQLITE_PARITY_10136_MODE_TCL_BASIC.rs,P0,memory,CLI_OUTPUT_MODE,35274352,37816067,1.072056,-7.205561,false,3
1373,10564,INCOMPLETE_INPUT,SQLITE_PARITY_10564_INCOMPLETE_INPUT.rs,P0,memory,SQL_ERROR_MESSAGES,33342534,35739293,1.071883,-7.188293,false,3
1374,11104,MATH_POWER_2_0_10,SQLITE_PARITY_11104_MATH_POWER_2_0_10.rs,P1,memory,SQL_MATH,31615832,33852840,1.070756,-7.075594,false,3
1375,00473,DML_WHERE_ORDER_LIMIT_086,SQLITE_PARITY_473_DML_WHERE_ORDER_LIMIT_086.rs,P1,memory,GEN_SQL_DML,28381457,30379802,1.070410,-7.041023,false,3
1376,10385,SCHEMA_VERSION_PER_DB,SQLITE_PARITY_10385_SCHEMA_VERSION_PER_DB.rs,P0,memory,SQL_ATTACH,26232045,28070388,1.070080,-7.008005,false,3
1377,00593,AGG_GROUP_HAVING_086,SQLITE_PARITY_593_AGG_GROUP_HAVING_086.rs,P1,memory,GEN_SQL_AGGREGATE,29835731,31919658,1.069847,-6.984669,false,3
1378,11064,MATH_RADIANS_0_0,SQLITE_PARITY_11064_MATH_RADIANS_0_0.rs,P1,memory,SQL_MATH,29230294,31242215,1.068830,-6.883000,false,3
1379,10181,DOT_OPEN_MEMORY_RESETS,SQLITE_PARITY_10181_DOT_OPEN_MEMORY_RESETS.rs,P0,memory,CLI_DOT_COMMAND,42921927,45861335,1.068483,-6.848267,false,3
1380,00552,AGG_GROUP_HAVING_045,SQLITE_PARITY_552_AGG_GROUP_HAVING_045.rs,P1,memory,GEN_SQL_AGGREGATE,33190586,35431510,1.067517,-6.751686,false,3
1381,11942,WIN_MAX_ROWS_1_PREC_1_FOLL,SQLITE_PARITY_11942_WIN_MAX_ROWS_1_PREC_1_FOLL.rs,P0,memory,SQL_WINDOW,27032552,28845716,1.067073,-6.707336,false,3
1382,10397,PRAGMA_TABLE_INFO_TVF,SQLITE_PARITY_10397_PRAGMA_TABLE_INFO_TVF.rs,P0,memory,SQL_SCHEMA_INTROSPECTION,36835830,39295158,1.066765,-6.676456,false,3
1383,11590,DATETIME_DATE_Y2K_START_OF_MONTH,SQLITE_PARITY_11590_DATETIME_DATE_Y2K_START_OF_MONTH.rs,P0,memory,SQL_DATETIME,29941692,31908237,1.065679,-6.567915,false,3
1384,11596,DATETIME_TIME_Y2K_START_OF_YEAR,SQLITE_PARITY_11596_DATETIME_TIME_Y2K_START_OF_YEAR.rs,P0,memory,SQL_DATETIME,28419178,30262740,1.064870,-6.487035,false,3
1385,00732,CTE_RECURSIVE_MATRIX_025,SQLITE_PARITY_732_CTE_RECURSIVE_MATRIX_025.rs,P1,memory,GEN_SQL_CTE,33852911,36027088,1.064224,-6.422423,false,3
1386,11215,CAST_REAL_3_14_AS_INTEGER,SQLITE_PARITY_11215_CAST_REAL_3_14_AS_INTEGER.rs,P0,memory,SQL_CAST,30258692,32193637,1.063947,-6.394675,false,3
1387,11443,STRING_REPLACE_AABBAA_B_X,SQLITE_PARITY_11443_STRING_REPLACE_AABBAA_B_X.rs,P0,memory,SQL_STRING,38132075,40568971,1.063907,-6.390672,false,3
1388,10018,IIF_NULL_CONDITION,SQLITE_PARITY_10018_IIF_NULL_CONDITION.rs,P0,memory,SQL_NULL_SEMANTICS,36307218,38614930,1.063561,-6.356069,false,3
1389,00616,JOIN_SUBQUERY_EXISTS_009,SQLITE_PARITY_616_JOIN_SUBQUERY_EXISTS_009.rs,P1,memory,GEN_SQL_JOIN_SUBQUERY,35747048,38000506,1.063039,-6.303900,false,3
1390,11086,MATH_TANH_1_0,SQLITE_PARITY_11086_MATH_TANH_1_0.rs,P1,memory,SQL_MATH,28635288,30433633,1.062802,-6.280171,false,3
1391,10510,SUBQUERY_WITH_COLLATE,SQLITE_PARITY_10510_SUBQUERY_WITH_COLLATE.rs,P0,memory,SQL_SUBQUERY,25706580,27269050,1.060781,-6.078094,false,3
1392,11032,MATH_COS_0_0,SQLITE_PARITY_11032_MATH_COS_0_0.rs,P1,memory,SQL_MATH,34971719,37066317,1.059894,-5.989405,false,3
1393,00669,JOIN_SUBQUERY_EXISTS_062,SQLITE_PARITY_669_JOIN_SUBQUERY_EXISTS_062.rs,P1,memory,GEN_SQL_JOIN_SUBQUERY,33257302,35240458,1.059631,-5.963069,false,3
1394,01072,INDEX_SCHEMA_PRAGMA_005,SQLITE_PARITY_1072_INDEX_SCHEMA_PRAGMA_005.rs,P2,memory,GEN_SQL_INDEX_PRAGMA,31337806,33171580,1.058516,-5.851635,false,3
1395,10197,DOT_LINT_FKEY_INDEXES,SQLITE_PARITY_10197_DOT_LINT_FKEY_INDEXES.rs,P0,memory,CLI_DOT_COMMAND,31924588,33785142,1.058280,-5.827966,false,3
1396,01018,JSON_EXTRACT_SET_011,SQLITE_PARITY_1018_JSON_EXTRACT_SET_011.rs,P2,memory,GEN_SQL_JSON,30124067,31870205,1.057965,-5.796488,false,3
1397,11598,DATETIME_JULIANDAY_Y2K_START_OF_YEAR,SQLITE_PARITY_11598_DATETIME_JULIANDAY_Y2K_START_OF_YEAR.rs,P0,memory,SQL_DATETIME,42090443,44519653,1.057714,-5.771405,false,3
1398,11614,DATETIME_STRFTIME_ISO_DATE_2024_PLUS_5_DAYS,SQLITE_PARITY_11614_DATETIME_STRFTIME_ISO_DATE_2024_PLUS_5_DAYS.rs,P0,memory,SQL_DATETIME,27678686,29266453,1.057364,-5.736425,false,3
1399,10083,STRICT_INT_ACCEPTS_WHOLE_REAL,SQLITE_PARITY_10083_STRICT_INT_ACCEPTS_WHOLE_REAL.rs,P0,memory,SQL_STRICT_TABLES,28007188,29606427,1.057101,-5.710102,false,3
1400,01121,INDEX_SCHEMA_PRAGMA_054,SQLITE_PARITY_1121_INDEX_SCHEMA_PRAGMA_054.rs,P2,memory,GEN_SQL_INDEX_PRAGMA,41063207,43403981,1.057004,-5.700417,false,3
1401,11616,DATETIME_TIME_DATE_2024_MINUS_1_MONTH,SQLITE_PARITY_11616_DATETIME_TIME_DATE_2024_MINUS_1_MONTH.rs,P0,memory,SQL_DATETIME,46205487,48813176,1.056437,-5.643678,false,3
1402,00661,JOIN_SUBQUERY_EXISTS_054,SQLITE_PARITY_661_JOIN_SUBQUERY_EXISTS_054.rs,P1,memory,GEN_SQL_JOIN_SUBQUERY,26882057,28397457,1.056372,-5.637217,false,3
1403,00618,JOIN_SUBQUERY_EXISTS_011,SQLITE_PARITY_618_JOIN_SUBQUERY_EXISTS_011.rs,P1,memory,GEN_SQL_JOIN_SUBQUERY,46876298,49491932,1.055799,-5.579865,false,3
1404,01041,JSON_EXTRACT_SET_034,SQLITE_PARITY_1041_JSON_EXTRACT_SET_034.rs,P2,memory,GEN_SQL_JSON,25440366,26845327,1.055226,-5.522566,false,3
1405,10097,STRICT_UNKNOWN_TYPE_REJECTED,SQLITE_PARITY_10097_STRICT_UNKNOWN_TYPE_REJECTED.rs,P0,memory,SQL_STRICT_TABLES,22856492,24114655,1.055046,-5.504620,false,3
1406,00410,DML_WHERE_ORDER_LIMIT_023,SQLITE_PARITY_410_DML_WHERE_ORDER_LIMIT_023.rs,P1,memory,GEN_SQL_DML,43242625,45612103,1.054795,-5.479496,false,3
1407,11731,DATETIME_TIME_DATE_2024_BASE,SQLITE_PARITY_11731_DATETIME_TIME_DATE_2024_BASE.rs,P0,memory,SQL_DATETIME,35224738,37121972,1.053861,-5.386084,false,3
1408,10188,DOT_ECHO_ON,SQLITE_PARITY_10188_DOT_ECHO_ON.rs,P0,memory,CLI_DOT_COMMAND,26665567,28101326,1.053843,-5.384318,false,3
1409,01036,JSON_EXTRACT_SET_029,SQLITE_PARITY_1036_JSON_EXTRACT_SET_029.rs,P2,memory,GEN_SQL_JSON,26801785,28235060,1.053477,-5.347685,false,3
1410,10541,HAVING_IS_NULL_FILTER,SQLITE_PARITY_10541_HAVING_IS_NULL_FILTER.rs,P0,memory,SQL_AGGREGATE_ADV,34976939,36837213,1.053186,-5.318573,false,3
1411,10399,PRAGMA_INDEX_LIST_TVF,SQLITE_PARITY_10399_PRAGMA_INDEX_LIST_TVF.rs,P0,memory,SQL_SCHEMA_INTROSPECTION,25187948,26514361,1.052661,-5.266062,false,3
1412,11565,DATETIME_DATE_Y2K_PLUS_1_YEAR,SQLITE_PARITY_11565_DATETIME_DATE_Y2K_PLUS_1_YEAR.rs,P0,memory,SQL_DATETIME,28062563,29528981,1.052255,-5.225531,false,3
1413,11683,DATETIME_JULIANDAY_UNIX_PLUS_3_HOURS,SQLITE_PARITY_11683_DATETIME_JULIANDAY_UNIX_PLUS_3_HOURS.rs,P0,memory,SQL_DATETIME,31888780,33551579,1.052144,-5.214370,false,3
1414,10180,DOT_READ_FILE,SQLITE_PARITY_10180_DOT_READ_FILE.rs,P0,memory,CLI_DOT_COMMAND,31084196,32703213,1.052085,-5.208489,false,3
1415,11084,MATH_TANH_0_0,SQLITE_PARITY_11084_MATH_TANH_0_0.rs,P1,memory,SQL_MATH,25237272,26542072,1.051701,-5.170131,false,3
1416,00584,AGG_GROUP_HAVING_077,SQLITE_PARITY_584_AGG_GROUP_HAVING_077.rs,P1,memory,GEN_SQL_AGGREGATE,30391554,31936580,1.050837,-5.083735,false,3
1417,00436,DML_WHERE_ORDER_LIMIT_049,SQLITE_PARITY_436_DML_WHERE_ORDER_LIMIT_049.rs,P1,memory,GEN_SQL_DML,41625532,43732693,1.050622,-5.062184,false,3
1418,00535,AGG_GROUP_HAVING_028,SQLITE_PARITY_535_AGG_GROUP_HAVING_028.rs,P1,memory,GEN_SQL_AGGREGATE,35711400,37507533,1.050296,-5.029579,false,3
1419,11333,AFFINITY_TEXT_INT_BIG,SQLITE_PARITY_11333_AFFINITY_TEXT_INT_BIG.rs,P0,memory,SQL_TYPE_AFFINITY,33117608,34780878,1.050223,-5.022313,false,3
1420,11839,JSON_QUOTE_INT,SQLITE_PARITY_11839_JSON_QUOTE_INT.rs,P0,memory,SQL_JSON,25478268,26752501,1.050013,-5.001254,false,3
1421,10260,PRAGMA_BUSY_TIMEOUT_SET,SQLITE_PARITY_10260_PRAGMA_BUSY_TIMEOUT_SET.rs,P0,memory,SQL_PRAGMA,38761848,40639384,1.048438,-4.843773,false,3
1422,10315,MULTI_PHASE_TXN_STATE_VISIBILITY,SQLITE_PARITY_10315_MULTI_PHASE_TXN_STATE_VISIBILITY.rs,P0,memory,SQL_TRANSACTION,31083765,32579728,1.048127,-4.812683,false,3
1423,11563,DATETIME_JULIANDAY_Y2K_MINUS_1_MONTH,SQLITE_PARITY_11563_DATETIME_JULIANDAY_Y2K_MINUS_1_MONTH.rs,P0,memory,SQL_DATETIME,30040529,31456361,1.047131,-4.713073,false,3
1424,10624,BLOB_ORDER_WITH_NULL,SQLITE_PARITY_10624_BLOB_ORDER_WITH_NULL.rs,P0,memory,SQL_BLOB,27068479,28338756,1.046928,-4.692827,false,3
1425,00900,CONSTRAINT_FK_SAVEPOINT_033,SQLITE_PARITY_900_CONSTRAINT_FK_SAVEPOINT_033.rs,P2,memory,GEN_SQL_CONSTRAINT_TX,34585949,36195698,1.046543,-4.654344,false,3
1426,11609,DATETIME_STRFTIME_ISO_Y2K_UTC,SQLITE_PARITY_11609_DATETIME_STRFTIME_ISO_Y2K_UTC.rs,P0,memory,SQL_DATETIME,25714315,26908246,1.046431,-4.643060,false,3
1427,00795,WINDOW_PARTITION_SUM_008,SQLITE_PARITY_795_WINDOW_PARTITION_SUM_008.rs,P2,memory,GEN_SQL_WINDOW,27619594,28900170,1.046365,-4.636477,false,3
1428,10523,GROUP_BY_EXPRESSION_LOWER,SQLITE_PARITY_10523_GROUP_BY_EXPRESSION_LOWER.rs,P0,memory,SQL_AGGREGATE_ADV,29278345,30631298,1.046210,-4.621002,false,3
1429,11628,DATETIME_JULIANDAY_DATE_2024_PLUS_3_HOURS,SQLITE_PARITY_11628_DATETIME_JULIANDAY_DATE_2024_PLUS_3_HOURS.rs,P0,memory,SQL_DATETIME,24097212,25206463,1.046032,-4.603234,false,3
1430,10423,RENAME_COLUMN_PRESERVES_DATA,SQLITE_PARITY_10423_RENAME_COLUMN_PRESERVES_DATA.rs,P0,memory,SQL_ALTER,33674452,35212004,1.045659,-4.565930,false,3
1431,01108,INDEX_SCHEMA_PRAGMA_041,SQLITE_PARITY_1108_INDEX_SCHEMA_PRAGMA_041.rs,P2,memory,GEN_SQL_INDEX_PRAGMA,33433025,34955028,1.045524,-4.552394,false,3
1432,10079,ROWID_COLUMN_AS_PK_INSERT,SQLITE_PARITY_10079_ROWID_COLUMN_AS_PK_INSERT.rs,P0,memory,SQL_AUTOINCREMENT,32205740,33644325,1.044669,-4.466859,false,3
1433,00813,WINDOW_PARTITION_SUM_026,SQLITE_PARITY_813_WINDOW_PARTITION_SUM_026.rs,P2,memory,GEN_SQL_WINDOW,35361007,36933064,1.044457,-4.445736,false,3
1434,10132,MODE_HTML_HEADERS_ON,SQLITE_PARITY_10132_MODE_HTML_HEADERS_ON.rs,P0,memory,CLI_OUTPUT_MODE,31751480,33157713,1.044289,-4.428874,false,3
1435,00790,WINDOW_PARTITION_SUM_003,SQLITE_PARITY_790_WINDOW_PARTITION_SUM_003.rs,P2,memory,GEN_SQL_WINDOW,25734944,26873060,1.044225,-4.422454,false,3
1436,00461,DML_WHERE_ORDER_LIMIT_074,SQLITE_PARITY_461_DML_WHERE_ORDER_LIMIT_074.rs,P1,memory,GEN_SQL_DML,47777103,49878304,1.043979,-4.397925,false,3
1437,00786,CTE_RECURSIVE_MATRIX_079,SQLITE_PARITY_786_CTE_RECURSIVE_MATRIX_079.rs,P1,memory,GEN_SQL_CTE,22195540,23165758,1.043712,-4.371230,false,3
1438,10318,RECURSIVE_TRIGGERS_WITH_SAVEPOINTS,SQLITE_PARITY_10318_RECURSIVE_TRIGGERS_WITH_SAVEPOINTS.rs,P0,memory,SQL_TRANSACTION,47664420,49740142,1.043549,-4.354867,false,3
1439,00403,DML_WHERE_ORDER_LIMIT_016,SQLITE_PARITY_403_DML_WHERE_ORDER_LIMIT_016.rs,P1,memory,GEN_SQL_DML,50096236,52273661,1.043465,-4.346484,false,3
1440,00445,DML_WHERE_ORDER_LIMIT_058,SQLITE_PARITY_445_DML_WHERE_ORDER_LIMIT_058.rs,P1,memory,GEN_SQL_DML,36127860,37692142,1.043298,-4.329850,false,3
1441,11046,MATH_EXP_1_0,SQLITE_PARITY_11046_MATH_EXP_1_0.rs,P1,memory,SQL_MATH,39808571,41528959,1.043217,-4.321652,false,3
1442,10162,DOT_MODE_JSON_AFTER_LIST,SQLITE_PARITY_10162_DOT_MODE_JSON_AFTER_LIST.rs,P0,memory,CLI_DOT_COMMAND,31210636,32559080,1.043205,-4.320463,false,3
1443,11553,DATETIME_JULIANDAY_EPOCH_UTC,SQLITE_PARITY_11553_DATETIME_JULIANDAY_EPOCH_UTC.rs,P0,memory,SQL_DATETIME,26290997,27420577,1.042965,-4.296452,false,3
1444,10187,DOT_PRINT_MESSAGE,SQLITE_PARITY_10187_DOT_PRINT_MESSAGE.rs,P0,memory,CLI_DOT_COMMAND,36372533,37906398,1.042171,-4.217097,false,3
1445,00826,WINDOW_PARTITION_SUM_039,SQLITE_PARITY_826_WINDOW_PARTITION_SUM_039.rs,P2,memory,GEN_SQL_WINDOW,34859036,36315183,1.041772,-4.177244,false,3
1446,00945,CONSTRAINT_FK_SAVEPOINT_078,SQLITE_PARITY_945_CONSTRAINT_FK_SAVEPOINT_078.rs,P2,memory,GEN_SQL_CONSTRAINT_TX,31492028,32799525,1.041518,-4.151835,false,3
1447,10484,COMPOUND_PRESERVES_TYPED_NULLS,SQLITE_PARITY_10484_COMPOUND_PRESERVES_TYPED_NULLS.rs,P0,memory,SQL_COMPOUND,24413130,25425628,1.041474,-4.147350,false,3
1448,11526,DATETIME_TIME_EPOCH_PLUS_10_SECONDS,SQLITE_PARITY_11526_DATETIME_TIME_EPOCH_PLUS_10_SECONDS.rs,P0,memory,SQL_DATETIME,28445397,29624100,1.041437,-4.143739,false,3
1449,01028,JSON_EXTRACT_SET_021,SQLITE_PARITY_1028_JSON_EXTRACT_SET_021.rs,P2,memory,GEN_SQL_JSON,36070260,37537800,1.040686,-4.068560,false,3
1450,01049,JSON_EXTRACT_SET_042,SQLITE_PARITY_1049_JSON_EXTRACT_SET_042.rs,P2,memory,GEN_SQL_JSON,47875119,49819532,1.040614,-4.061427,false,3
1451,10185,DOT_QUIT_TERMINATES,SQLITE_PARITY_10185_DOT_QUIT_TERMINATES.rs,P0,memory,CLI_DOT_COMMAND,33014572,34338520,1.040102,-4.010193,false,3
1452,10408,RENAME_TABLE_BASIC,SQLITE_PARITY_10408_RENAME_TABLE_BASIC.rs,P0,memory,SQL_ALTER,38386056,39916625,1.039873,-3.987305,false,3
1453,00981,VIEW_TRIGGER_GENERATED_034,SQLITE_PARITY_981_VIEW_TRIGGER_GENERATED_034.rs,P2,memory,GEN_SQL_VIEW_TRIGGER,34970406,36360670,1.039755,-3.975544,false,3
1454,10146,MODE_JSON_WITH_NEWLINE_AND_QUOTE,SQLITE_PARITY_10146_MODE_JSON_WITH_NEWLINE_AND_QUOTE.rs,P0,memory,CLI_OUTPUT_MODE,27864548,28970412,1.039687,-3.968713,false,3
1455,00387,SCALAR_NULL_COALESCE_040,SQLITE_PARITY_387_SCALAR_NULL_COALESCE_040.rs,P1,memory,GEN_SQL_SCALAR,42892422,44593945,1.039670,-3.966955,false,3
1456,00800,WINDOW_PARTITION_SUM_013,SQLITE_PARITY_800_WINDOW_PARTITION_SUM_013.rs,P2,memory,GEN_SQL_WINDOW,28730478,29834809,1.038438,-3.843761,false,3
1457,00379,SCALAR_NULL_COALESCE_038,SQLITE_PARITY_379_SCALAR_NULL_COALESCE_038.rs,P1,memory,GEN_SQL_SCALAR,36950738,38290385,1.036255,-3.625495,false,3
1458,11070,MATH_SIN_3_14159265358979,SQLITE_PARITY_11070_MATH_SIN_3_14159265358979.rs,P1,memory,SQL_MATH,35208608,36454838,1.035396,-3.539561,false,3
1459,00108,DOT_MODE_CSV_AND_QUOTE,SQLITE_PARITY_108_DOT_MODE_CSV_AND_QUOTE.rs,P0,memory,CLI_DOT_COMMAND,28839494,29846271,1.034910,-3.490966,false,3
1460,11098,MATH_LOG_2_0_8_0,SQLITE_PARITY_11098_MATH_LOG_2_0_8_0.rs,P1,memory,SQL_MATH,28882285,29881548,1.034598,-3.459778,false,3
1461,11028,MATH_CEILING_1_4,SQLITE_PARITY_11028_MATH_CEILING_1_4.rs,P1,memory,SQL_MATH,28132605,29098314,1.034327,-3.432704,false,3
1462,00719,CTE_RECURSIVE_MATRIX_012,SQLITE_PARITY_719_CTE_RECURSIVE_MATRIX_012.rs,P1,memory,GEN_SQL_CTE,36452954,37692242,1.033997,-3.399692,false,3
1463,10296,BEGIN_DEFERRED_BASIC,SQLITE_PARITY_10296_BEGIN_DEFERRED_BASIC.rs,P0,memory,SQL_TRANSACTION,34219795,35380443,1.033917,-3.391744,false,3
1464,11005,MATH_ACOSH_2_0,SQLITE_PARITY_11005_MATH_ACOSH_2_0.rs,P1,memory,SQL_MATH,29741903,30738151,1.033496,-3.349644,false,3
1465,10433,REC_NOT_MATERIALIZED_HINT,SQLITE_PARITY_10433_REC_NOT_MATERIALIZED_HINT.rs,P0,memory,SQL_RECURSIVE_CTE,35454153,36627846,1.033105,-3.310453,false,3
1466,10028,ORDER_BY_ASC_NULLS_LAST_OVERRIDE,SQLITE_PARITY_10028_ORDER_BY_ASC_NULLS_LAST_OVERRIDE.rs,P0,memory,SQL_NULL_ORDER,35578960,36752572,1.032986,-3.298612,false,3
1467,11445,STRING_FORMAT_D_S_42_FOO,SQLITE_PARITY_11445_STRING_FORMAT_D_S_42_FOO.rs,P0,memory,SQL_STRING,30945213,31965195,1.032961,-3.296090,false,3
1468,00474,DML_WHERE_ORDER_LIMIT_087,SQLITE_PARITY_474_DML_WHERE_ORDER_LIMIT_087.rs,P1,memory,GEN_SQL_DML,41286911,42640886,1.032794,-3.279429,false,3
1469,11926,WIN_COUNT_EXCL_CURRENT_ROW,SQLITE_PARITY_11926_WIN_COUNT_EXCL_CURRENT_ROW.rs,P0,memory,SQL_WINDOW,28244307,29154151,1.032213,-3.221336,false,3
1470,10058,INTPK_ALIAS_ROWID_NULL_AUTOFILL,SQLITE_PARITY_10058_INTPK_ALIAS_ROWID_NULL_AUTOFILL.rs,P0,memory,SQL_AUTOINCREMENT,29524932,30472939,1.032109,-3.210869,false,3
1471,00580,AGG_GROUP_HAVING_073,SQLITE_PARITY_580_AGG_GROUP_HAVING_073.rs,P1,memory,GEN_SQL_AGGREGATE,29052257,29977259,1.031839,-3.183925,false,3
1472,00809,WINDOW_PARTITION_SUM_022,SQLITE_PARITY_809_WINDOW_PARTITION_SUM_022.rs,P2,memory,GEN_SQL_WINDOW,28765264,29672653,1.031545,-3.154461,false,3
1473,11715,DATETIME_DATE_UNIX_UTC,SQLITE_PARITY_11715_DATETIME_DATE_UNIX_UTC.rs,P0,memory,SQL_DATETIME,28350428,29211328,1.030366,-3.036638,false,3
1474,11361,AFFINITY_NUMERIC_TEXT_BARE,SQLITE_PARITY_11361_AFFINITY_NUMERIC_TEXT_BARE.rs,P0,memory,SQL_TYPE_AFFINITY,41006249,42223274,1.029679,-2.967901,false,3
1475,10158,CLI_FLAG_TABS,SQLITE_PARITY_10158_CLI_FLAG_TABS.rs,P0,memory,CLI_OUTPUT_MODE,26747281,27529023,1.029227,-2.922697,false,3
1476,00456,DML_WHERE_ORDER_LIMIT_069,SQLITE_PARITY_456_DML_WHERE_ORDER_LIMIT_069.rs,P1,memory,GEN_SQL_DML,40057172,41219784,1.029024,-2.902382,false,3
1477,00999,VIEW_TRIGGER_GENERATED_052,SQLITE_PARITY_999_VIEW_TRIGGER_GENERATED_052.rs,P2,memory,GEN_SQL_VIEW_TRIGGER,28198911,28993296,1.028171,-2.817077,false,3
1478,10323,ON_CONFLICT_COL_DO_NOTHING,SQLITE_PARITY_10323_ON_CONFLICT_COL_DO_NOTHING.rs,P0,memory,SQL_UPSERT,31960836,32860671,1.028154,-2.815430,false,3
1479,00380,SCALAR_ARITH_039,SQLITE_PARITY_380_SCALAR_ARITH_039.rs,P1,memory,GEN_SQL_SCALAR,35758038,36755579,1.027897,-2.789697,false,3
1480,10175,DOT_SCHEMA_INDENT,SQLITE_PARITY_10175_DOT_SCHEMA_INDENT.rs,P0,memory,CLI_DOT_COMMAND,44602771,45842258,1.027789,-2.778946,false,3
1481,11073,MATH_SINH_1_0,SQLITE_PARITY_11073_MATH_SINH_1_0.rs,P1,memory,SQL_MATH,36945938,37971140,1.027749,-2.774871,false,3
1482,00762,CTE_RECURSIVE_MATRIX_055,SQLITE_PARITY_762_CTE_RECURSIVE_MATRIX_055.rs,P1,memory,GEN_SQL_CTE,23798136,24405206,1.025509,-2.550914,false,3
1483,00641,JOIN_SUBQUERY_EXISTS_034,SQLITE_PARITY_641_JOIN_SUBQUERY_EXISTS_034.rs,P1,memory,GEN_SQL_JOIN_SUBQUERY,30387206,31142496,1.024856,-2.485553,false,3
1484,11562,DATETIME_DATETIME_Y2K_MINUS_1_MONTH,SQLITE_PARITY_11562_DATETIME_DATETIME_Y2K_MINUS_1_MONTH.rs,P0,memory,SQL_DATETIME,36667601,37578357,1.024838,-2.483817,false,3
1485,10363,UPSERT_RETURNING_INSERT_PATH,SQLITE_PARITY_10363_UPSERT_RETURNING_INSERT_PATH.rs,P0,memory,SQL_RETURNING,33082952,33889549,1.024381,-2.438105,false,3
1486,10256,PRAGMA_ENCODING_DEFAULT,SQLITE_PARITY_10256_PRAGMA_ENCODING_DEFAULT.rs,P0,memory,SQL_PRAGMA,31768031,32536035,1.024175,-2.417537,false,3
1487,10298,BEGIN_EXCLUSIVE_BASIC,SQLITE_PARITY_10298_BEGIN_EXCLUSIVE_BASIC.rs,P0,memory,SQL_TRANSACTION,30054927,30767947,1.023724,-2.372390,false,3
1488,00928,CONSTRAINT_FK_SAVEPOINT_061,SQLITE_PARITY_928_CONSTRAINT_FK_SAVEPOINT_061.rs,P2,memory,GEN_SQL_CONSTRAINT_TX,34194427,35001506,1.023603,-2.360265,false,3
1489,00595,AGG_GROUP_HAVING_088,SQLITE_PARITY_595_AGG_GROUP_HAVING_088.rs,P1,memory,GEN_SQL_AGGREGATE,30435918,31151523,1.023512,-2.351186,false,3
1490,00738,CTE_RECURSIVE_MATRIX_031,SQLITE_PARITY_738_CTE_RECURSIVE_MATRIX_031.rs,P1,memory,GEN_SQL_CTE,28117476,28772427,1.023293,-2.329338,false,3
1491,00680,JOIN_SUBQUERY_EXISTS_073,SQLITE_PARITY_680_JOIN_SUBQUERY_EXISTS_073.rs,P1,memory,GEN_SQL_JOIN_SUBQUERY,31887978,32630575,1.023288,-2.328768,false,3
1492,10532,AGGREGATE_OVER_CTE,SQLITE_PARITY_10532_AGGREGATE_OVER_CTE.rs,P0,memory,SQL_AGGREGATE_ADV,28464043,29120627,1.023067,-2.306714,false,3
1493,10386,PRAGMA_MAIN_USER_VERSION_SET,SQLITE_PARITY_10386_PRAGMA_MAIN_USER_VERSION_SET.rs,P0,memory,SQL_ATTACH,40468120,41392241,1.022836,-2.283578,false,3
1494,11217,CAST_REAL_3_14_AS_TEXT,SQLITE_PARITY_11217_CAST_REAL_3_14_AS_TEXT.rs,P0,memory,SQL_CAST,32778315,33508899,1.022289,-2.228864,false,3
1495,10505,SUBQUERY_LIMIT_1_AS_SCALAR,SQLITE_PARITY_10505_SUBQUERY_LIMIT_1_AS_SCALAR.rs,P0,memory,SQL_SUBQUERY,25663398,26233127,1.022200,-2.220006,false,3
1496,10257,PRAGMA_LOCKING_MODE_NORMAL,SQLITE_PARITY_10257_PRAGMA_LOCKING_MODE_NORMAL.rs,P0,memory,SQL_PRAGMA,39970097,40835075,1.021641,-2.164063,false,3
1497,00904,CONSTRAINT_FK_SAVEPOINT_037,SQLITE_PARITY_904_CONSTRAINT_FK_SAVEPOINT_037.rs,P2,memory,GEN_SQL_CONSTRAINT_TX,33107829,33807664,1.021138,-2.113805,false,3
1498,10410,ADD_COLUMN_NOT_NULL_DEFAULT,SQLITE_PARITY_10410_ADD_COLUMN_NOT_NULL_DEFAULT.rs,P0,memory,SQL_ALTER,28622954,29216829,1.020748,-2.074821,false,3
1499,10232,OPT_DOUBLE_DASH_TERMINATOR,SQLITE_PARITY_10232_OPT_DOUBLE_DASH_TERMINATOR.rs,P0,memory,CLI_OPTION,30352921,30977343,1.020572,-2.057206,false,3
1500,11588,DATETIME_JULIANDAY_Y2K_START_OF_DAY,SQLITE_PARITY_11588_DATETIME_JULIANDAY_Y2K_START_OF_DAY.rs,P0,memory,SQL_DATETIME,37795518,38552832,1.020037,-2.003714,false,3
1501,11038,MATH_COSH_1_0,SQLITE_PARITY_11038_MATH_COSH_1_0.rs,P1,memory,SQL_MATH,32727850,33371688,1.019672,-1.967248,false,3
1502,12021,PRAGMA_REVERSE_UNORDERED_SELECTS,SQLITE_PARITY_12021_PRAGMA_REVERSE_UNORDERED_SELECTS.rs,P1,memory,SQL_PRAGMA,24890295,25361406,1.018927,-1.892750,false,3
1503,00804,WINDOW_PARTITION_SUM_017,SQLITE_PARITY_804_WINDOW_PARTITION_SUM_017.rs,P2,memory,GEN_SQL_WINDOW,28716040,29258798,1.018901,-1.890087,false,3
1504,00633,JOIN_SUBQUERY_EXISTS_026,SQLITE_PARITY_633_JOIN_SUBQUERY_EXISTS_026.rs,P1,memory,GEN_SQL_JOIN_SUBQUERY,38749535,39469559,1.018581,-1.858149,false,3
1505,11066,MATH_RADIANS_180_0,SQLITE_PARITY_11066_MATH_RADIANS_180_0.rs,P1,memory,SQL_MATH,25982754,26449237,1.017954,-1.795356,false,3
1506,10522,GROUP_BY_MULTIPLE_COLUMNS,SQLITE_PARITY_10522_GROUP_BY_MULTIPLE_COLUMNS.rs,P0,memory,SQL_AGGREGATE_ADV,31923786,32464080,1.016924,-1.692450,false,3
1507,00449,DML_WHERE_ORDER_LIMIT_062,SQLITE_PARITY_449_DML_WHERE_ORDER_LIMIT_062.rs,P1,memory,GEN_SQL_DML,32147911,32691360,1.016905,-1.690464,false,3
1508,00876,CONSTRAINT_FK_SAVEPOINT_009,SQLITE_PARITY_876_CONSTRAINT_FK_SAVEPOINT_009.rs,P2,memory,GEN_SQL_CONSTRAINT_TX,23224429,23611823,1.016680,-1.668045,false,3
1509,00492,DML_WHERE_ORDER_LIMIT_105,SQLITE_PARITY_492_DML_WHERE_ORDER_LIMIT_105.rs,P1,memory,GEN_SQL_DML,36771739,37384199,1.016656,-1.665573,false,3
1510,11934,WIN_MIN_RANGE_UNBND_PREC_CURRENT,SQLITE_PARITY_11934_WIN_MIN_RANGE_UNBND_PREC_CURRENT.rs,P0,memory,SQL_WINDOW,28453713,28921539,1.016442,-1.644165,false,3
1511,10003,NULL_LT_NUMBER_IS_NULL,SQLITE_PARITY_10003_NULL_LT_NUMBER_IS_NULL.rs,P0,memory,SQL_NULL_SEMANTICS,28831239,29305106,1.016436,-1.643589,false,3
1512,00713,CTE_RECURSIVE_MATRIX_006,SQLITE_PARITY_713_CTE_RECURSIVE_MATRIX_006.rs,P1,memory,GEN_SQL_CTE,38152704,38764333,1.016031,-1.603108,false,3
1513,10308,ROLLBACK_TO_SAVEPOINT_DOES_NOT_CLOSE,SQLITE_PARITY_10308_ROLLBACK_TO_SAVEPOINT_DOES_NOT_CLOSE.rs,P0,memory,SQL_TRANSACTION,31348897,31838595,1.015621,-1.562090,false,3
1514,10068,AUTOINCREMENT_NULL_PK_AUTOFILL,SQLITE_PARITY_10068_AUTOINCREMENT_NULL_PK_AUTOFILL.rs,P0,memory,SQL_AUTOINCREMENT,30860943,31341684,1.015578,-1.557765,false,3
1515,01120,INDEX_SCHEMA_PRAGMA_053,SQLITE_PARITY_1120_INDEX_SCHEMA_PRAGMA_053.rs,P2,memory,GEN_SQL_INDEX_PRAGMA,28762268,29199616,1.015206,-1.520562,false,3
1516,11803,JSON_JSON_EXTRACT_A_B_0,SQLITE_PARITY_11803_JSON_JSON_EXTRACT_A_B_0.rs,P0,memory,SQL_JSON,31047928,31518298,1.015150,-1.514980,false,3
1517,10241,PRAGMA_FOREIGN_KEYS_ON_THEN_QUERY,SQLITE_PARITY_10241_PRAGMA_FOREIGN_KEYS_ON_THEN_QUERY.rs,P0,memory,SQL_PRAGMA,27875278,28290935,1.014911,-1.491131,false,3
1518,11307,AFFINITY_INTEGER_NULL_LIT,SQLITE_PARITY_11307_AFFINITY_INTEGER_NULL_LIT.rs,P0,memory,SQL_TYPE_AFFINITY,34000480,34480119,1.014107,-1.410683,false,3
1519,11413,STRING_UPPER_ABC,SQLITE_PARITY_11413_STRING_UPPER_ABC.rs,P0,memory,SQL_STRING,30741426,31156393,1.013499,-1.349863,false,3
1520,11917,WIN_AVG_EXCL_GROUP,SQLITE_PARITY_11917_WIN_AVG_EXCL_GROUP.rs,P0,memory,SQL_WINDOW,33860805,34300999,1.013000,-1.300010,false,3
1521,11720,DATETIME_DATE_EPOCH_BASE,SQLITE_PARITY_11720_DATETIME_DATE_EPOCH_BASE.rs,P0,memory,SQL_DATETIME,29922385,30300602,1.012640,-1.263993,false,3
1522,11083,MATH_TAN_1_0,SQLITE_PARITY_11083_MATH_TAN_1_0.rs,P1,memory,SQL_MATH,27171846,27507160,1.012340,-1.234049,false,3
1523,00862,WINDOW_PARTITION_SUM_075,SQLITE_PARITY_862_WINDOW_PARTITION_SUM_075.rs,P2,memory,GEN_SQL_WINDOW,39333290,39807078,1.012045,-1.204547,false,3
1524,11845,JSON_ARROW_A,SQLITE_PARITY_11845_JSON_ARROW_A.rs,P0,memory,SQL_JSON,35670513,36093744,1.011865,-1.186501,false,3
1525,00395,DML_WHERE_ORDER_LIMIT_008,SQLITE_PARITY_395_DML_WHERE_ORDER_LIMIT_008.rs,P1,memory,GEN_SQL_DML,49427650,50003791,1.011656,-1.165625,false,3
1526,11915,WIN_AVG_GROUPS_1_PREC_CURRENT,SQLITE_PARITY_11915_WIN_AVG_GROUPS_1_PREC_CURRENT.rs,P0,memory,SQL_WINDOW,36836280,37227993,1.010634,-1.063389,false,3
1527,00924,CONSTRAINT_FK_SAVEPOINT_057,SQLITE_PARITY_924_CONSTRAINT_FK_SAVEPOINT_057.rs,P2,memory,GEN_SQL_CONSTRAINT_TX,34033001,34393264,1.010586,-1.058570,false,3
1528,10507,SUBQUERY_IN_UPDATE_SET,SQLITE_PARITY_10507_SUBQUERY_IN_UPDATE_SET.rs,P0,memory,SQL_SUBQUERY,31527816,31857671,1.010462,-1.046235,false,3
1529,10123,MODE_CSV_BASIC,SQLITE_PARITY_10123_MODE_CSV_BASIC.rs,P0,memory,CLI_OUTPUT_MODE,23362530,23581305,1.009364,-0.936435,false,3
1530,10476,COMPOUND_MIXED_LEFT_TO_RIGHT,SQLITE_PARITY_10476_COMPOUND_MIXED_LEFT_TO_RIGHT.rs,P0,memory,SQL_COMPOUND,32920815,33219380,1.009069,-0.906919,false,3
1531,10237,OPT_BATCH_BAIL_COMBO,SQLITE_PARITY_10237_OPT_BATCH_BAIL_COMBO.rs,P0,memory,CLI_OPTION,35554803,35870351,1.008875,-0.887498,false,3
1532,11953,WIN_FIRST_VALUE_ROWS_2_PREC_CURRENT,SQLITE_PARITY_11953_WIN_FIRST_VALUE_ROWS_2_PREC_CURRENT.rs,P0,memory,SQL_WINDOW,34952753,35228987,1.007903,-0.790307,false,3
1533,01079,INDEX_SCHEMA_PRAGMA_012,SQLITE_PARITY_1079_INDEX_SCHEMA_PRAGMA_012.rs,P2,memory,GEN_SQL_INDEX_PRAGMA,30897523,31141565,1.007898,-0.789843,false,3
1534,11557,DATETIME_DATETIME_Y2K_PLUS_5_DAYS,SQLITE_PARITY_11557_DATETIME_DATETIME_Y2K_PLUS_5_DAYS.rs,P0,memory,SQL_DATETIME,22439512,22602160,1.007248,-0.724829,false,3
1535,00660,JOIN_SUBQUERY_EXISTS_053,SQLITE_PARITY_660_JOIN_SUBQUERY_EXISTS_053.rs,P1,memory,GEN_SQL_JOIN_SUBQUERY,29005319,29202021,1.006782,-0.678158,false,3
1536,11961,WIN_LAST_VALUE_ROWS_CURRENT_UNBND_FOLL,SQLITE_PARITY_11961_WIN_LAST_VALUE_ROWS_CURRENT_UNBND_FOLL.rs,P0,memory,SQL_WINDOW,19668233,19797939,1.006595,-0.659470,false,3
1537,10301,ROLLBACK_WITHOUT_TRANSACTION,SQLITE_PARITY_10301_ROLLBACK_WITHOUT_TRANSACTION.rs,P0,memory,SQL_TRANSACTION,27780028,27960149,1.006484,-0.648383,false,3
1538,11207,CAST_INT_5_AS_TEXT,SQLITE_PARITY_11207_CAST_INT_5_AS_TEXT.rs,P0,memory,SQL_CAST,41972389,42239585,1.006366,-0.636599,false,3
1539,10090,STRICT_TEXT_COERCES_INTEGER,SQLITE_PARITY_10090_STRICT_TEXT_COERCES_INTEGER.rs,P0,memory,SQL_STRICT_TABLES,26084837,26220815,1.005213,-0.521291,false,3
1540,01011,JSON_EXTRACT_SET_004,SQLITE_PARITY_1011_JSON_EXTRACT_SET_004.rs,P2,memory,GEN_SQL_JSON,29176572,29309935,1.004571,-0.457089,false,3
1541,10093,STRICT_BLOB_ACCEPTS_BLOB,SQLITE_PARITY_10093_STRICT_BLOB_ACCEPTS_BLOB.rs,P0,memory,SQL_STRICT_TABLES,36066462,36199745,1.003695,-0.369548,false,3
1542,11965,WIN_LAST_VALUE_GROUPS_1_PREC_CURRENT,SQLITE_PARITY_11965_WIN_LAST_VALUE_GROUPS_1_PREC_CURRENT.rs,P0,memory,SQL_WINDOW,23361809,23438836,1.003297,-0.329713,false,3
1543,10531,FILTER_VS_CASE_WHEN_EQUIVALENCE,SQLITE_PARITY_10531_FILTER_VS_CASE_WHEN_EQUIVALENCE.rs,P0,memory,SQL_AGGREGATE_ADV,35302406,35350817,1.001371,-0.137132,false,3
1544,00582,AGG_GROUP_HAVING_075,SQLITE_PARITY_582_AGG_GROUP_HAVING_075.rs,P1,memory,GEN_SQL_AGGREGATE,33487989,33531271,1.001292,-0.129246,false,3
1545,00533,AGG_GROUP_HAVING_026,SQLITE_PARITY_533_AGG_GROUP_HAVING_026.rs,P1,memory,GEN_SQL_AGGREGATE,40280434,40329207,1.001211,-0.121084,false,3
1546,11837,JSON_TYPE_DOC_ROOT,SQLITE_PARITY_11837_JSON_TYPE_DOC_ROOT.rs,P0,memory,SQL_JSON,27469329,27493004,1.000862,-0.086187,false,3
1547,11062,MATH_LOG2_8_0,SQLITE_PARITY_11062_MATH_LOG2_8_0.rs,P1,memory,SQL_MATH,27521057,27518012,0.999889,0.011064,false,3
1548,11514,DATETIME_STRFTIME_ISO_EPOCH_PLUS_1_YEAR,SQLITE_PARITY_11514_DATETIME_STRFTIME_ISO_EPOCH_PLUS_1_YEAR.rs,P0,memory,SQL_DATETIME,34477663,34427729,0.998552,0.144830,false,3
1549,11220,CAST_REAL_0_AS_INTEGER,SQLITE_PARITY_11220_CAST_REAL_0_AS_INTEGER.rs,P0,memory,SQL_CAST,28541209,28499320,0.998532,0.146767,false,3
1550,10424,ADD_COLUMN_DEFAULT_FILLS_EXISTING_ROWS,SQLITE_PARITY_10424_ADD_COLUMN_DEFAULT_FILLS_EXISTING_ROWS.rs,P0,memory,SQL_ALTER,28237023,28175366,0.997816,0.218355,false,3
1551,10038,ORDER_BY_COLLATE_NOCASE_ASC_DEFAULT,SQLITE_PARITY_10038_ORDER_BY_COLLATE_NOCASE_ASC_DEFAULT.rs,P0,memory,SQL_NULL_ORDER,31667550,31593891,0.997674,0.232601,false,3
1552,11906,WIN_SUM_EXCL_CURRENT_ROW,SQLITE_PARITY_11906_WIN_SUM_EXCL_CURRENT_ROW.rs,P0,memory,SQL_WINDOW,32241328,32163521,0.997587,0.241327,false,3
1553,00631,JOIN_SUBQUERY_EXISTS_024,SQLITE_PARITY_631_JOIN_SUBQUERY_EXISTS_024.rs,P1,memory,GEN_SQL_JOIN_SUBQUERY,35672096,35580292,0.997426,0.257355,false,3
1554,11008,MATH_ASIN_1_0,SQLITE_PARITY_11008_MATH_ASIN_1_0.rs,P1,memory,SQL_MATH,38721402,38587338,0.996538,0.346227,false,3
1555,11332,AFFINITY_TEXT_INT_1,SQLITE_PARITY_11332_AFFINITY_TEXT_INT_1.rs,P0,memory,SQL_TYPE_AFFINITY,29476651,29365270,0.996221,0.377862,false,3
1556,10076,AUTOINCREMENT_MAX_ROWID_FAIL,SQLITE_PARITY_10076_AUTOINCREMENT_MAX_ROWID_FAIL.rs,P0,memory,SQL_AUTOINCREMENT,41598571,41339510,0.993772,0.622764,false,3
1557,10114,MODE_LIST_NULLVALUE_EMPTY,SQLITE_PARITY_10114_MODE_LIST_NULLVALUE_EMPTY.rs,P0,memory,CLI_OUTPUT_MODE,32024647,31811223,0.993336,0.666437,false,3
1558,11348,AFFINITY_BLOB_INT_1,SQLITE_PARITY_11348_AFFINITY_BLOB_INT_1.rs,P0,memory,SQL_TYPE_AFFINITY,45490122,45153926,0.992609,0.739053,false,3
1559,11702,DATETIME_DATETIME_UNIX_START_OF_MONTH,SQLITE_PARITY_11702_DATETIME_DATETIME_UNIX_START_OF_MONTH.rs,P0,memory,SQL_DATETIME,29830822,29604182,0.992402,0.759751,false,3
1560,10064,AUTOINCREMENT_KEYWORD_CREATES_SEQUENCE,SQLITE_PARITY_10064_AUTOINCREMENT_KEYWORD_CREATES_SEQUENCE.rs,P0,memory,SQL_AUTOINCREMENT,42640955,42290592,0.991783,0.821658,false,3
1561,10245,PRAGMA_CASE_SENSITIVE_LIKE_OFF_AFFECTS_LIKE,SQLITE_PARITY_10245_PRAGMA_CASE_SENSITIVE_LIKE_OFF_AFFECTS_LIKE.rs,P0,memory,SQL_PRAGMA,38473011,38156792,0.991781,0.821924,false,3
1562,11081,MATH_TAN_0_7853981633974483,SQLITE_PARITY_11081_MATH_TAN_0_7853981633974483.rs,P1,memory,SQL_MATH,29018233,28759503,0.991084,0.891612,false,3
1563,00586,AGG_GROUP_HAVING_079,SQLITE_PARITY_586_AGG_GROUP_HAVING_079.rs,P1,memory,GEN_SQL_AGGREGATE,31515442,31227968,0.990878,0.912169,false,3
1564,11327,AFFINITY_DOUBLE_REAL_BIG,SQLITE_PARITY_11327_AFFINITY_DOUBLE_REAL_BIG.rs,P0,memory,SQL_TYPE_AFFINITY,29911585,29632336,0.990664,0.933581,false,3
1565,00905,CONSTRAINT_FK_SAVEPOINT_038,SQLITE_PARITY_905_CONSTRAINT_FK_SAVEPOINT_038.rs,P2,memory,GEN_SQL_CONSTRAINT_TX,35232313,34892910,0.990367,0.963329,false,3
1566,10268,PRAGMA_FOREIGN_KEY_CHECK_FINDS_VIOLATION_WITH_DEFER,SQLITE_PARITY_10268_PRAGMA_FOREIGN_KEY_CHECK_FINDS_VIOLATION_WITH_DEFER.rs,P0,memory,SQL_PRAGMA,33518477,33170247,0.989611,1.038920,false,3
1567,11850,JSON_DARROW_A_B_0,SQLITE_PARITY_11850_JSON_DARROW_A_B_0.rs,P0,memory,SQL_JSON,50457921,49933649,0.989610,1.039028,false,3
1568,00451,DML_WHERE_ORDER_LIMIT_064,SQLITE_PARITY_451_DML_WHERE_ORDER_LIMIT_064.rs,P1,memory,GEN_SQL_DML,46942322,46454338,0.989605,1.039540,false,3
1569,11573,DATETIME_JULIANDAY_Y2K_PLUS_3_HOURS,SQLITE_PARITY_11573_DATETIME_JULIANDAY_Y2K_PLUS_3_HOURS.rs,P0,memory,SQL_DATETIME,28113038,27799414,0.988844,1.115582,false,3
1570,10106,STRICT_INSERT_SELECT_REJECTS_WRONG_TYPE,SQLITE_PARITY_10106_STRICT_INSERT_SELECT_REJECTS_WRONG_TYPE.rs,P0,memory,SQL_STRICT_TABLES,28332284,27994805,0.988089,1.191146,false,3
1571,00659,JOIN_SUBQUERY_EXISTS_052,SQLITE_PARITY_659_JOIN_SUBQUERY_EXISTS_052.rs,P1,memory,GEN_SQL_JOIN_SUBQUERY,34307651,33893176,0.987919,1.208112,false,3
1572,10606,LIKE_ON_INDEXED_COLUMN,SQLITE_PARITY_10606_LIKE_ON_INDEXED_COLUMN.rs,P0,memory,SQL_PATTERN,39287604,38784851,0.987203,1.279673,false,3
1573,01088,INDEX_SCHEMA_PRAGMA_021,SQLITE_PARITY_1088_INDEX_SCHEMA_PRAGMA_021.rs,P2,memory,GEN_SQL_INDEX_PRAGMA,37437539,36954796,0.987105,1.289462,false,3
1574,00521,AGG_GROUP_HAVING_014,SQLITE_PARITY_521_AGG_GROUP_HAVING_014.rs,P1,memory,GEN_SQL_AGGREGATE,41569907,41024183,0.986872,1.312786,false,3
1575,00796,WINDOW_PARTITION_SUM_009,SQLITE_PARITY_796_WINDOW_PARTITION_SUM_009.rs,P2,memory,GEN_SQL_WINDOW,34141697,33679552,0.986464,1.353609,false,3
1576,00728,CTE_RECURSIVE_MATRIX_021,SQLITE_PARITY_728_CTE_RECURSIVE_MATRIX_021.rs,P1,memory,GEN_SQL_CTE,33553063,33065208,0.985460,1.453981,false,3
1577,10276,FK_DELETE_NO_ACTION_REJECTED,SQLITE_PARITY_10276_FK_DELETE_NO_ACTION_REJECTED.rs,P0,memory,SQL_FOREIGN_KEYS,27903150,27495239,0.985381,1.461882,false,3
1578,10285,FK_UPDATE_SET_DEFAULT_FALLS_BACK,SQLITE_PARITY_10285_FK_UPDATE_SET_DEFAULT_FALLS_BACK.rs,P0,memory,SQL_FOREIGN_KEYS,32507121,32030268,0.985331,1.466919,false,3
1579,00685,JOIN_SUBQUERY_EXISTS_078,SQLITE_PARITY_685_JOIN_SUBQUERY_EXISTS_078.rs,P1,memory,GEN_SQL_JOIN_SUBQUERY,32508033,32013286,0.984781,1.521922,false,3
1580,00220,DELETE_LIMIT_OPTIONAL,SQLITE_PARITY_220_DELETE_LIMIT_OPTIONAL.rs,P3,memory,SQL_DELETE_OPTIONAL,27210108,26783109,0.984307,1.569266,false,3
1581,11055,MATH_LN_10_0,SQLITE_PARITY_11055_MATH_LN_10_0.rs,P1,memory,SQL_MATH,31863041,31361101,0.984247,1.575305,false,3
1582,00990,VIEW_TRIGGER_GENERATED_043,SQLITE_PARITY_990_VIEW_TRIGGER_GENERATED_043.rs,P2,memory,GEN_SQL_VIEW_TRIGGER,28511202,28037716,0.983393,1.660702,false,3
1583,00514,AGG_GROUP_HAVING_007,SQLITE_PARITY_514_AGG_GROUP_HAVING_007.rs,P1,memory,GEN_SQL_AGGREGATE,51356513,50437673,0.982109,1.789140,false,3
1584,00088,JSON_SCALAR_FUNCTIONS,SQLITE_PARITY_088_JSON_SCALAR_FUNCTIONS.rs,P0,memory,SQL_JSON,28168454,27661824,0.982014,1.798572,false,3
1585,10282,FK_UPDATE_RESTRICT_REJECTED,SQLITE_PARITY_10282_FK_UPDATE_RESTRICT_REJECTED.rs,P0,memory,SQL_FOREIGN_KEYS,31715772,31137587,0.981770,1.823020,false,3
1586,11238,CAST_TEXT_BARE_AS_BLOB,SQLITE_PARITY_11238_CAST_TEXT_BARE_AS_BLOB.rs,P0,memory,SQL_CAST,43009674,42223815,0.981728,1.827168,false,3
1587,11673,DATETIME_JULIANDAY_UNIX_MINUS_1_MONTH,SQLITE_PARITY_11673_DATETIME_JULIANDAY_UNIX_MINUS_1_MONTH.rs,P0,memory,SQL_DATETIME,30883516,30302445,0.981185,1.881492,false,3
1588,00720,CTE_RECURSIVE_MATRIX_013,SQLITE_PARITY_720_CTE_RECURSIVE_MATRIX_013.rs,P1,memory,GEN_SQL_CTE,31751871,31153968,0.981170,1.883048,false,3
1589,00364,SCALAR_ARITH_035,SQLITE_PARITY_364_SCALAR_ARITH_035.rs,P1,memory,GEN_SQL_SCALAR,52503405,51469397,0.980306,1.969411,false,3
1590,00662,JOIN_SUBQUERY_EXISTS_055,SQLITE_PARITY_662_JOIN_SUBQUERY_EXISTS_055.rs,P1,memory,GEN_SQL_JOIN_SUBQUERY,27302172,26760747,0.980169,1.983084,false,3
1591,10178,DOT_TABLES_PATTERN,SQLITE_PARITY_10178_DOT_TABLES_PATTERN.rs,P0,memory,CLI_DOT_COMMAND,35681514,34972060,0.980117,1.988296,false,3
1592,11328,AFFINITY_DOUBLE_TEXT_NUM,SQLITE_PARITY_11328_AFFINITY_DOUBLE_TEXT_NUM.rs,P0,memory,SQL_TYPE_AFFINITY,33362872,32690308,0.979841,2.015906,false,3
1593,11082,MATH_TAN_0_7853981633974483,SQLITE_PARITY_11082_MATH_TAN_0_7853981633974483.rs,P1,memory,SQL_MATH,30184242,29564678,0.979474,2.052607,false,3
1594,10212,OPT_MODE_COLUMN,SQLITE_PARITY_10212_OPT_MODE_COLUMN.rs,P0,memory,CLI_OPTION,32259863,31571940,0.978676,2.132442,false,3
1595,10086,STRICT_INT_REJECTS_BLOB,SQLITE_PARITY_10086_STRICT_INT_REJECTS_BLOB.rs,P0,memory,SQL_STRICT_TABLES,26721172,26135973,0.978100,2.190020,false,3
1596,10244,PRAGMA_CASE_SENSITIVE_LIKE_ON_AFFECTS_LIKE,SQLITE_PARITY_10244_PRAGMA_CASE_SENSITIVE_LIKE_ON_AFFECTS_LIKE.rs,P0,memory,SQL_PRAGMA,41315124,40400481,0.977862,2.213821,false,3
1597,00962,VIEW_TRIGGER_GENERATED_015,SQLITE_PARITY_962_VIEW_TRIGGER_GENERATED_015.rs,P2,memory,GEN_SQL_VIEW_TRIGGER,32467917,31696726,0.976248,2.375240,false,3
1598,10183,DOT_VERSION_PRINTS_3,SQLITE_PARITY_10183_DOT_VERSION_PRINTS_3.rs,P0,memory,CLI_DOT_COMMAND,29926944,29202051,0.975778,2.422209,false,3
1599,11904,WIN_SUM_RANGE_UNBND_PREC_CURRENT,SQLITE_PARITY_11904_WIN_SUM_RANGE_UNBND_PREC_CURRENT.rs,P0,memory,SQL_WINDOW,39404656,38432654,0.975333,2.466719,false,3
1600,10587,LIKE_PCT_WILDCARD,SQLITE_PARITY_10587_LIKE_PCT_WILDCARD.rs,P0,memory,SQL_PATTERN,21040573,20514316,0.974988,2.501153,false,3
1601,10273,FK_REFS_UNIQUE_HAPPY,SQLITE_PARITY_10273_FK_REFS_UNIQUE_HAPPY.rs,P0,memory,SQL_FOREIGN_KEYS,46654457,45471146,0.974637,2.536330,false,3
1602,11011,MATH_ASIN_0_5,SQLITE_PARITY_11011_MATH_ASIN_0_5.rs,P1,memory,SQL_MATH,37811057,36839607,0.974308,2.569222,false,3
1603,10004,NULL_PLUS_INT_IS_NULL,SQLITE_PARITY_10004_NULL_PLUS_INT_IS_NULL.rs,P0,memory,SQL_NULL_SEMANTICS,30024178,29238800,0.973842,2.615818,false,3
1604,00442,DML_WHERE_ORDER_LIMIT_055,SQLITE_PARITY_442_DML_WHERE_ORDER_LIMIT_055.rs,P1,memory,GEN_SQL_DML,41844928,40733362,0.973436,2.656394,false,3
1605,10262,PRAGMA_SCHEMA_VERSION_INCREMENTS_ON_DDL,SQLITE_PARITY_10262_PRAGMA_SCHEMA_VERSION_INCREMENTS_ON_DDL.rs,P0,memory,SQL_PRAGMA,33266409,32370543,0.973070,2.693005,false,3
1606,11579,DATETIME_STRFTIME_ISO_Y2K_PLUS_30_MINUTES,SQLITE_PARITY_11579_DATETIME_STRFTIME_ISO_Y2K_PLUS_30_MINUTES.rs,P0,memory,SQL_DATETIME,26509040,25788736,0.972828,2.717201,false,3
1607,11346,AFFINITY_VARCHAR_8_BLOB_HEX,SQLITE_PARITY_11346_AFFINITY_VARCHAR_8_BLOB_HEX.rs,P0,memory,SQL_TYPE_AFFINITY,30821869,29974834,0.972518,2.748162,false,3
1608,11910,WIN_AVG_ROWS_UNBND_PREC_CURRENT,SQLITE_PARITY_11910_WIN_AVG_ROWS_UNBND_PREC_CURRENT.rs,P0,memory,SQL_WINDOW,35095033,34119666,0.972208,2.779217,false,3
1609,11203,CAST_NULL_AS_BLOB,SQLITE_PARITY_11203_CAST_NULL_AS_BLOB.rs,P0,memory,SQL_CAST,29986236,29147077,0.972015,2.798481,false,3
1610,11302,AFFINITY_INTEGER_REAL_HALF,SQLITE_PARITY_11302_AFFINITY_INTEGER_REAL_HALF.rs,P0,memory,SQL_TYPE_AFFINITY,34954016,33955594,0.971436,2.856387,false,3
1611,11060,MATH_LOG2_1_0,SQLITE_PARITY_11060_MATH_LOG2_1_0.rs,P1,memory,SQL_MATH,34140816,33115183,0.969959,3.004126,false,3
1612,10490,SCALAR_SUBQUERY_SELECT_LIST,SQLITE_PARITY_10490_SCALAR_SUBQUERY_SELECT_LIST.rs,P0,memory,SQL_SUBQUERY,30088420,29184337,0.969952,3.004754,false,3
1613,11827,JSON_JSON_ARRAY_LENGTH_A_B_0,SQLITE_PARITY_11827_JSON_JSON_ARRAY_LENGTH_A_B_0.rs,P0,memory,SQL_JSON,38323688,37165203,0.969771,3.022895,false,3
1614,11564,DATETIME_STRFTIME_ISO_Y2K_MINUS_1_MONTH,SQLITE_PARITY_11564_DATETIME_STRFTIME_ISO_Y2K_MINUS_1_MONTH.rs,P0,memory,SQL_DATETIME,32649591,31638837,0.969042,3.095763,false,3
1615,00453,DML_WHERE_ORDER_LIMIT_066,SQLITE_PARITY_453_DML_WHERE_ORDER_LIMIT_066.rs,P1,memory,GEN_SQL_DML,33217908,32161216,0.968189,3.181091,false,3
1616,11002,MATH_ACOS_1_0,SQLITE_PARITY_11002_MATH_ACOS_1_0.rs,P1,memory,SQL_MATH,31264337,30269213,0.968171,3.182937,false,3
1617,10100,STRICT_NOT_NULL_REJECTS_NULL,SQLITE_PARITY_10100_STRICT_NOT_NULL_REJECTS_NULL.rs,P0,memory,SQL_STRICT_TABLES,28508167,27596229,0.968011,3.198866,false,3
1618,11914,WIN_AVG_RANGE_UNBND_PREC_CURRENT,SQLITE_PARITY_11914_WIN_AVG_RANGE_UNBND_PREC_CURRENT.rs,P0,memory,SQL_WINDOW,32528552,31482821,0.967852,3.214810,false,3
1619,00985,VIEW_TRIGGER_GENERATED_038,SQLITE_PARITY_985_VIEW_TRIGGER_GENERATED_038.rs,P2,memory,GEN_SQL_VIEW_TRIGGER,26187211,25342771,0.967754,3.224627,false,3
1620,10213,OPT_MODE_CSV,SQLITE_PARITY_10213_OPT_MODE_CSV.rs,P0,memory,CLI_OPTION,41904570,40528515,0.967162,3.283783,false,3
1621,00978,VIEW_TRIGGER_GENERATED_031,SQLITE_PARITY_978_VIEW_TRIGGER_GENERATED_031.rs,P2,memory,GEN_SQL_VIEW_TRIGGER,26518819,25636017,0.966710,3.328964,false,3
1622,11595,DATETIME_DATE_Y2K_START_OF_YEAR,SQLITE_PARITY_11595_DATETIME_DATE_Y2K_START_OF_YEAR.rs,P0,memory,SQL_DATETIME,39043381,37690709,0.965355,3.464536,false,3
1623,01061,JSON_EXTRACT_SET_054,SQLITE_PARITY_1061_JSON_EXTRACT_SET_054.rs,P2,memory,GEN_SQL_JSON,24176833,23331822,0.965049,3.495127,false,3
1624,00427,DML_WHERE_ORDER_LIMIT_040,SQLITE_PARITY_427_DML_WHERE_ORDER_LIMIT_040.rs,P1,memory,GEN_SQL_DML,36309594,35021533,0.964526,3.547440,false,3
1625,10426,REC_SIMPLE_COUNTER_UNION_ALL,SQLITE_PARITY_10426_REC_SIMPLE_COUNTER_UNION_ALL.rs,P0,memory,SQL_RECURSIVE_CTE,32332971,31171170,0.964068,3.593239,false,3
1626,00744,CTE_RECURSIVE_MATRIX_037,SQLITE_PARITY_744_CTE_RECURSIVE_MATRIX_037.rs,P1,memory,GEN_SQL_CTE,29855809,28764923,0.963462,3.653848,false,3
1627,10019,CASE_WHEN_NULL_MATCH,SQLITE_PARITY_10019_CASE_WHEN_NULL_MATCH.rs,P0,memory,SQL_NULL_SEMANTICS,38272070,36866428,0.963272,3.672762,false,3
1628,00600,AGG_GROUP_HAVING_093,SQLITE_PARITY_600_AGG_GROUP_HAVING_093.rs,P1,memory,GEN_SQL_AGGREGATE,35022967,33733114,0.963171,3.682878,false,3
1629,00392,DML_WHERE_ORDER_LIMIT_005,SQLITE_PARITY_392_DML_WHERE_ORDER_LIMIT_005.rs,P1,memory,GEN_SQL_DML,34885196,33568411,0.962254,3.774624,false,3
1630,00609,JOIN_SUBQUERY_EXISTS_002,SQLITE_PARITY_609_JOIN_SUBQUERY_EXISTS_002.rs,P1,memory,GEN_SQL_JOIN_SUBQUERY,36241324,34873253,0.962251,3.774892,false,3
1631,10153,CLI_FLAG_BOX,SQLITE_PARITY_10153_CLI_FLAG_BOX.rs,P0,memory,CLI_OUTPUT_MODE,31794902,30573889,0.961597,3.840279,false,3
1632,10328,DO_UPDATE_REFERENCES_EXCLUDED,SQLITE_PARITY_10328_DO_UPDATE_REFERENCES_EXCLUDED.rs,P0,memory,SQL_UPSERT,32240155,30989547,0.961210,3.879038,false,3
1633,11304,AFFINITY_INTEGER_TEXT_NUM,SQLITE_PARITY_11304_AFFINITY_INTEGER_TEXT_NUM.rs,P0,memory,SQL_TYPE_AFFINITY,32054955,30779489,0.960210,3.978998,false,3
1634,10306,SAVEPOINT_DEPTH_5_RELEASE,SQLITE_PARITY_10306_SAVEPOINT_DEPTH_5_RELEASE.rs,P0,memory,SQL_TRANSACTION,36973331,35473009,0.959422,4.057849,false,3
1635,11949,WIN_MAX_EXCL_NO_OTHERS,SQLITE_PARITY_11949_WIN_MAX_EXCL_NO_OTHERS.rs,P0,memory,SQL_WINDOW,26099434,25033595,0.959162,4.083763,false,3
1636,11347,AFFINITY_VARCHAR_8_NULL_LIT,SQLITE_PARITY_11347_AFFINITY_VARCHAR_8_NULL_LIT.rs,P0,memory,SQL_TYPE_AFFINITY,33121555,31744717,0.958431,4.156924,false,3
1637,11551,DATETIME_TIME_EPOCH_UTC,SQLITE_PARITY_11551_DATETIME_TIME_EPOCH_UTC.rs,P0,memory,SQL_DATETIME,26002931,24909180,0.957937,4.206260,false,3
1638,10126,MODE_CSV_COMMA_AND_NEWLINE,SQLITE_PARITY_10126_MODE_CSV_COMMA_AND_NEWLINE.rs,P0,memory,CLI_OUTPUT_MODE,31426474,30090514,0.957489,4.251066,false,3
1639,00416,DML_WHERE_ORDER_LIMIT_029,SQLITE_PARITY_416_DML_WHERE_ORDER_LIMIT_029.rs,P1,memory,GEN_SQL_DML,34125176,32672615,0.957434,4.256567,false,3
1640,00837,WINDOW_PARTITION_SUM_050,SQLITE_PARITY_837_WINDOW_PARTITION_SUM_050.rs,P2,memory,GEN_SQL_WINDOW,34638007,33137586,0.956683,4.331719,false,3
1641,00911,CONSTRAINT_FK_SAVEPOINT_044,SQLITE_PARITY_911_CONSTRAINT_FK_SAVEPOINT_044.rs,P2,memory,GEN_SQL_CONSTRAINT_TX,50241171,48061282,0.956612,4.338850,false,3
1642,10169,DOT_SEPARATOR_TAB,SQLITE_PARITY_10169_DOT_SEPARATOR_TAB.rs,P0,memory,CLI_DOT_COMMAND,40891091,39110518,0.956456,4.354428,false,3
1643,00730,CTE_RECURSIVE_MATRIX_023,SQLITE_PARITY_730_CTE_RECURSIVE_MATRIX_023.rs,P1,memory,GEN_SQL_CTE,28610300,27356806,0.956187,4.381268,false,3
1644,11030,MATH_CEILING_1_4,SQLITE_PARITY_11030_MATH_CEILING_1_4.rs,P1,memory,SQL_MATH,31379625,30003829,0.956156,4.384361,false,3
1645,00835,WINDOW_PARTITION_SUM_048,SQLITE_PARITY_835_WINDOW_PARTITION_SUM_048.rs,P2,memory,GEN_SQL_WINDOW,31229281,29854156,0.955967,4.403319,false,3
1646,01089,INDEX_SCHEMA_PRAGMA_022,SQLITE_PARITY_1089_INDEX_SCHEMA_PRAGMA_022.rs,P2,memory,GEN_SQL_INDEX_PRAGMA,37219477,35538492,0.954836,4.516412,false,3
1647,11042,MATH_DEGREES_1_5707963267949,SQLITE_PARITY_11042_MATH_DEGREES_1_5707963267949.rs,P1,memory,SQL_MATH,28135301,26824067,0.953395,4.660458,false,3
1648,11650,DATETIME_DATE_DATE_2024_START_OF_YEAR,SQLITE_PARITY_11650_DATETIME_DATE_DATE_2024_START_OF_YEAR.rs,P0,memory,SQL_DATETIME,34744689,33117126,0.953156,4.684350,false,3
1649,11585,DATETIME_DATE_Y2K_START_OF_DAY,SQLITE_PARITY_11585_DATETIME_DATE_Y2K_START_OF_DAY.rs,P0,memory,SQL_DATETIME,41784282,39795406,0.952401,4.759866,false,3
1650,00603,AGG_GROUP_HAVING_096,SQLITE_PARITY_603_AGG_GROUP_HAVING_096.rs,P1,memory,GEN_SQL_AGGREGATE,54913511,52284811,0.952130,4.786982,false,3
1651,01107,INDEX_SCHEMA_PRAGMA_040,SQLITE_PARITY_1107_INDEX_SCHEMA_PRAGMA_040.rs,P2,memory,GEN_SQL_INDEX_PRAGMA,35284071,33577810,0.951642,4.835783,false,3
1652,00394,DML_WHERE_ORDER_LIMIT_007,SQLITE_PARITY_394_DML_WHERE_ORDER_LIMIT_007.rs,P1,memory,GEN_SQL_DML,42900908,40803585,0.951112,4.888761,false,3
1653,10177,DOT_TABLES_NO_ARG,SQLITE_PARITY_10177_DOT_TABLES_NO_ARG.rs,P0,memory,CLI_DOT_COMMAND,38036394,36172664,0.951001,4.899860,false,3
1654,00667,JOIN_SUBQUERY_EXISTS_060,SQLITE_PARITY_667_JOIN_SUBQUERY_EXISTS_060.rs,P1,memory,GEN_SQL_JOIN_SUBQUERY,32771452,31135493,0.950080,4.992025,false,3
1655,00815,WINDOW_PARTITION_SUM_028,SQLITE_PARITY_815_WINDOW_PARTITION_SUM_028.rs,P2,memory,GEN_SQL_WINDOW,37423684,35543282,0.949754,5.024631,false,3
1656,11223,CAST_REAL_0_AS_BLOB,SQLITE_PARITY_11223_CAST_REAL_0_AS_BLOB.rs,P0,memory,SQL_CAST,36795364,34945360,0.949722,5.027818,false,3
1657,10193,DOT_BAIL_OFF_NOOP,SQLITE_PARITY_10193_DOT_BAIL_OFF_NOOP.rs,P0,memory,CLI_DOT_COMMAND,39729291,37717219,0.949355,5.064455,false,3
1658,00372,SCALAR_ARITH_037,SQLITE_PARITY_372_SCALAR_ARITH_037.rs,P1,memory,GEN_SQL_SCALAR,52847317,50159957,0.949149,5.085140,false,3
1659,10219,OPT_MODE_QUOTE,SQLITE_PARITY_10219_OPT_MODE_QUOTE.rs,P0,memory,CLI_OPTION,34406118,32641245,0.948705,5.129532,false,3
1660,11202,CAST_NULL_AS_TEXT,SQLITE_PARITY_11202_CAST_NULL_AS_TEXT.rs,P0,memory,SQL_CAST,28383671,26921741,0.948494,5.150602,false,3
1661,11061,MATH_LOG2_2_0,SQLITE_PARITY_11061_MATH_LOG2_2_0.rs,P1,memory,SQL_MATH,30798715,29209084,0.948386,5.161355,false,3
1662,10617,BLOB_EQUALITY_SAME_BYTES,SQLITE_PARITY_10617_BLOB_EQUALITY_SAME_BYTES.rs,P0,memory,SQL_BLOB,37496862,35557148,0.948270,5.173004,false,3
1663,10591,LIKE_CASE_INSENSITIVE_ASCII_DEFAULT,SQLITE_PARITY_10591_LIKE_CASE_INSENSITIVE_ASCII_DEFAULT.rs,P0,memory,SQL_PATTERN,30069063,28503127,0.947922,5.207798,false,3
1664,10360,DELETE_WHERE_RETURNING_FILTERED,SQLITE_PARITY_10360_DELETE_WHERE_RETURNING_FILTERED.rs,P0,memory,SQL_RETURNING,41795845,39617048,0.947870,5.212951,false,3
1665,10599,NOT_GLOB_BASIC,SQLITE_PARITY_10599_NOT_GLOB_BASIC.rs,P0,memory,SQL_PATTERN,39036759,36991154,0.947598,5.240202,false,3
1666,11696,DATETIME_TIME_UNIX_START_OF_DAY,SQLITE_PARITY_11696_DATETIME_TIME_UNIX_START_OF_DAY.rs,P0,memory,SQL_DATETIME,32020559,30342481,0.947594,5.240627,false,3
1667,10619,BLOB_AFFINITY_TEXT_COLUMN,SQLITE_PARITY_10619_BLOB_AFFINITY_TEXT_COLUMN.rs,P0,memory,SQL_BLOB,26652281,25252551,0.947482,5.251821,false,3
1668,00696,JOIN_SUBQUERY_EXISTS_089,SQLITE_PARITY_696_JOIN_SUBQUERY_EXISTS_089.rs,P1,memory,GEN_SQL_JOIN_SUBQUERY,25898734,24536434,0.947399,5.260103,false,3
1669,11824,JSON_JSON_ARRAY_LENGTH_,SQLITE_PARITY_11824_JSON_JSON_ARRAY_LENGTH_.rs,P0,memory,SQL_JSON,34011821,32205299,0.946885,5.311453,false,3
1670,11680,DATETIME_DATE_UNIX_PLUS_3_HOURS,SQLITE_PARITY_11680_DATETIME_DATE_UNIX_PLUS_3_HOURS.rs,P0,memory,SQL_DATETIME,24733938,23419007,0.946837,5.316303,false,3
1671,10216,OPT_MODE_LINE,SQLITE_PARITY_10216_OPT_MODE_LINE.rs,P0,memory,CLI_OPTION,41686217,39453668,0.946444,5.355605,false,3
1672,11440,STRING_SUBSTR_ABCDEF_2_3,SQLITE_PARITY_11440_STRING_SUBSTR_ABCDEF_2_3.rs,P0,memory,SQL_STRING,31876527,30130971,0.945240,5.475992,false,3
1673,00556,AGG_GROUP_HAVING_049,SQLITE_PARITY_556_AGG_GROUP_HAVING_049.rs,P1,memory,GEN_SQL_AGGREGATE,27490940,25958457,0.944255,5.574502,false,3
1674,10173,DOT_SCHEMA_NO_ARG,SQLITE_PARITY_10173_DOT_SCHEMA_NO_ARG.rs,P0,memory,CLI_DOT_COMMAND,36117570,34082595,0.943657,5.634308,false,3
1675,00526,AGG_GROUP_HAVING_019,SQLITE_PARITY_526_AGG_GROUP_HAVING_019.rs,P1,memory,GEN_SQL_AGGREGATE,43346612,40873517,0.942946,5.705394,false,3
1676,11102,MATH_POW_4_0_0_5,SQLITE_PARITY_11102_MATH_POW_4_0_0_5.rs,P1,memory,SQL_MATH,37641917,35481615,0.942609,5.739086,false,3
1677,10235,OPT_MMAP_NONZERO,SQLITE_PARITY_10235_OPT_MMAP_NONZERO.rs,P0,memory,CLI_OPTION,34688713,32690488,0.942396,5.760447,false,3
1678,00443,DML_WHERE_ORDER_LIMIT_056,SQLITE_PARITY_443_DML_WHERE_ORDER_LIMIT_056.rs,P1,memory,GEN_SQL_DML,33092761,31169678,0.941888,5.811189,false,3
1679,10125,MODE_CSV_HEADERS_OFF,SQLITE_PARITY_10125_MODE_CSV_HEADERS_OFF.rs,P0,memory,CLI_OUTPUT_MODE,38547893,36298112,0.941637,5.836327,false,3
1680,11690,DATETIME_DATE_UNIX_PLUS_10_SECONDS,SQLITE_PARITY_11690_DATETIME_DATE_UNIX_PLUS_10_SECONDS.rs,P0,memory,SQL_DATETIME,32206962,30324016,0.941536,5.846394,false,3
1681,10340,ON_CONFLICT_COLLATE_NOCASE_TARGET,SQLITE_PARITY_10340_ON_CONFLICT_COLLATE_NOCASE_TARGET.rs,P0,memory,SQL_UPSERT,25768929,24253358,0.941186,5.881389,false,3
1682,11821,JSON_JSON_TYPE_E,SQLITE_PARITY_11821_JSON_JSON_TYPE_E.rs,P0,memory,SQL_JSON,32446006,30535657,0.941122,5.887779,false,3
1683,00929,CONSTRAINT_FK_SAVEPOINT_062,SQLITE_PARITY_929_CONSTRAINT_FK_SAVEPOINT_062.rs,P2,memory,GEN_SQL_CONSTRAINT_TX,29868864,28042264,0.938846,6.115398,false,3
1684,00471,DML_WHERE_ORDER_LIMIT_084,SQLITE_PARITY_471_DML_WHERE_ORDER_LIMIT_084.rs,P1,memory,GEN_SQL_DML,28943611,27157518,0.938291,6.170940,false,3
1685,00859,WINDOW_PARTITION_SUM_072,SQLITE_PARITY_859_WINDOW_PARTITION_SUM_072.rs,P2,memory,GEN_SQL_WINDOW,30915035,29003836,0.938179,6.182102,false,3
1686,01056,JSON_EXTRACT_SET_049,SQLITE_PARITY_1056_JSON_EXTRACT_SET_049.rs,P2,memory,GEN_SQL_JSON,36313571,34059842,0.937937,6.206300,false,3
1687,10172,DOT_NULLVALUE_ANGLE,SQLITE_PARITY_10172_DOT_NULLVALUE_ANGLE.rs,P0,memory,CLI_DOT_COMMAND,28884470,27059653,0.936824,6.317641,false,3
1688,00592,AGG_GROUP_HAVING_085,SQLITE_PARITY_592_AGG_GROUP_HAVING_085.rs,P1,memory,GEN_SQL_AGGREGATE,41789282,39111010,0.935910,6.408993,false,3
1689,10396,SQLITE_STAT1_AFTER_ANALYZE,SQLITE_PARITY_10396_SQLITE_STAT1_AFTER_ANALYZE.rs,P0,memory,SQL_SCHEMA_INTROSPECTION,29456352,27554371,0.935431,6.456947,false,3
1690,11589,DATETIME_STRFTIME_ISO_Y2K_START_OF_DAY,SQLITE_PARITY_11589_DATETIME_STRFTIME_ISO_Y2K_START_OF_DAY.rs,P0,memory,SQL_DATETIME,34930231,32670230,0.935300,6.470043,false,3
1691,00768,CTE_RECURSIVE_MATRIX_061,SQLITE_PARITY_768_CTE_RECURSIVE_MATRIX_061.rs,P1,memory,GEN_SQL_CTE,30545927,28559524,0.934970,6.503004,false,3
1692,01053,JSON_EXTRACT_SET_046,SQLITE_PARITY_1053_JSON_EXTRACT_SET_046.rs,P2,memory,GEN_SQL_JSON,40662408,38015385,0.934902,6.509755,false,3
1693,00672,JOIN_SUBQUERY_EXISTS_065,SQLITE_PARITY_672_JOIN_SUBQUERY_EXISTS_065.rs,P1,memory,GEN_SQL_JOIN_SUBQUERY,40764471,38076109,0.934051,6.594865,false,3
1694,11548,DATETIME_JULIANDAY_EPOCH_WEEKDAY_0,SQLITE_PARITY_11548_DATETIME_JULIANDAY_EPOCH_WEEKDAY_0.rs,P0,memory,SQL_DATETIME,38170728,35637360,0.933631,6.636939,false,3
1695,00652,JOIN_SUBQUERY_EXISTS_045,SQLITE_PARITY_652_JOIN_SUBQUERY_EXISTS_045.rs,P1,memory,GEN_SQL_JOIN_SUBQUERY,29105889,27166115,0.933355,6.664541,false,3
1696,00963,VIEW_TRIGGER_GENERATED_016,SQLITE_PARITY_963_VIEW_TRIGGER_GENERATED_016.rs,P2,memory,GEN_SQL_VIEW_TRIGGER,30219187,28202097,0.933251,6.674865,false,3
1697,12000,PRAGMA_FREELIST_COUNT,SQLITE_PARITY_12000_PRAGMA_FREELIST_COUNT.rs,P1,memory,SQL_PRAGMA,22549701,21030554,0.932631,6.736883,false,3
1698,10529,AGGREGATE_COLLATE_NOCASE_DISTINCT,SQLITE_PARITY_10529_AGGREGATE_COLLATE_NOCASE_DISTINCT.rs,P0,memory,SQL_AGGREGATE_ADV,32377275,30192166,0.932511,6.748897,false,3
1699,00967,VIEW_TRIGGER_GENERATED_020,SQLITE_PARITY_967_VIEW_TRIGGER_GENERATED_020.rs,P2,memory,GEN_SQL_VIEW_TRIGGER,40762037,37983353,0.931832,6.816843,false,3
1700,10442,REC_COLLATZ_LIKE,SQLITE_PARITY_10442_REC_COLLATZ_LIKE.rs,P0,memory,SQL_RECURSIVE_CTE,36691577,34173618,0.931375,6.862499,false,3
1701,10263,PRAGMA_USER_VERSION_DEFAULT,SQLITE_PARITY_10263_PRAGMA_USER_VERSION_DEFAULT.rs,P0,memory,SQL_PRAGMA,40305351,37518052,0.930845,6.915456,false,3
1702,01027,JSON_EXTRACT_SET_020,SQLITE_PARITY_1027_JSON_EXTRACT_SET_020.rs,P2,memory,GEN_SQL_JSON,32213515,29980726,0.930688,6.931218,false,3
1703,10119,MODE_COLUMN_HEADERS_OFF,SQLITE_PARITY_10119_MODE_COLUMN_HEADERS_OFF.rs,P0,memory,CLI_OUTPUT_MODE,28883959,26859664,0.929916,7.008371,false,3
1704,10550,NOT_NULL_CONSTRAINT_FAILED,SQLITE_PARITY_10550_NOT_NULL_CONSTRAINT_FAILED.rs,P0,memory,SQL_ERROR_MESSAGES,27174932,25259073,0.929499,7.050097,false,3
1705,10382,PRAGMA_DATABASE_LIST_ATTACHED,SQLITE_PARITY_10382_PRAGMA_DATABASE_LIST_ATTACHED.rs,P0,memory,SQL_ATTACH,24583633,22839720,0.929062,7.093797,false,3
1706,10435,REC_WITH_LIMIT_PUSHED_DOWN,SQLITE_PARITY_10435_REC_WITH_LIMIT_PUSHED_DOWN.rs,P0,memory,SQL_RECURSIVE_CTE,39783984,36941150,0.928543,7.145675,false,3
1707,11671,DATETIME_TIME_UNIX_MINUS_1_MONTH,SQLITE_PARITY_11671_DATETIME_TIME_UNIX_MINUS_1_MONTH.rs,P0,memory,SQL_DATETIME,40553652,37561034,0.926206,7.379404,false,3
1708,00752,CTE_RECURSIVE_MATRIX_045,SQLITE_PARITY_752_CTE_RECURSIVE_MATRIX_045.rs,P1,memory,GEN_SQL_CTE,32947455,30507344,0.925939,7.406068,false,3
1709,11100,MATH_POW_2_0_10,SQLITE_PARITY_11100_MATH_POW_2_0_10.rs,P1,memory,SQL_MATH,34313803,31766719,0.925771,7.422914,false,3
1710,00171,OPT_HELP,SQLITE_PARITY_171_OPT_HELP.rs,P1,memory,CLI_OPTION,19335433,17891418,0.925318,7.468232,false,3
1711,01035,JSON_EXTRACT_SET_028,SQLITE_PARITY_1035_JSON_EXTRACT_SET_028.rs,P2,memory,GEN_SQL_JSON,38595734,35656657,0.923850,7.615031,false,3
1712,10023,NOT_NULL_DEFAULT_ACCEPTED,SQLITE_PARITY_10023_NOT_NULL_DEFAULT_ACCEPTED.rs,P0,memory,SQL_NULL_SEMANTICS,33804528,31215916,0.923424,7.657590,false,3
1713,10365,INSERT_SELECT_RETURNING,SQLITE_PARITY_10365_INSERT_SELECT_RETURNING.rs,P0,memory,SQL_RETURNING,39932265,36865175,0.923193,7.680731,false,3
1714,10056,HAVING_SUM_NULL_FILTERED,SQLITE_PARITY_10056_HAVING_SUM_NULL_FILTERED.rs,P0,memory,SQL_AGGREGATE_NULL,29861330,27522540,0.921678,7.832170,false,3
1715,11691,DATETIME_TIME_UNIX_PLUS_10_SECONDS,SQLITE_PARITY_11691_DATETIME_TIME_UNIX_PLUS_10_SECONDS.rs,P0,memory,SQL_DATETIME,36837844,33933262,0.921152,7.884777,false,3
1716,00782,CTE_RECURSIVE_MATRIX_075,SQLITE_PARITY_782_CTE_RECURSIVE_MATRIX_075.rs,P1,memory,GEN_SQL_CTE,32136810,29597129,0.920973,7.902717,false,3
1717,11537,DATETIME_DATETIME_EPOCH_START_OF_MONTH,SQLITE_PARITY_11537_DATETIME_DATETIME_EPOCH_START_OF_MONTH.rs,P0,memory,SQL_DATETIME,40808635,37564871,0.920513,7.948720,false,3
1718,00851,WINDOW_PARTITION_SUM_064,SQLITE_PARITY_851_WINDOW_PARTITION_SUM_064.rs,P2,memory,GEN_SQL_WINDOW,37009519,34063559,0.920400,7.960006,false,3
1719,11506,DATETIME_TIME_EPOCH_MINUS_1_MONTH,SQLITE_PARITY_11506_DATETIME_TIME_EPOCH_MINUS_1_MONTH.rs,P0,memory,SQL_DATETIME,34571461,31815591,0.920285,7.971517,false,3
1720,10437,REC_MUTUAL_REFERENCE_NON_RECURSIVE,SQLITE_PARITY_10437_REC_MUTUAL_REFERENCE_NON_RECURSIVE.rs,P0,memory,SQL_RECURSIVE_CTE,30812181,28350558,0.920109,7.989123,false,3
1721,11817,JSON_JSON_TYPE_A_B_1_C,SQLITE_PARITY_11817_JSON_JSON_TYPE_A_B_1_C.rs,P0,memory,SQL_JSON,27861592,25614747,0.919357,8.064309,false,3
1722,11624,DATETIME_STRFTIME_ISO_DATE_2024_PLUS_1_YEAR,SQLITE_PARITY_11624_DATETIME_STRFTIME_ISO_DATE_2024_PLUS_1_YEAR.rs,P0,memory,SQL_DATETIME,20896950,19200277,0.918808,8.119237,false,3
1723,00545,AGG_GROUP_HAVING_038,SQLITE_PARITY_545_AGG_GROUP_HAVING_038.rs,P1,memory,GEN_SQL_AGGREGATE,29178827,26807185,0.918720,8.127955,false,3
1724,11017,MATH_ATAN_0_0,SQLITE_PARITY_11017_MATH_ATAN_0_0.rs,P1,memory,SQL_MATH,31064308,28501414,0.917497,8.250285,false,3
1725,01054,JSON_EXTRACT_SET_047,SQLITE_PARITY_1054_JSON_EXTRACT_SET_047.rs,P2,memory,GEN_SQL_JSON,43163865,39602580,0.917494,8.250617,false,3
1726,11311,AFFINITY_BIGINT_REAL_BIG,SQLITE_PARITY_11311_AFFINITY_BIGINT_REAL_BIG.rs,P0,memory,SQL_TYPE_AFFINITY,36728727,33697376,0.917466,8.253352,false,3
1727,11724,DATETIME_STRFTIME_ISO_EPOCH_BASE,SQLITE_PARITY_11724_DATETIME_STRFTIME_ISO_EPOCH_BASE.rs,P0,memory,SQL_DATETIME,32753337,30037123,0.917071,8.292938,false,3
1728,00773,CTE_RECURSIVE_MATRIX_066,SQLITE_PARITY_773_CTE_RECURSIVE_MATRIX_066.rs,P1,memory,GEN_SQL_CTE,29916635,27417350,0.916458,8.354165,false,3
1729,00822,WINDOW_PARTITION_SUM_035,SQLITE_PARITY_822_WINDOW_PARTITION_SUM_035.rs,P2,memory,GEN_SQL_WINDOW,30772917,28171640,0.915469,8.453138,false,3
1730,11509,DATETIME_STRFTIME_ISO_EPOCH_MINUS_1_MONTH,SQLITE_PARITY_11509_DATETIME_STRFTIME_ISO_EPOCH_MINUS_1_MONTH.rs,P0,memory,SQL_DATETIME,36477952,33375947,0.914962,8.503781,false,3
1731,10127,MODE_TABS_BASIC,SQLITE_PARITY_10127_MODE_TABS_BASIC.rs,P0,memory,CLI_OUTPUT_MODE,42188468,38588339,0.914666,8.533443,false,3
1732,10022,UNIQUE_ALLOWS_MULTIPLE_NULLS,SQLITE_PARITY_10022_UNIQUE_ALLOWS_MULTIPLE_NULLS.rs,P0,memory,SQL_NULL_SEMANTICS,35872736,32806689,0.914530,8.547012,false,3
1733,00971,VIEW_TRIGGER_GENERATED_024,SQLITE_PARITY_971_VIEW_TRIGGER_GENERATED_024.rs,P2,memory,GEN_SQL_VIEW_TRIGGER,35268963,32249643,0.914392,8.560841,false,3
1734,12010,PRAGMA_TEMP_STORE,SQLITE_PARITY_12010_PRAGMA_TEMP_STORE.rs,P1,memory,SQL_PRAGMA,25088540,22940180,0.914369,8.563113,false,3
1735,00516,AGG_GROUP_HAVING_009,SQLITE_PARITY_516_AGG_GROUP_HAVING_009.rs,P1,memory,GEN_SQL_AGGREGATE,43916311,40131783,0.913824,8.617591,false,3
1736,11924,WIN_COUNT_RANGE_UNBND_PREC_CURRENT,SQLITE_PARITY_11924_WIN_COUNT_RANGE_UNBND_PREC_CURRENT.rs,P0,memory,SQL_WINDOW,30882073,28216765,0.913694,8.630599,false,3
1737,11338,AFFINITY_TEXT_BLOB_HEX,SQLITE_PARITY_11338_AFFINITY_TEXT_BLOB_HEX.rs,P0,memory,SQL_TYPE_AFFINITY,31173825,28465696,0.913128,8.687189,false,3
1738,00377,SCALAR_CAST_TYPEOF_038,SQLITE_PARITY_377_SCALAR_CAST_TYPEOF_038.rs,P1,memory,GEN_SQL_SCALAR,47670923,43521293,0.912953,8.704740,false,3
1739,00621,JOIN_SUBQUERY_EXISTS_014,SQLITE_PARITY_621_JOIN_SUBQUERY_EXISTS_014.rs,P1,memory,GEN_SQL_JOIN_SUBQUERY,30867115,28157322,0.912211,8.778899,false,3
1740,01069,INDEX_SCHEMA_PRAGMA_002,SQLITE_PARITY_1069_INDEX_SCHEMA_PRAGMA_002.rs,P2,memory,GEN_SQL_INDEX_PRAGMA,31777739,28967387,0.911562,8.843776,false,3
1741,11521,DATETIME_TIME_EPOCH_PLUS_30_MINUTES,SQLITE_PARITY_11521_DATETIME_TIME_EPOCH_PLUS_30_MINUTES.rs,P0,memory,SQL_DATETIME,36872800,33590423,0.910981,8.901892,false,3
1742,10422,ALTER_ADD_COLUMN_ON_WITHOUT_ROWID,SQLITE_PARITY_10422_ALTER_ADD_COLUMN_ON_WITHOUT_ROWID.rs,P0,memory,SQL_ALTER,28210503,25686933,0.910545,8.945498,false,3
1743,11576,DATETIME_TIME_Y2K_PLUS_30_MINUTES,SQLITE_PARITY_11576_DATETIME_TIME_Y2K_PLUS_30_MINUTES.rs,P0,memory,SQL_DATETIME,33352492,30331661,0.909427,9.057287,false,3
1744,10419,SCHEMA_VERSION_INCREMENTS_ON_ALTER,SQLITE_PARITY_10419_SCHEMA_VERSION_INCREMENTS_ON_ALTER.rs,P0,memory,SQL_ALTER,36176942,32891349,0.909180,9.082009,false,3
1745,00591,AGG_GROUP_HAVING_084,SQLITE_PARITY_591_AGG_GROUP_HAVING_084.rs,P1,memory,GEN_SQL_AGGREGATE,32506250,29535943,0.908624,9.137649,false,3
1746,00420,DML_WHERE_ORDER_LIMIT_033,SQLITE_PARITY_420_DML_WHERE_ORDER_LIMIT_033.rs,P1,memory,GEN_SQL_DML,41619972,37797031,0.908146,9.185352,false,3
1747,00664,JOIN_SUBQUERY_EXISTS_057,SQLITE_PARITY_664_JOIN_SUBQUERY_EXISTS_057.rs,P1,memory,GEN_SQL_JOIN_SUBQUERY,33501915,30423465,0.908111,9.188878,false,3
1748,11351,AFFINITY_BLOB_REAL_BIG,SQLITE_PARITY_11351_AFFINITY_BLOB_REAL_BIG.rs,P0,memory,SQL_TYPE_AFFINITY,28268443,25659972,0.907725,9.227501,false,3
1749,11697,DATETIME_DATETIME_UNIX_START_OF_DAY,SQLITE_PARITY_11697_DATETIME_DATETIME_UNIX_START_OF_DAY.rs,P0,memory,SQL_DATETIME,32551856,29542997,0.907567,9.243279,false,3
1750,10405,PRAGMA_MODULE_LIST_FILTER,SQLITE_PARITY_10405_PRAGMA_MODULE_LIST_FILTER.rs,P0,memory,SQL_SCHEMA_INTROSPECTION,41409903,37551124,0.906815,9.318493,false,3
1751,00311,SCALAR_NULL_COALESCE_021,SQLITE_PARITY_311_SCALAR_NULL_COALESCE_021.rs,P1,memory,GEN_SQL_SCALAR,25695950,23297718,0.906669,9.333113,false,3
1752,10059,INTPK_ALIAS_ROWID_EQUALS_PK,SQLITE_PARITY_10059_INTPK_ALIAS_ROWID_EQUALS_PK.rs,P0,memory,SQL_AUTOINCREMENT,35078371,31803819,0.906650,9.334960,false,3
1753,10141,MODE_ASCII_BASIC,SQLITE_PARITY_10141_MODE_ASCII_BASIC.rs,P0,memory,CLI_OUTPUT_MODE,34832886,31577280,0.906536,9.346357,false,3
1754,01021,JSON_EXTRACT_SET_014,SQLITE_PARITY_1021_JSON_EXTRACT_SET_014.rs,P2,memory,GEN_SQL_JSON,35148404,31845118,0.906019,9.398111,false,3
1755,11612,DATETIME_DATETIME_DATE_2024_PLUS_5_DAYS,SQLITE_PARITY_11612_DATETIME_DATETIME_DATE_2024_PLUS_5_DAYS.rs,P0,memory,SQL_DATETIME,29552825,26775195,0.906011,9.398865,false,3
1756,10272,FK_REFS_PK_HAPPY,SQLITE_PARITY_10272_FK_REFS_PK_HAPPY.rs,P0,memory,SQL_FOREIGN_KEYS,38614248,34973152,0.905706,9.429411,false,3
1757,10492,NOT_EXISTS_SUBQUERY,SQLITE_PARITY_10492_NOT_EXISTS_SUBQUERY.rs,P0,memory,SQL_SUBQUERY,31847171,28817743,0.904876,9.512393,false,3
1758,00534,AGG_GROUP_HAVING_027,SQLITE_PARITY_534_AGG_GROUP_HAVING_027.rs,P1,memory,GEN_SQL_AGGREGATE,45618274,41256844,0.904393,9.560708,false,3
1759,11407,STRING_LOWER_ABC,SQLITE_PARITY_11407_STRING_LOWER_ABC.rs,P0,memory,SQL_STRING,45761145,41383894,0.904346,9.565432,false,3
1760,12008,PRAGMA_CHECKPOINT_FULLFSYNC,SQLITE_PARITY_12008_PRAGMA_CHECKPOINT_FULLFSYNC.rs,P1,memory,SQL_PRAGMA,19619481,17731885,0.903790,9.621029,false,3
1761,00724,CTE_RECURSIVE_MATRIX_017,SQLITE_PARITY_724_CTE_RECURSIVE_MATRIX_017.rs,P1,memory,GEN_SQL_CTE,36341183,32824081,0.903220,9.678006,false,3
1762,10448,JOIN_RIGHT_BASIC,SQLITE_PARITY_10448_JOIN_RIGHT_BASIC.rs,P0,memory,SQL_JOIN,44118133,39817307,0.902516,9.748432,false,3
1763,10267,PRAGMA_FOREIGN_KEY_CHECK_EMPTY,SQLITE_PARITY_10267_PRAGMA_FOREIGN_KEY_CHECK_EMPTY.rs,P0,memory,SQL_PRAGMA,30609086,27610607,0.902040,9.796042,false,3
1764,11593,DATETIME_JULIANDAY_Y2K_START_OF_MONTH,SQLITE_PARITY_11593_DATETIME_JULIANDAY_Y2K_START_OF_MONTH.rs,P0,memory,SQL_DATETIME,44051446,39706998,0.901378,9.862214,false,3
1765,00576,AGG_GROUP_HAVING_069,SQLITE_PARITY_576_AGG_GROUP_HAVING_069.rs,P1,memory,GEN_SQL_AGGREGATE,37019518,33272080,0.898771,10.122871,false,3
1766,10271,PRAGMA_FOREIGN_KEYS_ON_THEN_READ,SQLITE_PARITY_10271_PRAGMA_FOREIGN_KEYS_ON_THEN_READ.rs,P0,memory,SQL_FOREIGN_KEYS,39086363,35128216,0.898733,10.126670,false,3
1767,10170,DOT_NULLVALUE_NULL,SQLITE_PARITY_10170_DOT_NULLVALUE_NULL.rs,P0,memory,CLI_DOT_COMMAND,35823252,32182315,0.898364,10.163614,false,3
1768,00718,CTE_RECURSIVE_MATRIX_011,SQLITE_PARITY_718_CTE_RECURSIVE_MATRIX_011.rs,P1,memory,GEN_SQL_CTE,40292498,36185598,0.898073,10.192716,false,3
1769,00783,CTE_RECURSIVE_MATRIX_076,SQLITE_PARITY_783_CTE_RECURSIVE_MATRIX_076.rs,P1,memory,GEN_SQL_CTE,30272909,27175092,0.897670,10.232968,false,3
1770,10611,UNHEX_RECOVERS_BLOB,SQLITE_PARITY_10611_UNHEX_RECOVERS_BLOB.rs,P0,memory,SQL_BLOB,39046537,35027625,0.897074,10.292621,false,3
1771,00869,CONSTRAINT_FK_SAVEPOINT_002,SQLITE_PARITY_869_CONSTRAINT_FK_SAVEPOINT_002.rs,P2,memory,GEN_SQL_CONSTRAINT_TX,29270400,26216155,0.895654,10.434586,false,3
1772,10592,LIKE_CASE_SENSITIVE_PRAGMA_ON,SQLITE_PARITY_10592_LIKE_CASE_SENSITIVE_PRAGMA_ON.rs,P0,memory,SQL_PATTERN,42594417,38137275,0.895359,10.464146,false,3
1773,12012,PRAGMA_DATA_VERSION,SQLITE_PARITY_12012_PRAGMA_DATA_VERSION.rs,P1,memory,SQL_PRAGMA,20287115,18159946,0.895147,10.485320,false,3
1774,00858,WINDOW_PARTITION_SUM_071,SQLITE_PARITY_858_WINDOW_PARTITION_SUM_071.rs,P2,memory,GEN_SQL_WINDOW,51212260,45801943,0.894355,10.564496,false,3
1775,01096,INDEX_SCHEMA_PRAGMA_029,SQLITE_PARITY_1096_INDEX_SCHEMA_PRAGMA_029.rs,P2,memory,GEN_SQL_INDEX_PRAGMA,34267907,30640155,0.894136,10.586442,false,3
1776,11600,DATETIME_DATE_Y2K_WEEKDAY_0,SQLITE_PARITY_11600_DATETIME_DATE_Y2K_WEEKDAY_0.rs,P0,memory,SQL_DATETIME,28164966,25173882,0.893801,10.619874,false,3
1777,10455,JOIN_SUBQUERY_AS_TABLE_SOURCE,SQLITE_PARITY_10455_JOIN_SUBQUERY_AS_TABLE_SOURCE.rs,P0,memory,SQL_JOIN,38037947,33995300,0.893721,10.627932,false,3
1778,11079,MATH_SQRT_0_25,SQLITE_PARITY_11079_MATH_SQRT_0_25.rs,P1,memory,SQL_MATH,47712201,42637810,0.893646,10.635416,false,3
1779,12032,PRAGMA_SET_ANALYSIS_LIMIT_100,SQLITE_PARITY_12032_PRAGMA_SET_ANALYSIS_LIMIT_100.rs,P1,memory,SQL_PRAGMA,14166082,12656763,0.893455,10.654456,false,3
1780,10297,BEGIN_IMMEDIATE_BASIC,SQLITE_PARITY_10297_BEGIN_IMMEDIATE_BASIC.rs,P0,memory,SQL_TRANSACTION,30670502,27402673,0.893454,10.654632,false,3
1781,12033,PRAGMA_SET_SYNCHRONOUS_NORMAL,SQLITE_PARITY_12033_PRAGMA_SET_SYNCHRONOUS_NORMAL.rs,P1,memory,SQL_PRAGMA,18258343,16308730,0.893221,10.677930,false,3
1782,11618,DATETIME_JULIANDAY_DATE_2024_MINUS_1_MONTH,SQLITE_PARITY_11618_DATETIME_JULIANDAY_DATE_2024_MINUS_1_MONTH.rs,P0,memory,SQL_DATETIME,36234852,32358239,0.893014,10.698576,false,3
1783,10095,STRICT_BLOB_REJECTS_TEXT,SQLITE_PARITY_10095_STRICT_BLOB_REJECTS_TEXT.rs,P0,memory,SQL_STRICT_TABLES,37833791,33774902,0.892718,10.728211,false,3
1784,10379,CROSS_DB_INSERT_SELECT,SQLITE_PARITY_10379_CROSS_DB_INSERT_SELECT.rs,P0,memory,SQL_ATTACH,38553654,34412900,0.892598,10.740237,false,3
1785,11535,DATETIME_DATE_EPOCH_START_OF_MONTH,SQLITE_PARITY_11535_DATETIME_DATE_EPOCH_START_OF_MONTH.rs,P0,memory,SQL_DATETIME,39918529,35614126,0.892170,10.782970,false,3
1786,10613,OCTET_LENGTH_BLOB,SQLITE_PARITY_10613_OCTET_LENGTH_BLOB.rs,P0,memory,SQL_BLOB,40361878,36007171,0.892108,10.789159,false,3
1787,11507,DATETIME_DATETIME_EPOCH_MINUS_1_MONTH,SQLITE_PARITY_11507_DATETIME_DATETIME_EPOCH_MINUS_1_MONTH.rs,P0,memory,SQL_DATETIME,34213733,30507233,0.891666,10.833369,false,3
1788,10283,FK_UPDATE_CASCADE_REWRITES_CHILD,SQLITE_PARITY_10283_FK_UPDATE_CASCADE_REWRITES_CHILD.rs,P0,memory,SQL_FOREIGN_KEYS,49371293,43992555,0.891055,10.894465,false,3
1789,10477,COMPOUND_ORDER_BY_FINAL,SQLITE_PARITY_10477_COMPOUND_ORDER_BY_FINAL.rs,P0,memory,SQL_COMPOUND,40183431,35781333,0.890450,10.955008,false,3
1790,00684,JOIN_SUBQUERY_EXISTS_077,SQLITE_PARITY_684_JOIN_SUBQUERY_EXISTS_077.rs,P1,memory,GEN_SQL_JOIN_SUBQUERY,29297722,26088043,0.890446,10.955388,false,3
1791,10293,FK_SELF_REFERENTIAL_CASCADE,SQLITE_PARITY_10293_FK_SELF_REFERENTIAL_CASCADE.rs,P0,memory,SQL_FOREIGN_KEYS,33815549,30108598,0.890377,10.962268,false,3
1792,00588,AGG_GROUP_HAVING_081,SQLITE_PARITY_588_AGG_GROUP_HAVING_081.rs,P1,memory,GEN_SQL_AGGREGATE,33737411,30024900,0.889959,11.004137,false,3
1793,00727,CTE_RECURSIVE_MATRIX_020,SQLITE_PARITY_727_CTE_RECURSIVE_MATRIX_020.rs,P1,memory,GEN_SQL_CTE,33593458,29893982,0.889875,11.012489,false,3
1794,00683,JOIN_SUBQUERY_EXISTS_076,SQLITE_PARITY_683_JOIN_SUBQUERY_EXISTS_076.rs,P1,memory,GEN_SQL_JOIN_SUBQUERY,32302674,28743382,0.889814,11.018568,false,3
1795,10045,SUM_AVG_IGNORE_NULL,SQLITE_PARITY_10045_SUM_AVG_IGNORE_NULL.rs,P0,memory,SQL_AGGREGATE_NULL,38497277,34249191,0.889652,11.034770,false,3
1796,00412,DML_WHERE_ORDER_LIMIT_025,SQLITE_PARITY_412_DML_WHERE_ORDER_LIMIT_025.rs,P1,memory,GEN_SQL_DML,32681962,29067837,0.889415,11.058470,false,3
1797,00557,AGG_GROUP_HAVING_050,SQLITE_PARITY_557_AGG_GROUP_HAVING_050.rs,P1,memory,GEN_SQL_AGGREGATE,42547237,37812560,0.888720,11.128048,false,3
1798,00950,VIEW_TRIGGER_GENERATED_003,SQLITE_PARITY_950_VIEW_TRIGGER_GENERATED_003.rs,P2,memory,GEN_SQL_VIEW_TRIGGER,36692238,32587874,0.888141,11.185919,false,3
1799,00922,CONSTRAINT_FK_SAVEPOINT_055,SQLITE_PARITY_922_CONSTRAINT_FK_SAVEPOINT_055.rs,P2,memory,GEN_SQL_CONSTRAINT_TX,29940850,26576338,0.887628,11.237196,false,3
1800,00770,CTE_RECURSIVE_MATRIX_063,SQLITE_PARITY_770_CTE_RECURSIVE_MATRIX_063.rs,P1,memory,GEN_SQL_CTE,37321690,33120823,0.887442,11.255833,false,3
1801,12023,PRAGMA_COMPILE_OPTIONS,SQLITE_PARITY_12023_PRAGMA_COMPILE_OPTIONS.rs,P1,memory,SQL_PRAGMA,18471236,16381989,0.886892,11.310813,false,3
1802,00817,WINDOW_PARTITION_SUM_030,SQLITE_PARITY_817_WINDOW_PARTITION_SUM_030.rs,P2,memory,GEN_SQL_WINDOW,32616067,28905479,0.886234,11.376565,false,3
1803,11362,AFFINITY_NUMERIC_BLOB_HEX,SQLITE_PARITY_11362_AFFINITY_NUMERIC_BLOB_HEX.rs,P0,memory,SQL_TYPE_AFFINITY,36634919,32456976,0.885957,11.404264,false,3
1804,01034,JSON_EXTRACT_SET_027,SQLITE_PARITY_1034_JSON_EXTRACT_SET_027.rs,P2,memory,GEN_SQL_JSON,45906691,40664371,0.885805,11.419512,false,3
1805,00715,CTE_RECURSIVE_MATRIX_008,SQLITE_PARITY_715_CTE_RECURSIVE_MATRIX_008.rs,P1,memory,GEN_SQL_CTE,41105898,36410344,0.885769,11.423066,false,3
1806,01098,INDEX_SCHEMA_PRAGMA_031,SQLITE_PARITY_1098_INDEX_SCHEMA_PRAGMA_031.rs,P2,memory,GEN_SQL_INDEX_PRAGMA,40828673,36151093,0.885434,11.456606,false,3
1807,00767,CTE_RECURSIVE_MATRIX_060,SQLITE_PARITY_767_CTE_RECURSIVE_MATRIX_060.rs,P1,memory,GEN_SQL_CTE,28449726,25190242,0.885430,11.456996,false,3
1808,00682,JOIN_SUBQUERY_EXISTS_075,SQLITE_PARITY_682_JOIN_SUBQUERY_EXISTS_075.rs,P1,memory,GEN_SQL_JOIN_SUBQUERY,29307100,25948820,0.885411,11.458930,false,3
1809,11216,CAST_REAL_3_14_AS_REAL,SQLITE_PARITY_11216_CAST_REAL_3_14_AS_REAL.rs,P0,memory,SQL_CAST,43066231,38120393,0.885157,11.484260,false,3
1810,10247,PRAGMA_JOURNAL_MODE_SET_DELETE_ON_MEMORY,SQLITE_PARITY_10247_PRAGMA_JOURNAL_MODE_SET_DELETE_ON_MEMORY.rs,P0,memory,SQL_PRAGMA,32337870,28621511,0.885077,11.492281,false,3
1811,00885,CONSTRAINT_FK_SAVEPOINT_018,SQLITE_PARITY_885_CONSTRAINT_FK_SAVEPOINT_018.rs,P2,memory,GEN_SQL_CONSTRAINT_TX,40242182,35609257,0.884874,11.512609,false,3
1812,11615,DATETIME_DATE_DATE_2024_MINUS_1_MONTH,SQLITE_PARITY_11615_DATETIME_DATE_DATE_2024_MINUS_1_MONTH.rs,P0,memory,SQL_DATETIME,41365269,36590145,0.884562,11.543800,false,3
1813,00241,SCALAR_CAST_TYPEOF_004,SQLITE_PARITY_241_SCALAR_CAST_TYPEOF_004.rs,P1,memory,GEN_SQL_SCALAR,80590244,71249092,0.884091,11.590922,false,3
1814,00677,JOIN_SUBQUERY_EXISTS_070,SQLITE_PARITY_677_JOIN_SUBQUERY_EXISTS_070.rs,P1,memory,GEN_SQL_JOIN_SUBQUERY,40720568,35985399,0.883716,11.628445,false,3
1815,10330,DO_UPDATE_MIXED_EXISTING_AND_EXCLUDED,SQLITE_PARITY_10330_DO_UPDATE_MIXED_EXISTING_AND_EXCLUDED.rs,P0,memory,SQL_UPSERT,34284889,30293588,0.883584,11.641575,false,3
1816,10458,JOIN_ORDER_INDEPENDENCE,SQLITE_PARITY_10458_JOIN_ORDER_INDEPENDENCE.rs,P0,memory,SQL_JOIN,38098722,33641239,0.883002,11.699823,false,3
1817,11861,JSON_ARROW_E,SQLITE_PARITY_11861_JSON_ARROW_E.rs,P0,memory,SQL_JSON,35959690,31750999,0.882961,11.703913,false,3
1818,01116,INDEX_SCHEMA_PRAGMA_049,SQLITE_PARITY_1116_INDEX_SCHEMA_PRAGMA_049.rs,P2,memory,GEN_SQL_INDEX_PRAGMA,31848504,28111485,0.882663,11.733735,false,3
1819,11013,MATH_ASINH_0_0,SQLITE_PARITY_11013_MATH_ASINH_0_0.rs,P1,memory,SQL_MATH,40269664,35538383,0.882510,11.748995,false,3
1820,00555,AGG_GROUP_HAVING_048,SQLITE_PARITY_555_AGG_GROUP_HAVING_048.rs,P1,memory,GEN_SQL_AGGREGATE,31541092,27816707,0.881920,11.808041,false,3
1821,11710,DATETIME_DATE_UNIX_WEEKDAY_0,SQLITE_PARITY_11710_DATETIME_DATE_UNIX_WEEKDAY_0.rs,P0,memory,SQL_DATETIME,35327162,31151934,0.881813,11.818747,false,3
1822,11035,MATH_COS_1_0,SQLITE_PARITY_11035_MATH_COS_1_0.rs,P1,memory,SQL_MATH,28707575,25310560,0.881668,11.833166,false,3
1823,11103,MATH_POW_10_0_1,SQLITE_PARITY_11103_MATH_POW_10_0_1.rs,P1,memory,SQL_MATH,33542132,29562503,0.881354,11.864568,false,3
1824,01119,INDEX_SCHEMA_PRAGMA_052,SQLITE_PARITY_1119_INDEX_SCHEMA_PRAGMA_052.rs,P2,memory,GEN_SQL_INDEX_PRAGMA,41422958,36505144,0.881278,11.872194,false,3
1825,12011,PRAGMA_THREADS,SQLITE_PARITY_12011_PRAGMA_THREADS.rs,P1,memory,SQL_PRAGMA,15160094,13344365,0.880230,11.977030,false,3
1826,11527,DATETIME_DATETIME_EPOCH_PLUS_10_SECONDS,SQLITE_PARITY_11527_DATETIME_DATETIME_EPOCH_PLUS_10_SECONDS.rs,P0,memory,SQL_DATETIME,37303135,32822619,0.879889,12.011098,false,3
1827,10584,FK_REF_NONEXISTENT_TABLE,SQLITE_PARITY_10584_FK_REF_NONEXISTENT_TABLE.rs,P0,memory,SQL_ERROR_MESSAGES,25048794,22004518,0.878466,12.153384,false,3
1828,11007,MATH_ACOSH_100_0,SQLITE_PARITY_11007_MATH_ACOSH_100_0.rs,P1,memory,SQL_MATH,28976224,25444524,0.878117,12.188269,false,3
1829,10039,ORDER_BY_COLLATE_NOCASE_NULLS_LAST,SQLITE_PARITY_10039_ORDER_BY_COLLATE_NOCASE_NULLS_LAST.rs,P0,memory,SQL_NULL_ORDER,40802764,35788316,0.877105,12.289481,false,3
1830,00408,DML_WHERE_ORDER_LIMIT_021,SQLITE_PARITY_408_DML_WHERE_ORDER_LIMIT_021.rs,P1,memory,GEN_SQL_DML,33088762,29011410,0.876775,12.322468,false,3
1831,10407,PRAGMA_TABLE_LIST_TEMP_AND_TEMP_MASTER,SQLITE_PARITY_10407_PRAGMA_TABLE_LIST_TEMP_AND_TEMP_MASTER.rs,P0,memory,SQL_SCHEMA_INTROSPECTION,34081033,29877010,0.876646,12.335374,false,3
1832,10518,GROUP_CONCAT_ORDER_BY_DESC,SQLITE_PARITY_10518_GROUP_CONCAT_ORDER_BY_DESC.rs,P0,memory,SQL_AGGREGATE_ADV,31433408,27554120,0.876587,12.341290,false,3
1833,00937,CONSTRAINT_FK_SAVEPOINT_070,SQLITE_PARITY_937_CONSTRAINT_FK_SAVEPOINT_070.rs,P2,memory,GEN_SQL_CONSTRAINT_TX,52081646,45646879,0.876448,12.355153,false,3
1834,10071,REPLACE_INTO_KEEPS_PK_RESETS_ROWID,SQLITE_PARITY_10071_REPLACE_INTO_KEEPS_PK_RESETS_ROWID.rs,P0,memory,SQL_AUTOINCREMENT,33687847,29518571,0.876238,12.376202,false,3
1835,11853,JSON_ARROW_A_B_1_C,SQLITE_PARITY_11853_JSON_ARROW_A_B_1_C.rs,P0,memory,SQL_JSON,42339214,37072899,0.875616,12.438386,false,3
1836,00338,SCALAR_STRING_028,SQLITE_PARITY_338_SCALAR_STRING_028.rs,P1,memory,GEN_SQL_SCALAR,36987838,32371955,0.875205,12.479461,false,3
1837,10069,LAST_INSERT_ROWID_BASIC,SQLITE_PARITY_10069_LAST_INSERT_ROWID_BASIC.rs,P0,memory,SQL_AUTOINCREMENT,37245155,32574498,0.874597,12.540308,false,3
1838,10223,OPT_LOOKASIDE_ZERO,SQLITE_PARITY_10223_OPT_LOOKASIDE_ZERO.rs,P0,memory,CLI_OPTION,25366336,22184168,0.874552,12.544847,false,3
1839,10054,FILTER_WHERE_IS_NOT_NULL,SQLITE_PARITY_10054_FILTER_WHERE_IS_NOT_NULL.rs,P0,memory,SQL_AGGREGATE_NULL,32733580,28612615,0.874106,12.589411,false,3
1840,11072,MATH_SINH_0_0,SQLITE_PARITY_11072_MATH_SINH_0_0.rs,P1,memory,SQL_MATH,40292276,35203168,0.873695,12.630480,false,3
1841,10471,JOIN_LEFT_EMPTY_RIGHT,SQLITE_PARITY_10471_JOIN_LEFT_EMPTY_RIGHT.rs,P0,memory,SQL_JOIN,36102501,31516154,0.872963,12.703682,false,3
1842,10391,SQLITE_MASTER_AFTER_CREATE_INDEX,SQLITE_PARITY_10391_SQLITE_MASTER_AFTER_CREATE_INDEX.rs,P0,memory,SQL_SCHEMA_INTROSPECTION,35803094,31238398,0.872506,12.749446,false,3
1843,00356,SCALAR_ARITH_033,SQLITE_PARITY_356_SCALAR_ARITH_033.rs,P1,memory,GEN_SQL_SCALAR,53747592,46867150,0.871986,12.801396,false,3
1844,00541,AGG_GROUP_HAVING_034,SQLITE_PARITY_541_AGG_GROUP_HAVING_034.rs,P1,memory,GEN_SQL_AGGREGATE,31322437,27303505,0.871692,12.830841,false,3
1845,11725,DATETIME_DATE_Y2K_BASE,SQLITE_PARITY_11725_DATETIME_DATE_Y2K_BASE.rs,P0,memory,SQL_DATETIME,43808647,38172612,0.871349,12.865120,false,3
1846,10596,GLOB_CHAR_CLASS,SQLITE_PARITY_10596_GLOB_CHAR_CLASS.rs,P0,memory,SQL_PATTERN,32797051,28547762,0.870437,12.956314,false,3
1847,00650,JOIN_SUBQUERY_EXISTS_043,SQLITE_PARITY_650_JOIN_SUBQUERY_EXISTS_043.rs,P1,memory,GEN_SQL_JOIN_SUBQUERY,47987732,41707898,0.869137,13.086332,false,3
1848,10441,REC_FACTORIAL,SQLITE_PARITY_10441_REC_FACTORIAL.rs,P0,memory,SQL_RECURSIVE_CTE,31268274,27137561,0.867894,13.210556,false,3
1849,10467,JOIN_MIXED_INNER_OUTER,SQLITE_PARITY_10467_JOIN_MIXED_INNER_OUTER.rs,P0,memory,SQL_JOIN,32476292,28160989,0.867125,13.287548,false,3
1850,10057,AVG_TYPEOF_REAL_WITH_NULLS,SQLITE_PARITY_10057_AVG_TYPEOF_REAL_WITH_NULLS.rs,P0,memory,SQL_AGGREGATE_NULL,47532040,41207210,0.866935,13.306456,false,3
1851,01045,JSON_EXTRACT_SET_038,SQLITE_PARITY_1045_JSON_EXTRACT_SET_038.rs,P2,memory,GEN_SQL_JSON,31078425,26870815,0.864613,13.538685,false,3
1852,00422,DML_WHERE_ORDER_LIMIT_035,SQLITE_PARITY_422_DML_WHERE_ORDER_LIMIT_035.rs,P1,memory,GEN_SQL_DML,48248967,41703901,0.864348,13.565194,false,3
1853,00940,CONSTRAINT_FK_SAVEPOINT_073,SQLITE_PARITY_940_CONSTRAINT_FK_SAVEPOINT_073.rs,P2,memory,GEN_SQL_CONSTRAINT_TX,40775963,35243954,0.864332,13.566838,false,3
1854,00674,JOIN_SUBQUERY_EXISTS_067,SQLITE_PARITY_674_JOIN_SUBQUERY_EXISTS_067.rs,P1,memory,GEN_SQL_JOIN_SUBQUERY,39708571,34318922,0.864270,13.573012,false,3
1855,11091,MATH_TRUNC_1_6,SQLITE_PARITY_11091_MATH_TRUNC_1_6.rs,P1,memory,SQL_MATH,25647789,22164641,0.864193,13.580695,false,3
1856,01017,JSON_EXTRACT_SET_010,SQLITE_PARITY_1017_JSON_EXTRACT_SET_010.rs,P2,memory,GEN_SQL_JSON,52635967,45455386,0.863580,13.641967,false,3
1857,10151,CLI_FLAG_JSON,SQLITE_PARITY_10151_CLI_FLAG_JSON.rs,P0,memory,CLI_OUTPUT_MODE,28274694,24407510,0.863228,13.677191,false,3
1858,11948,WIN_MAX_EXCL_TIES,SQLITE_PARITY_11948_WIN_MAX_EXCL_TIES.rs,P0,memory,SQL_WINDOW,23669782,20420498,0.862724,13.727562,false,3
1859,10010,NULL_OR_TRUE_SHORTCIRCUIT,SQLITE_PARITY_10010_NULL_OR_TRUE_SHORTCIRCUIT.rs,P0,memory,SQL_NULL_SEMANTICS,31935980,27513312,0.861515,13.848543,false,3
1860,00697,JOIN_SUBQUERY_EXISTS_090,SQLITE_PARITY_697_JOIN_SUBQUERY_EXISTS_090.rs,P1,memory,GEN_SQL_JOIN_SUBQUERY,47909695,41260300,0.861210,13.879018,false,3
1861,11039,MATH_COSH_2_0,SQLITE_PARITY_11039_MATH_COSH_2_0.rs,P1,memory,SQL_MATH,41060702,35341490,0.860713,13.928676,false,3
1862,10387,PRAGMA_AUX_USER_VERSION_ISOLATED,SQLITE_PARITY_10387_PRAGMA_AUX_USER_VERSION_ISOLATED.rs,P0,memory,SQL_ATTACH,33297107,28652500,0.860510,13.948981,false,3
1863,00499,DML_WHERE_ORDER_LIMIT_112,SQLITE_PARITY_499_DML_WHERE_ORDER_LIMIT_112.rs,P1,memory,GEN_SQL_DML,33765405,29054141,0.860471,13.952932,false,3
1864,10204,OPT_SEPARATOR_SEMI,SQLITE_PARITY_10204_OPT_SEPARATOR_SEMI.rs,P0,memory,CLI_OPTION,40929263,35204250,0.860124,13.987579,false,3
1865,10470,JOIN_FOUR_TABLE_CHAIN,SQLITE_PARITY_10470_JOIN_FOUR_TABLE_CHAIN.rs,P0,memory,SQL_JOIN,55600391,47804686,0.859790,14.020954,false,3
1866,00624,JOIN_SUBQUERY_EXISTS_017,SQLITE_PARITY_624_JOIN_SUBQUERY_EXISTS_017.rs,P1,memory,GEN_SQL_JOIN_SUBQUERY,40126793,34492602,0.859590,14.040970,false,3
1867,00788,WINDOW_PARTITION_SUM_001,SQLITE_PARITY_788_WINDOW_PARTITION_SUM_001.rs,P2,memory,GEN_SQL_WINDOW,35340979,30344585,0.858623,14.137679,false,3
1868,11313,AFFINITY_BIGINT_TEXT_BARE,SQLITE_PARITY_11313_AFFINITY_BIGINT_TEXT_BARE.rs,P0,memory,SQL_TYPE_AFFINITY,45875912,39383335,0.858475,14.152475,false,3
1869,10556,NO_SUCH_COLUMN_QUALIFIED,SQLITE_PARITY_10556_NO_SUCH_COLUMN_QUALIFIED.rs,P0,memory,SQL_ERROR_MESSAGES,47731447,40885510,0.856574,14.342614,false,3
1870,11325,AFFINITY_DOUBLE_INT_BIG,SQLITE_PARITY_11325_AFFINITY_DOUBLE_INT_BIG.rs,P0,memory,SQL_TYPE_AFFINITY,31885724,27307713,0.856424,14.357557,false,3
1871,10573,DROP_TABLE_ON_VIEW,SQLITE_PARITY_10573_DROP_TABLE_ON_VIEW.rs,P0,memory,SQL_ERROR_MESSAGES,34651794,29673514,0.856334,14.366587,false,3
1872,11676,DATETIME_TIME_UNIX_PLUS_1_YEAR,SQLITE_PARITY_11676_DATETIME_TIME_UNIX_PLUS_1_YEAR.rs,P0,memory,SQL_DATETIME,42180894,36114704,0.856186,14.381369,false,3
1873,11601,DATETIME_TIME_Y2K_WEEKDAY_0,SQLITE_PARITY_11601_DATETIME_TIME_Y2K_WEEKDAY_0.rs,P0,memory,SQL_DATETIME,33727523,28876505,0.856170,14.382966,false,3
1874,11734,DATETIME_STRFTIME_ISO_DATE_2024_BASE,SQLITE_PARITY_11734_DATETIME_STRFTIME_ISO_DATE_2024_BASE.rs,P0,memory,SQL_DATETIME,27705366,23685512,0.854907,14.509298,false,3
1875,11357,AFFINITY_NUMERIC_INT_BIG,SQLITE_PARITY_11357_AFFINITY_NUMERIC_INT_BIG.rs,P0,memory,SQL_TYPE_AFFINITY,36057746,30812652,0.854536,14.546372,false,3
1876,11090,MATH_TRUNC_1_4,SQLITE_PARITY_11090_MATH_TRUNC_1_4.rs,P1,memory,SQL_MATH,38215514,32643359,0.854191,14.580872,false,3
1877,00918,CONSTRAINT_FK_SAVEPOINT_051,SQLITE_PARITY_918_CONSTRAINT_FK_SAVEPOINT_051.rs,P2,memory,GEN_SQL_CONSTRAINT_TX,55773500,47635255,0.854084,14.591598,false,3
1878,11525,DATETIME_DATE_EPOCH_PLUS_10_SECONDS,SQLITE_PARITY_11525_DATETIME_DATE_EPOCH_PLUS_10_SECONDS.rs,P0,memory,SQL_DATETIME,39251365,33476747,0.852881,14.711891,false,3
1879,11575,DATETIME_DATE_Y2K_PLUS_30_MINUTES,SQLITE_PARITY_11575_DATETIME_DATE_Y2K_PLUS_30_MINUTES.rs,P0,memory,SQL_DATETIME,30712302,26188704,0.852711,14.728945,false,3
1880,00419,DML_WHERE_ORDER_LIMIT_032,SQLITE_PARITY_419_DML_WHERE_ORDER_LIMIT_032.rs,P1,memory,GEN_SQL_DML,42733741,36419551,0.852243,14.775655,false,3
1881,00388,DML_WHERE_ORDER_LIMIT_001,SQLITE_PARITY_388_DML_WHERE_ORDER_LIMIT_001.rs,P1,memory,GEN_SQL_DML,50212126,42770301,0.851792,14.820773,false,3
1882,10533,AGGREGATE_OVER_CROSS_JOIN,SQLITE_PARITY_10533_AGGREGATE_OVER_CROSS_JOIN.rs,P0,memory,SQL_AGGREGATE_ADV,39836122,33900089,0.850989,14.901132,false,3
1883,00376,SCALAR_ARITH_038,SQLITE_PARITY_376_SCALAR_ARITH_038.rs,P1,memory,GEN_SQL_SCALAR,37686973,32066706,0.850870,14.913023,false,3
1884,00779,CTE_RECURSIVE_MATRIX_072,SQLITE_PARITY_779_CTE_RECURSIVE_MATRIX_072.rs,P1,memory,GEN_SQL_CTE,40007728,34022040,0.850387,14.961329,false,3
1885,00413,DML_WHERE_ORDER_LIMIT_026,SQLITE_PARITY_413_DML_WHERE_ORDER_LIMIT_026.rs,P1,memory,GEN_SQL_DML,33400283,28389302,0.849972,15.002810,false,3
1886,00761,CTE_RECURSIVE_MATRIX_054,SQLITE_PARITY_761_CTE_RECURSIVE_MATRIX_054.rs,P1,memory,GEN_SQL_CTE,27378316,23269164,0.849912,15.008783,false,3
1887,12005,PRAGMA_CACHE_SPILL,SQLITE_PARITY_12005_PRAGMA_CACHE_SPILL.rs,P1,memory,SQL_PRAGMA,22907278,19467764,0.849851,15.014940,false,3
1888,11524,DATETIME_STRFTIME_ISO_EPOCH_PLUS_30_MINUTES,SQLITE_PARITY_11524_DATETIME_STRFTIME_ISO_EPOCH_PLUS_30_MINUTES.rs,P0,memory,SQL_DATETIME,26336563,22355944,0.848856,15.114421,false,3
1889,11336,AFFINITY_TEXT_TEXT_NUM,SQLITE_PARITY_11336_AFFINITY_TEXT_TEXT_NUM.rs,P0,memory,SQL_TYPE_AFFINITY,30320159,25734333,0.848753,15.124677,false,3
1890,11736,DATETIME_TIME_UNIX_BASE,SQLITE_PARITY_11736_DATETIME_TIME_UNIX_BASE.rs,P0,memory,SQL_DATETIME,39014496,33084936,0.848016,15.198351,false,3
1891,11657,DATETIME_DATETIME_DATE_2024_WEEKDAY_0,SQLITE_PARITY_11657_DATETIME_DATETIME_DATE_2024_WEEKDAY_0.rs,P0,memory,SQL_DATETIME,29777371,25227633,0.847208,15.279180,false,3
1892,10409,RENAME_COLUMN_BASIC,SQLITE_PARITY_10409_RENAME_COLUMN_BASIC.rs,P0,memory,SQL_ALTER,50294212,42580621,0.846631,15.336936,false,3
1893,00996,VIEW_TRIGGER_GENERATED_049,SQLITE_PARITY_996_VIEW_TRIGGER_GENERATED_049.rs,P2,memory,GEN_SQL_VIEW_TRIGGER,33598418,28441060,0.846500,15.350002,false,3
1894,00515,AGG_GROUP_HAVING_008,SQLITE_PARITY_515_AGG_GROUP_HAVING_008.rs,P1,memory,GEN_SQL_AGGREGATE,38816000,32786150,0.844656,15.534445,false,3
1895,00986,VIEW_TRIGGER_GENERATED_039,SQLITE_PARITY_986_VIEW_TRIGGER_GENERATED_039.rs,P2,memory,GEN_SQL_VIEW_TRIGGER,51406919,43415452,0.844545,15.545509,false,3
1896,00174,OPT_CSV_MODE,SQLITE_PARITY_174_OPT_CSV_MODE.rs,P1,memory,CLI_OPTION,73923627,62411402,0.844269,15.573133,false,3
1897,00860,WINDOW_PARTITION_SUM_073,SQLITE_PARITY_860_WINDOW_PARTITION_SUM_073.rs,P2,memory,GEN_SQL_WINDOW,43934726,37079030,0.843957,15.604276,false,3
1898,11655,DATETIME_DATE_DATE_2024_WEEKDAY_0,SQLITE_PARITY_11655_DATETIME_DATE_DATE_2024_WEEKDAY_0.rs,P0,memory,SQL_DATETIME,37164162,31355199,0.843694,15.630550,false,3
1899,11555,DATETIME_DATE_Y2K_PLUS_5_DAYS,SQLITE_PARITY_11555_DATETIME_DATE_Y2K_PLUS_5_DAYS.rs,P0,memory,SQL_DATETIME,33295214,28080426,0.843377,15.662275,false,3
1900,00691,JOIN_SUBQUERY_EXISTS_084,SQLITE_PARITY_691_JOIN_SUBQUERY_EXISTS_084.rs,P1,memory,GEN_SQL_JOIN_SUBQUERY,43101338,36346483,0.843280,15.672031,false,3
1901,11321,AFFINITY_REAL_TEXT_BARE,SQLITE_PARITY_11321_AFFINITY_REAL_TEXT_BARE.rs,P0,memory,SQL_TYPE_AFFINITY,46507720,39199648,0.842863,15.713675,false,3
1902,01111,INDEX_SCHEMA_PRAGMA_044,SQLITE_PARITY_1111_INDEX_SCHEMA_PRAGMA_044.rs,P2,memory,GEN_SQL_INDEX_PRAGMA,33302628,28050019,0.842276,15.772356,false,3
1903,00874,CONSTRAINT_FK_SAVEPOINT_007,SQLITE_PARITY_874_CONSTRAINT_FK_SAVEPOINT_007.rs,P2,memory,GEN_SQL_CONSTRAINT_TX,48722525,41024274,0.841998,15.800189,false,3
1904,11838,JSON_ARRAY_LENGTH_DOC_ARRAY,SQLITE_PARITY_11838_JSON_ARRAY_LENGTH_DOC_ARRAY.rs,P0,memory,SQL_JSON,42995416,36199395,0.841936,15.806385,false,3
1905,00531,AGG_GROUP_HAVING_024,SQLITE_PARITY_531_AGG_GROUP_HAVING_024.rs,P1,memory,GEN_SQL_AGGREGATE,38218229,32165434,0.841625,15.837455,false,3
1906,00878,CONSTRAINT_FK_SAVEPOINT_011,SQLITE_PARITY_878_CONSTRAINT_FK_SAVEPOINT_011.rs,P2,memory,GEN_SQL_CONSTRAINT_TX,47668959,40102547,0.841272,15.872828,false,3
1907,11950,WIN_FIRST_VALUE_ROWS_UNBND_PREC_CURRENT,SQLITE_PARITY_11950_WIN_FIRST_VALUE_ROWS_UNBND_PREC_CURRENT.rs,P0,memory,SQL_WINDOW,25919814,21787217,0.840562,15.943776,false,3
1908,11076,MATH_SQRT_0_0,SQLITE_PARITY_11076_MATH_SQRT_0_0.rs,P1,memory,SQL_MATH,34959606,29346584,0.839443,16.055736,false,3
1909,11231,CAST_TEXT_NUM_AS_REAL,SQLITE_PARITY_11231_CAST_TEXT_NUM_AS_REAL.rs,P0,memory,SQL_CAST,46117861,38682358,0.838772,16.122827,false,3
1910,11420,STRING_TRIM_HI,SQLITE_PARITY_11420_STRING_TRIM_HI.rs,P0,memory,SQL_STRING,31025375,26012319,0.838421,16.157922,false,3
1911,11224,CAST_REAL_0_AS_NUMERIC,SQLITE_PARITY_11224_CAST_REAL_0_AS_NUMERIC.rs,P0,memory,SQL_CAST,40954251,34327319,0.838187,16.181304,false,3
1912,01082,INDEX_SCHEMA_PRAGMA_015,SQLITE_PARITY_1082_INDEX_SCHEMA_PRAGMA_015.rs,P2,memory,GEN_SQL_INDEX_PRAGMA,33767549,28301155,0.838117,16.188306,false,3
1913,11539,DATETIME_STRFTIME_ISO_EPOCH_START_OF_MONTH,SQLITE_PARITY_11539_DATETIME_STRFTIME_ISO_EPOCH_START_OF_MONTH.rs,P0,memory,SQL_DATETIME,36925580,30938851,0.837870,16.212959,false,3
1914,00941,CONSTRAINT_FK_SAVEPOINT_074,SQLITE_PARITY_941_CONSTRAINT_FK_SAVEPOINT_074.rs,P2,memory,GEN_SQL_CONSTRAINT_TX,47299799,39623681,0.837714,16.228648,false,3
1915,00475,DML_WHERE_ORDER_LIMIT_088,SQLITE_PARITY_475_DML_WHERE_ORDER_LIMIT_088.rs,P1,memory,GEN_SQL_DML,32535365,27236268,0.837128,16.287191,false,3
1916,01099,INDEX_SCHEMA_PRAGMA_032,SQLITE_PARITY_1099_INDEX_SCHEMA_PRAGMA_032.rs,P2,memory,GEN_SQL_INDEX_PRAGMA,34164249,28584772,0.836687,16.331332,false,3
1917,11823,JSON_JSON_TYPE_A_B_99,SQLITE_PARITY_11823_JSON_JSON_TYPE_A_B_99.rs,P0,memory,SQL_JSON,31184286,26086370,0.836523,16.347708,false,3
1918,01004,VIEW_TRIGGER_GENERATED_057,SQLITE_PARITY_1004_VIEW_TRIGGER_GENERATED_057.rs,P2,memory,GEN_SQL_VIEW_TRIGGER,28694740,23993255,0.836155,16.384484,false,3
1919,11951,WIN_FIRST_VALUE_ROWS_CURRENT_UNBND_FOLL,SQLITE_PARITY_11951_WIN_FIRST_VALUE_ROWS_CURRENT_UNBND_FOLL.rs,P0,memory,SQL_WINDOW,24840870,20770641,0.836148,16.385211,false,3
1920,00459,DML_WHERE_ORDER_LIMIT_072,SQLITE_PARITY_459_DML_WHERE_ORDER_LIMIT_072.rs,P1,memory,GEN_SQL_DML,32357077,27043523,0.835784,16.421613,false,3
1921,11656,DATETIME_TIME_DATE_2024_WEEKDAY_0,SQLITE_PARITY_11656_DATETIME_TIME_DATE_2024_WEEKDAY_0.rs,P0,memory,SQL_DATETIME,34645461,28937690,0.835252,16.474802,false,3
1922,10575,UPDATE_ON_VIEW,SQLITE_PARITY_10575_UPDATE_ON_VIEW.rs,P0,memory,SQL_ERROR_MESSAGES,38647411,32269381,0.834969,16.503124,false,3
1923,10102,STRICT_MISMATCHED_DEFAULT_REJECTED_ON_INSERT,SQLITE_PARITY_10102_STRICT_MISMATCHED_DEFAULT_REJECTED_ON_INSERT.rs,P0,memory,SQL_STRICT_TABLES,38507887,32060716,0.832575,16.742469,false,3
1924,00635,JOIN_SUBQUERY_EXISTS_028,SQLITE_PARITY_635_JOIN_SUBQUERY_EXISTS_028.rs,P1,memory,GEN_SQL_JOIN_SUBQUERY,40683417,33870123,0.832529,16.747104,false,3
1925,10099,STRICT_NULL_ALLOWED_BY_DEFAULT,SQLITE_PARITY_10099_STRICT_NULL_ALLOWED_BY_DEFAULT.rs,P0,memory,SQL_STRICT_TABLES,41688411,34696808,0.832289,16.771095,false,3
1926,00657,JOIN_SUBQUERY_EXISTS_050,SQLITE_PARITY_657_JOIN_SUBQUERY_EXISTS_050.rs,P1,memory,GEN_SQL_JOIN_SUBQUERY,58239821,48466740,0.832192,16.780754,false,3
1927,00115,DOT_SCHEMA_TABLES_INDEXES,SQLITE_PARITY_115_DOT_SCHEMA_TABLES_INDEXES.rs,P0,memory,CLI_DOT_COMMAND,75575296,62850154,0.831623,16.837701,false,3
1928,11049,MATH_FLOOR_1_6,SQLITE_PARITY_11049_MATH_FLOOR_1_6.rs,P1,memory,SQL_MATH,47776753,39701538,0.830980,16.901975,false,3
1929,11929,WIN_COUNT_EXCL_NO_OTHERS,SQLITE_PARITY_11929_WIN_COUNT_EXCL_NO_OTHERS.rs,P0,memory,SQL_WINDOW,30483037,25324457,0.830772,16.922789,false,3
1930,11108,MATH_MOD_7_3,SQLITE_PARITY_11108_MATH_MOD_7_3.rs,P1,memory,SQL_MATH,49152659,40831317,0.830704,16.929587,false,3
1931,00853,WINDOW_PARTITION_SUM_066,SQLITE_PARITY_853_WINDOW_PARTITION_SUM_066.rs,P2,memory,GEN_SQL_WINDOW,33905941,28163965,0.830650,16.935014,false,3
1932,00789,WINDOW_PARTITION_SUM_002,SQLITE_PARITY_789_WINDOW_PARTITION_SUM_002.rs,P2,memory,GEN_SQL_WINDOW,36497930,30304078,0.830296,16.970420,false,3
1933,10436,REC_CROSS_JOIN_INSIDE_RECURSION,SQLITE_PARITY_10436_REC_CROSS_JOIN_INSIDE_RECURSION.rs,P0,memory,SQL_RECURSIVE_CTE,52489099,43562481,0.829934,17.006613,false,3
1934,11422,STRING_HEX_A,SQLITE_PARITY_11422_STRING_HEX_A.rs,P0,memory,SQL_STRING,41770867,34646743,0.829448,17.055246,false,3
1935,11020,MATH_ATANH_0_0,SQLITE_PARITY_11020_MATH_ATANH_0_0.rs,P1,memory,SQL_MATH,40588517,33660475,0.829310,17.068971,false,3
1936,11026,MATH_CEIL_1_4,SQLITE_PARITY_11026_MATH_CEIL_1_4.rs,P1,memory,SQL_MATH,31544257,26124572,0.828188,17.181210,false,3
1937,10515,GROUP_CONCAT_DISTINCT_BASIC,SQLITE_PARITY_10515_GROUP_CONCAT_DISTINCT_BASIC.rs,P0,memory,SQL_AGGREGATE_ADV,28158604,23296195,0.827321,17.267933,false,3
1938,11947,WIN_MAX_EXCL_GROUP,SQLITE_PARITY_11947_WIN_MAX_EXCL_GROUP.rs,P0,memory,SQL_WINDOW,23145148,19145954,0.827212,17.278758,false,3
1939,11221,CAST_REAL_0_AS_REAL,SQLITE_PARITY_11221_CAST_REAL_0_AS_REAL.rs,P0,memory,SQL_CAST,32019527,26452724,0.826143,17.385650,false,3
1940,10214,OPT_MODE_HTML,SQLITE_PARITY_10214_OPT_MODE_HTML.rs,P0,memory,CLI_OPTION,34780126,28719467,0.825744,17.425638,false,3
1941,10112,MODE_LIST_HEADERS_ON,SQLITE_PARITY_10112_MODE_LIST_HEADERS_ON.rs,P0,memory,CLI_OUTPUT_MODE,40608766,33525260,0.825567,17.443293,false,3
1942,10248,PRAGMA_TRUSTED_SCHEMA_DEFAULT,SQLITE_PARITY_10248_PRAGMA_TRUSTED_SCHEMA_DEFAULT.rs,P0,memory,SQL_PRAGMA,28501915,23528836,0.825518,17.448228,false,3
1943,11811,JSON_JSON_EXTRACT_A_B_99,SQLITE_PARITY_11811_JSON_JSON_EXTRACT_A_B_99.rs,P0,memory,SQL_JSON,43841299,36181351,0.825280,17.471991,false,3
1944,00972,VIEW_TRIGGER_GENERATED_025,SQLITE_PARITY_972_VIEW_TRIGGER_GENERATED_025.rs,P2,memory,GEN_SQL_VIEW_TRIGGER,47127453,38834075,0.824022,17.597764,false,3
1945,10227,OPT_STATS,SQLITE_PARITY_10227_OPT_STATS.rs,P0,memory,CLI_OPTION,33077481,27246738,0.823725,17.627530,false,3
1946,10017,NULLIF_BASIC,SQLITE_PARITY_10017_NULLIF_BASIC.rs,P0,memory,SQL_NULL_SEMANTICS,36507318,30026893,0.822490,17.751030,false,3
1947,11903,WIN_SUM_ROWS_2_PREC_CURRENT,SQLITE_PARITY_11903_WIN_SUM_ROWS_2_PREC_CURRENT.rs,P0,memory,SQL_WINDOW,41103303,33687357,0.819578,18.042214,false,3
1948,01084,INDEX_SCHEMA_PRAGMA_017,SQLITE_PARITY_1084_INDEX_SCHEMA_PRAGMA_017.rs,P2,memory,GEN_SQL_INDEX_PRAGMA,34863855,28562119,0.819247,18.075270,false,3
1949,00343,SCALAR_NULL_COALESCE_029,SQLITE_PARITY_343_SCALAR_NULL_COALESCE_029.rs,P1,memory,GEN_SQL_SCALAR,61466954,50337022,0.818928,18.107180,false,3
1950,10290,PRAGMA_FOREIGN_KEY_CHECK_ORPHAN,SQLITE_PARITY_10290_PRAGMA_FOREIGN_KEY_CHECK_ORPHAN.rs,P0,memory,SQL_FOREIGN_KEYS,41993930,34376602,0.818609,18.139117,false,3
1951,01103,INDEX_SCHEMA_PRAGMA_036,SQLITE_PARITY_1103_INDEX_SCHEMA_PRAGMA_036.rs,P2,memory,GEN_SQL_INDEX_PRAGMA,39288005,32158772,0.818539,18.146080,false,3
1952,00208,OPT_VFSTRACE_CATALOG,SQLITE_PARITY_208_OPT_VFSTRACE_CATALOG.rs,P4,catalog,CLI_OPTION_CATALOG,20347600,16651008,0.818328,18.167214,false,3
1953,00714,CTE_RECURSIVE_MATRIX_007,SQLITE_PARITY_714_CTE_RECURSIVE_MATRIX_007.rs,P1,memory,GEN_SQL_CTE,38562049,31538476,0.817863,18.213692,false,3
1954,00908,CONSTRAINT_FK_SAVEPOINT_041,SQLITE_PARITY_908_CONSTRAINT_FK_SAVEPOINT_041.rs,P2,memory,GEN_SQL_CONSTRAINT_TX,30908974,25265735,0.817424,18.257607,false,3
1955,10558,NO_SUCH_COLLATION_SEQUENCE,SQLITE_PARITY_10558_NO_SUCH_COLLATION_SEQUENCE.rs,P0,memory,SQL_ERROR_MESSAGES,43245530,35333455,0.817043,18.295706,false,3
1956,11642,DATETIME_DATETIME_DATE_2024_START_OF_DAY,SQLITE_PARITY_11642_DATETIME_DATETIME_DATE_2024_START_OF_DAY.rs,P0,memory,SQL_DATETIME,38066642,31081090,0.816492,18.350849,false,3
1957,11729,DATETIME_STRFTIME_ISO_Y2K_BASE,SQLITE_PARITY_11729_DATETIME_STRFTIME_ISO_Y2K_BASE.rs,P0,memory,SQL_DATETIME,41604862,33943401,0.815852,18.414821,false,3
1958,11636,DATETIME_TIME_DATE_2024_PLUS_10_SECONDS,SQLITE_PARITY_11636_DATETIME_TIME_DATE_2024_PLUS_10_SECONDS.rs,P0,memory,SQL_DATETIME,29630432,24165982,0.815580,18.442019,false,3
1959,00877,CONSTRAINT_FK_SAVEPOINT_010,SQLITE_PARITY_877_CONSTRAINT_FK_SAVEPOINT_010.rs,P2,memory,GEN_SQL_CONSTRAINT_TX,35274473,28766716,0.815511,18.448913,false,3
1960,11340,AFFINITY_VARCHAR_8_INT_1,SQLITE_PARITY_11340_AFFINITY_VARCHAR_8_INT_1.rs,P0,memory,SQL_TYPE_AFFINITY,40771514,33214420,0.814648,18.535230,false,3
1961,10166,DOT_HEADERS_ON_PERSISTS,SQLITE_PARITY_10166_DOT_HEADERS_ON_PERSISTS.rs,P0,memory,CLI_DOT_COMMAND,38626070,31460800,0.814497,18.550347,false,3
1962,10135,MODE_INSERT_NAMED_TARGET_WITH_BLOB,SQLITE_PARITY_10135_MODE_INSERT_NAMED_TARGET_WITH_BLOB.rs,P0,memory,CLI_OUTPUT_MODE,42310760,34414043,0.813364,18.663614,false,3
1963,10234,OPT_DESERIALIZE,SQLITE_PARITY_10234_OPT_DESERIALIZE.rs,P0,memory,CLI_OPTION,31421225,25521760,0.812246,18.775414,false,3
1964,12001,PRAGMA_PAGE_COUNT,SQLITE_PARITY_12001_PRAGMA_PAGE_COUNT.rs,P1,memory,SQL_PRAGMA,25848289,20988764,0.811998,18.800181,false,3
1965,00648,JOIN_SUBQUERY_EXISTS_041,SQLITE_PARITY_648_JOIN_SUBQUERY_EXISTS_041.rs,P1,memory,GEN_SQL_JOIN_SUBQUERY,32405228,26300535,0.811614,18.838605,false,3
1966,11829,JSON_JSON_ARRAY_LENGTH_A_B_1_C,SQLITE_PARITY_11829_JSON_JSON_ARRAY_LENGTH_A_B_1_C.rs,P0,memory,SQL_JSON,44204637,35850033,0.811002,18.899836,false,3
1967,11442,STRING_SUBSTRING_ABCDEF_2_3,SQLITE_PARITY_11442_STRING_SUBSTRING_ABCDEF_2_3.rs,P0,memory,SQL_STRING,47402484,38431923,0.810758,18.924242,false,3
1968,11423,STRING_HEX_,SQLITE_PARITY_11423_STRING_HEX_.rs,P0,memory,SQL_STRING,40437792,32767965,0.810330,18.966978,false,3
1969,00638,JOIN_SUBQUERY_EXISTS_031,SQLITE_PARITY_638_JOIN_SUBQUERY_EXISTS_031.rs,P1,memory,GEN_SQL_JOIN_SUBQUERY,40821900,33052554,0.809677,19.032299,false,3
1970,11356,AFFINITY_NUMERIC_INT_1,SQLITE_PARITY_11356_AFFINITY_NUMERIC_INT_1.rs,P0,memory,SQL_TYPE_AFFINITY,39237899,31760757,0.809441,19.055918,false,3
1971,01012,JSON_EXTRACT_SET_005,SQLITE_PARITY_1012_JSON_EXTRACT_SET_005.rs,P2,memory,GEN_SQL_JSON,27308725,22095100,0.809086,19.091426,false,3
1972,00466,DML_WHERE_ORDER_LIMIT_079,SQLITE_PARITY_466_DML_WHERE_ORDER_LIMIT_079.rs,P1,memory,GEN_SQL_DML,36307219,29372284,0.808993,19.100706,false,3
1973,10519,GROUP_CONCAT_DELIMITER_ORDER_BY,SQLITE_PARITY_10519_GROUP_CONCAT_DELIMITER_ORDER_BY.rs,P0,memory,SQL_AGGREGATE_ADV,32697342,26422116,0.808081,19.191854,false,3
1974,00214,DROP_TABLE,SQLITE_PARITY_214_DROP_TABLE.rs,P0,memory,SQL_DROP,65791434,53156633,0.807957,19.204325,false,3
1975,10101,STRICT_VALID_DEFAULT_APPLIED,SQLITE_PARITY_10101_STRICT_VALID_DEFAULT_APPLIED.rs,P0,memory,SQL_STRICT_TABLES,41300997,33350569,0.807500,19.249966,false,3
1976,00747,CTE_RECURSIVE_MATRIX_040,SQLITE_PARITY_747_CTE_RECURSIVE_MATRIX_040.rs,P1,memory,GEN_SQL_CTE,41176501,33228277,0.806972,19.302815,false,3
1977,11698,DATETIME_JULIANDAY_UNIX_START_OF_DAY,SQLITE_PARITY_11698_DATETIME_JULIANDAY_UNIX_START_OF_DAY.rs,P0,memory,SQL_DATETIME,61811135,49770670,0.805206,19.479443,false,3
1978,11637,DATETIME_DATETIME_DATE_2024_PLUS_10_SECONDS,SQLITE_PARITY_11637_DATETIME_DATETIME_DATE_2024_PLUS_10_SECONDS.rs,P0,memory,SQL_DATETIME,29771349,23970432,0.805151,19.484898,false,3
1979,10292,FK_COMPOSITE_VIOLATION_REJECTED,SQLITE_PARITY_10292_FK_COMPOSITE_VIOLATION_REJECTED.rs,P0,memory,SQL_FOREIGN_KEYS,37830844,30448912,0.804870,19.512998,false,3
1980,00417,DML_WHERE_ORDER_LIMIT_030,SQLITE_PARITY_417_DML_WHERE_ORDER_LIMIT_030.rs,P1,memory,GEN_SQL_DML,46428179,37343853,0.804336,19.566406,false,3
1981,11649,DATETIME_STRFTIME_ISO_DATE_2024_START_OF_MONTH,SQLITE_PARITY_11649_DATETIME_STRFTIME_ISO_DATE_2024_START_OF_MONTH.rs,P0,memory,SQL_DATETIME,39583093,31829898,0.804129,19.587138,false,3
1982,01050,JSON_EXTRACT_SET_043,SQLITE_PARITY_1050_JSON_EXTRACT_SET_043.rs,P2,memory,GEN_SQL_JSON,42273149,33960123,0.803350,19.665027,false,3
1983,01064,JSON_EXTRACT_SET_057,SQLITE_PARITY_1064_JSON_EXTRACT_SET_057.rs,P2,memory,GEN_SQL_JSON,41611114,33426292,0.803302,19.669798,false,3
1984,11638,DATETIME_JULIANDAY_DATE_2024_PLUS_10_SECONDS,SQLITE_PARITY_11638_DATETIME_JULIANDAY_DATE_2024_PLUS_10_SECONDS.rs,P0,memory,SQL_DATETIME,37572786,30172629,0.803045,19.695524,false,3
1985,01016,JSON_EXTRACT_SET_009,SQLITE_PARITY_1016_JSON_EXTRACT_SET_009.rs,P2,memory,GEN_SQL_JSON,50226513,40289311,0.802152,19.784774,false,3
1986,11935,WIN_MIN_GROUPS_1_PREC_CURRENT,SQLITE_PARITY_11935_WIN_MIN_GROUPS_1_PREC_CURRENT.rs,P0,memory,SQL_WINDOW,37201172,29825331,0.801731,19.826905,false,3
1987,01000,VIEW_TRIGGER_GENERATED_053,SQLITE_PARITY_1000_VIEW_TRIGGER_GENERATED_053.rs,P2,memory,GEN_SQL_VIEW_TRIGGER,35535096,28473471,0.801277,19.872255,false,3
1988,10317,PRAGMA_RECURSIVE_TRIGGERS_ON_THEN_READ,SQLITE_PARITY_10317_PRAGMA_RECURSIVE_TRIGGERS_ON_THEN_READ.rs,P0,memory,SQL_TRANSACTION,52496323,42058432,0.801169,19.883090,false,3
1989,11508,DATETIME_JULIANDAY_EPOCH_MINUS_1_MONTH,SQLITE_PARITY_11508_DATETIME_JULIANDAY_EPOCH_MINUS_1_MONTH.rs,P0,memory,SQL_DATETIME,30257350,24222770,0.800558,19.944179,false,3
1990,10504,CHECK_CONSTRAINT_SUBQUERY_REJECTED,SQLITE_PARITY_10504_CHECK_CONSTRAINT_SUBQUERY_REJECTED.rs,P0,memory,SQL_SUBQUERY,34029574,27235736,0.800355,19.964511,false,3
1991,10549,FOREIGN_KEY_CONSTRAINT_FAILED,SQLITE_PARITY_10549_FOREIGN_KEY_CONSTRAINT_FAILED.rs,P0,memory,SQL_ERROR_MESSAGES,44910634,35921598,0.799846,20.015384,false,3
1992,00191,OPT_BATCH,SQLITE_PARITY_191_OPT_BATCH.rs,P2,memory,CLI_OPTION,44344382,35459122,0.799631,20.036946,false,3
1993,00642,JOIN_SUBQUERY_EXISTS_035,SQLITE_PARITY_642_JOIN_SUBQUERY_EXISTS_035.rs,P1,memory,GEN_SQL_JOIN_SUBQUERY,56389647,45007167,0.798146,20.185407,false,3
1994,00998,VIEW_TRIGGER_GENERATED_051,SQLITE_PARITY_998_VIEW_TRIGGER_GENERATED_051.rs,P2,memory,GEN_SQL_VIEW_TRIGGER,39214496,31285186,0.797796,20.220354,false,3
1995,10191,DOT_CHANGES_OFF,SQLITE_PARITY_10191_DOT_CHANGES_OFF.rs,P0,memory,CLI_DOT_COMMAND,38146202,30412203,0.797254,20.274624,false,3
1996,11450,STRING_GLOB_A_ABC,SQLITE_PARITY_11450_STRING_GLOB_A_ABC.rs,P0,memory,SQL_STRING,43694812,34829760,0.797114,20.288569,false,3
1997,10461,JOIN_INDEXED_BY,SQLITE_PARITY_10461_JOIN_INDEXED_BY.rs,P0,memory,SQL_JOIN,36116708,28787816,0.797078,20.292248,false,3
1998,00970,VIEW_TRIGGER_GENERATED_023,SQLITE_PARITY_970_VIEW_TRIGGER_GENERATED_023.rs,P2,memory,GEN_SQL_VIEW_TRIGGER,39904772,31765416,0.796031,20.396949,false,3
1999,10571,RAISE_ROLLBACK_IN_TRIGGER,SQLITE_PARITY_10571_RAISE_ROLLBACK_IN_TRIGGER.rs,P0,memory,SQL_ERROR_MESSAGES,44141838,35129798,0.795839,20.416096,false,3
2000,11825,JSON_JSON_ARRAY_LENGTH_A,SQLITE_PARITY_11825_JSON_JSON_ARRAY_LENGTH_A.rs,P0,memory,SQL_JSON,38907364,30931457,0.795003,20.499736,false,3
2001,00740,CTE_RECURSIVE_MATRIX_033,SQLITE_PARITY_740_CTE_RECURSIVE_MATRIX_033.rs,P1,memory,GEN_SQL_CTE,44049293,34985946,0.794245,20.575465,false,3
2002,10209,OPT_CMD_BEFORE_STDIN,SQLITE_PARITY_10209_OPT_CMD_BEFORE_STDIN.rs,P0,memory,CLI_OPTION,41333188,32797781,0.793497,20.650251,false,3
2003,11716,DATETIME_TIME_UNIX_UTC,SQLITE_PARITY_11716_DATETIME_TIME_UNIX_UTC.rs,P0,memory,SQL_DATETIME,34587331,27428181,0.793012,20.698764,false,3
2004,10002,NULL_NEQ_NULL_IS_NULL,SQLITE_PARITY_10002_NULL_NEQ_NULL_IS_NULL.rs,P0,memory,SQL_NULL_SEMANTICS,42935393,34028863,0.792560,20.744028,false,3
2005,00938,CONSTRAINT_FK_SAVEPOINT_071,SQLITE_PARITY_938_CONSTRAINT_FK_SAVEPOINT_071.rs,P2,memory,GEN_SQL_CONSTRAINT_TX,33074416,26210144,0.792460,20.754023,false,3
2006,01080,INDEX_SCHEMA_PRAGMA_013,SQLITE_PARITY_1080_INDEX_SCHEMA_PRAGMA_013.rs,P2,memory,GEN_SQL_INDEX_PRAGMA,31444067,24890695,0.791586,20.841363,false,3
2007,10221,OPT_MODE_TABS,SQLITE_PARITY_10221_OPT_MODE_TABS.rs,P0,memory,CLI_OPTION,50585383,40023828,0.791213,20.878670,false,3
2008,11818,JSON_JSON_TYPE_D,SQLITE_PARITY_11818_JSON_JSON_TYPE_D.rs,P0,memory,SQL_JSON,37179812,29416017,0.791183,20.881749,false,3
2009,00734,CTE_RECURSIVE_MATRIX_027,SQLITE_PARITY_734_CTE_RECURSIVE_MATRIX_027.rs,P1,memory,GEN_SQL_CTE,40304890,31880013,0.790971,20.902866,false,3
2010,11826,JSON_JSON_ARRAY_LENGTH_A_B,SQLITE_PARITY_11826_JSON_JSON_ARRAY_LENGTH_A_B.rs,P0,memory,SQL_JSON,39393675,31143268,0.790565,20.943481,false,3
2011,10565,NESTED_BEGIN_FAILS,SQLITE_PARITY_10565_NESTED_BEGIN_FAILS.rs,P0,memory,SQL_ERROR_MESSAGES,34222610,27036189,0.790010,20.999044,false,3
2012,10120,MODE_COLUMN_WIDTH_10_8_4,SQLITE_PARITY_10120_MODE_COLUMN_WIDTH_10_8_4.rs,P0,memory,CLI_OUTPUT_MODE,34103304,26935318,0.789815,21.018450,false,3
2013,11056,MATH_LOG10_1_0,SQLITE_PARITY_11056_MATH_LOG10_1_0.rs,P1,memory,SQL_MATH,44158821,34855108,0.789312,21.068753,false,3
2014,11665,DATETIME_DATE_UNIX_PLUS_5_DAYS,SQLITE_PARITY_11665_DATETIME_DATE_UNIX_PLUS_5_DAYS.rs,P0,memory,SQL_DATETIME,45079755,35558180,0.788784,21.121621,false,3
2015,00849,WINDOW_PARTITION_SUM_062,SQLITE_PARITY_849_WINDOW_PARTITION_SUM_062.rs,P2,memory,GEN_SQL_WINDOW,47650534,37569009,0.788428,21.157213,false,3
2016,00729,CTE_RECURSIVE_MATRIX_022,SQLITE_PARITY_729_CTE_RECURSIVE_MATRIX_022.rs,P1,memory,GEN_SQL_CTE,40292226,31760156,0.788245,21.175474,false,3
2017,11449,STRING_LIKE_A_ABC,SQLITE_PARITY_11449_STRING_LIKE_A_ABC.rs,P0,memory,SQL_STRING,40444164,31861038,0.787778,21.222162,false,3
2018,10149,MODE_TABLE_BASIC,SQLITE_PARITY_10149_MODE_TABLE_BASIC.rs,P0,memory,CLI_OUTPUT_MODE,45979298,36179737,0.786870,21.312985,false,3
2019,10062,INTPK_ROWID_REUSE_AFTER_DELETE,SQLITE_PARITY_10062_INTPK_ROWID_REUSE_AFTER_DELETE.rs,P0,memory,SQL_AUTOINCREMENT,36808859,28929114,0.785928,21.407197,false,3
2020,00483,DML_WHERE_ORDER_LIMIT_096,SQLITE_PARITY_483_DML_WHERE_ORDER_LIMIT_096.rs,P1,memory,GEN_SQL_DML,46557394,36587160,0.785851,21.414931,false,3
2021,10440,REC_FIBONACCI,SQLITE_PARITY_10440_REC_FIBONACCI.rs,P0,memory,SQL_RECURSIVE_CTE,35085174,27568307,0.785754,21.424625,false,3
2022,11651,DATETIME_TIME_DATE_2024_START_OF_YEAR,SQLITE_PARITY_11651_DATETIME_TIME_DATE_2024_START_OF_YEAR.rs,P0,memory,SQL_DATETIME,43184896,33905320,0.785120,21.488013,false,3
2023,00476,DML_WHERE_ORDER_LIMIT_089,SQLITE_PARITY_476_DML_WHERE_ORDER_LIMIT_089.rs,P1,memory,GEN_SQL_DML,43361961,34022642,0.784620,21.538046,false,3
2024,11229,CAST_TEXT_42_AS_NUMERIC,SQLITE_PARITY_11229_CAST_TEXT_42_AS_NUMERIC.rs,P0,memory,SQL_CAST,38188221,29947313,0.784203,21.579712,false,3
2025,00561,AGG_GROUP_HAVING_054,SQLITE_PARITY_561_AGG_GROUP_HAVING_054.rs,P1,memory,GEN_SQL_AGGREGATE,55418116,43436132,0.783789,21.621060,false,3
2026,10048,TOTAL_VS_SUM_ALL_NULL_AND_EMPTY,SQLITE_PARITY_10048_TOTAL_VS_SUM_ALL_NULL_AND_EMPTY.rs,P0,memory,SQL_AGGREGATE_NULL,28360336,22207142,0.783035,21.696478,false,3
2027,12024,PRAGMA_SET_CACHE_SIZE_2000,SQLITE_PARITY_12024_PRAGMA_SET_CACHE_SIZE_2000.rs,P1,memory,SQL_PRAGMA,22415347,17540323,0.782514,21.748599,false,3
2028,00256,SCALAR_ARITH_008,SQLITE_PARITY_256_SCALAR_ARITH_008.rs,P1,memory,GEN_SQL_SCALAR,108789857,85109715,0.782331,21.766866,false,3
2029,00491,DML_WHERE_ORDER_LIMIT_104,SQLITE_PARITY_491_DML_WHERE_ORDER_LIMIT_104.rs,P1,memory,GEN_SQL_DML,57969348,45334948,0.782050,21.794967,false,3
2030,00753,CTE_RECURSIVE_MATRIX_046,SQLITE_PARITY_753_CTE_RECURSIVE_MATRIX_046.rs,P1,memory,GEN_SQL_CTE,43002791,33626291,0.781956,21.804399,false,3
2031,11078,MATH_SQRT_4_0,SQLITE_PARITY_11078_MATH_SQRT_4_0.rs,P1,memory,SQL_MATH,51977639,40637420,0.781825,21.817495,false,3
2032,11622,DATETIME_DATETIME_DATE_2024_PLUS_1_YEAR,SQLITE_PARITY_11622_DATETIME_DATETIME_DATE_2024_PLUS_1_YEAR.rs,P0,memory,SQL_DATETIME,27842787,21767550,0.781802,21.819788,false,3
2033,00335,SCALAR_NULL_COALESCE_027,SQLITE_PARITY_335_SCALAR_NULL_COALESCE_027.rs,P1,memory,GEN_SQL_SCALAR,50754283,39661562,0.781443,21.855734,false,3
2034,11414,STRING_LTRIM_HI,SQLITE_PARITY_11414_STRING_LTRIM_HI.rs,P0,memory,SQL_STRING,49244462,38454025,0.780880,21.911981,false,3
2035,10081,STRICT_INT_ACCEPTS_INT_LITERAL,SQLITE_PARITY_10081_STRICT_INT_ACCEPTS_INT_LITERAL.rs,P0,memory,SQL_STRICT_TABLES,33673550,26289715,0.780723,21.927700,false,3
2036,10168,DOT_SEPARATOR_SEMI,SQLITE_PARITY_10168_DOT_SEPARATOR_SEMI.rs,P0,memory,CLI_DOT_COMMAND,25990178,20283538,0.780431,21.956910,false,3
2037,10251,PRAGMA_IGNORE_CHECK_PERMITS_VIOLATING_INSERT,SQLITE_PARITY_10251_PRAGMA_IGNORE_CHECK_PERMITS_VIOLATING_INSERT.rs,P0,memory,SQL_PRAGMA,39115878,30522752,0.780316,21.968383,false,3
2038,00502,DML_WHERE_ORDER_LIMIT_115,SQLITE_PARITY_502_DML_WHERE_ORDER_LIMIT_115.rs,P1,memory,GEN_SQL_DML,38023199,29648617,0.779751,22.024927,false,3
2039,10468,JOIN_SUBQUERY_WITH_GROUPBY,SQLITE_PARITY_10468_JOIN_SUBQUERY_WITH_GROUPBY.rs,P0,memory,SQL_JOIN,26978149,21033399,0.779646,22.035426,false,3
2040,00834,WINDOW_PARTITION_SUM_047,SQLITE_PARITY_834_WINDOW_PARTITION_SUM_047.rs,P2,memory,GEN_SQL_WINDOW,35556326,27715295,0.779476,22.052422,false,3
2041,10331,ON_CONFLICT_WHERE_PARTIAL_INDEX_MATCH,SQLITE_PARITY_10331_ON_CONFLICT_WHERE_PARTIAL_INDEX_MATCH.rs,P0,memory,SQL_UPSERT,37110099,28919646,0.779293,22.070685,false,3
2042,00871,CONSTRAINT_FK_SAVEPOINT_004,SQLITE_PARITY_871_CONSTRAINT_FK_SAVEPOINT_004.rs,P2,memory,GEN_SQL_CONSTRAINT_TX,36324522,28298139,0.779037,22.096321,false,3
2043,11863,JSON_ARROW_MISSING,SQLITE_PARITY_11863_JSON_ARROW_MISSING.rs,P0,memory,SQL_JSON,48450439,37734212,0.778821,22.117915,false,3
2044,10013,NULL_BETWEEN,SQLITE_PARITY_10013_NULL_BETWEEN.rs,P0,memory,SQL_NULL_SEMANTICS,36449929,28385094,0.778742,22.125791,false,3
2045,10577,ORDER_BY_OUT_OF_RANGE,SQLITE_PARITY_10577_ORDER_BY_OUT_OF_RANGE.rs,P0,memory,SQL_ERROR_MESSAGES,40202136,31301157,0.778594,22.140562,false,3
2046,11694,DATETIME_STRFTIME_ISO_UNIX_PLUS_10_SECONDS,SQLITE_PARITY_11694_DATETIME_STRFTIME_ISO_UNIX_PLUS_10_SECONDS.rs,P0,memory,SQL_DATETIME,49688755,38649645,0.777835,22.216516,false,3
2047,00614,JOIN_SUBQUERY_EXISTS_007,SQLITE_PARITY_614_JOIN_SUBQUERY_EXISTS_007.rs,P1,memory,GEN_SQL_JOIN_SUBQUERY,51181972,39791238,0.777446,22.255364,false,3
2048,00881,CONSTRAINT_FK_SAVEPOINT_014,SQLITE_PARITY_881_CONSTRAINT_FK_SAVEPOINT_014.rs,P2,memory,GEN_SQL_CONSTRAINT_TX,39626566,30787424,0.776939,22.306101,false,3
2049,00923,CONSTRAINT_FK_SAVEPOINT_056,SQLITE_PARITY_923_CONSTRAINT_FK_SAVEPOINT_056.rs,P2,memory,GEN_SQL_CONSTRAINT_TX,29815933,23156240,0.776640,22.336021,false,3
2050,11835,JSON_JSON_ARRAY_LENGTH_A_B_99,SQLITE_PARITY_11835_JSON_JSON_ARRAY_LENGTH_A_B_99.rs,P0,memory,SQL_JSON,33179715,25764200,0.776505,22.349544,false,3
2051,10103,STRICT_CHECK_PASSING_AND_FAILING,SQLITE_PARITY_10103_STRICT_CHECK_PASSING_AND_FAILING.rs,P0,memory,SQL_STRICT_TABLES,43619549,33863470,0.776337,22.366300,false,3
2052,11648,DATETIME_JULIANDAY_DATE_2024_START_OF_MONTH,SQLITE_PARITY_11648_DATETIME_JULIANDAY_DATE_2024_START_OF_MONTH.rs,P0,memory,SQL_DATETIME,44056587,34179920,0.775819,22.418139,false,3
2053,01114,INDEX_SCHEMA_PRAGMA_047,SQLITE_PARITY_1114_INDEX_SCHEMA_PRAGMA_047.rs,P2,memory,GEN_SQL_INDEX_PRAGMA,37190171,28832712,0.775278,22.472225,false,3
2054,10075,SQLITE_SEQUENCE_VISIBLE_AFTER_INSERT,SQLITE_PARITY_10075_SQLITE_SEQUENCE_VISIBLE_AFTER_INSERT.rs,P0,memory,SQL_AUTOINCREMENT,28791122,22296191,0.774412,22.558798,false,3
2055,11334,AFFINITY_TEXT_REAL_HALF,SQLITE_PARITY_11334_AFFINITY_TEXT_REAL_HALF.rs,P0,memory,SQL_TYPE_AFFINITY,44991187,34841543,0.774408,22.559183,false,3
2056,00628,JOIN_SUBQUERY_EXISTS_021,SQLITE_PARITY_628_JOIN_SUBQUERY_EXISTS_021.rs,P1,memory,GEN_SQL_JOIN_SUBQUERY,26523057,20526249,0.773902,22.609792,false,3
2057,12019,PRAGMA_ANALYSIS_LIMIT,SQLITE_PARITY_12019_PRAGMA_ANALYSIS_LIMIT.rs,P1,memory,SQL_PRAGMA,19685636,15233633,0.773845,22.615490,false,3
2058,11674,DATETIME_STRFTIME_ISO_UNIX_MINUS_1_MONTH,SQLITE_PARITY_11674_DATETIME_STRFTIME_ISO_UNIX_MINUS_1_MONTH.rs,P0,memory,SQL_DATETIME,34393193,26612345,0.773768,22.623221,false,3
2059,10454,JOIN_MULTI_TABLE_CHAINED_ON,SQLITE_PARITY_10454_JOIN_MULTI_TABLE_CHAINED_ON.rs,P0,memory,SQL_JOIN,43792897,33878599,0.773609,22.639055,false,3
2060,10547,UNIQUE_CONSTRAINT_FAILED,SQLITE_PARITY_10547_UNIQUE_CONSTRAINT_FAILED.rs,P0,memory,SQL_ERROR_MESSAGES,27032792,20894616,0.772936,22.706408,false,3
2061,00437,DML_WHERE_ORDER_LIMIT_050,SQLITE_PARITY_437_DML_WHERE_ORDER_LIMIT_050.rs,P1,memory,GEN_SQL_DML,39884153,30822501,0.772801,22.719931,false,3
2062,11659,DATETIME_STRFTIME_ISO_DATE_2024_WEEKDAY_0,SQLITE_PARITY_11659_DATETIME_STRFTIME_ISO_DATE_2024_WEEKDAY_0.rs,P0,memory,SQL_DATETIME,43807274,33850796,0.772721,22.727910,false,3
2063,11077,MATH_SQRT_1_0,SQLITE_PARITY_11077_MATH_SQRT_1_0.rs,P1,memory,SQL_MATH,28535618,22038322,0.772309,22.769074,false,3
2064,10612,LENGTH_BLOB_BYTE_COUNT,SQLITE_PARITY_10612_LENGTH_BLOB_BYTE_COUNT.rs,P0,memory,SQL_BLOB,33699921,26000807,0.771539,22.846089,false,3
2065,00547,AGG_GROUP_HAVING_040,SQLITE_PARITY_547_AGG_GROUP_HAVING_040.rs,P1,memory,GEN_SQL_AGGREGATE,54334404,41918467,0.771490,22.850968,false,3
2066,01065,JSON_EXTRACT_SET_058,SQLITE_PARITY_1065_JSON_EXTRACT_SET_058.rs,P2,memory,GEN_SQL_JSON,40297787,31066803,0.770931,22.906925,false,3
2067,00605,AGG_GROUP_HAVING_098,SQLITE_PARITY_605_AGG_GROUP_HAVING_098.rs,P1,memory,GEN_SQL_AGGREGATE,59419836,45767948,0.770247,22.975304,false,3
2068,11732,DATETIME_DATETIME_DATE_2024_BASE,SQLITE_PARITY_11732_DATETIME_DATETIME_DATE_2024_BASE.rs,P0,memory,SQL_DATETIME,45065537,34683874,0.769632,23.036812,false,3
2069,10167,DOT_SEPARATOR_PIPE,SQLITE_PARITY_10167_DOT_SEPARATOR_PIPE.rs,P0,memory,CLI_DOT_COMMAND,27016381,20791120,0.769575,23.042542,false,3
2070,00490,DML_WHERE_ORDER_LIMIT_103,SQLITE_PARITY_490_DML_WHERE_ORDER_LIMIT_103.rs,P1,memory,GEN_SQL_DML,29215066,22468056,0.769057,23.094283,false,3
2071,01122,INDEX_SCHEMA_PRAGMA_055,SQLITE_PARITY_1122_INDEX_SCHEMA_PRAGMA_055.rs,P2,memory,GEN_SQL_INDEX_PRAGMA,36032719,27702681,0.768820,23.117983,false,3
2072,11828,JSON_JSON_ARRAY_LENGTH_A_B_1,SQLITE_PARITY_11828_JSON_JSON_ARRAY_LENGTH_A_B_1.rs,P0,memory,SQL_JSON,47093028,36199124,0.768673,23.132732,false,3
2073,11447,STRING_CONCAT_A_B_C,SQLITE_PARITY_11447_STRING_CONCAT_A_B_C.rs,P0,memory,SQL_STRING,36972188,28401013,0.768172,23.182764,false,3
2074,10240,PRAGMA_FOREIGN_KEYS_DEFAULT_OFF,SQLITE_PARITY_10240_PRAGMA_FOREIGN_KEYS_DEFAULT_OFF.rs,P0,memory,SQL_PRAGMA,36741160,28213338,0.767895,23.210541,false,3
2075,10001,NULL_EQ_NULL_IS_NULL,SQLITE_PARITY_10001_NULL_EQ_NULL_IS_NULL.rs,P0,memory,SQL_NULL_SEMANTICS,40275004,30837418,0.765671,23.432862,false,3
2076,01060,JSON_EXTRACT_SET_053,SQLITE_PARITY_1060_JSON_EXTRACT_SET_053.rs,P2,memory,GEN_SQL_JSON,38495344,29465520,0.765431,23.456925,false,3
2077,00665,JOIN_SUBQUERY_EXISTS_058,SQLITE_PARITY_665_JOIN_SUBQUERY_EXISTS_058.rs,P1,memory,GEN_SQL_JOIN_SUBQUERY,30661736,23440769,0.764496,23.550418,false,3
2078,11621,DATETIME_TIME_DATE_2024_PLUS_1_YEAR,SQLITE_PARITY_11621_DATETIME_TIME_DATE_2024_PLUS_1_YEAR.rs,P0,memory,SQL_DATETIME,29279478,22334734,0.762812,23.718811,false,3
2079,10150,CLI_FLAG_CSV,SQLITE_PARITY_10150_CLI_FLAG_CSV.rs,P0,memory,CLI_OUTPUT_MODE,22091333,16848443,0.762672,23.732791,false,3
2080,10021,TYPEOF_NULL,SQLITE_PARITY_10021_TYPEOF_NULL.rs,P0,memory,SQL_NULL_SEMANTICS,40465626,30854120,0.762477,23.752273,false,3
2081,10040,DISTINCT_ORDER_BY_ASC_NULL_FIRST,SQLITE_PARITY_10040_DISTINCT_ORDER_BY_ASC_NULL_FIRST.rs,P0,memory,SQL_NULL_ORDER,41095368,31334150,0.762474,23.752599,false,3
2082,10015,COALESCE_PICKS_FIRST_NON_NULL,SQLITE_PARITY_10015_COALESCE_PICKS_FIRST_NON_NULL.rs,P0,memory,SQL_NULL_SEMANTICS,29548598,22526196,0.762344,23.765601,false,3
2083,10007,IS_DISTINCT_FROM_BASIC,SQLITE_PARITY_10007_IS_DISTINCT_FROM_BASIC.rs,P0,memory,SQL_NULL_SEMANTICS,44606078,33971895,0.761598,23.840211,false,3
2084,10182,DOT_SHOW_LISTS_SETTINGS,SQLITE_PARITY_10182_DOT_SHOW_LISTS_SETTINGS.rs,P0,memory,CLI_DOT_COMMAND,36876066,28077561,0.761403,23.859663,false,3
2085,11918,WIN_AVG_EXCL_TIES,SQLITE_PARITY_11918_WIN_AVG_EXCL_TIES.rs,P0,memory,SQL_WINDOW,39016300,29688913,0.760936,23.906385,false,3
2086,01042,JSON_EXTRACT_SET_035,SQLITE_PARITY_1042_JSON_EXTRACT_SET_035.rs,P2,memory,GEN_SQL_JSON,34330094,26109223,0.760535,23.946544,false,3
2087,00540,AGG_GROUP_HAVING_033,SQLITE_PARITY_540_AGG_GROUP_HAVING_033.rs,P1,memory,GEN_SQL_AGGREGATE,55603237,42267458,0.760162,23.983818,false,3
2088,10369,INSERT_DEFAULT_KEY_RETURNING,SQLITE_PARITY_10369_INSERT_DEFAULT_KEY_RETURNING.rs,P0,memory,SQL_RETURNING,50252012,38193031,0.760030,23.997011,false,3
2089,10367,RETURNING_ROWID_NO_PK,SQLITE_PARITY_10367_RETURNING_ROWID_NO_PK.rs,P0,memory,SQL_RETURNING,36542664,27754659,0.759514,24.048616,false,3
2090,11040,MATH_DEGREES_0_0,SQLITE_PARITY_11040_MATH_DEGREES_0_0.rs,P1,memory,SQL_MATH,40160628,30492135,0.759254,24.074556,false,3
2091,10464,JOIN_LEFT_TYPED_NULL_OUTPUT,SQLITE_PARITY_10464_JOIN_LEFT_TYPED_NULL_OUTPUT.rs,P0,memory,SQL_JOIN,41591969,31535130,0.758202,24.179762,false,3
2092,00802,WINDOW_PARTITION_SUM_015,SQLITE_PARITY_802_WINDOW_PARTITION_SUM_015.rs,P2,memory,GEN_SQL_WINDOW,44943888,34068729,0.758028,24.197192,false,3
2093,11807,JSON_JSON_EXTRACT_D_0,SQLITE_PARITY_11807_JSON_JSON_EXTRACT_D_0.rs,P0,memory,SQL_JSON,36029884,27227882,0.755703,24.429726,false,3
2094,11054,MATH_LN_0_5,SQLITE_PARITY_11054_MATH_LN_0_5.rs,P1,memory,SQL_MATH,39020268,29478875,0.755476,24.452403,false,3
2095,10377,MAIN_VS_AUX_SQLITE_MASTER,SQLITE_PARITY_10377_MAIN_VS_AUX_SQLITE_MASTER.rs,P0,memory,SQL_ATTACH,43744385,33025533,0.754966,24.503378,false,3
2096,11800,JSON_JSON_EXTRACT_,SQLITE_PARITY_11800_JSON_JSON_EXTRACT_.rs,P0,memory,SQL_JSON,36433728,27497543,0.754728,24.527232,false,3
2097,11678,DATETIME_JULIANDAY_UNIX_PLUS_1_YEAR,SQLITE_PARITY_11678_DATETIME_JULIANDAY_UNIX_PLUS_1_YEAR.rs,P0,memory,SQL_DATETIME,36861338,27807580,0.754383,24.561664,false,3
2098,11970,WIN_ROW_NUMBER_PARTITION,SQLITE_PARITY_11970_WIN_ROW_NUMBER_PARTITION.rs,P0,memory,SQL_WINDOW,30169073,22754949,0.754248,24.575246,false,3
2099,10370,UPDATE_WITH_EXPR_RETURNING,SQLITE_PARITY_10370_UPDATE_WITH_EXPR_RETURNING.rs,P0,memory,SQL_RETURNING,45251990,34086222,0.753254,24.674645,false,3
2100,11952,WIN_FIRST_VALUE_ROWS_1_PREC_1_FOLL,SQLITE_PARITY_11952_WIN_FIRST_VALUE_ROWS_1_PREC_1_FOLL.rs,P0,memory,SQL_WINDOW,40591473,30495250,0.751272,24.872768,false,3
2101,10274,FK_INSERT_VIOLATION_REJECTED,SQLITE_PARITY_10274_FK_INSERT_VIOLATION_REJECTED.rs,P0,memory,SQL_FOREIGN_KEYS,27222702,20442489,0.750935,24.906466,false,3
2102,00778,CTE_RECURSIVE_MATRIX_071,SQLITE_PARITY_778_CTE_RECURSIVE_MATRIX_071.rs,P1,memory,GEN_SQL_CTE,35361558,26550108,0.750818,24.918161,false,3
2103,10217,OPT_MODE_LIST,SQLITE_PARITY_10217_OPT_MODE_LIST.rs,P0,memory,CLI_OPTION,26069047,19533959,0.749316,25.068381,false,3
2104,00649,JOIN_SUBQUERY_EXISTS_042,SQLITE_PARITY_649_JOIN_SUBQUERY_EXISTS_042.rs,P1,memory,GEN_SQL_JOIN_SUBQUERY,44499476,33306735,0.748475,25.152523,false,3
2105,11105,MATH_POWER_3_0_2,SQLITE_PARITY_11105_MATH_POWER_3_0_2.rs,P1,memory,SQL_MATH,56756872,42446607,0.747867,25.213273,false,3
2106,10184,DOT_HELP_LISTS_COMMANDS,SQLITE_PARITY_10184_DOT_HELP_LISTS_COMMANDS.rs,P0,memory,CLI_DOT_COMMAND,46989823,35125290,0.747508,25.249154,false,3
2107,01015,JSON_EXTRACT_SET_008,SQLITE_PARITY_1015_JSON_EXTRACT_SET_008.rs,P2,memory,GEN_SQL_JSON,40052653,29930541,0.747280,25.272014,false,3
2108,00976,VIEW_TRIGGER_GENERATED_029,SQLITE_PARITY_976_VIEW_TRIGGER_GENERATED_029.rs,P2,memory,GEN_SQL_VIEW_TRIGGER,30149405,22522971,0.747045,25.295471,false,3
2109,11717,DATETIME_DATETIME_UNIX_UTC,SQLITE_PARITY_11717_DATETIME_DATETIME_UNIX_UTC.rs,P0,memory,SQL_DATETIME,39038361,29103635,0.745514,25.448625,false,3
2110,01125,INDEX_SCHEMA_PRAGMA_058,SQLITE_PARITY_1125_INDEX_SCHEMA_PRAGMA_058.rs,P2,memory,GEN_SQL_INDEX_PRAGMA,43239639,32222162,0.745200,25.480039,false,3
2111,00850,WINDOW_PARTITION_SUM_063,SQLITE_PARITY_850_WINDOW_PARTITION_SUM_063.rs,P2,memory,GEN_SQL_WINDOW,31628386,23496124,0.742881,25.711910,false,3
2112,00960,VIEW_TRIGGER_GENERATED_013,SQLITE_PARITY_960_VIEW_TRIGGER_GENERATED_013.rs,P2,memory,GEN_SQL_VIEW_TRIGGER,43215393,32029136,0.741151,25.884890,false,3
2113,00199,OPT_PAGECACHE,SQLITE_PARITY_199_OPT_PAGECACHE.rs,P3,memory,CLI_OPTION,53325442,39513602,0.740990,25.901032,false,3
2114,00434,DML_WHERE_ORDER_LIMIT_047,SQLITE_PARITY_434_DML_WHERE_ORDER_LIMIT_047.rs,P1,memory,GEN_SQL_DML,62902552,46607599,0.740949,25.905075,false,3
2115,10516,FILTER_COUNT_STAR_PREDICATE,SQLITE_PARITY_10516_FILTER_COUNT_STAR_PREDICATE.rs,P0,memory,SQL_AGGREGATE_ADV,41437376,30699938,0.740876,25.912447,false,3
2116,00255,SCALAR_NULL_COALESCE_007,SQLITE_PARITY_255_SCALAR_NULL_COALESCE_007.rs,P1,memory,GEN_SQL_SCALAR,77180226,57142552,0.740378,25.962186,false,3
2117,10053,DISTINCT_ALL_NULL_COUNT_ZERO,SQLITE_PARITY_10053_DISTINCT_ALL_NULL_COUNT_ZERO.rs,P0,memory,SQL_AGGREGATE_NULL,37531187,27770379,0.739928,26.007192,false,3
2118,11068,MATH_SIN_0_0,SQLITE_PARITY_11068_MATH_SIN_0_0.rs,P1,memory,SQL_MATH,34660159,25645495,0.739913,26.008721,false,3
2119,10139,MODE_QUOTE_BASIC,SQLITE_PARITY_10139_MODE_QUOTE_BASIC.rs,P0,memory,CLI_OUTPUT_MODE,26793829,19824639,0.739896,26.010429,false,3
2120,11543,DATETIME_JULIANDAY_EPOCH_START_OF_YEAR,SQLITE_PARITY_11543_DATETIME_JULIANDAY_EPOCH_START_OF_YEAR.rs,P0,memory,SQL_DATETIME,62473229,46165872,0.738970,26.102952,false,3
2121,10208,OPT_VERSION,SQLITE_PARITY_10208_OPT_VERSION.rs,P0,memory,CLI_OPTION,26922473,19888891,0.738747,26.125319,false,3
2122,11515,DATETIME_DATE_EPOCH_PLUS_3_HOURS,SQLITE_PARITY_11515_DATETIME_DATE_EPOCH_PLUS_3_HOURS.rs,P0,memory,SQL_DATETIME,34217100,25276535,0.738711,26.128938,false,3
2123,10384,ATTACH_SAME_ALIAS_TWICE_ERROR,SQLITE_PARITY_10384_ATTACH_SAME_ALIAS_TWICE_ERROR.rs,P0,memory,SQL_ATTACH,35882604,26491237,0.738275,26.172479,false,3
2124,01115,INDEX_SCHEMA_PRAGMA_048,SQLITE_PARITY_1115_INDEX_SCHEMA_PRAGMA_048.rs,P2,memory,GEN_SQL_INDEX_PRAGMA,40951936,30175405,0.736849,26.315071,false,3
2125,11523,DATETIME_JULIANDAY_EPOCH_PLUS_30_MINUTES,SQLITE_PARITY_11523_DATETIME_JULIANDAY_EPOCH_PLUS_30_MINUTES.rs,P0,memory,SQL_DATETIME,49248951,36193433,0.734908,26.509231,false,3
2126,00597,AGG_GROUP_HAVING_090,SQLITE_PARITY_597_AGG_GROUP_HAVING_090.rs,P1,memory,GEN_SQL_AGGREGATE,36294675,26663453,0.734638,26.536185,false,3
2127,11801,JSON_JSON_EXTRACT_A,SQLITE_PARITY_11801_JSON_JSON_EXTRACT_A.rs,P0,memory,SQL_JSON,38434167,28205263,0.733859,26.614091,false,3
2128,11943,WIN_MAX_ROWS_2_PREC_CURRENT,SQLITE_PARITY_11943_WIN_MAX_ROWS_2_PREC_CURRENT.rs,P0,memory,SQL_WINDOW,31790314,23326321,0.733756,26.624440,false,3
2129,11209,CAST_INT_5_AS_NUMERIC,SQLITE_PARITY_11209_CAST_INT_5_AS_NUMERIC.rs,P0,memory,SQL_CAST,35420420,25952246,0.732692,26.730835,false,3
2130,01118,INDEX_SCHEMA_PRAGMA_051,SQLITE_PARITY_1118_INDEX_SCHEMA_PRAGMA_051.rs,P2,memory,GEN_SQL_INDEX_PRAGMA,59134175,43247775,0.731350,26.865007,false,3
2131,10495,ANY_OPERATOR_UNSUPPORTED,SQLITE_PARITY_10495_ANY_OPERATOR_UNSUPPORTED.rs,P0,memory,SQL_SUBQUERY,43121035,31495555,0.730399,26.960114,false,3
2132,11074,MATH_SINH_1_0,SQLITE_PARITY_11074_MATH_SINH_1_0.rs,P1,memory,SQL_MATH,41375338,30141490,0.728489,27.151072,false,3
2133,12029,PRAGMA_SET_AUTO_VACUUM_NONE,SQLITE_PARITY_12029_PRAGMA_SET_AUTO_VACUUM_NONE.rs,P1,memory,SQL_PRAGMA,25034046,18233556,0.728350,27.164966,false,3
2134,10152,CLI_FLAG_HTML,SQLITE_PARITY_10152_CLI_FLAG_HTML.rs,P0,memory,CLI_OUTPUT_MODE,37658228,27393605,0.727427,27.257318,false,3
2135,11806,JSON_JSON_EXTRACT_D,SQLITE_PARITY_11806_JSON_JSON_EXTRACT_D.rs,P0,memory,SQL_JSON,49926775,36275107,0.726566,27.343380,false,3
2136,12014,PRAGMA_TRUSTED_SCHEMA,SQLITE_PARITY_12014_PRAGMA_TRUSTED_SCHEMA.rs,P1,memory,SQL_PRAGMA,23009111,16661107,0.724109,27.589089,false,3
2137,00435,DML_WHERE_ORDER_LIMIT_048,SQLITE_PARITY_435_DML_WHERE_ORDER_LIMIT_048.rs,P1,memory,GEN_SQL_DML,73694203,53356551,0.724026,27.597357,false,3
2138,11200,CAST_NULL_AS_INTEGER,SQLITE_PARITY_11200_CAST_NULL_AS_INTEGER.rs,P0,memory,SQL_CAST,49585269,35898434,0.723974,27.602623,false,3
2139,11404,STRING_OCTET_LENGTH_ABC,SQLITE_PARITY_11404_STRING_OCTET_LENGTH_ABC.rs,P0,memory,SQL_STRING,45558982,32960940,0.723478,27.652159,false,3
2140,11938,WIN_MIN_EXCL_TIES,SQLITE_PARITY_11938_WIN_MIN_EXCL_TIES.rs,P0,memory,SQL_WINDOW,32181144,23273171,0.723193,27.680722,false,3
2141,11550,DATETIME_DATE_EPOCH_UTC,SQLITE_PARITY_11550_DATETIME_DATE_EPOCH_UTC.rs,P0,memory,SQL_DATETIME,45234838,32625075,0.721238,27.876220,false,3
2142,11639,DATETIME_STRFTIME_ISO_DATE_2024_PLUS_10_SECONDS,SQLITE_PARITY_11639_DATETIME_STRFTIME_ISO_DATE_2024_PLUS_10_SECONDS.rs,P0,memory,SQL_DATETIME,46658465,33648954,0.721176,27.882424,false,3
2143,10364,RETURNING_WITH_SCALAR_SUBQUERY,SQLITE_PARITY_10364_RETURNING_WITH_SCALAR_SUBQUERY.rs,P0,memory,SQL_RETURNING,44628961,32170253,0.720838,27.916195,false,3
2144,00562,AGG_GROUP_HAVING_055,SQLITE_PARITY_562_AGG_GROUP_HAVING_055.rs,P1,memory,GEN_SQL_AGGREGATE,43075579,31019955,0.720129,27.987143,false,3
2145,11921,WIN_COUNT_ROWS_CURRENT_UNBND_FOLL,SQLITE_PARITY_11921_WIN_COUNT_ROWS_CURRENT_UNBND_FOLL.rs,P0,memory,SQL_WINDOW,33460526,24095418,0.720115,27.988526,false,3
2146,10052,COUNT_DISTINCT_EXCLUDES_NULL,SQLITE_PARITY_10052_COUNT_DISTINCT_EXCLUDES_NULL.rs,P0,memory,SQL_AGGREGATE_NULL,38144408,27468307,0.720114,27.988640,false,3
2147,11047,MATH_EXP_2_0,SQLITE_PARITY_11047_MATH_EXP_2_0.rs,P1,memory,SQL_MATH,28398679,20396592,0.718223,28.177673,false,3
2148,10627,EMPTY_BLOB_ORDER,SQLITE_PARITY_10627_EMPTY_BLOB_ORDER.rs,P0,memory,SQL_BLOB,42246298,30327332,0.717870,28.213042,false,3
2149,10261,PRAGMA_SCHEMA_VERSION_READ,SQLITE_PARITY_10261_PRAGMA_SCHEMA_VERSION_READ.rs,P0,memory,SQL_PRAGMA,48503219,34791859,0.717310,28.268969,false,3
2150,00425,DML_WHERE_ORDER_LIMIT_038,SQLITE_PARITY_425_DML_WHERE_ORDER_LIMIT_038.rs,P1,memory,GEN_SQL_DML,39689405,28460987,0.717093,28.290719,false,3
2151,00077,COMMENTS_AND_CLI_TERMINATORS,SQLITE_PARITY_077_COMMENTS_AND_CLI_TERMINATORS.rs,P0,memory,CLI_SQL_INPUT,53905442,38625280,0.716538,28.346233,false,3
2152,00750,CTE_RECURSIVE_MATRIX_043,SQLITE_PARITY_750_CTE_RECURSIVE_MATRIX_043.rs,P1,memory,GEN_SQL_CTE,33387769,23914696,0.716271,28.372884,false,3
2153,10514,AVG_DISTINCT_BASIC,SQLITE_PARITY_10514_AVG_DISTINCT_BASIC.rs,P0,memory,SQL_AGGREGATE_ADV,52564741,37586792,0.715057,28.494289,false,3
2154,00726,CTE_RECURSIVE_MATRIX_019,SQLITE_PARITY_726_CTE_RECURSIVE_MATRIX_019.rs,P1,memory,GEN_SQL_CTE,33764923,24099235,0.713736,28.626418,false,3
2155,00980,VIEW_TRIGGER_GENERATED_033,SQLITE_PARITY_980_VIEW_TRIGGER_GENERATED_033.rs,P2,memory,GEN_SQL_VIEW_TRIGGER,40564552,28909127,0.712670,28.733030,false,3
2156,11301,AFFINITY_INTEGER_INT_BIG,SQLITE_PARITY_11301_AFFINITY_INTEGER_INT_BIG.rs,P0,memory,SQL_TYPE_AFFINITY,52931326,37691771,0.712088,28.791183,false,3
2157,11923,WIN_COUNT_ROWS_2_PREC_CURRENT,SQLITE_PARITY_11923_WIN_COUNT_ROWS_2_PREC_CURRENT.rs,P0,memory,SQL_WINDOW,39788522,28320532,0.711776,28.822357,false,3
2158,00478,DML_WHERE_ORDER_LIMIT_091,SQLITE_PARITY_478_DML_WHERE_ORDER_LIMIT_091.rs,P1,memory,GEN_SQL_DML,37416901,26617075,0.711365,28.863497,false,3
2159,11620,DATETIME_DATE_DATE_2024_PLUS_1_YEAR,SQLITE_PARITY_11620_DATETIME_DATE_DATE_2024_PLUS_1_YEAR.rs,P0,memory,SQL_DATETIME,39931002,28385374,0.710861,28.913945,false,3
2160,00569,AGG_GROUP_HAVING_062,SQLITE_PARITY_569_AGG_GROUP_HAVING_062.rs,P1,memory,GEN_SQL_AGGREGATE,47613274,33843512,0.710800,28.920007,false,3
2161,10463,JOIN_THREE_WAY_INNER,SQLITE_PARITY_10463_JOIN_THREE_WAY_INNER.rs,P0,memory,SQL_JOIN,37244534,26455459,0.710318,28.968210,false,3
2162,00705,JOIN_SUBQUERY_EXISTS_098,SQLITE_PARITY_705_JOIN_SUBQUERY_EXISTS_098.rs,P1,memory,GEN_SQL_JOIN_SUBQUERY,34475499,24480037,0.710071,28.992944,false,3
2163,10341,ON_CONFLICT_UNIQUE_INDEX_TARGET,SQLITE_PARITY_10341_ON_CONFLICT_UNIQUE_INDEX_TARGET.rs,P0,memory,SQL_UPSERT,41573654,29517228,0.709998,29.000160,false,3
2164,11308,AFFINITY_BIGINT_INT_1,SQLITE_PARITY_11308_AFFINITY_BIGINT_INT_1.rs,P0,memory,SQL_TYPE_AFFINITY,41295467,29238930,0.708042,29.195788,false,3
2165,00651,JOIN_SUBQUERY_EXISTS_044,SQLITE_PARITY_651_JOIN_SUBQUERY_EXISTS_044.rs,P1,memory,GEN_SQL_JOIN_SUBQUERY,29429272,20831657,0.707855,29.214501,false,3
2166,11213,CAST_INT_NEG_3_AS_BLOB,SQLITE_PARITY_11213_CAST_INT_NEG_3_AS_BLOB.rs,P0,memory,SQL_CAST,44549430,31518689,0.707499,29.250073,false,3
2167,11822,JSON_JSON_TYPE_MISSING,SQLITE_PARITY_11822_JSON_JSON_TYPE_MISSING.rs,P0,memory,SQL_JSON,36188544,25559953,0.706300,29.370043,false,3
2168,10020,EXISTS_WITH_NULL_ROWS,SQLITE_PARITY_10020_EXISTS_WITH_NULL_ROWS.rs,P0,memory,SQL_NULL_SEMANTICS,29854246,21067173,0.705668,29.433244,false,3
2169,10211,OPT_MODE_BOX,SQLITE_PARITY_10211_OPT_MODE_BOX.rs,P0,memory,CLI_OPTION,44431828,31331895,0.705168,29.483219,false,3
2170,01048,JSON_EXTRACT_SET_041,SQLITE_PARITY_1048_JSON_EXTRACT_SET_041.rs,P2,memory,GEN_SQL_JSON,39309215,27695899,0.704565,29.543495,false,3
2171,10580,DROP_SQLITE_MASTER,SQLITE_PARITY_10580_DROP_SQLITE_MASTER.rs,P0,memory,SQL_ERROR_MESSAGES,43657110,30746376,0.704270,29.573039,false,3
2172,00909,CONSTRAINT_FK_SAVEPOINT_042,SQLITE_PARITY_909_CONSTRAINT_FK_SAVEPOINT_042.rs,P2,memory,GEN_SQL_CONSTRAINT_TX,46089006,32455122,0.704184,29.581640,false,3
2173,00539,AGG_GROUP_HAVING_032,SQLITE_PARITY_539_AGG_GROUP_HAVING_032.rs,P1,memory,GEN_SQL_AGGREGATE,38708297,27172577,0.701983,29.801673,false,3
2174,11954,WIN_FIRST_VALUE_RANGE_UNBND_PREC_CURRENT,SQLITE_PARITY_11954_WIN_FIRST_VALUE_RANGE_UNBND_PREC_CURRENT.rs,P0,memory,SQL_WINDOW,30596292,21448966,0.701032,29.896845,false,3
2175,10287,FK_DEFERRED_FAILS_AT_COMMIT,SQLITE_PARITY_10287_FK_DEFERRED_FAILS_AT_COMMIT.rs,P0,memory,SQL_FOREIGN_KEYS,49402322,34587762,0.700124,29.987578,false,3
2176,11856,JSON_DARROW_D,SQLITE_PARITY_11856_JSON_DARROW_D.rs,P0,memory,SQL_JSON,41537775,29019565,0.698631,30.136930,false,3
2177,00810,WINDOW_PARTITION_SUM_023,SQLITE_PARITY_810_WINDOW_PARTITION_SUM_023.rs,P2,memory,GEN_SQL_WINDOW,31739938,22172426,0.698566,30.143449,false,3
2178,10610,HEX_OF_BLOB_UPPERCASE,SQLITE_PARITY_10610_HEX_OF_BLOB_UPPERCASE.rs,P0,memory,SQL_BLOB,31975505,22298325,0.697356,30.264354,false,3
2179,00381,SCALAR_CAST_TYPEOF_039,SQLITE_PARITY_381_SCALAR_CAST_TYPEOF_039.rs,P1,memory,GEN_SQL_SCALAR,53338397,37184340,0.697140,30.285981,false,3
2180,10357,UPDATE_MULTI_ROW_RETURNING,SQLITE_PARITY_10357_UPDATE_MULTI_ROW_RETURNING.rs,P0,memory,SQL_RETURNING,28811121,20078871,0.696914,30.308609,false,3
2181,10446,JOIN_LEFT_PRESERVES_NULL,SQLITE_PARITY_10446_JOIN_LEFT_PRESERVES_NULL.rs,P0,memory,SQL_JOIN,44335935,30838991,0.695576,30.442448,false,3
2182,10065,AUTOINCREMENT_MONOTONIC_AFTER_DELETE,SQLITE_PARITY_10065_AUTOINCREMENT_MONOTONIC_AFTER_DELETE.rs,P0,memory,SQL_AUTOINCREMENT,43247024,30058773,0.695048,30.495164,false,3
2183,01058,JSON_EXTRACT_SET_051,SQLITE_PARITY_1058_JSON_EXTRACT_SET_051.rs,P2,memory,GEN_SQL_JSON,48082572,33396064,0.694557,30.544348,false,3
2184,00653,JOIN_SUBQUERY_EXISTS_046,SQLITE_PARITY_653_JOIN_SUBQUERY_EXISTS_046.rs,P1,memory,GEN_SQL_JOIN_SUBQUERY,44276242,30731608,0.694088,30.591201,false,3
2185,10210,OPT_MODE_ASCII,SQLITE_PARITY_10210_OPT_MODE_ASCII.rs,P0,memory,CLI_OPTION,54408133,37749530,0.693821,30.617855,false,3
2186,10481,COMPOUND_COLUMN_NAMES_FROM_LEFTMOST,SQLITE_PARITY_10481_COMPOUND_COLUMN_NAMES_FROM_LEFTMOST.rs,P0,memory,SQL_COMPOUND,42978064,29770818,0.692698,30.730202,false,3
2187,00178,OPT_HTML_MODE,SQLITE_PARITY_178_OPT_HTML_MODE.rs,P2,memory,CLI_OPTION,24618249,17049524,0.692556,30.744368,false,3
2188,10608,GLOB_CASE_SENSITIVE_ALWAYS,SQLITE_PARITY_10608_GLOB_CASE_SENSITIVE_ALWAYS.rs,P0,memory,SQL_PATTERN,50822843,35174433,0.692099,30.790111,false,3
2189,10299,BEGIN_WITHIN_BEGIN_REJECTED,SQLITE_PARITY_10299_BEGIN_WITHIN_BEGIN_REJECTED.rs,P0,memory,SQL_TRANSACTION,44728109,30935144,0.691626,30.837353,false,3
2190,11314,AFFINITY_BIGINT_BLOB_HEX,SQLITE_PARITY_11314_AFFINITY_BIGINT_BLOB_HEX.rs,P0,memory,SQL_TYPE_AFFINITY,32883584,22734912,0.691376,30.862427,false,3
2191,10353,INSERT_RETURNING_MULTI_COL,SQLITE_PARITY_10353_INSERT_RETURNING_MULTI_COL.rs,P0,memory,SQL_RETURNING,31347555,21669424,0.691264,30.873639,false,3
2192,00185,OPT_SEPARATOR,SQLITE_PARITY_185_OPT_SEPARATOR.rs,P1,memory,CLI_OPTION,67146681,46379938,0.690726,30.927430,false,3
2193,11858,JSON_DARROW_D_0,SQLITE_PARITY_11858_JSON_DARROW_D_0.rs,P0,memory,SQL_JSON,36217028,25014249,0.690676,30.932353,false,3
2194,10176,DOT_SCHEMA_NOSYS,SQLITE_PARITY_10176_DOT_SCHEMA_NOSYS.rs,P0,memory,CLI_DOT_COMMAND,41948204,28962717,0.690440,30.956002,false,3
2195,10536,AVG_EQUALS_SUM_OVER_COUNT_MANUAL,SQLITE_PARITY_10536_AVG_EQUALS_SUM_OVER_COUNT_MANUAL.rs,P0,memory,SQL_AGGREGATE_ADV,45641348,31498119,0.690122,30.987755,false,3
2196,11014,MATH_ASINH_1_0,SQLITE_PARITY_11014_MATH_ASINH_1_0.rs,P1,memory,SQL_MATH,44306390,30568930,0.689944,31.005595,false,3
2197,11232,CAST_TEXT_NUM_AS_TEXT,SQLITE_PARITY_11232_CAST_TEXT_NUM_AS_TEXT.rs,P0,memory,SQL_CAST,27487623,18964771,0.689939,31.006144,false,3
2198,11658,DATETIME_JULIANDAY_DATE_2024_WEEKDAY_0,SQLITE_PARITY_11658_DATETIME_JULIANDAY_DATE_2024_WEEKDAY_0.rs,P0,memory,SQL_DATETIME,44623170,30782645,0.689835,31.016454,false,3
2199,10395,SQLITE_SEQUENCE_AUTOINCREMENT,SQLITE_PARITY_10395_SQLITE_SEQUENCE_AUTOINCREMENT.rs,P0,memory,SQL_SCHEMA_INTROSPECTION,52502334,36181210,0.689135,31.086473,false,3
2200,11672,DATETIME_DATETIME_UNIX_MINUS_1_MONTH,SQLITE_PARITY_11672_DATETIME_DATETIME_UNIX_MINUS_1_MONTH.rs,P0,memory,SQL_DATETIME,30818062,21230032,0.688883,31.111723,false,3
2201,11959,WIN_FIRST_VALUE_EXCL_NO_OTHERS,SQLITE_PARITY_11959_WIN_FIRST_VALUE_EXCL_NO_OTHERS.rs,P0,memory,SQL_WINDOW,30201774,20776342,0.687918,31.208207,false,3
2202,12026,PRAGMA_SET_MAX_PAGE_COUNT_1073741823,SQLITE_PARITY_12026_PRAGMA_SET_MAX_PAGE_COUNT_1073741823.rs,P1,memory,SQL_PRAGMA,15712270,10806819,0.687795,31.220511,false,3
2203,10337,ON_CONFLICT_RETURNING_INSERTED_ON_FRESH,SQLITE_PARITY_10337_ON_CONFLICT_RETURNING_INSERTED_ON_FRESH.rs,P0,memory,SQL_UPSERT,45212456,31091841,0.687683,31.231692,false,3
2204,00553,AGG_GROUP_HAVING_046,SQLITE_PARITY_553_AGG_GROUP_HAVING_046.rs,P1,memory,GEN_SQL_AGGREGATE,43351762,29768264,0.686668,31.333209,false,3
2205,10343,INSERT_SELECT_UPSERT,SQLITE_PARITY_10343_INSERT_SELECT_UPSERT.rs,P0,memory,SQL_UPSERT,39031659,26765326,0.685734,31.426625,false,3
2206,10030,ORDER_BY_ASC_NULLS_FIRST_EXPLICIT,SQLITE_PARITY_10030_ORDER_BY_ASC_NULLS_FIRST_EXPLICIT.rs,P0,memory,SQL_NULL_ORDER,42490130,29111860,0.685144,31.485594,false,3
2207,10355,INSERT_RETURNING_PRESERVES_INSERT_ORDER,SQLITE_PARITY_10355_INSERT_RETURNING_PRESERVES_INSERT_ORDER.rs,P0,memory,SQL_RETURNING,51022481,34865959,0.683345,31.665497,false,3
2208,11662,DATETIME_DATETIME_DATE_2024_UTC,SQLITE_PARITY_11662_DATETIME_DATETIME_DATE_2024_UTC.rs,P0,memory,SQL_DATETIME,44437478,30346829,0.682911,31.708930,false,3
2209,11832,JSON_JSON_ARRAY_LENGTH_D_3,SQLITE_PARITY_11832_JSON_JSON_ARRAY_LENGTH_D_3.rs,P0,memory,SQL_JSON,26514821,18103109,0.682754,31.724566,false,3
2210,11843,JSON_ARROW_,SQLITE_PARITY_11843_JSON_ARROW_.rs,P0,memory,SQL_JSON,47126441,32164142,0.682507,31.749266,false,3
2211,00686,JOIN_SUBQUERY_EXISTS_079,SQLITE_PARITY_686_JOIN_SUBQUERY_EXISTS_079.rs,P1,memory,GEN_SQL_JOIN_SUBQUERY,43932622,29943586,0.681580,31.842024,false,3
2212,10494,NOT_IN_SELECT_WITH_NULL_RETURNS_NULL,SQLITE_PARITY_10494_NOT_IN_SELECT_WITH_NULL_RETURNS_NULL.rs,P0,memory,SQL_SUBQUERY,43194353,29349971,0.679486,32.051370,false,3
2213,00554,AGG_GROUP_HAVING_047,SQLITE_PARITY_554_AGG_GROUP_HAVING_047.rs,P1,memory,GEN_SQL_AGGREGATE,44296310,30083671,0.679146,32.085379,false,3
2214,01110,INDEX_SCHEMA_PRAGMA_043,SQLITE_PARITY_1110_INDEX_SCHEMA_PRAGMA_043.rs,P2,memory,GEN_SQL_INDEX_PRAGMA,39780457,27002946,0.678799,32.120071,false,3
2215,10307,ROLLBACK_TO_SAVEPOINT_INNER,SQLITE_PARITY_10307_ROLLBACK_TO_SAVEPOINT_INNER.rs,P0,memory,SQL_TRANSACTION,32982451,22379108,0.678516,32.148439,false,3
2216,10483,COMPOUND_WHERE_PER_SIDE,SQLITE_PARITY_10483_COMPOUND_WHERE_PER_SIDE.rs,P0,memory,SQL_COMPOUND,45542421,30884397,0.678146,32.185430,false,3
2217,11069,MATH_SIN_1_5707963267949,SQLITE_PARITY_11069_MATH_SIN_1_5707963267949.rs,P1,memory,SQL_MATH,39066445,26492509,0.678140,32.186026,false,3
2218,00931,CONSTRAINT_FK_SAVEPOINT_064,SQLITE_PARITY_931_CONSTRAINT_FK_SAVEPOINT_064.rs,P2,memory,GEN_SQL_CONSTRAINT_TX,41749506,28308068,0.678046,32.195442,false,3
2219,12037,PRAGMA_SET_ENCODING_UTF_8,SQLITE_PARITY_12037_PRAGMA_SET_ENCODING_UTF_8.rs,P1,memory,SQL_PRAGMA,20876081,14142767,0.677463,32.253726,false,3
2220,11208,CAST_INT_5_AS_BLOB,SQLITE_PARITY_11208_CAST_INT_5_AS_BLOB.rs,P0,memory,SQL_CAST,50538624,34195339,0.676618,32.338207,false,3
2221,00723,CTE_RECURSIVE_MATRIX_016,SQLITE_PARITY_723_CTE_RECURSIVE_MATRIX_016.rs,P1,memory,GEN_SQL_CTE,45006215,30445657,0.676477,32.352327,false,3
2222,00867,WINDOW_PARTITION_SUM_080,SQLITE_PARITY_867_WINDOW_PARTITION_SUM_080.rs,P2,memory,GEN_SQL_WINDOW,47109189,31845738,0.675998,32.400157,false,3
2223,11834,JSON_JSON_ARRAY_LENGTH_MISSING,SQLITE_PARITY_11834_JSON_JSON_ARRAY_LENGTH_MISSING.rs,P0,memory,SQL_JSON,28122155,18975191,0.674742,32.525829,false,3
2224,01044,JSON_EXTRACT_SET_037,SQLITE_PARITY_1044_JSON_EXTRACT_SET_037.rs,P2,memory,GEN_SQL_JSON,39527709,26663953,0.674564,32.543642,false,3
2225,00839,WINDOW_PARTITION_SUM_052,SQLITE_PARITY_839_WINDOW_PARTITION_SUM_052.rs,P2,memory,GEN_SQL_WINDOW,60391106,40725748,0.674367,32.563335,false,3
2226,11319,AFFINITY_REAL_REAL_BIG,SQLITE_PARITY_11319_AFFINITY_REAL_REAL_BIG.rs,P0,memory,SQL_TYPE_AFFINITY,43570637,29337347,0.673328,32.667161,false,3
2227,00548,AGG_GROUP_HAVING_041,SQLITE_PARITY_548_AGG_GROUP_HAVING_041.rs,P1,memory,GEN_SQL_AGGREGATE,52005533,35010803,0.673213,32.678696,false,3
2228,00494,DML_WHERE_ORDER_LIMIT_107,SQLITE_PARITY_494_DML_WHERE_ORDER_LIMIT_107.rs,P1,memory,GEN_SQL_DML,38248425,25724174,0.672555,32.744488,false,3
2229,11441,STRING_SUBSTR_ABCDEF_2,SQLITE_PARITY_11441_STRING_SUBSTR_ABCDEF_2.rs,P0,memory,SQL_STRING,32720265,21993087,0.672155,32.784508,false,3
2230,11605,DATETIME_DATE_Y2K_UTC,SQLITE_PARITY_11605_DATETIME_DATE_Y2K_UTC.rs,P0,memory,SQL_DATETIME,55987144,37630435,0.672126,32.787365,false,3
2231,00852,WINDOW_PARTITION_SUM_065,SQLITE_PARITY_852_WINDOW_PARTITION_SUM_065.rs,P2,memory,GEN_SQL_WINDOW,44785086,30053103,0.671052,32.894841,false,3
2232,00182,OPT_COLUMN_MODE,SQLITE_PARITY_182_OPT_COLUMN_MODE.rs,P2,memory,CLI_OPTION,55729335,37340205,0.670028,32.997218,false,3
2233,10192,DOT_BAIL_ON_NOOP,SQLITE_PARITY_10192_DOT_BAIL_ON_NOOP.rs,P0,memory,CLI_DOT_COMMAND,51898630,34752464,0.669622,33.037801,false,3
2234,01059,JSON_EXTRACT_SET_052,SQLITE_PARITY_1059_JSON_EXTRACT_SET_052.rs,P2,memory,GEN_SQL_JSON,41413981,27729242,0.669562,33.043766,false,3
2235,11015,MATH_ASINH_10_0,SQLITE_PARITY_11015_MATH_ASINH_10_0.rs,P1,memory,SQL_MATH,51290739,34338550,0.669488,33.051169,false,3
2236,11686,DATETIME_TIME_UNIX_PLUS_30_MINUTES,SQLITE_PARITY_11686_DATETIME_TIME_UNIX_PLUS_30_MINUTES.rs,P0,memory,SQL_DATETIME,51145864,34132049,0.667347,33.265280,false,3
2237,00519,AGG_GROUP_HAVING_012,SQLITE_PARITY_519_AGG_GROUP_HAVING_012.rs,P1,memory,GEN_SQL_AGGREGATE,43373222,28929245,0.666984,33.301600,false,3
2238,11048,MATH_FLOOR_1_4,SQLITE_PARITY_11048_MATH_FLOOR_1_4.rs,P1,memory,SQL_MATH,35507514,23678169,0.666850,33.315047,false,3
2239,11712,DATETIME_DATETIME_UNIX_WEEKDAY_0,SQLITE_PARITY_11712_DATETIME_DATETIME_UNIX_WEEKDAY_0.rs,P0,memory,SQL_DATETIME,39927706,26624389,0.666815,33.318511,false,3
2240,11833,JSON_JSON_ARRAY_LENGTH_E,SQLITE_PARITY_11833_JSON_JSON_ARRAY_LENGTH_E.rs,P0,memory,SQL_JSON,41101099,27405378,0.666780,33.322031,false,3
2241,10482,COMPOUND_VALUES_OPERAND,SQLITE_PARITY_10482_COMPOUND_VALUES_OPERAND.rs,P0,memory,SQL_COMPOUND,60419049,40256168,0.666283,33.371729,false,3
2242,11578,DATETIME_JULIANDAY_Y2K_PLUS_30_MINUTES,SQLITE_PARITY_11578_DATETIME_JULIANDAY_Y2K_PLUS_30_MINUTES.rs,P0,memory,SQL_DATETIME,49807770,33185956,0.666281,33.371930,false,3
2243,11964,WIN_LAST_VALUE_RANGE_UNBND_PREC_CURRENT,SQLITE_PARITY_11964_WIN_LAST_VALUE_RANGE_UNBND_PREC_CURRENT.rs,P0,memory,SQL_WINDOW,25039496,16670695,0.665776,33.422402,false,3
2244,10462,JOIN_NOT_INDEXED_HINT,SQLITE_PARITY_10462_JOIN_NOT_INDEXED_HINT.rs,P0,memory,SQL_JOIN,39900294,26559566,0.665648,33.435162,false,3
2245,00424,DML_WHERE_ORDER_LIMIT_037,SQLITE_PARITY_424_DML_WHERE_ORDER_LIMIT_037.rs,P1,memory,GEN_SQL_DML,49707871,33057684,0.665039,33.496078,false,3
2246,10559,NO_SUCH_COLLATION_IN_ORDER_BY,SQLITE_PARITY_10559_NO_SUCH_COLLATION_IN_ORDER_BY.rs,P0,memory,SQL_ERROR_MESSAGES,28004753,18606322,0.664399,33.560128,false,3
2247,01104,INDEX_SCHEMA_PRAGMA_037,SQLITE_PARITY_1104_INDEX_SCHEMA_PRAGMA_037.rs,P2,memory,GEN_SQL_INDEX_PRAGMA,37161607,24684885,0.664258,33.574226,false,3
2248,01007,VIEW_TRIGGER_GENERATED_060,SQLITE_PARITY_1007_VIEW_TRIGGER_GENERATED_060.rs,P2,memory,GEN_SQL_VIEW_TRIGGER,49513923,32842697,0.663302,33.669774,false,3
2249,10528,AGGREGATE_COMPOSITION_SUM_X_TIMES_Y,SQLITE_PARITY_10528_AGGREGATE_COMPOSITION_SUM_X_TIMES_Y.rs,P0,memory,SQL_AGGREGATE_ADV,35405500,23473911,0.663002,33.699818,false,3
2250,00947,CONSTRAINT_FK_SAVEPOINT_080,SQLITE_PARITY_947_CONSTRAINT_FK_SAVEPOINT_080.rs,P2,memory,GEN_SQL_CONSTRAINT_TX,34713290,23005575,0.662731,33.726895,false,3
2251,11010,MATH_ASIN_1_0,SQLITE_PARITY_11010_MATH_ASIN_1_0.rs,P1,memory,SQL_MATH,43103321,28518286,0.661626,33.837381,false,3
2252,00987,VIEW_TRIGGER_GENERATED_040,SQLITE_PARITY_987_VIEW_TRIGGER_GENERATED_040.rs,P2,memory,GEN_SQL_VIEW_TRIGGER,39865127,26325783,0.660371,33.962877,false,3
2253,01006,VIEW_TRIGGER_GENERATED_059,SQLITE_PARITY_1006_VIEW_TRIGGER_GENERATED_059.rs,P2,memory,GEN_SQL_VIEW_TRIGGER,41578273,27410988,0.659262,34.073770,false,3
2254,00965,VIEW_TRIGGER_GENERATED_018,SQLITE_PARITY_965_VIEW_TRIGGER_GENERATED_018.rs,P2,memory,GEN_SQL_VIEW_TRIGGER,44414685,29273246,0.659089,34.091065,false,3
2255,00953,VIEW_TRIGGER_GENERATED_006,SQLITE_PARITY_953_VIEW_TRIGGER_GENERATED_006.rs,P2,memory,GEN_SQL_VIEW_TRIGGER,33640478,22157829,0.658666,34.133430,false,3
2256,01112,INDEX_SCHEMA_PRAGMA_045,SQLITE_PARITY_1112_INDEX_SCHEMA_PRAGMA_045.rs,P2,memory,GEN_SQL_INDEX_PRAGMA,33840748,22247308,0.657412,34.258817,false,3
2257,00508,AGG_GROUP_HAVING_001,SQLITE_PARITY_508_AGG_GROUP_HAVING_001.rs,P1,memory,GEN_SQL_AGGREGATE,37554491,24684434,0.657296,34.270354,false,3
2258,01077,INDEX_SCHEMA_PRAGMA_010,SQLITE_PARITY_1077_INDEX_SCHEMA_PRAGMA_010.rs,P2,memory,GEN_SQL_INDEX_PRAGMA,42561946,27973153,0.657234,34.276612,false,3
2259,10043,UNION_ALL_ORDER_BY_ASC_NULL_FIRST,SQLITE_PARITY_10043_UNION_ALL_ORDER_BY_ASC_NULL_FIRST.rs,P0,memory,SQL_NULL_ORDER,37270814,24386631,0.654309,34.569095,false,3
2260,00698,JOIN_SUBQUERY_EXISTS_091,SQLITE_PARITY_698_JOIN_SUBQUERY_EXISTS_091.rs,P1,memory,GEN_SQL_JOIN_SUBQUERY,28389282,18562800,0.653866,34.613352,false,3
2261,00828,WINDOW_PARTITION_SUM_041,SQLITE_PARITY_828_WINDOW_PARTITION_SUM_041.rs,P2,memory,GEN_SQL_WINDOW,44427930,29044983,0.653755,34.624496,false,3
2262,00563,AGG_GROUP_HAVING_056,SQLITE_PARITY_563_AGG_GROUP_HAVING_056.rs,P1,memory,GEN_SQL_AGGREGATE,42998373,28080446,0.653058,34.694166,false,3
2263,10512,COUNT_DISTINCT_BASIC,SQLITE_PARITY_10512_COUNT_DISTINCT_BASIC.rs,P0,memory,SQL_AGGREGATE_ADV,53068165,34616526,0.652303,34.769695,false,3
2264,00832,WINDOW_PARTITION_SUM_045,SQLITE_PARITY_832_WINDOW_PARTITION_SUM_045.rs,P2,memory,GEN_SQL_WINDOW,48046935,31296468,0.651373,34.862717,false,3
2265,11520,DATETIME_DATE_EPOCH_PLUS_30_MINUTES,SQLITE_PARITY_11520_DATETIME_DATE_EPOCH_PLUS_30_MINUTES.rs,P0,memory,SQL_DATETIME,44774496,29157927,0.651217,34.878269,false,3
2266,00457,DML_WHERE_ORDER_LIMIT_070,SQLITE_PARITY_457_DML_WHERE_ORDER_LIMIT_070.rs,P1,memory,GEN_SQL_DML,45505261,29633118,0.651202,34.879798,false,3
2267,00423,DML_WHERE_ORDER_LIMIT_036,SQLITE_PARITY_423_DML_WHERE_ORDER_LIMIT_036.rs,P1,memory,GEN_SQL_DML,61099417,39737005,0.650366,34.963365,false,3
2268,01005,VIEW_TRIGGER_GENERATED_058,SQLITE_PARITY_1005_VIEW_TRIGGER_GENERATED_058.rs,P2,memory,GEN_SQL_VIEW_TRIGGER,54300940,35287577,0.649852,35.014795,false,3
2269,10067,AUTOINCREMENT_EXPLICIT_BUMPS_SEQ,SQLITE_PARITY_10067_AUTOINCREMENT_EXPLICIT_BUMPS_SEQ.rs,P0,memory,SQL_AUTOINCREMENT,55263784,35880200,0.649253,35.074659,false,3
2270,10615,BLOB_CONCAT_OPERATOR,SQLITE_PARITY_10615_BLOB_CONCAT_OPERATOR.rs,P0,memory,SQL_BLOB,53332756,34619382,0.649120,35.087956,false,3
2271,00532,AGG_GROUP_HAVING_025,SQLITE_PARITY_532_AGG_GROUP_HAVING_025.rs,P1,memory,GEN_SQL_AGGREGATE,35998594,23360627,0.648932,35.106835,false,3
2272,11043,MATH_DEGREES_3_14159265358979,SQLITE_PARITY_11043_MATH_DEGREES_3_14159265358979.rs,P1,memory,SQL_MATH,54643108,35419707,0.648201,35.179919,false,3
2273,10138,MODE_TCL_WITH_BLOB,SQLITE_PARITY_10138_MODE_TCL_WITH_BLOB.rs,P0,memory,CLI_OUTPUT_MODE,48922182,31682268,0.647605,35.239463,false,3
2274,10616,BLOB_ORDER_BYTEWISE,SQLITE_PARITY_10616_BLOB_ORDER_BYTEWISE.rs,P0,memory,SQL_BLOB,49009278,31734177,0.647514,35.248634,false,3
2275,12009,PRAGMA_AUTO_VACUUM,SQLITE_PARITY_12009_PRAGMA_AUTO_VACUUM.rs,P1,memory,SQL_PRAGMA,33558252,21713126,0.647028,35.297208,false,3
2276,00798,WINDOW_PARTITION_SUM_011,SQLITE_PARITY_798_WINDOW_PARTITION_SUM_011.rs,P2,memory,GEN_SQL_WINDOW,37824032,24456623,0.646590,35.341047,false,3
2277,11434,STRING_CHAR_65_66_67,SQLITE_PARITY_11434_STRING_CHAR_65_66_67.rs,P0,memory,SQL_STRING,49067908,31712145,0.646291,35.370905,false,3
2278,00570,AGG_GROUP_HAVING_063,SQLITE_PARITY_570_AGG_GROUP_HAVING_063.rs,P1,memory,GEN_SQL_AGGREGATE,39860869,25699236,0.644723,35.527657,false,3
2279,10586,MISUSE_OF_AGGREGATE,SQLITE_PARITY_10586_MISUSE_OF_AGGREGATE.rs,P0,memory,SQL_ERROR_MESSAGES,43258605,27849760,0.643797,35.620300,false,3
2280,11633,DATETIME_JULIANDAY_DATE_2024_PLUS_30_MINUTES,SQLITE_PARITY_11633_DATETIME_JULIANDAY_DATE_2024_PLUS_30_MINUTES.rs,P0,memory,SQL_DATETIME,44658257,28749855,0.643775,35.622532,false,3
2281,10302,SAVEPOINT_DEPTH_1_RELEASE,SQLITE_PARITY_10302_SAVEPOINT_DEPTH_1_RELEASE.rs,P0,memory,SQL_TRANSACTION,39121009,25152181,0.642933,35.706717,false,3
2282,00942,CONSTRAINT_FK_SAVEPOINT_075,SQLITE_PARITY_942_CONSTRAINT_FK_SAVEPOINT_075.rs,P2,memory,GEN_SQL_CONSTRAINT_TX,43875143,28184483,0.642379,35.762071,false,3
2283,00458,DML_WHERE_ORDER_LIMIT_071,SQLITE_PARITY_458_DML_WHERE_ORDER_LIMIT_071.rs,P1,memory,GEN_SQL_DML,47290883,30304569,0.640812,35.918792,false,3
2284,10545,PERCENTILE_CONT_REQUIRES_CAPABILITY,SQLITE_PARITY_10545_PERCENTILE_CONT_REQUIRES_CAPABILITY.rs,P0,memory,SQL_AGGREGATE_ADV,49318844,31581448,0.640353,35.964744,false,3
2285,11719,DATETIME_STRFTIME_ISO_UNIX_UTC,SQLITE_PARITY_11719_DATETIME_STRFTIME_ISO_UNIX_UTC.rs,P0,memory,SQL_DATETIME,44164701,28279554,0.640320,35.967971,false,3
2286,10439,REC_NUMERIC_SERIES_ARITHMETIC,SQLITE_PARITY_10439_REC_NUMERIC_SERIES_ARITHMETIC.rs,P0,memory,SQL_RECURSIVE_CTE,41090709,26297680,0.639991,36.000910,false,3
2287,11945,WIN_MAX_GROUPS_1_PREC_CURRENT,SQLITE_PARITY_11945_WIN_MAX_GROUPS_1_PREC_CURRENT.rs,P0,memory,SQL_WINDOW,41619862,26633126,0.639914,36.008615,false,3
2288,10336,ON_CONFLICT_RETURNING_UPDATED,SQLITE_PARITY_10336_ON_CONFLICT_RETURNING_UPDATED.rs,P0,memory,SQL_UPSERT,37818100,24041907,0.635725,36.427512,false,3
2289,11968,WIN_LAST_VALUE_EXCL_TIES,SQLITE_PARITY_11968_WIN_LAST_VALUE_EXCL_TIES.rs,P0,memory,SQL_WINDOW,42326399,26894540,0.635408,36.459182,false,3
2290,00522,AGG_GROUP_HAVING_015,SQLITE_PARITY_522_AGG_GROUP_HAVING_015.rs,P1,memory,GEN_SQL_AGGREGATE,70607106,44826074,0.634866,36.513367,false,3
2291,00564,AGG_GROUP_HAVING_057,SQLITE_PARITY_564_AGG_GROUP_HAVING_057.rs,P1,memory,GEN_SQL_AGGREGATE,38602917,24464758,0.633754,36.624587,false,3
2292,10005,NULL_CONCAT_TEXT_IS_NULL,SQLITE_PARITY_10005_NULL_CONCAT_TEXT_IS_NULL.rs,P0,memory,SQL_NULL_SEMANTICS,32205140,20366967,0.632414,36.758645,false,3
2293,00843,WINDOW_PARTITION_SUM_056,SQLITE_PARITY_843_WINDOW_PARTITION_SUM_056.rs,P2,memory,GEN_SQL_WINDOW,33151472,20883986,0.629957,37.004348,false,3
2294,10438,REC_PIVOT_STYLE_STRING_AGG,SQLITE_PARITY_10438_REC_PIVOT_STYLE_STRING_AGG.rs,P0,memory,SQL_RECURSIVE_CTE,42573187,26808247,0.629698,37.030209,false,3
2295,10082,STRICT_INT_ACCEPTS_NUMERIC_TEXT,SQLITE_PARITY_10082_STRICT_INT_ACCEPTS_NUMERIC_TEXT.rs,P0,memory,SQL_STRICT_TABLES,42109338,26394292,0.626804,37.319623,false,3
2296,10406,PRAGMA_WRITABLE_SCHEMA_DEFAULT_OFF,SQLITE_PARITY_10406_PRAGMA_WRITABLE_SCHEMA_DEFAULT_OFF.rs,P0,memory,SQL_SCHEMA_INTROSPECTION,45271158,28359726,0.626441,37.355864,false,3
2297,00464,DML_WHERE_ORDER_LIMIT_077,SQLITE_PARITY_464_DML_WHERE_ORDER_LIMIT_077.rs,P1,memory,GEN_SQL_DML,42474991,26575426,0.625672,37.432768,false,3
2298,11206,CAST_INT_5_AS_REAL,SQLITE_PARITY_11206_CAST_INT_5_AS_REAL.rs,P0,memory,SQL_CAST,44260463,27645202,0.624603,37.539736,false,3
2299,11675,DATETIME_DATE_UNIX_PLUS_1_YEAR,SQLITE_PARITY_11675_DATETIME_DATE_UNIX_PLUS_1_YEAR.rs,P0,memory,SQL_DATETIME,55715359,34783002,0.624298,37.570173,false,3
2300,11913,WIN_AVG_ROWS_2_PREC_CURRENT,SQLITE_PARITY_11913_WIN_AVG_ROWS_2_PREC_CURRENT.rs,P0,memory,SQL_WINDOW,53277281,33206506,0.623277,37.672296,false,3
2301,11738,DATETIME_JULIANDAY_UNIX_BASE,SQLITE_PARITY_11738_DATETIME_JULIANDAY_UNIX_BASE.rs,P0,memory,SQL_DATETIME,46187172,28770073,0.622902,37.709819,false,3
2302,00590,AGG_GROUP_HAVING_083,SQLITE_PARITY_590_AGG_GROUP_HAVING_083.rs,P1,memory,GEN_SQL_AGGREGATE,35553291,22145986,0.622896,37.710447,false,3
2303,01046,JSON_EXTRACT_SET_039,SQLITE_PARITY_1046_JSON_EXTRACT_SET_039.rs,P2,memory,GEN_SQL_JSON,40838802,25327803,0.620190,37.981033,false,3
2304,11574,DATETIME_STRFTIME_ISO_Y2K_PLUS_3_HOURS,SQLITE_PARITY_11574_DATETIME_STRFTIME_ISO_Y2K_PLUS_3_HOURS.rs,P0,memory,SQL_DATETIME,43425742,26852501,0.618354,38.164555,false,3
2305,11063,MATH_LOG2_0_5,SQLITE_PARITY_11063_MATH_LOG2_0_5.rs,P1,memory,SQL_MATH,53446171,32900477,0.615582,38.441845,false,3
2306,00930,CONSTRAINT_FK_SAVEPOINT_063,SQLITE_PARITY_930_CONSTRAINT_FK_SAVEPOINT_063.rs,P2,memory,GEN_SQL_CONSTRAINT_TX,46601237,28684210,0.615525,38.447535,false,3
2307,10129,MODE_LINE_BASIC,SQLITE_PARITY_10129_MODE_LINE_BASIC.rs,P0,memory,CLI_OUTPUT_MODE,33087600,20342441,0.614806,38.519442,false,3
2308,10215,OPT_MODE_JSON,SQLITE_PARITY_10215_OPT_MODE_JSON.rs,P0,memory,CLI_OPTION,37126420,22814803,0.614517,38.548336,false,3
2309,11532,DATETIME_DATETIME_EPOCH_START_OF_DAY,SQLITE_PARITY_11532_DATETIME_DATETIME_EPOCH_START_OF_DAY.rs,P0,memory,SQL_DATETIME,33037566,20246058,0.612819,38.718070,false,3
2310,00607,AGG_GROUP_HAVING_100,SQLITE_PARITY_607_AGG_GROUP_HAVING_100.rs,P1,memory,GEN_SQL_AGGREGATE,53469094,32757335,0.612641,38.735945,false,3
2311,11531,DATETIME_TIME_EPOCH_START_OF_DAY,SQLITE_PARITY_11531_DATETIME_TIME_EPOCH_START_OF_DAY.rs,P0,memory,SQL_DATETIME,36930058,22614624,0.612364,38.763638,false,3
2312,11972,WIN_DENSE_RANK_PARTITION,SQLITE_PARITY_11972_WIN_DENSE_RANK_PARTITION.rs,P0,memory,SQL_WINDOW,20597714,12604153,0.611920,38.808001,false,3
2313,01020,JSON_EXTRACT_SET_013,SQLITE_PARITY_1020_JSON_EXTRACT_SET_013.rs,P2,memory,GEN_SQL_JSON,48364286,29575979,0.611525,38.847481,false,3
2314,11963,WIN_LAST_VALUE_ROWS_2_PREC_CURRENT,SQLITE_PARITY_11963_WIN_LAST_VALUE_ROWS_2_PREC_CURRENT.rs,P0,memory,SQL_WINDOW,31695424,19304394,0.609059,39.094066,false,3
2315,12004,PRAGMA_CACHE_SIZE,SQLITE_PARITY_12004_PRAGMA_CACHE_SIZE.rs,P1,memory,SQL_PRAGMA,27989104,17041898,0.608876,39.112385,false,3
2316,00144,DOT_PROMPT,SQLITE_PARITY_144_DOT_PROMPT.rs,P0,memory,CLI_DOT_COMMAND,57832290,35139647,0.607613,39.238707,false,3
2317,11558,DATETIME_JULIANDAY_Y2K_PLUS_5_DAYS,SQLITE_PARITY_11558_DATETIME_JULIANDAY_Y2K_PLUS_5_DAYS.rs,P0,memory,SQL_DATETIME,50817973,30796842,0.606023,39.397736,false,3
2318,11631,DATETIME_TIME_DATE_2024_PLUS_30_MINUTES,SQLITE_PARITY_11631_DATETIME_TIME_DATE_2024_PLUS_30_MINUTES.rs,P0,memory,SQL_DATETIME,52129147,31557943,0.605380,39.462000,false,3
2319,10094,STRICT_BLOB_REJECTS_INTEGER,SQLITE_PARITY_10094_STRICT_BLOB_REJECTS_INTEGER.rs,P0,memory,SQL_STRICT_TABLES,50654122,30655585,0.605194,39.480572,false,3
2320,10618,BLOB_AFFINITY_INTEGER_COLUMN,SQLITE_PARITY_10618_BLOB_AFFINITY_INTEGER_COLUMN.rs,P0,memory,SQL_BLOB,35459904,21450399,0.604920,39.508017,false,3
2321,10469,JOIN_VIEW_AS_RIGHT_SIDE,SQLITE_PARITY_10469_JOIN_VIEW_AS_RIGHT_SIDE.rs,P0,memory,SQL_JOIN,37800617,22864919,0.604882,39.511784,false,3
2322,01043,JSON_EXTRACT_SET_036,SQLITE_PARITY_1043_JSON_EXTRACT_SET_036.rs,P2,memory,GEN_SQL_JSON,50630969,30499679,0.602392,39.760823,false,3
2323,11219,CAST_REAL_3_14_AS_NUMERIC,SQLITE_PARITY_11219_CAST_REAL_3_14_AS_NUMERIC.rs,P0,memory,SQL_CAST,37129105,22365031,0.602358,39.764153,false,3
2324,00390,DML_WHERE_ORDER_LIMIT_003,SQLITE_PARITY_390_DML_WHERE_ORDER_LIMIT_003.rs,P1,memory,GEN_SQL_DML,55214431,33104352,0.599560,40.044022,false,3
2325,00840,WINDOW_PARTITION_SUM_053,SQLITE_PARITY_840_WINDOW_PARTITION_SUM_053.rs,P2,memory,GEN_SQL_WINDOW,34291211,20552458,0.599351,40.064940,false,3
2326,11512,DATETIME_DATETIME_EPOCH_PLUS_1_YEAR,SQLITE_PARITY_11512_DATETIME_DATETIME_EPOCH_PLUS_1_YEAR.rs,P0,memory,SQL_DATETIME,42002957,25085594,0.597234,40.276600,false,3
2327,11318,AFFINITY_REAL_REAL_HALF,SQLITE_PARITY_11318_AFFINITY_REAL_REAL_HALF.rs,P0,memory,SQL_TYPE_AFFINITY,47679719,28295103,0.593441,40.655894,false,3
2328,11095,MATH_ATAN2_1_0_1_0,SQLITE_PARITY_11095_MATH_ATAN2_1_0_1_0.rs,P1,memory,SQL_MATH,36989982,21936079,0.593028,40.697243,false,3
2329,00793,WINDOW_PARTITION_SUM_006,SQLITE_PARITY_793_WINDOW_PARTITION_SUM_006.rs,P2,memory,GEN_SQL_WINDOW,47509276,28167201,0.592878,40.712207,false,3
2330,11516,DATETIME_TIME_EPOCH_PLUS_3_HOURS,SQLITE_PARITY_11516_DATETIME_TIME_EPOCH_PLUS_3_HOURS.rs,P0,memory,SQL_DATETIME,51902147,30741297,0.592293,40.770664,false,3
2331,01076,INDEX_SCHEMA_PRAGMA_009,SQLITE_PARITY_1076_INDEX_SCHEMA_PRAGMA_009.rs,P2,memory,GEN_SQL_INDEX_PRAGMA,38903857,23040250,0.592236,40.776438,false,3
2332,10499,DERIVED_TABLE_IN_FROM_WITH_ALIAS,SQLITE_PARITY_10499_DERIVED_TABLE_IN_FROM_WITH_ALIAS.rs,P0,memory,SQL_SUBQUERY,58053668,34291621,0.590688,40.931173,false,3
2333,10427,REC_COUNTER_UNION_DEDUPES,SQLITE_PARITY_10427_REC_COUNTER_UNION_DEDUPES.rs,P0,memory,SQL_RECURSIVE_CTE,47803985,28233717,0.590614,40.938570,false,3
2334,10488,COMPOUND_EXCEPT_ALL_REMOVED,SQLITE_PARITY_10488_COMPOUND_EXCEPT_ALL_REMOVED.rs,P0,memory,SQL_COMPOUND,40318356,23773088,0.589634,41.036564,false,3
2335,10011,NOT_NULL_IS_NULL,SQLITE_PARITY_10011_NOT_NULL_IS_NULL.rs,P0,memory,SQL_NULL_SEMANTICS,44429563,26157304,0.588736,41.126353,false,3
2336,11907,WIN_SUM_EXCL_GROUP,SQLITE_PARITY_11907_WIN_SUM_EXCL_GROUP.rs,P0,memory,SQL_WINDOW,61156816,36004596,0.588726,41.127419,false,3
2337,11402,STRING_LENGTH_A_B,SQLITE_PARITY_11402_STRING_LENGTH_A_B.rs,P0,memory,SQL_STRING,44935622,26426033,0.588087,41.191349,false,3
2338,10333,INSERT_OR_REPLACE_REPLACES_ROW,SQLITE_PARITY_10333_INSERT_OR_REPLACE_REPLACES_ROW.rs,P0,memory,SQL_UPSERT,32624183,19146164,0.586870,41.312970,false,3
2339,11530,DATETIME_DATE_EPOCH_START_OF_DAY,SQLITE_PARITY_11530_DATETIME_DATE_EPOCH_START_OF_DAY.rs,P0,memory,SQL_DATETIME,56654979,33102770,0.584287,41.571296,false,3
2340,00520,AGG_GROUP_HAVING_013,SQLITE_PARITY_520_AGG_GROUP_HAVING_013.rs,P1,memory,GEN_SQL_AGGREGATE,56960338,33221705,0.583243,41.675724,false,3
2341,00204,OPT_ZIP_TEMPFILE_CATALOG,SQLITE_PARITY_204_OPT_ZIP_TEMPFILE_CATALOG.rs,P4,catalog,CLI_OPTION_CATALOG,33872668,19750399,0.583078,41.692225,false,3
2342,00915,CONSTRAINT_FK_SAVEPOINT_048,SQLITE_PARITY_915_CONSTRAINT_FK_SAVEPOINT_048.rs,P2,memory,GEN_SQL_CONSTRAINT_TX,44139473,25728793,0.582898,41.710240,false,3
2343,11212,CAST_INT_NEG_3_AS_TEXT,SQLITE_PARITY_11212_CAST_INT_NEG_3_AS_TEXT.rs,P0,memory,SQL_CAST,78845159,45937559,0.582630,41.736995,false,3
2344,12034,PRAGMA_SET_SYNCHRONOUS_FULL,SQLITE_PARITY_12034_PRAGMA_SET_SYNCHRONOUS_FULL.rs,P1,memory,SQL_PRAGMA,22462406,13084252,0.582496,41.750443,false,3
2345,10115,MODE_LIST_NULLVALUE_CUSTOM,SQLITE_PARITY_10115_MODE_LIST_NULLVALUE_CUSTOM.rs,P0,memory,CLI_OUTPUT_MODE,45707684,26612606,0.582235,41.776516,false,3
2346,11041,MATH_DEGREES_3_14159265358979,SQLITE_PARITY_11041_MATH_DEGREES_3_14159265358979.rs,P1,memory,SQL_MATH,56710294,32999253,0.581892,41.810824,false,3
2347,00690,JOIN_SUBQUERY_EXISTS_083,SQLITE_PARITY_690_JOIN_SUBQUERY_EXISTS_083.rs,P1,memory,GEN_SQL_JOIN_SUBQUERY,34508452,20062420,0.581377,41.862301,false,3
2348,00861,WINDOW_PARTITION_SUM_074,SQLITE_PARITY_861_WINDOW_PARTITION_SUM_074.rs,P2,memory,GEN_SQL_WINDOW,48379825,28072993,0.580262,41.973761,false,3
2349,10027,ORDER_BY_DESC_NULL_LAST_DEFAULT,SQLITE_PARITY_10027_ORDER_BY_DESC_NULL_LAST_DEFAULT.rs,P0,memory,SQL_NULL_ORDER,41073396,23814546,0.579805,42.019535,false,3
2350,11956,WIN_FIRST_VALUE_EXCL_CURRENT_ROW,SQLITE_PARITY_11956_WIN_FIRST_VALUE_EXCL_CURRENT_ROW.rs,P0,memory,SQL_WINDOW,36410404,21045402,0.578005,42.199482,false,3
2351,10105,STRICT_WITHOUT_ROWID_COMBO,SQLITE_PARITY_10105_STRICT_WITHOUT_ROWID_COMBO.rs,P0,memory,SQL_STRICT_TABLES,39031278,22552235,0.577799,42.220096,false,3
2352,11902,WIN_SUM_ROWS_1_PREC_1_FOLL,SQLITE_PARITY_11902_WIN_SUM_ROWS_1_PREC_1_FOLL.rs,P0,memory,SQL_WINDOW,39154642,22564219,0.576285,42.371535,false,3
2353,11570,DATETIME_DATE_Y2K_PLUS_3_HOURS,SQLITE_PARITY_11570_DATETIME_DATE_Y2K_PLUS_3_HOURS.rs,P0,memory,SQL_DATETIME,42690730,24585817,0.575905,42.409472,false,3
2354,00269,SCALAR_CAST_TYPEOF_011,SQLITE_PARITY_269_SCALAR_CAST_TYPEOF_011.rs,P1,memory,GEN_SQL_SCALAR,96875781,55499420,0.572893,42.710738,false,3
2355,11233,CAST_TEXT_NUM_AS_BLOB,SQLITE_PARITY_11233_CAST_TEXT_NUM_AS_BLOB.rs,P0,memory,SQL_CAST,47510027,27188117,0.572261,42.773939,false,3
2356,11572,DATETIME_DATETIME_Y2K_PLUS_3_HOURS,SQLITE_PARITY_11572_DATETIME_DATETIME_Y2K_PLUS_3_HOURS.rs,P0,memory,SQL_DATETIME,56007192,31903227,0.569627,43.037267,false,3
2357,10231,OPT_NONCE_WITH_SAFE,SQLITE_PARITY_10231_OPT_NONCE_WITH_SAFE.rs,P0,memory,CLI_OPTION,49595638,28144428,0.567478,43.252211,false,3
2358,11549,DATETIME_STRFTIME_ISO_EPOCH_WEEKDAY_0,SQLITE_PARITY_11549_DATETIME_STRFTIME_ISO_EPOCH_WEEKDAY_0.rs,P0,memory,SQL_DATETIME,36154139,20513264,0.567384,43.261644,false,3
2359,10154,CLI_FLAG_LINE,SQLITE_PARITY_10154_CLI_FLAG_LINE.rs,P0,memory,CLI_OUTPUT_MODE,50517895,28566056,0.565464,43.453590,false,3
2360,10479,COMPOUND_LIMIT_OFFSET,SQLITE_PARITY_10479_COMPOUND_LIMIT_OFFSET.rs,P0,memory,SQL_COMPOUND,32017243,18048936,0.563725,43.627451,false,3
2361,10628,CAST_TEXT_TO_BLOB,SQLITE_PARITY_10628_CAST_TEXT_TO_BLOB.rs,P0,memory,SQL_BLOB,52954139,29817447,0.563081,43.691943,false,3
2362,10226,OPT_NOFOLLOW,SQLITE_PARITY_10226_OPT_NOFOLLOW.rs,P0,memory,CLI_OPTION,42778736,24071803,0.562705,43.729513,false,3
2363,10421,ALTER_ADD_COLUMN_ON_STRICT_TABLE,SQLITE_PARITY_10421_ALTER_ADD_COLUMN_ON_STRICT_TABLE.rs,P0,memory,SQL_ALTER,48881205,27488425,0.562352,43.764838,false,3
2364,00529,AGG_GROUP_HAVING_022,SQLITE_PARITY_529_AGG_GROUP_HAVING_022.rs,P1,memory,GEN_SQL_AGGREGATE,55109843,30964289,0.561865,43.813505,false,3
2365,01039,JSON_EXTRACT_SET_032,SQLITE_PARITY_1039_JSON_EXTRACT_SET_032.rs,P2,memory,GEN_SQL_JSON,43771216,24586709,0.561710,43.829047,false,3
2366,10588,LIKE_UNDERSCORE_WILDCARD,SQLITE_PARITY_10588_LIKE_UNDERSCORE_WILDCARD.rs,P0,memory,SQL_PATTERN,45448072,25424827,0.559426,44.057413,false,3
2367,11831,JSON_JSON_ARRAY_LENGTH_D_0,SQLITE_PARITY_11831_JSON_JSON_ARRAY_LENGTH_D_0.rs,P0,memory,SQL_JSON,42676943,23871414,0.559352,44.064846,false,3
2368,10566,ROLLBACK_NO_TRANSACTION,SQLITE_PARITY_10566_ROLLBACK_NO_TRANSACTION.rs,P0,memory,SQL_ERROR_MESSAGES,44374198,24796145,0.558796,44.120353,false,3
2369,11222,CAST_REAL_0_AS_TEXT,SQLITE_PARITY_11222_CAST_REAL_0_AS_TEXT.rs,P0,memory,SQL_CAST,56456503,31533587,0.558547,44.145341,false,3
2370,10008,IS_NOT_DISTINCT_FROM_BASIC,SQLITE_PARITY_10008_IS_NOT_DISTINCT_FROM_BASIC.rs,P0,memory,SQL_NULL_SEMANTICS,49475611,27619363,0.558242,44.175802,false,3
2371,01074,INDEX_SCHEMA_PRAGMA_007,SQLITE_PARITY_1074_INDEX_SCHEMA_PRAGMA_007.rs,P2,memory,GEN_SQL_INDEX_PRAGMA,49625364,27636766,0.556908,44.309192,false,3
2372,00949,VIEW_TRIGGER_GENERATED_002,SQLITE_PARITY_949_VIEW_TRIGGER_GENERATED_002.rs,P2,memory,GEN_SQL_VIEW_TRIGGER,52464873,29139302,0.555406,44.459406,false,3
2373,11505,DATETIME_DATE_EPOCH_MINUS_1_MONTH,SQLITE_PARITY_11505_DATETIME_DATE_EPOCH_MINUS_1_MONTH.rs,P0,memory,SQL_DATETIME,48329810,26827904,0.555101,44.489945,false,3
2374,10475,COMPOUND_EXCEPT,SQLITE_PARITY_10475_COMPOUND_EXCEPT.rs,P0,memory,SQL_COMPOUND,43977296,24319483,0.553001,44.699913,false,3
2375,12035,PRAGMA_SET_SYNCHRONOUS_OFF,SQLITE_PARITY_12035_PRAGMA_SET_SYNCHRONOUS_OFF.rs,P1,memory,SQL_PRAGMA,17589225,9711424,0.552123,44.787653,false,3
2376,10491,EXISTS_SUBQUERY_RETURNS_0_OR_1,SQLITE_PARITY_10491_EXISTS_SUBQUERY_RETURNS_0_OR_1.rs,P0,memory,SQL_SUBQUERY,52980699,29077826,0.548838,45.116190,false,3
2377,11591,DATETIME_TIME_Y2K_START_OF_MONTH,SQLITE_PARITY_11591_DATETIME_TIME_Y2K_START_OF_MONTH.rs,P0,memory,SQL_DATETIME,51973562,28348675,0.545444,45.455586,false,3
2378,00210,OPT_NOUNICODE_UTF8_CATALOG,SQLITE_PARITY_210_OPT_NOUNICODE_UTF8_CATALOG.rs,P4,catalog,CLI_OPTION_CATALOG,68533818,37310319,0.544407,45.559258,false,3
2379,10310,ROLLBACK_TO_UNKNOWN_SAVEPOINT_REJECTED,SQLITE_PARITY_10310_ROLLBACK_TO_UNKNOWN_SAVEPOINT_REJECTED.rs,P0,memory,SQL_TRANSACTION,38752260,20976671,0.541302,45.869812,false,3
2380,11597,DATETIME_DATETIME_Y2K_START_OF_YEAR,SQLITE_PARITY_11597_DATETIME_DATETIME_Y2K_START_OF_YEAR.rs,P0,memory,SQL_DATETIME,44070963,23828442,0.540683,45.931651,false,3
2381,10594,GLOB_STAR_WILDCARD,SQLITE_PARITY_10594_GLOB_STAR_WILDCARD.rs,P0,memory,SQL_PATTERN,50873498,27501109,0.540578,45.942170,false,3
2382,10108,MODE_LIST_DEFAULT_PIPE,SQLITE_PARITY_10108_MODE_LIST_DEFAULT_PIPE.rs,P0,memory,CLI_OUTPUT_MODE,67386926,36370619,0.539728,46.027188,false,3
2383,11681,DATETIME_TIME_UNIX_PLUS_3_HOURS,SQLITE_PARITY_11681_DATETIME_TIME_UNIX_PLUS_3_HOURS.rs,P0,memory,SQL_DATETIME,50521562,27221088,0.538801,46.119861,false,3
2384,00271,SCALAR_NULL_COALESCE_011,SQLITE_PARITY_271_SCALAR_NULL_COALESCE_011.rs,P1,memory,GEN_SQL_SCALAR,102531392,54905726,0.535502,46.449839,false,3
2385,01040,JSON_EXTRACT_SET_033,SQLITE_PARITY_1040_JSON_EXTRACT_SET_033.rs,P2,memory,GEN_SQL_JSON,54204628,28977476,0.534594,46.540587,false,3
2386,10327,MULTI_COLUMN_CONFLICT_TARGET,SQLITE_PARITY_10327_MULTI_COLUMN_CONFLICT_TARGET.rs,P0,memory,SQL_UPSERT,26664044,14246514,0.534297,46.570318,false,3
2387,11547,DATETIME_DATETIME_EPOCH_WEEKDAY_0,SQLITE_PARITY_11547_DATETIME_DATETIME_EPOCH_WEEKDAY_0.rs,P0,memory,SQL_DATETIME,54484919,28820749,0.528967,47.103254,false,3
2388,10521,GROUP_BY_HAVING_AGGREGATE,SQLITE_PARITY_10521_GROUP_BY_HAVING_AGGREGATE.rs,P0,memory,SQL_AGGREGATE_ADV,42828721,22567424,0.526923,47.307733,false,3
2389,10012,NULL_IN_LIST,SQLITE_PARITY_10012_NULL_IN_LIST.rs,P0,memory,SQL_NULL_SEMANTICS,48151363,25235047,0.524078,47.592248,false,3
2390,00977,VIEW_TRIGGER_GENERATED_030,SQLITE_PARITY_977_VIEW_TRIGGER_GENERATED_030.rs,P2,memory,GEN_SQL_VIEW_TRIGGER,38773270,20311211,0.523846,47.615429,false,3
2391,12015,PRAGMA_SECURE_DELETE,SQLITE_PARITY_12015_PRAGMA_SECURE_DELETE.rs,P1,memory,SQL_PRAGMA,34524141,18073954,0.523516,47.648360,false,3
2392,00544,AGG_GROUP_HAVING_037,SQLITE_PARITY_544_AGG_GROUP_HAVING_037.rs,P1,memory,GEN_SQL_AGGREGATE,43223879,22542007,0.521517,47.848255,false,3
2393,10466,JOIN_NATURAL_LEFT,SQLITE_PARITY_10466_JOIN_NATURAL_LEFT.rs,P0,memory,SQL_JOIN,52497755,27190151,0.517930,48.207021,false,3
2394,00421,DML_WHERE_ORDER_LIMIT_034,SQLITE_PARITY_421_DML_WHERE_ORDER_LIMIT_034.rs,P1,memory,GEN_SQL_DML,53169868,27247038,0.512453,48.754738,false,3
2395,10155,CLI_FLAG_MARKDOWN,SQLITE_PARITY_10155_CLI_FLAG_MARKDOWN.rs,P0,memory,CLI_OUTPUT_MODE,48797015,24908279,0.510447,48.955322,false,3
2396,11604,DATETIME_STRFTIME_ISO_Y2K_WEEKDAY_0,SQLITE_PARITY_11604_DATETIME_STRFTIME_ISO_Y2K_WEEKDAY_0.rs,P0,memory,SQL_DATETIME,53216586,27083268,0.508925,49.107468,false,3
2397,00467,DML_WHERE_ORDER_LIMIT_080,SQLITE_PARITY_467_DML_WHERE_ORDER_LIMIT_080.rs,P1,memory,GEN_SQL_DML,42439704,21562461,0.508073,49.192716,false,3
2398,10456,JOIN_LATERAL_LIKE_CORRELATED,SQLITE_PARITY_10456_JOIN_LATERAL_LIKE_CORRELATED.rs,P0,memory,SQL_JOIN,43160198,21777739,0.504579,49.542078,false,3
2399,00418,DML_WHERE_ORDER_LIMIT_031,SQLITE_PARITY_418_DML_WHERE_ORDER_LIMIT_031.rs,P1,memory,GEN_SQL_DML,52567487,26476810,0.503673,49.632726,false,3
2400,01093,INDEX_SCHEMA_PRAGMA_026,SQLITE_PARITY_1093_INDEX_SCHEMA_PRAGMA_026.rs,P2,memory,GEN_SQL_INDEX_PRAGMA,39277063,19716344,0.501981,49.801888,false,3
2401,10220,OPT_MODE_TABLE,SQLITE_PARITY_10220_OPT_MODE_TABLE.rs,P0,memory,CLI_OPTION,50856647,25482236,0.501060,49.893991,false,3
2402,01026,JSON_EXTRACT_SET_019,SQLITE_PARITY_1026_JSON_EXTRACT_SET_019.rs,P2,memory,GEN_SQL_JSON,55612144,27810365,0.500077,49.992280,false,3
2403,11566,DATETIME_TIME_Y2K_PLUS_1_YEAR,SQLITE_PARITY_11566_DATETIME_TIME_Y2K_PLUS_1_YEAR.rs,P0,memory,SQL_DATETIME,49645593,24807958,0.499701,50.029889,false,3
2404,00298,SCALAR_STRING_018,SQLITE_PARITY_298_SCALAR_STRING_018.rs,P1,memory,GEN_SQL_SCALAR,58144230,28510681,0.490344,50.965589,false,3
2405,10311,TXN_SEES_OWN_WRITES,SQLITE_PARITY_10311_TXN_SEES_OWN_WRITES.rs,P0,memory,SQL_TRANSACTION,46745971,22843216,0.488667,51.133294,false,3
2406,11237,CAST_TEXT_BARE_AS_TEXT,SQLITE_PARITY_11237_CAST_TEXT_BARE_AS_TEXT.rs,P0,memory,SQL_CAST,29753305,14420945,0.484684,51.531620,false,3
2407,11322,AFFINITY_REAL_BLOB_HEX,SQLITE_PARITY_11322_AFFINITY_REAL_BLOB_HEX.rs,P0,memory,SQL_TYPE_AFFINITY,44483305,21372912,0.480470,51.952959,false,3
2408,10609,BLOB_LITERAL_TYPEOF,SQLITE_PARITY_10609_BLOB_LITERAL_TYPEOF.rs,P0,memory,SQL_BLOB,54187775,25640625,0.473181,52.681901,false,3
2409,10148,MODE_MARKDOWN_HEADERS_OFF_IGNORED,SQLITE_PARITY_10148_MODE_MARKDOWN_HEADERS_OFF_IGNORED.rs,P0,memory,CLI_OUTPUT_MODE,62637701,29502620,0.471004,52.899580,false,3
2410,00666,JOIN_SUBQUERY_EXISTS_059,SQLITE_PARITY_666_JOIN_SUBQUERY_EXISTS_059.rs,P1,memory,GEN_SQL_JOIN_SUBQUERY,31008232,14413050,0.464814,53.518633,false,3
2411,00470,DML_WHERE_ORDER_LIMIT_083,SQLITE_PARITY_470_DML_WHERE_ORDER_LIMIT_083.rs,P1,memory,GEN_SQL_DML,63606335,29486350,0.463576,53.642432,false,3
2412,00842,WINDOW_PARTITION_SUM_055,SQLITE_PARITY_842_WINDOW_PARTITION_SUM_055.rs,P2,memory,GEN_SQL_WINDOW,47435707,21902635,0.461733,53.826692,false,3
2413,10392,SQLITE_MASTER_AFTER_CREATE_VIEW,SQLITE_PARITY_10392_SQLITE_MASTER_AFTER_CREATE_VIEW.rs,P0,memory,SQL_SCHEMA_INTROSPECTION,41400055,19057125,0.460316,53.968358,false,3
2414,10561,NO_SUCH_TRIGGER,SQLITE_PARITY_10561_NO_SUCH_TRIGGER.rs,P0,memory,SQL_ERROR_MESSAGES,55261149,25332131,0.458408,54.159239,false,3
2415,00751,CTE_RECURSIVE_MATRIX_044,SQLITE_PARITY_751_CTE_RECURSIVE_MATRIX_044.rs,P1,memory,GEN_SQL_CTE,38222095,17513683,0.458208,54.179165,false,3
2416,00448,DML_WHERE_ORDER_LIMIT_061,SQLITE_PARITY_448_DML_WHERE_ORDER_LIMIT_061.rs,P1,memory,GEN_SQL_DML,31854415,14545601,0.456627,54.337253,false,3
2417,00655,JOIN_SUBQUERY_EXISTS_048,SQLITE_PARITY_655_JOIN_SUBQUERY_EXISTS_048.rs,P1,memory,GEN_SQL_JOIN_SUBQUERY,44784846,20437060,0.456339,54.366126,false,3
2418,00873,CONSTRAINT_FK_SAVEPOINT_006,SQLITE_PARITY_873_CONSTRAINT_FK_SAVEPOINT_006.rs,P2,memory,GEN_SQL_CONSTRAINT_TX,46085479,20904325,0.453599,54.640105,false,3
2419,10430,REC_MULTI_TWO_RECURSIVE_CTES,SQLITE_PARITY_10430_REC_MULTI_TWO_RECURSIVE_CTES.rs,P0,memory,SQL_RECURSIVE_CTE,52979287,23676094,0.446893,55.310659,false,3
2420,12036,PRAGMA_SET_REVERSE_UNORDERED_SELECTS_ON,SQLITE_PARITY_12036_PRAGMA_SET_REVERSE_UNORDERED_SELECTS_ON.rs,P1,memory,SQL_PRAGMA,18634094,8163122,0.438075,56.192547,false,3
2421,11037,MATH_COSH_1_0,SQLITE_PARITY_11037_MATH_COSH_1_0.rs,P1,memory,SQL_MATH,53005637,22475000,0.424012,57.598849,false,3
2422,10568,QUERY_ONLY_READONLY,SQLITE_PARITY_10568_QUERY_ONLY_READONLY.rs,P0,memory,SQL_ERROR_MESSAGES,38610732,16316645,0.422594,57.740648,false,3
2423,00507,DML_WHERE_ORDER_LIMIT_120,SQLITE_PARITY_507_DML_WHERE_ORDER_LIMIT_120.rs,P1,memory,GEN_SQL_DML,57981371,24120096,0.415997,58.400266,false,3
2424,10200,OPT_ECHO_INPUT,SQLITE_PARITY_10200_OPT_ECHO_INPUT.rs,P0,memory,CLI_OPTION,45141081,18534265,0.410585,58.941468,false,3
2425,11862,JSON_DARROW_E,SQLITE_PARITY_11862_JSON_DARROW_E.rs,P0,memory,SQL_JSON,49307602,19820591,0.401978,59.802160,false,3
2426,00872,CONSTRAINT_FK_SAVEPOINT_005,SQLITE_PARITY_872_CONSTRAINT_FK_SAVEPOINT_005.rs,P2,memory,GEN_SQL_CONSTRAINT_TX,36121427,14107160,0.390548,60.945175,false,3
2427,11634,DATETIME_STRFTIME_ISO_DATE_2024_PLUS_30_MINUTES,SQLITE_PARITY_11634_DATETIME_STRFTIME_ISO_DATE_2024_PLUS_30_MINUTES.rs,P0,memory,SQL_DATETIME,33218639,12956290,0.390031,60.996927,false,3
2428,10109,MODE_LIST_SEP_SEMICOLON,SQLITE_PARITY_10109_MODE_LIST_SEP_SEMICOLON.rs,P0,memory,CLI_OUTPUT_MODE,51576590,19962361,0.387043,61.295694,false,3
2429,11059,MATH_LOG10_0_1,SQLITE_PARITY_11059_MATH_LOG10_0_1.rs,P1,memory,SQL_MATH,61356955,23310692,0.379919,62.008069,false,3
2430,11911,WIN_AVG_ROWS_CURRENT_UNBND_FOLL,SQLITE_PARITY_11911_WIN_AVG_ROWS_CURRENT_UNBND_FOLL.rs,P0,memory,SQL_WINDOW,57799106,21701284,0.375461,62.453945,false,3
2431,12022,PRAGMA_STATS,SQLITE_PARITY_12022_PRAGMA_STATS.rs,P1,memory,SQL_PRAGMA,32293706,12037049,0.372737,62.726331,false,3
2432,10534,MULTIPLE_AGGREGATES_SAME_SELECT,SQLITE_PARITY_10534_MULTIPLE_AGGREGATES_SAME_SELECT.rs,P0,memory,SQL_AGGREGATE_ADV,46631033,17158589,0.367965,63.203498,false,3
2433,10246,PRAGMA_JOURNAL_MODE_READ_MEMORY,SQLITE_PARITY_10246_PRAGMA_JOURNAL_MODE_READ_MEMORY.rs,P0,memory,SQL_PRAGMA,50230190,18345989,0.365238,63.476170,false,3
2434,10253,PRAGMA_QUERY_ONLY_BLOCKS_WRITES,SQLITE_PARITY_10253_PRAGMA_QUERY_ONLY_BLOCKS_WRITES.rs,P0,memory,SQL_PRAGMA,42925144,15278198,0.355927,64.407346,false,3
2435,10222,OPT_MMAP_ZERO,SQLITE_PARITY_10222_OPT_MMAP_ZERO.rs,P0,memory,CLI_OPTION,51650230,17980717,0.348125,65.187537,false,3
2436,11552,DATETIME_DATETIME_EPOCH_UTC,SQLITE_PARITY_11552_DATETIME_DATETIME_EPOCH_UTC.rs,P0,memory,SQL_DATETIME,49177045,16939855,0.344467,65.553329,false,3
2437,00441,DML_WHERE_ORDER_LIMIT_054,SQLITE_PARITY_441_DML_WHERE_ORDER_LIMIT_054.rs,P1,memory,GEN_SQL_DML,66150174,22425316,0.339006,66.099385,false,3
2438,11919,WIN_AVG_EXCL_NO_OTHERS,SQLITE_PARITY_11919_WIN_AVG_EXCL_NO_OTHERS.rs,P0,memory,SQL_WINDOW,33112568,11068986,0.334284,66.571647,false,3
2439,00513,AGG_GROUP_HAVING_006,SQLITE_PARITY_513_AGG_GROUP_HAVING_006.rs,P1,memory,GEN_SQL_AGGREGATE,41486329,13202576,0.318239,68.176080,false,3
2440,01073,INDEX_SCHEMA_PRAGMA_006,SQLITE_PARITY_1073_INDEX_SCHEMA_PRAGMA_006.rs,P2,memory,GEN_SQL_INDEX_PRAGMA,49972943,14763984,0.295440,70.456045,false,3
