rank,case_id,name,case_file,priority,profile,category,sqlite_median_ns,redline_median_ns,latency_ratio,gap_pct_raw,below_resolution,samples
1,11543,DATETIME_JULIANDAY_EPOCH_START_OF_YEAR,SQLITE_PARITY_11543_DATETIME_JULIANDAY_EPOCH_START_OF_YEAR.rs,P0,memory,SQL_DATETIME,1434035,63795196,44.486499,-4348.649859,true,3
2,11554,DATETIME_STRFTIME_ISO_EPOCH_UTC,SQLITE_PARITY_11554_DATETIME_STRFTIME_ISO_EPOCH_UTC.rs,P0,memory,SQL_DATETIME,1408377,52895330,37.557650,-3655.764969,true,3
3,11551,DATETIME_TIME_EPOCH_UTC,SQLITE_PARITY_11551_DATETIME_TIME_EPOCH_UTC.rs,P0,memory,SQL_DATETIME,1803385,63937696,35.454269,-3445.426850,true,3
4,11572,DATETIME_DATETIME_Y2K_PLUS_3_HOURS,SQLITE_PARITY_11572_DATETIME_DATETIME_Y2K_PLUS_3_HOURS.rs,P0,memory,SQL_DATETIME,1462208,40118402,27.436864,-2643.686398,true,3
5,11564,DATETIME_STRFTIME_ISO_Y2K_MINUS_1_MONTH,SQLITE_PARITY_11564_DATETIME_STRFTIME_ISO_Y2K_MINUS_1_MONTH.rs,P0,memory,SQL_DATETIME,1488278,37276190,25.046524,-2404.652357,true,3
6,11555,DATETIME_DATE_Y2K_PLUS_5_DAYS,SQLITE_PARITY_11555_DATETIME_DATE_Y2K_PLUS_5_DAYS.rs,P0,memory,SQL_DATETIME,1554503,37407680,24.064077,-2306.407707,true,3
7,11553,DATETIME_JULIANDAY_EPOCH_UTC,SQLITE_PARITY_11553_DATETIME_JULIANDAY_EPOCH_UTC.rs,P0,memory,SQL_DATETIME,1422603,33835617,23.784300,-2278.430033,true,3
8,11563,DATETIME_JULIANDAY_Y2K_MINUS_1_MONTH,SQLITE_PARITY_11563_DATETIME_JULIANDAY_Y2K_MINUS_1_MONTH.rs,P0,memory,SQL_DATETIME,1451267,33732872,23.243739,-2224.373944,true,3
9,11570,DATETIME_DATE_Y2K_PLUS_3_HOURS,SQLITE_PARITY_11570_DATETIME_DATE_Y2K_PLUS_3_HOURS.rs,P0,memory,SQL_DATETIME,1517102,35042662,23.098422,-2209.842186,true,3
10,11557,DATETIME_DATETIME_Y2K_PLUS_5_DAYS,SQLITE_PARITY_11557_DATETIME_DATETIME_Y2K_PLUS_5_DAYS.rs,P0,memory,SQL_DATETIME,1545586,35542368,22.996047,-2199.604681,true,3
11,11573,DATETIME_JULIANDAY_Y2K_PLUS_3_HOURS,SQLITE_PARITY_11573_DATETIME_JULIANDAY_Y2K_PLUS_3_HOURS.rs,P0,memory,SQL_DATETIME,2151774,49441973,22.977308,-2197.730756,true,3
12,11542,DATETIME_DATETIME_EPOCH_START_OF_YEAR,SQLITE_PARITY_11542_DATETIME_DATETIME_EPOCH_START_OF_YEAR.rs,P0,memory,SQL_DATETIME,1415009,32493877,22.963725,-2196.372461,true,3
13,11566,DATETIME_TIME_Y2K_PLUS_1_YEAR,SQLITE_PARITY_11566_DATETIME_TIME_Y2K_PLUS_1_YEAR.rs,P0,memory,SQL_DATETIME,1491052,34035605,22.826571,-2182.657144,true,3
14,11561,DATETIME_TIME_Y2K_MINUS_1_MONTH,SQLITE_PARITY_11561_DATETIME_TIME_Y2K_MINUS_1_MONTH.rs,P0,memory,SQL_DATETIME,1392326,31254711,22.447840,-2144.783980,true,3
15,11569,DATETIME_STRFTIME_ISO_Y2K_PLUS_1_YEAR,SQLITE_PARITY_11569_DATETIME_STRFTIME_ISO_Y2K_PLUS_1_YEAR.rs,P0,memory,SQL_DATETIME,2236624,49780193,22.256845,-2125.684469,true,3
16,11549,DATETIME_STRFTIME_ISO_EPOCH_WEEKDAY_0,SQLITE_PARITY_11549_DATETIME_STRFTIME_ISO_EPOCH_WEEKDAY_0.rs,P0,memory,SQL_DATETIME,1528704,33420672,21.862095,-2086.209495,true,3
17,11547,DATETIME_DATETIME_EPOCH_WEEKDAY_0,SQLITE_PARITY_11547_DATETIME_DATETIME_EPOCH_WEEKDAY_0.rs,P0,memory,SQL_DATETIME,1663370,35828610,21.539772,-2053.977167,true,3
18,11559,DATETIME_STRFTIME_ISO_Y2K_PLUS_5_DAYS,SQLITE_PARITY_11559_DATETIME_STRFTIME_ISO_Y2K_PLUS_5_DAYS.rs,P0,memory,SQL_DATETIME,1610739,34637856,21.504326,-2050.432565,true,3
19,11552,DATETIME_DATETIME_EPOCH_UTC,SQLITE_PARITY_11552_DATETIME_DATETIME_EPOCH_UTC.rs,P0,memory,SQL_DATETIME,2225023,47837856,21.499938,-2049.993775,true,3
20,11571,DATETIME_TIME_Y2K_PLUS_3_HOURS,SQLITE_PARITY_11571_DATETIME_TIME_Y2K_PLUS_3_HOURS.rs,P0,memory,SQL_DATETIME,1536259,32936515,21.439429,-2043.942851,true,3
21,11562,DATETIME_DATETIME_Y2K_MINUS_1_MONTH,SQLITE_PARITY_11562_DATETIME_DATETIME_Y2K_MINUS_1_MONTH.rs,P0,memory,SQL_DATETIME,1477748,31544619,21.346413,-2034.641292,true,3
22,11544,DATETIME_STRFTIME_ISO_EPOCH_START_OF_YEAR,SQLITE_PARITY_11544_DATETIME_STRFTIME_ISO_EPOCH_START_OF_YEAR.rs,P0,memory,SQL_DATETIME,1780420,35770611,20.091108,-1909.110828,true,3
23,11545,DATETIME_DATE_EPOCH_WEEKDAY_0,SQLITE_PARITY_11545_DATETIME_DATE_EPOCH_WEEKDAY_0.rs,P0,memory,SQL_DATETIME,1572787,31535793,20.050899,-1905.089882,true,3
24,11550,DATETIME_DATE_EPOCH_UTC,SQLITE_PARITY_11550_DATETIME_DATE_EPOCH_UTC.rs,P0,memory,SQL_DATETIME,1669961,31715383,18.991691,-1799.169082,true,3
25,00195,OPT_SAFE_MODE_BLOCKS_SHELL,SQLITE_PARITY_195_OPT_SAFE_MODE_BLOCKS_SHELL.rs,P2,memory,CLI_OPTION_NEGATIVE,1129729,20028417,17.728515,-1672.851454,true,3
26,11546,DATETIME_TIME_EPOCH_WEEKDAY_0,SQLITE_PARITY_11546_DATETIME_TIME_EPOCH_WEEKDAY_0.rs,P0,memory,SQL_DATETIME,1933089,33670064,17.417752,-1641.775159,true,3
27,11556,DATETIME_TIME_Y2K_PLUS_5_DAYS,SQLITE_PARITY_11556_DATETIME_TIME_Y2K_PLUS_5_DAYS.rs,P0,memory,SQL_DATETIME,2104705,34907576,16.585496,-1558.549583,true,3
28,11560,DATETIME_DATE_Y2K_MINUS_1_MONTH,SQLITE_PARITY_11560_DATETIME_DATE_Y2K_MINUS_1_MONTH.rs,P0,memory,SQL_DATETIME,2243727,36629857,16.325452,-1532.545180,true,3
29,11558,DATETIME_JULIANDAY_Y2K_PLUS_5_DAYS,SQLITE_PARITY_11558_DATETIME_JULIANDAY_Y2K_PLUS_5_DAYS.rs,P0,memory,SQL_DATETIME,2076611,33624257,16.191890,-1519.189006,true,3
30,11568,DATETIME_JULIANDAY_Y2K_PLUS_1_YEAR,SQLITE_PARITY_11568_DATETIME_JULIANDAY_Y2K_PLUS_1_YEAR.rs,P0,memory,SQL_DATETIME,2222287,34259740,15.416434,-1441.643361,true,3
31,11567,DATETIME_DATETIME_Y2K_PLUS_1_YEAR,SQLITE_PARITY_11567_DATETIME_DATETIME_Y2K_PLUS_1_YEAR.rs,P0,memory,SQL_DATETIME,2147887,32750543,15.247796,-1424.779609,true,3
32,11565,DATETIME_DATE_Y2K_PLUS_1_YEAR,SQLITE_PARITY_11565_DATETIME_DATE_Y2K_PLUS_1_YEAR.rs,P0,memory,SQL_DATETIME,2351863,35854890,15.245314,-1424.531403,true,3
33,10280,FK_DELETE_SET_DEFAULT_FALLS_BACK,SQLITE_PARITY_10280_FK_DELETE_SET_DEFAULT_FALLS_BACK.rs,P0,memory,SQL_FOREIGN_KEYS,1536318,23220230,15.114208,-1411.420813,true,3
34,11548,DATETIME_JULIANDAY_EPOCH_WEEKDAY_0,SQLITE_PARITY_11548_DATETIME_JULIANDAY_EPOCH_WEEKDAY_0.rs,P0,memory,SQL_DATETIME,1443613,21520832,14.907619,-1390.761859,true,3
35,11574,DATETIME_STRFTIME_ISO_Y2K_PLUS_3_HOURS,SQLITE_PARITY_11574_DATETIME_STRFTIME_ISO_Y2K_PLUS_3_HOURS.rs,P0,memory,SQL_DATETIME,1439796,21423238,14.879357,-1387.935652,true,3
36,11500,DATETIME_DATE_EPOCH_PLUS_5_DAYS,SQLITE_PARITY_11500_DATETIME_DATE_EPOCH_PLUS_5_DAYS.rs,P0,memory,SQL_DATETIME,1364884,19488575,14.278558,-1327.855774,true,3
37,11541,DATETIME_TIME_EPOCH_START_OF_YEAR,SQLITE_PARITY_11541_DATETIME_TIME_EPOCH_START_OF_YEAR.rs,P0,memory,SQL_DATETIME,1490592,20777034,13.938780,-1293.878003,true,3
38,10514,AVG_DISTINCT_BASIC,SQLITE_PARITY_10514_AVG_DISTINCT_BASIC.rs,P0,memory,SQL_AGGREGATE_ADV,1549724,20343795,13.127367,-1212.736655,true,3
39,11054,MATH_LN_0_5,SQLITE_PARITY_11054_MATH_LN_0_5.rs,P1,memory,SQL_MATH,1503226,19456294,12.943027,-1194.302653,true,3
40,00208,OPT_VFSTRACE_CATALOG,SQLITE_PARITY_208_OPT_VFSTRACE_CATALOG.rs,P4,catalog,CLI_OPTION_CATALOG,1511742,19405729,12.836667,-1183.666724,true,3
41,11435,STRING_ZEROBLOB_0,SQLITE_PARITY_11435_STRING_ZEROBLOB_0.rs,P0,memory,SQL_STRING,1558661,19993732,12.827505,-1182.750515,true,3
42,00289,SCALAR_CAST_TYPEOF_016,SQLITE_PARITY_289_SCALAR_CAST_TYPEOF_016.rs,P1,memory,GEN_SQL_SCALAR,1554653,19906997,12.804785,-1180.478473,true,3
43,00167,DOT_UNMODULE_CATALOG,SQLITE_PARITY_167_DOT_UNMODULE_CATALOG.rs,P4,catalog,CLI_CATALOG,1250237,16005181,12.801718,-1180.171759,true,3
44,00393,DML_WHERE_ORDER_LIMIT_006,SQLITE_PARITY_393_DML_WHERE_ORDER_LIMIT_006.rs,P1,memory,GEN_SQL_DML,1650725,21014935,12.730730,-1173.073044,true,3
45,10111,MODE_LIST_SEP_TAB,SQLITE_PARITY_10111_MODE_LIST_SEP_TAB.rs,P0,memory,CLI_OUTPUT_MODE,1422513,17961484,12.626587,-1162.658689,true,3
46,11438,STRING_SOUNDEX_RUPERT,SQLITE_PARITY_11438_STRING_SOUNDEX_RUPERT.rs,P0,memory,SQL_STRING,1428704,17933682,12.552413,-1155.241254,true,3
47,00380,SCALAR_ARITH_039,SQLITE_PARITY_380_SCALAR_ARITH_039.rs,P1,memory,GEN_SQL_SCALAR,1488017,18189716,12.224132,-1122.413185,true,3
48,00276,SCALAR_ARITH_013,SQLITE_PARITY_276_SCALAR_ARITH_013.rs,P1,memory,GEN_SQL_SCALAR,1443964,17519898,12.133196,-1113.319584,true,3
49,10212,OPT_MODE_COLUMN,SQLITE_PARITY_10212_OPT_MODE_COLUMN.rs,P0,memory,CLI_OPTION,1337732,16205240,12.113966,-1111.396603,true,3
50,11501,DATETIME_TIME_EPOCH_PLUS_5_DAYS,SQLITE_PARITY_11501_DATETIME_TIME_EPOCH_PLUS_5_DAYS.rs,P0,memory,SQL_DATETIME,1484270,17978837,12.112915,-1111.291544,true,3
51,00406,DML_WHERE_ORDER_LIMIT_019,SQLITE_PARITY_406_DML_WHERE_ORDER_LIMIT_019.rs,P1,memory,GEN_SQL_DML,1561647,18844746,12.067225,-1106.722518,true,3
52,10189,DOT_ECHO_OFF,SQLITE_PARITY_10189_DOT_ECHO_OFF.rs,P0,memory,CLI_DOT_COMMAND,1411753,17032225,12.064593,-1106.459274,true,3
53,01030,JSON_EXTRACT_SET_023,SQLITE_PARITY_1030_JSON_EXTRACT_SET_023.rs,P2,memory,GEN_SQL_JSON,1604357,19339863,12.054588,-1105.458822,true,3
54,10241,PRAGMA_FOREIGN_KEYS_ON_THEN_QUERY,SQLITE_PARITY_10241_PRAGMA_FOREIGN_KEYS_ON_THEN_QUERY.rs,P0,memory,SQL_PRAGMA,1405080,16904643,12.031089,-1103.108933,true,3
55,00215,TRANSACTION_SYNONYMS_END_COMMIT_TRANSACTION,SQLITE_PARITY_215_TRANSACTION_SYNONYMS_END_COMMIT_TRANSACTION.rs,P0,memory,SQL_TRANSACTION,1777335,21215444,11.936660,-1093.666022,true,3
56,00286,SCALAR_STRING_015,SQLITE_PARITY_286_SCALAR_STRING_015.rs,P1,memory,GEN_SQL_SCALAR,1536660,18281369,11.896821,-1089.682103,true,3
57,00991,VIEW_TRIGGER_GENERATED_044,SQLITE_PARITY_991_VIEW_TRIGGER_GENERATED_044.rs,P2,memory,GEN_SQL_VIEW_TRIGGER,1560364,18067735,11.579180,-1057.917960,true,3
58,00237,SCALAR_CAST_TYPEOF_003,SQLITE_PARITY_237_SCALAR_CAST_TYPEOF_003.rs,P1,memory,GEN_SQL_SCALAR,1619686,18644767,11.511347,-1051.134664,true,3
59,00494,DML_WHERE_ORDER_LIMIT_107,SQLITE_PARITY_494_DML_WHERE_ORDER_LIMIT_107.rs,P1,memory,GEN_SQL_DML,1594058,18267984,11.460050,-1046.004976,true,3
60,00666,JOIN_SUBQUERY_EXISTS_059,SQLITE_PARITY_666_JOIN_SUBQUERY_EXISTS_059.rs,P1,memory,GEN_SQL_JOIN_SUBQUERY,1616911,18400816,11.380228,-1038.022810,true,3
61,00033,PARTIAL_INDEX,SQLITE_PARITY_033_PARTIAL_INDEX.rs,P0,memory,SQL_INDEX,1423004,16153841,11.351929,-1035.192944,true,3
62,10163,DOT_MODE_COLUMN_AFTER_LIST,SQLITE_PARITY_10163_DOT_MODE_COLUMN_AFTER_LIST.rs,P0,memory,CLI_DOT_COMMAND,1455565,16230867,11.150905,-1015.090498,true,3
63,00328,SCALAR_ARITH_026,SQLITE_PARITY_328_SCALAR_ARITH_026.rs,P1,memory,GEN_SQL_SCALAR,1407895,15598521,11.079321,-1007.932126,true,3
64,01017,JSON_EXTRACT_SET_010,SQLITE_PARITY_1017_JSON_EXTRACT_SET_010.rs,P2,memory,GEN_SQL_JSON,1595931,17654302,11.062071,-1006.207098,true,3
65,11012,MATH_ASINH_1_0,SQLITE_PARITY_11012_MATH_ASINH_1_0.rs,P1,memory,SQL_MATH,1306042,14444596,11.059825,-1005.982503,true,3
66,00299,SCALAR_NULL_COALESCE_018,SQLITE_PARITY_299_SCALAR_NULL_COALESCE_018.rs,P1,memory,GEN_SQL_SCALAR,1567988,17318227,11.044872,-1004.487215,true,3
67,00419,DML_WHERE_ORDER_LIMIT_032,SQLITE_PARITY_419_DML_WHERE_ORDER_LIMIT_032.rs,P1,memory,GEN_SQL_DML,1509047,16086444,10.660002,-966.000197,true,3
68,00341,SCALAR_CAST_TYPEOF_029,SQLITE_PARITY_341_SCALAR_CAST_TYPEOF_029.rs,P1,memory,GEN_SQL_SCALAR,1485312,15749637,10.603588,-960.358834,true,3
69,00163,DOT_FILECTRL_CATALOG,SQLITE_PARITY_163_DOT_FILECTRL_CATALOG.rs,P4,catalog,CLI_CATALOG,1372749,14504830,10.566265,-956.626521,true,3
70,10031,ORDER_BY_DESC_NULLS_LAST_EXPLICIT,SQLITE_PARITY_10031_ORDER_BY_DESC_NULLS_LAST_EXPLICIT.rs,P0,memory,SQL_NULL_ORDER,1739643,18363826,10.556089,-955.608881,true,3
71,10267,PRAGMA_FOREIGN_KEY_CHECK_EMPTY,SQLITE_PARITY_10267_PRAGMA_FOREIGN_KEY_CHECK_EMPTY.rs,P0,memory,SQL_PRAGMA,1358192,14324669,10.546866,-954.686598,true,3
72,01001,VIEW_TRIGGER_GENERATED_054,SQLITE_PARITY_1001_VIEW_TRIGGER_GENERATED_054.rs,P2,memory,GEN_SQL_VIEW_TRIGGER,1882093,19792250,10.516085,-951.608502,true,3
73,00325,SCALAR_CAST_TYPEOF_025,SQLITE_PARITY_325_SCALAR_CAST_TYPEOF_025.rs,P1,memory,GEN_SQL_SCALAR,1500160,15717125,10.476966,-947.696579,true,3
74,00614,JOIN_SUBQUERY_EXISTS_007,SQLITE_PARITY_614_JOIN_SUBQUERY_EXISTS_007.rs,P1,memory,GEN_SQL_JOIN_SUBQUERY,1795980,18757280,10.444036,-944.403613,true,3
75,11432,STRING_UNICODE_,SQLITE_PARITY_11432_STRING_UNICODE_.rs,P0,memory,SQL_STRING,1408497,14706933,10.441579,-944.157922,true,3
76,11508,DATETIME_JULIANDAY_EPOCH_MINUS_1_MONTH,SQLITE_PARITY_11508_DATETIME_JULIANDAY_EPOCH_MINUS_1_MONTH.rs,P0,memory,SQL_DATETIME,1374953,14333245,10.424535,-942.453451,true,3
77,10176,DOT_SCHEMA_NOSYS,SQLITE_PARITY_10176_DOT_SCHEMA_NOSYS.rs,P0,memory,CLI_DOT_COMMAND,1399289,14564463,10.408474,-940.847387,true,3
78,00364,SCALAR_ARITH_035,SQLITE_PARITY_364_SCALAR_ARITH_035.rs,P1,memory,GEN_SQL_SCALAR,1416331,14653642,10.346199,-934.619873,true,3
79,00975,VIEW_TRIGGER_GENERATED_028,SQLITE_PARITY_975_VIEW_TRIGGER_GENERATED_028.rs,P2,memory,GEN_SQL_VIEW_TRIGGER,1860482,19077547,10.254088,-925.408846,true,3
80,01027,JSON_EXTRACT_SET_020,SQLITE_PARITY_1027_JSON_EXTRACT_SET_020.rs,P2,memory,GEN_SQL_JSON,1580011,16127082,10.206943,-920.694286,true,3
81,00471,DML_WHERE_ORDER_LIMIT_084,SQLITE_PARITY_471_DML_WHERE_ORDER_LIMIT_084.rs,P1,memory,GEN_SQL_DML,1649102,16794214,10.183854,-918.385400,true,3
82,10007,IS_DISTINCT_FROM_BASIC,SQLITE_PARITY_10007_IS_DISTINCT_FROM_BASIC.rs,P0,memory,SQL_NULL_SEMANTICS,1478148,15016099,10.158725,-915.872497,true,3
83,10498,CORRELATED_SUBQUERY_IN_SELECT_LIST,SQLITE_PARITY_10498_CORRELATED_SUBQUERY_IN_SELECT_LIST.rs,P0,memory,SQL_SUBQUERY,1670162,16798794,10.058182,-905.818238,true,3
84,11502,DATETIME_DATETIME_EPOCH_PLUS_5_DAYS,SQLITE_PARITY_11502_DATETIME_DATETIME_EPOCH_PLUS_5_DAYS.rs,P0,memory,SQL_DATETIME,1351839,13537178,10.013898,-901.389810,true,3
85,10202,OPT_NOHEADER_LIST,SQLITE_PARITY_10202_OPT_NOHEADER_LIST.rs,P0,memory,CLI_OPTION,1305822,13020981,9.971482,-897.148233,true,3
86,11591,DATETIME_TIME_Y2K_START_OF_MONTH,SQLITE_PARITY_11591_DATETIME_TIME_Y2K_START_OF_MONTH.rs,P0,memory,SQL_DATETIME,1380364,13712209,9.933763,-893.376312,true,3
87,00692,JOIN_SUBQUERY_EXISTS_085,SQLITE_PARITY_692_JOIN_SUBQUERY_EXISTS_085.rs,P1,memory,GEN_SQL_JOIN_SUBQUERY,2034581,20205913,9.931240,-893.124039,true,3
88,00403,DML_WHERE_ORDER_LIMIT_016,SQLITE_PARITY_403_DML_WHERE_ORDER_LIMIT_016.rs,P1,memory,GEN_SQL_DML,1791953,17775582,9.919670,-891.966977,true,3
89,11539,DATETIME_STRFTIME_ISO_EPOCH_START_OF_MONTH,SQLITE_PARITY_11539_DATETIME_STRFTIME_ISO_EPOCH_START_OF_MONTH.rs,P0,memory,SQL_DATETIME,1469702,14571376,9.914511,-891.451056,true,3
90,10017,NULLIF_BASIC,SQLITE_PARITY_10017_NULLIF_BASIC.rs,P0,memory,SQL_NULL_SEMANTICS,1557569,15293243,9.818662,-881.866165,true,3
91,11575,DATETIME_DATE_Y2K_PLUS_30_MINUTES,SQLITE_PARITY_11575_DATETIME_DATE_Y2K_PLUS_30_MINUTES.rs,P0,memory,SQL_DATETIME,1469853,14423436,9.812843,-881.284251,true,3
92,10173,DOT_SCHEMA_NO_ARG,SQLITE_PARITY_10173_DOT_SCHEMA_NO_ARG.rs,P0,memory,CLI_DOT_COMMAND,1626940,15852973,9.744043,-874.404280,true,3
93,00897,CONSTRAINT_FK_SAVEPOINT_030,SQLITE_PARITY_897_CONSTRAINT_FK_SAVEPOINT_030.rs,P2,memory,GEN_SQL_CONSTRAINT_TX,1761935,17165768,9.742566,-874.256599,true,3
94,00468,DML_WHERE_ORDER_LIMIT_081,SQLITE_PARITY_468_DML_WHERE_ORDER_LIMIT_081.rs,P1,memory,GEN_SQL_DML,1706531,16377996,9.597245,-859.724494,true,3
95,00653,JOIN_SUBQUERY_EXISTS_046,SQLITE_PARITY_653_JOIN_SUBQUERY_EXISTS_046.rs,P1,memory,GEN_SQL_JOIN_SUBQUERY,1797383,17241762,9.592703,-859.270339,true,3
96,11514,DATETIME_STRFTIME_ISO_EPOCH_PLUS_1_YEAR,SQLITE_PARITY_11514_DATETIME_STRFTIME_ISO_EPOCH_PLUS_1_YEAR.rs,P0,memory,SQL_DATETIME,1368902,13123606,9.586958,-858.695801,true,3
97,11084,MATH_TANH_0_0,SQLITE_PARITY_11084_MATH_TANH_0_0.rs,P1,memory,SQL_MATH,1446448,13854770,9.578478,-857.847776,true,3
98,10254,PRAGMA_SECURE_DELETE_DEFAULT,SQLITE_PARITY_10254_PRAGMA_SECURE_DELETE_DEFAULT.rs,P0,memory,SQL_PRAGMA,1189182,11317295,9.516874,-851.687378,true,3
99,10511,SUBQUERY_ORDER_BY_NO_LIMIT_SCALAR,SQLITE_PARITY_10511_SUBQUERY_ORDER_BY_NO_LIMIT_SCALAR.rs,P0,memory,SQL_SUBQUERY,1710408,16172287,9.455222,-845.522180,true,3
100,00315,SCALAR_NULL_COALESCE_022,SQLITE_PARITY_315_SCALAR_NULL_COALESCE_022.rs,P1,memory,GEN_SQL_SCALAR,1559924,14745676,9.452817,-845.281693,true,3
101,10316,PRAGMA_RECURSIVE_TRIGGERS_DEFAULT,SQLITE_PARITY_10316_PRAGMA_RECURSIVE_TRIGGERS_DEFAULT.rs,P0,memory,SQL_TRANSACTION,1399149,13205961,9.438567,-843.856659,true,3
102,10199,OPT_BATCH_NONINTERACTIVE,SQLITE_PARITY_10199_OPT_BATCH_NONINTERACTIVE.rs,P0,memory,CLI_OPTION,1458031,13658738,9.367934,-836.793388,true,3
103,11427,STRING_QUOTE_NULL,SQLITE_PARITY_11427_STRING_QUOTE_NULL.rs,P0,memory,SQL_STRING,1537942,14371859,9.344864,-834.486411,true,3
104,01004,VIEW_TRIGGER_GENERATED_057,SQLITE_PARITY_1004_VIEW_TRIGGER_GENERATED_057.rs,P2,memory,GEN_SQL_VIEW_TRIGGER,1891291,17561447,9.285428,-828.542831,true,3
105,00106,DOT_HELP,SQLITE_PARITY_106_DOT_HELP.rs,P0,memory,CLI_DOT_COMMAND,1201334,11043677,9.192845,-819.284479,true,3
106,10462,JOIN_NOT_INDEXED_HINT,SQLITE_PARITY_10462_JOIN_NOT_INDEXED_HINT.rs,P0,memory,SQL_JOIN,1553571,14270397,9.185545,-818.554543,true,3
107,11949,WIN_MAX_EXCL_NO_OTHERS,SQLITE_PARITY_11949_WIN_MAX_EXCL_NO_OTHERS.rs,P0,memory,SQL_WINDOW,1679650,15343688,9.135051,-813.505075,true,3
108,00216,ROLLBACK_TRANSACTION_SYNTAX,SQLITE_PARITY_216_ROLLBACK_TRANSACTION_SYNTAX.rs,P0,memory,SQL_TRANSACTION,1573088,14368602,9.134010,-813.401030,true,3
109,00247,SCALAR_NULL_COALESCE_005,SQLITE_PARITY_247_SCALAR_NULL_COALESCE_005.rs,P1,memory,GEN_SQL_SCALAR,1387387,12671028,9.133016,-813.301624,true,3
110,00008,STRICT_TABLE,SQLITE_PARITY_008_STRICT_TABLE.rs,P0,memory,SQL_DDL,1388047,12617768,9.090303,-809.030314,true,3
111,00338,SCALAR_STRING_028,SQLITE_PARITY_338_SCALAR_STRING_028.rs,P1,memory,GEN_SQL_SCALAR,1501452,13581441,9.045538,-804.553792,true,3
112,10046,SUM_AVG_ALL_NULL_RETURNS_NULL,SQLITE_PARITY_10046_SUM_AVG_ALL_NULL_RETURNS_NULL.rs,P0,memory,SQL_AGGREGATE_NULL,1549143,14011937,9.044960,-804.496034,true,3
113,00020,UPSERT_DO_UPDATE,SQLITE_PARITY_020_UPSERT_DO_UPDATE.rs,P0,memory,SQL_UPSERT,1630106,14714547,9.026742,-802.674243,true,3
114,11617,DATETIME_DATETIME_DATE_2024_MINUS_1_MONTH,SQLITE_PARITY_11617_DATETIME_DATETIME_DATE_2024_MINUS_1_MONTH.rs,P0,memory,SQL_DATETIME,1262380,11261701,8.921007,-792.100715,true,3
115,01053,JSON_EXTRACT_SET_046,SQLITE_PARITY_1053_JSON_EXTRACT_SET_046.rs,P2,memory,GEN_SQL_JSON,1591163,14135932,8.884025,-788.402508,true,3
116,00023,TRANSACTION_ROLLBACK,SQLITE_PARITY_023_TRANSACTION_ROLLBACK.rs,P0,memory,SQL_TRANSACTION,1656576,14700902,8.874270,-787.426958,true,3
117,10032,CREATE_INDEX_ASC_DEFAULT_OK,SQLITE_PARITY_10032_CREATE_INDEX_ASC_DEFAULT_OK.rs,P0,memory,SQL_NULL_ORDER,1715187,15090198,8.797990,-779.798996,true,3
118,00138,DOT_VFSNAME_LIST_INFO,SQLITE_PARITY_138_DOT_VFSNAME_LIST_INFO.rs,P3,memory,CLI_DOT_COMMAND_DIAGNOSTIC,1222845,10755132,8.795172,-779.517191,true,3
119,00170,OPT_VERSION,SQLITE_PARITY_170_OPT_VERSION.rs,P1,memory,CLI_OPTION,1210471,10628071,8.780112,-778.011204,true,3
120,00367,SCALAR_NULL_COALESCE_035,SQLITE_PARITY_367_SCALAR_NULL_COALESCE_035.rs,P1,memory,GEN_SQL_SCALAR,1343072,11778318,8.769685,-776.968472,true,3
121,01069,INDEX_SCHEMA_PRAGMA_002,SQLITE_PARITY_1069_INDEX_SCHEMA_PRAGMA_002.rs,P2,memory,GEN_SQL_INDEX_PRAGMA,1807262,15791185,8.737629,-773.762908,true,3
122,00549,AGG_GROUP_HAVING_042,SQLITE_PARITY_549_AGG_GROUP_HAVING_042.rs,P1,memory,GEN_SQL_AGGREGATE,1570593,13722359,8.737056,-773.705600,true,3
123,11716,DATETIME_TIME_UNIX_UTC,SQLITE_PARITY_11716_DATETIME_TIME_UNIX_UTC.rs,P0,memory,SQL_DATETIME,1289822,11245630,8.718746,-771.874569,true,3
124,00377,SCALAR_CAST_TYPEOF_038,SQLITE_PARITY_377_SCALAR_CAST_TYPEOF_038.rs,P1,memory,GEN_SQL_SCALAR,1569421,13623381,8.680514,-768.051402,true,3
125,10033,CREATE_INDEX_DESC_DEFAULT_OK,SQLITE_PARITY_10033_CREATE_INDEX_DESC_DEFAULT_OK.rs,P0,memory,SQL_NULL_ORDER,1567798,13601961,8.675838,-767.583770,true,3
126,10264,PRAGMA_APPLICATION_ID_DEFAULT,SQLITE_PARITY_10264_PRAGMA_APPLICATION_ID_DEFAULT.rs,P0,memory,SQL_PRAGMA,1436830,12426075,8.648257,-764.825693,true,3
127,01014,JSON_EXTRACT_SET_007,SQLITE_PARITY_1014_JSON_EXTRACT_SET_007.rs,P2,memory,GEN_SQL_JSON,1761485,15229642,8.645911,-764.591069,true,3
128,10303,SAVEPOINT_DEPTH_2_RELEASE,SQLITE_PARITY_10303_SAVEPOINT_DEPTH_2_RELEASE.rs,P0,memory,SQL_TRANSACTION,1657768,14274143,8.610459,-761.045876,true,3
129,00523,AGG_GROUP_HAVING_016,SQLITE_PARITY_523_AGG_GROUP_HAVING_016.rs,P1,memory,GEN_SQL_AGGREGATE,1567868,13466214,8.588870,-758.886973,true,3
130,10134,MODE_INSERT_NAMED_TARGET,SQLITE_PARITY_10134_MODE_INSERT_NAMED_TARGET.rs,P0,memory,CLI_OUTPUT_MODE,1614346,13845232,8.576372,-757.637210,true,3
131,11417,STRING_RTRIM_HI,SQLITE_PARITY_11417_STRING_RTRIM_HI.rs,P0,memory,SQL_STRING,1436590,12301549,8.563020,-756.302007,true,3
132,00137,DOT_VERSION,SQLITE_PARITY_137_DOT_VERSION.rs,P2,memory,CLI_DOT_COMMAND_DIAGNOSTIC,1353954,11578850,8.551878,-755.187842,true,3
133,00013,INSERT_SELECT,SQLITE_PARITY_013_INSERT_SELECT.rs,P0,memory,SQL_INSERT,1737830,14774891,8.501920,-750.191964,true,3
134,00884,CONSTRAINT_FK_SAVEPOINT_017,SQLITE_PARITY_884_CONSTRAINT_FK_SAVEPOINT_017.rs,P2,memory,GEN_SQL_CONSTRAINT_TX,1773547,15060873,8.491950,-749.195031,true,3
135,00168,DOT_CHECK_CATALOG,SQLITE_PARITY_168_DOT_CHECK_CATALOG.rs,P4,catalog,CLI_CATALOG,1135670,9627787,8.477627,-747.762730,true,3
136,11450,STRING_GLOB_A_ABC,SQLITE_PARITY_11450_STRING_GLOB_A_ABC.rs,P0,memory,SQL_STRING,1624175,13764318,8.474652,-747.465205,true,3
137,11639,DATETIME_STRFTIME_ISO_DATE_2024_PLUS_10_SECONDS,SQLITE_PARITY_11639_DATETIME_STRFTIME_ISO_DATE_2024_PLUS_10_SECONDS.rs,P0,memory,SQL_DATETIME,1361437,11534207,8.472083,-747.208281,true,3
138,01066,JSON_EXTRACT_SET_059,SQLITE_PARITY_1066_JSON_EXTRACT_SET_059.rs,P2,memory,GEN_SQL_JSON,1469151,12429652,8.460432,-746.043191,true,3
139,00010,GENERATED_COLUMNS,SQLITE_PARITY_010_GENERATED_COLUMNS.rs,P0,memory,SQL_DDL,1577888,13337229,8.452583,-745.258282,true,3
140,00248,SCALAR_ARITH_006,SQLITE_PARITY_248_SCALAR_ARITH_006.rs,P1,memory,GEN_SQL_SCALAR,1374562,11601413,8.440080,-744.007982,true,3
141,11623,DATETIME_JULIANDAY_DATE_2024_PLUS_1_YEAR,SQLITE_PARITY_11623_DATETIME_JULIANDAY_DATE_2024_PLUS_1_YEAR.rs,P0,memory,SQL_DATETIME,1316943,11111216,8.437127,-743.712750,true,3
142,00004,TABLE_CONSTRAINTS_SUCCESS,SQLITE_PARITY_004_TABLE_CONSTRAINTS_SUCCESS.rs,P0,memory,SQL_CONSTRAINTS,1446919,12162846,8.406031,-740.603102,true,3
143,00025,BEGIN_MODES,SQLITE_PARITY_025_BEGIN_MODES.rs,P0,memory,SQL_TRANSACTION,1316362,11060429,8.402270,-740.227004,true,3
144,10306,SAVEPOINT_DEPTH_5_RELEASE,SQLITE_PARITY_10306_SAVEPOINT_DEPTH_5_RELEASE.rs,P0,memory,SQL_TRANSACTION,1350056,11316804,8.382470,-738.247006,true,3
145,00108,DOT_MODE_CSV_AND_QUOTE,SQLITE_PARITY_108_DOT_MODE_CSV_AND_QUOTE.rs,P0,memory,CLI_DOT_COMMAND,1573710,13169662,8.368544,-736.854440,true,3
146,11581,DATETIME_TIME_Y2K_PLUS_10_SECONDS,SQLITE_PARITY_11581_DATETIME_TIME_Y2K_PLUS_10_SECONDS.rs,P0,memory,SQL_DATETIME,1385754,11591935,8.365074,-736.507418,true,3
147,11446,STRING_PRINTF_05D_7,SQLITE_PARITY_11446_STRING_PRINTF_05D_7.rs,P0,memory,SQL_STRING,1459453,12203163,8.361464,-736.146351,true,3
148,00354,SCALAR_STRING_032,SQLITE_PARITY_354_SCALAR_STRING_032.rs,P1,memory,GEN_SQL_SCALAR,1474902,12313201,8.348488,-734.848756,true,3
149,10160,DOT_MODE_LIST_AFTER_CSV,SQLITE_PARITY_10160_DOT_MODE_LIST_AFTER_CSV.rs,P0,memory,CLI_DOT_COMMAND,1497986,12485497,8.334856,-733.485560,true,3
150,00131,DOT_TIMEOUT,SQLITE_PARITY_131_DOT_TIMEOUT.rs,P0,memory,CLI_DOT_COMMAND,1492676,12437316,8.332227,-733.222749,true,3
151,00088,JSON_SCALAR_FUNCTIONS,SQLITE_PARITY_088_JSON_SCALAR_FUNCTIONS.rs,P0,memory,SQL_JSON,1443323,12006360,8.318554,-731.855378,true,3
152,10576,DELETE_ON_VIEW,SQLITE_PARITY_10576_DELETE_ON_VIEW.rs,P0,memory,SQL_ERROR_MESSAGES,1639925,13560743,8.269124,-726.912389,true,3
153,00007,WITHOUT_ROWID_TABLE,SQLITE_PARITY_007_WITHOUT_ROWID_TABLE.rs,P0,memory,SQL_ROWID,1695850,14009873,8.261269,-726.126898,true,3
154,11418,STRING_RTRIM_,SQLITE_PARITY_11418_STRING_RTRIM_.rs,P0,memory,SQL_STRING,1568069,12933004,8.247726,-724.772634,true,3
155,00153,DOT_CD_TEMPFILE,SQLITE_PARITY_153_DOT_CD_TEMPFILE.rs,P2,tempfile,CLI_TEMPFILE,1186356,9776348,8.240653,-724.065289,true,3
156,10528,AGGREGATE_COMPOSITION_SUM_X_TIMES_Y,SQLITE_PARITY_10528_AGGREGATE_COMPOSITION_SUM_X_TIMES_Y.rs,P0,memory,SQL_AGGREGATE_ADV,1391725,11439287,8.219502,-721.950242,true,3
157,11657,DATETIME_DATETIME_DATE_2024_WEEKDAY_0,SQLITE_PARITY_11657_DATETIME_DATETIME_DATE_2024_WEEKDAY_0.rs,P0,memory,SQL_DATETIME,1451277,11889198,8.192232,-719.223208,true,3
158,00036,CREATE_VIEW,SQLITE_PARITY_036_CREATE_VIEW.rs,P0,memory,SQL_VIEW,1706751,13977942,8.189796,-718.979570,true,3
159,11654,DATETIME_STRFTIME_ISO_DATE_2024_START_OF_YEAR,SQLITE_PARITY_11654_DATETIME_STRFTIME_ISO_DATE_2024_START_OF_YEAR.rs,P0,memory,SQL_DATETIME,1410290,11431362,8.105682,-710.568181,true,3
160,11504,DATETIME_STRFTIME_ISO_EPOCH_PLUS_5_DAYS,SQLITE_PARITY_11504_DATETIME_STRFTIME_ISO_EPOCH_PLUS_5_DAYS.rs,P0,memory,SQL_DATETIME,1321562,10685550,8.085546,-708.554574,true,3
161,11955,WIN_FIRST_VALUE_GROUPS_1_PREC_CURRENT,SQLITE_PARITY_11955_WIN_FIRST_VALUE_GROUPS_1_PREC_CURRENT.rs,P0,memory,SQL_WINDOW,1554613,12556231,8.076757,-707.675672,true,3
162,11529,DATETIME_STRFTIME_ISO_EPOCH_PLUS_10_SECONDS,SQLITE_PARITY_11529_DATETIME_STRFTIME_ISO_EPOCH_PLUS_10_SECONDS.rs,P0,memory,SQL_DATETIME,1269132,10217423,8.050717,-705.071734,true,3
163,11662,DATETIME_DATETIME_DATE_2024_UTC,SQLITE_PARITY_11662_DATETIME_DATETIME_DATE_2024_UTC.rs,P0,memory,SQL_DATETIME,1279141,10297104,8.050015,-705.001481,true,3
164,11646,DATETIME_TIME_DATE_2024_START_OF_MONTH,SQLITE_PARITY_11646_DATETIME_TIME_DATE_2024_START_OF_MONTH.rs,P0,memory,SQL_DATETIME,1365466,10977161,8.039132,-703.913170,true,3
165,00052,PRAGMA_INTEGRITY_QUICK_CHECK,SQLITE_PARITY_052_PRAGMA_INTEGRITY_QUICK_CHECK.rs,P0,memory,SQL_PRAGMA,1639473,13158341,8.025958,-702.595773,true,3
166,11672,DATETIME_DATETIME_UNIX_MINUS_1_MONTH,SQLITE_PARITY_11672_DATETIME_DATETIME_UNIX_MINUS_1_MONTH.rs,P0,memory,SQL_DATETIME,1263622,10071678,7.970483,-697.048326,true,3
167,10150,CLI_FLAG_CSV,SQLITE_PARITY_10150_CLI_FLAG_CSV.rs,P0,memory,CLI_OUTPUT_MODE,1522352,12130535,7.968285,-696.828526,true,3
168,00049,PRAGMA_TEMP_STORE_MEMORY,SQLITE_PARITY_049_PRAGMA_TEMP_STORE_MEMORY.rs,P0,memory,SQL_PRAGMA,1377317,10974016,7.967676,-696.767629,true,3
169,11665,DATETIME_DATE_UNIX_PLUS_5_DAYS,SQLITE_PARITY_11665_DATETIME_DATE_UNIX_PLUS_5_DAYS.rs,P0,memory,SQL_DATETIME,1154206,9188275,7.960689,-696.068899,true,3
170,00047,PRAGMA_FOREIGN_KEYS,SQLITE_PARITY_047_PRAGMA_FOREIGN_KEYS.rs,P0,memory,SQL_PRAGMA,1425950,11330440,7.945889,-694.588871,true,3
171,00952,VIEW_TRIGGER_GENERATED_005,SQLITE_PARITY_952_VIEW_TRIGGER_GENERATED_005.rs,P2,memory,GEN_SQL_VIEW_TRIGGER,1890088,15011479,7.942212,-694.221169,true,3
172,11240,CAST_BLOB_HEX_AS_INTEGER,SQLITE_PARITY_11240_CAST_BLOB_HEX_AS_INTEGER.rs,P0,memory,SQL_CAST,1570052,12417899,7.909228,-690.922785,true,3
173,00107,DOT_HELP_PATTERN,SQLITE_PARITY_107_DOT_HELP_PATTERN.rs,P0,memory,CLI_DOT_COMMAND,1190113,9387563,7.887959,-688.795938,true,3
174,11590,DATETIME_DATE_Y2K_START_OF_MONTH,SQLITE_PARITY_11590_DATETIME_DATE_Y2K_START_OF_MONTH.rs,P0,memory,SQL_DATETIME,1459613,11499341,7.878349,-687.834926,true,3
175,10004,NULL_PLUS_INT_IS_NULL,SQLITE_PARITY_10004_NULL_PLUS_INT_IS_NULL.rs,P0,memory,SQL_NULL_SEMANTICS,1457550,11475235,7.872961,-687.296148,true,3
176,00070,LIKE_GLOB_MATCH_ESCAPE,SQLITE_PARITY_070_LIKE_GLOB_MATCH_ESCAPE.rs,P0,memory,SQL_OPERATORS,1540736,12126648,7.870685,-687.068518,true,3
177,00186,OPT_NEWLINE,SQLITE_PARITY_186_OPT_NEWLINE.rs,P2,memory,CLI_OPTION,1207456,9502270,7.869662,-686.966150,true,3
178,11644,DATETIME_STRFTIME_ISO_DATE_2024_START_OF_DAY,SQLITE_PARITY_11644_DATETIME_STRFTIME_ISO_DATE_2024_START_OF_DAY.rs,P0,memory,SQL_DATETIME,1276877,10046089,7.867703,-686.770300,true,3
179,11586,DATETIME_TIME_Y2K_START_OF_DAY,SQLITE_PARITY_11586_DATETIME_TIME_Y2K_START_OF_DAY.rs,P0,memory,SQL_DATETIME,1329808,10461094,7.866620,-686.661984,true,3
180,11686,DATETIME_TIME_UNIX_PLUS_30_MINUTES,SQLITE_PARITY_11686_DATETIME_TIME_UNIX_PLUS_30_MINUTES.rs,P0,memory,SQL_DATETIME,1258543,9900083,7.866305,-686.630493,true,3
181,11928,WIN_COUNT_EXCL_TIES,SQLITE_PARITY_11928_WIN_COUNT_EXCL_TIES.rs,P0,memory,SQL_WINDOW,1407645,11069327,7.863721,-686.372061,true,3
182,10277,FK_DELETE_RESTRICT_REJECTED,SQLITE_PARITY_10277_FK_DELETE_RESTRICT_REJECTED.rs,P0,memory,SQL_FOREIGN_KEYS,1568019,12316307,7.854692,-685.469245,true,3
183,11413,STRING_UPPER_ABC,SQLITE_PARITY_11413_STRING_UPPER_ABC.rs,P0,memory,SQL_STRING,1430729,11224480,7.845287,-684.528726,true,3
184,10592,LIKE_CASE_SENSITIVE_PRAGMA_ON,SQLITE_PARITY_10592_LIKE_CASE_SENSITIVE_PRAGMA_ON.rs,P0,memory,SQL_PATTERN,1418725,11122998,7.840137,-684.013674,true,3
185,00135,DOT_PROGRESS,SQLITE_PARITY_135_DOT_PROGRESS.rs,P0,memory,CLI_DOT_COMMAND,1844051,14440719,7.830976,-683.097593,true,3
186,11649,DATETIME_STRFTIME_ISO_DATE_2024_START_OF_MONTH,SQLITE_PARITY_11649_DATETIME_STRFTIME_ISO_DATE_2024_START_OF_MONTH.rs,P0,memory,SQL_DATETIME,1358932,10639974,7.829659,-682.965888,true,3
187,10537,MIN_MAX_OVER_STRINGS_LEXICOGRAPHIC,SQLITE_PARITY_10537_MIN_MAX_OVER_STRINGS_LEXICOGRAPHIC.rs,P0,memory,SQL_AGGREGATE_ADV,1738802,13594276,7.818185,-681.818516,true,3
188,00081,BLOBS_HEX_ZEROBLOB,SQLITE_PARITY_081_BLOBS_HEX_ZEROBLOB.rs,P0,memory,SQL_FUNCTIONS,1387106,10834422,7.810810,-681.081042,true,3
189,00091,MATH_FUNCTIONS_OPTIONAL,SQLITE_PARITY_091_MATH_FUNCTIONS_OPTIONAL.rs,P2,memory,SQL_FUNCTIONS_OPTIONAL,1563811,12172184,7.783667,-678.366695,true,3
190,11824,JSON_JSON_ARRAY_LENGTH_,SQLITE_PARITY_11824_JSON_JSON_ARRAY_LENGTH_.rs,P0,memory,SQL_JSON,1221933,9498061,7.772980,-677.298019,true,3
191,10082,STRICT_INT_ACCEPTS_NUMERIC_TEXT,SQLITE_PARITY_10082_STRICT_INT_ACCEPTS_NUMERIC_TEXT.rs,P0,memory,SQL_STRICT_TABLES,1477908,11435590,7.737687,-673.768733,true,3
192,11615,DATETIME_DATE_DATE_2024_MINUS_1_MONTH,SQLITE_PARITY_11615_DATETIME_DATE_DATE_2024_MINUS_1_MONTH.rs,P0,memory,SQL_DATETIME,1214829,9398083,7.736137,-673.613653,true,3
193,00011,CREATE_TABLE_AS_SELECT,SQLITE_PARITY_011_CREATE_TABLE_AS_SELECT.rs,P0,memory,SQL_DDL,1633593,12626745,7.729431,-672.943138,true,3
194,01043,JSON_EXTRACT_SET_036,SQLITE_PARITY_1043_JSON_EXTRACT_SET_036.rs,P2,memory,GEN_SQL_JSON,1574631,12169670,7.728585,-672.858530,true,3
195,11434,STRING_CHAR_65_66_67,SQLITE_PARITY_11434_STRING_CHAR_65_66_67.rs,P0,memory,SQL_STRING,1508115,11623946,7.707599,-670.759922,true,3
196,11648,DATETIME_JULIANDAY_DATE_2024_START_OF_MONTH,SQLITE_PARITY_11648_DATETIME_JULIANDAY_DATE_2024_START_OF_MONTH.rs,P0,memory,SQL_DATETIME,1237733,9508010,7.681794,-668.179405,true,3
197,10282,FK_UPDATE_RESTRICT_REJECTED,SQLITE_PARITY_10282_FK_UPDATE_RESTRICT_REJECTED.rs,P0,memory,SQL_FOREIGN_KEYS,1718564,13157820,7.656287,-665.628746,true,3
198,11725,DATETIME_DATE_Y2K_BASE,SQLITE_PARITY_11725_DATETIME_DATE_Y2K_BASE.rs,P0,memory,SQL_DATETIME,1367659,10470012,7.655426,-665.542580,true,3
199,11597,DATETIME_DATETIME_Y2K_START_OF_YEAR,SQLITE_PARITY_11597_DATETIME_DATETIME_Y2K_START_OF_YEAR.rs,P0,memory,SQL_DATETIME,1368480,10442760,7.630919,-663.091898,true,3
200,00164,DOT_IMPOSTER_CATALOG,SQLITE_PARITY_164_DOT_IMPOSTER_CATALOG.rs,P4,catalog,CLI_CATALOG,1276557,9711405,7.607498,-660.749814,true,3
201,00601,AGG_GROUP_HAVING_094,SQLITE_PARITY_601_AGG_GROUP_HAVING_094.rs,P1,memory,GEN_SQL_AGGREGATE,1496073,11372029,7.601253,-660.125275,true,3
202,11509,DATETIME_STRFTIME_ISO_EPOCH_MINUS_1_MONTH,SQLITE_PARITY_11509_DATETIME_STRFTIME_ISO_EPOCH_MINUS_1_MONTH.rs,P0,memory,SQL_DATETIME,1277308,9693873,7.589300,-658.929953,true,3
203,10283,FK_UPDATE_CASCADE_REWRITES_CHILD,SQLITE_PARITY_10283_FK_UPDATE_CASCADE_REWRITES_CHILD.rs,P0,memory,SQL_FOREIGN_KEYS,1675923,12700153,7.578005,-657.800508,true,3
204,11647,DATETIME_DATETIME_DATE_2024_START_OF_MONTH,SQLITE_PARITY_11647_DATETIME_DATETIME_DATE_2024_START_OF_MONTH.rs,P0,memory,SQL_DATETIME,1361097,10310320,7.575008,-657.500751,true,3
205,00090,JSON_MUTATION_FUNCTIONS,SQLITE_PARITY_090_JSON_MUTATION_FUNCTIONS.rs,P0,memory,SQL_JSON,1374733,10405329,7.568982,-656.898176,true,3
206,11243,CAST_BLOB_HEX_AS_BLOB,SQLITE_PARITY_11243_CAST_BLOB_HEX_AS_BLOB.rs,P0,memory,SQL_CAST,1464582,11081389,7.566247,-656.624689,true,3
207,11589,DATETIME_STRFTIME_ISO_Y2K_START_OF_DAY,SQLITE_PARITY_11589_DATETIME_STRFTIME_ISO_Y2K_START_OF_DAY.rs,P0,memory,SQL_DATETIME,1325430,10028305,7.566077,-656.607667,true,3
208,11651,DATETIME_TIME_DATE_2024_START_OF_YEAR,SQLITE_PARITY_11651_DATETIME_TIME_DATE_2024_START_OF_YEAR.rs,P0,memory,SQL_DATETIME,1284161,9714101,7.564551,-656.455071,true,3
209,00637,JOIN_SUBQUERY_EXISTS_030,SQLITE_PARITY_637_JOIN_SUBQUERY_EXISTS_030.rs,P1,memory,GEN_SQL_JOIN_SUBQUERY,1814054,13718712,7.562461,-656.246065,true,3
210,00184,OPT_ASCII_MODE,SQLITE_PARITY_184_OPT_ASCII_MODE.rs,P2,memory,CLI_OPTION,1386255,10476263,7.557241,-655.724091,true,3
211,12010,PRAGMA_TEMP_STORE,SQLITE_PARITY_12010_PRAGMA_TEMP_STORE.rs,P1,memory,SQL_PRAGMA,1272039,9597350,7.544855,-654.485515,true,3
212,00037,DROP_VIEW,SQLITE_PARITY_037_DROP_VIEW.rs,P0,memory,SQL_DROP,1489480,11235891,7.543499,-654.349907,true,3
213,11700,DATETIME_DATE_UNIX_START_OF_MONTH,SQLITE_PARITY_11700_DATETIME_DATE_UNIX_START_OF_MONTH.rs,P0,memory,SQL_DATETIME,1195424,9010529,7.537517,-653.751723,true,3
214,11448,STRING_CONCAT_WS_A_B_C,SQLITE_PARITY_11448_STRING_CONCAT_WS_A_B_C.rs,P0,memory,SQL_STRING,1391174,10472155,7.527567,-652.756665,true,3
215,11739,DATETIME_STRFTIME_ISO_UNIX_BASE,SQLITE_PARITY_11739_DATETIME_STRFTIME_ISO_UNIX_BASE.rs,P0,memory,SQL_DATETIME,1435618,10804836,7.526261,-652.626116,true,3
216,00001,SELECT_CORE_EXPRESSIONS,SQLITE_PARITY_001_SELECT_CORE_EXPRESSIONS.rs,P0,memory,SQL_SELECT,1447851,10845111,7.490488,-649.048832,true,3
217,00910,CONSTRAINT_FK_SAVEPOINT_043,SQLITE_PARITY_910_CONSTRAINT_FK_SAVEPOINT_043.rs,P2,memory,GEN_SQL_CONSTRAINT_TX,1792454,13405289,7.478735,-647.873530,true,3
218,11599,DATETIME_STRFTIME_ISO_Y2K_START_OF_YEAR,SQLITE_PARITY_11599_DATETIME_STRFTIME_ISO_Y2K_START_OF_YEAR.rs,P0,memory,SQL_DATETIME,1562157,11664252,7.466760,-646.676038,true,3
219,01082,INDEX_SCHEMA_PRAGMA_015,SQLITE_PARITY_1082_INDEX_SCHEMA_PRAGMA_015.rs,P2,memory,GEN_SQL_INDEX_PRAGMA,1678308,12526044,7.463495,-646.349538,true,3
220,11728,DATETIME_JULIANDAY_Y2K_BASE,SQLITE_PARITY_11728_DATETIME_JULIANDAY_Y2K_BASE.rs,P0,memory,SQL_DATETIME,1352180,10071397,7.448267,-644.826650,true,3
221,11703,DATETIME_JULIANDAY_UNIX_START_OF_MONTH,SQLITE_PARITY_11703_DATETIME_JULIANDAY_UNIX_START_OF_MONTH.rs,P0,memory,SQL_DATETIME,1533964,11424188,7.447494,-644.749420,true,3
222,11727,DATETIME_DATETIME_Y2K_BASE,SQLITE_PARITY_11727_DATETIME_DATETIME_Y2K_BASE.rs,P0,memory,SQL_DATETIME,1545627,11500052,7.440380,-644.037986,true,3
223,11423,STRING_HEX_,SQLITE_PARITY_11423_STRING_HEX_.rs,P0,memory,SQL_STRING,1294771,9617768,7.428161,-642.816143,true,3
224,11734,DATETIME_STRFTIME_ISO_DATE_2024_BASE,SQLITE_PARITY_11734_DATETIME_STRFTIME_ISO_DATE_2024_BASE.rs,P0,memory,SQL_DATETIME,1281727,9497651,7.410042,-641.004208,true,3
225,10020,EXISTS_WITH_NULL_ROWS,SQLITE_PARITY_10020_EXISTS_WITH_NULL_ROWS.rs,P0,memory,SQL_NULL_SEMANTICS,1570804,11639375,7.409820,-640.982007,true,3
226,11510,DATETIME_DATE_EPOCH_PLUS_1_YEAR,SQLITE_PARITY_11510_DATETIME_DATE_EPOCH_PLUS_1_YEAR.rs,P0,memory,SQL_DATETIME,1489260,11033748,7.408880,-640.887958,true,3
227,11735,DATETIME_DATE_UNIX_BASE,SQLITE_PARITY_11735_DATETIME_DATE_UNIX_BASE.rs,P0,memory,SQL_DATETIME,1458561,10783585,7.393304,-639.330409,true,3
228,00085,CORE_RANDOM_SHAPE,SQLITE_PARITY_085_CORE_RANDOM_SHAPE.rs,P0,memory,SQL_FUNCTIONS,1415509,10464671,7.392868,-639.286787,true,3
229,00130,DOT_OPEN_MEMORY,SQLITE_PARITY_130_DOT_OPEN_MEMORY.rs,P0,memory,CLI_DOT_COMMAND,1570363,11559303,7.360911,-636.091146,true,3
230,11625,DATETIME_DATE_DATE_2024_PLUS_3_HOURS,SQLITE_PARITY_11625_DATETIME_DATE_DATE_2024_PLUS_3_HOURS.rs,P0,memory,SQL_DATETIME,1332572,9802918,7.356389,-635.638900,true,3
231,00442,DML_WHERE_ORDER_LIMIT_055,SQLITE_PARITY_442_DML_WHERE_ORDER_LIMIT_055.rs,P1,memory,GEN_SQL_DML,1698516,12484144,7.350030,-635.003026,true,3
232,00613,JOIN_SUBQUERY_EXISTS_006,SQLITE_PARITY_613_JOIN_SUBQUERY_EXISTS_006.rs,P1,memory,GEN_SQL_JOIN_SUBQUERY,1589499,11678299,7.347157,-634.715719,true,3
233,00067,CASE_COALESCE_NULLIF_IIF,SQLITE_PARITY_067_CASE_COALESCE_NULLIF_IIF.rs,P0,memory,SQL_EXPRESSIONS,1494820,10982351,7.346939,-634.693876,true,3
234,11859,JSON_ARROW_D_3,SQLITE_PARITY_11859_JSON_ARROW_D_3.rs,P0,memory,SQL_JSON,1391234,10206773,7.336489,-633.648904,true,3
235,00045,REINDEX_COMMAND,SQLITE_PARITY_045_REINDEX_COMMAND.rs,P0,memory,SQL_REINDEX,1612002,11826028,7.336237,-633.623656,true,3
236,11636,DATETIME_TIME_DATE_2024_PLUS_10_SECONDS,SQLITE_PARITY_11636_DATETIME_TIME_DATE_2024_PLUS_10_SECONDS.rs,P0,memory,SQL_DATETIME,1351228,9900334,7.326916,-632.691596,true,3
237,00983,VIEW_TRIGGER_GENERATED_036,SQLITE_PARITY_983_VIEW_TRIGGER_GENERATED_036.rs,P2,memory,GEN_SQL_VIEW_TRIGGER,1832890,13425056,7.324529,-632.452902,true,3
238,11638,DATETIME_JULIANDAY_DATE_2024_PLUS_10_SECONDS,SQLITE_PARITY_11638_DATETIME_JULIANDAY_DATE_2024_PLUS_10_SECONDS.rs,P0,memory,SQL_DATETIME,1318025,9627376,7.304396,-630.439559,true,3
239,00059,AGGREGATE_FUNCTIONS_CORE,SQLITE_PARITY_059_AGGREGATE_FUNCTIONS_CORE.rs,P0,memory,SQL_FUNCTIONS,1654241,12082644,7.304041,-630.404095,true,3
240,11607,DATETIME_DATETIME_Y2K_UTC,SQLITE_PARITY_11607_DATETIME_DATETIME_Y2K_UTC.rs,P0,memory,SQL_DATETIME,1195243,8728504,7.302702,-630.270246,true,3
241,11579,DATETIME_STRFTIME_ISO_Y2K_PLUS_30_MINUTES,SQLITE_PARITY_11579_DATETIME_STRFTIME_ISO_Y2K_PLUS_30_MINUTES.rs,P0,memory,SQL_DATETIME,1445577,10553980,7.300877,-630.087709,true,3
242,11951,WIN_FIRST_VALUE_ROWS_CURRENT_UNBND_FOLL,SQLITE_PARITY_11951_WIN_FIRST_VALUE_ROWS_CURRENT_UNBND_FOLL.rs,P0,memory,SQL_WINDOW,1576354,11499300,7.294872,-629.487158,true,3
243,00166,DOT_SESSION_CATALOG,SQLITE_PARITY_166_DOT_SESSION_CATALOG.rs,P4,catalog,CLI_CATALOG,1198809,8743502,7.293490,-629.349046,true,3
244,00050,PRAGMA_TABLE_INFO_FUNCTION,SQLITE_PARITY_050_PRAGMA_TABLE_INFO_FUNCTION.rs,P0,memory,SQL_PRAGMA,1592856,11615941,7.292524,-629.252425,true,3
245,11809,JSON_JSON_EXTRACT_E,SQLITE_PARITY_11809_JSON_JSON_EXTRACT_E.rs,P0,memory,SQL_JSON,1503756,10952455,7.283399,-628.339904,true,3
246,11596,DATETIME_TIME_Y2K_START_OF_YEAR,SQLITE_PARITY_11596_DATETIME_TIME_Y2K_START_OF_YEAR.rs,P0,memory,SQL_DATETIME,1425108,10371084,7.277402,-627.740213,true,3
247,11645,DATETIME_DATE_DATE_2024_START_OF_MONTH,SQLITE_PARITY_11645_DATETIME_DATE_DATE_2024_START_OF_MONTH.rs,P0,memory,SQL_DATETIME,1226402,8923514,7.276174,-627.617372,true,3
248,00086,DATE_TIME_FUNCTIONS,SQLITE_PARITY_086_DATE_TIME_FUNCTIONS.rs,P0,memory,SQL_FUNCTIONS,1278471,9300176,7.274452,-627.445206,true,3
249,00171,OPT_HELP,SQLITE_PARITY_171_OPT_HELP.rs,P1,memory,CLI_OPTION,1163332,8456089,7.268853,-626.885274,true,3
250,11363,AFFINITY_NUMERIC_NULL_LIT,SQLITE_PARITY_11363_AFFINITY_NUMERIC_NULL_LIT.rs,P0,memory,SQL_TYPE_AFFINITY,1704376,12369778,7.257658,-625.765793,true,3
251,00109,DOT_MODE_JSON,SQLITE_PARITY_109_DOT_MODE_JSON.rs,P0,memory,CLI_DOT_COMMAND,1264814,9176052,7.254863,-625.486277,true,3
252,10529,AGGREGATE_COLLATE_NOCASE_DISTINCT,SQLITE_PARITY_10529_AGGREGATE_COLLATE_NOCASE_DISTINCT.rs,P0,memory,SQL_AGGREGATE_ADV,1544013,11191518,7.248331,-624.833146,true,3
253,11605,DATETIME_DATE_Y2K_UTC,SQLITE_PARITY_11605_DATETIME_DATE_Y2K_UTC.rs,P0,memory,SQL_DATETIME,1327223,9620083,7.248279,-624.827930,true,3
254,10519,GROUP_CONCAT_DELIMITER_ORDER_BY,SQLITE_PARITY_10519_GROUP_CONCAT_DELIMITER_ORDER_BY.rs,P0,memory,SQL_AGGREGATE_ADV,1651085,11957447,7.242175,-624.217530,true,3
255,11803,JSON_JSON_EXTRACT_A_B_0,SQLITE_PARITY_11803_JSON_JSON_EXTRACT_A_B_0.rs,P0,memory,SQL_JSON,1437772,10401672,7.234577,-623.457683,true,3
256,00016,UPDATE_RETURNING,SQLITE_PARITY_016_UPDATE_RETURNING.rs,P0,memory,SQL_UPDATE,1726047,12481410,7.231211,-623.121097,true,3
257,11676,DATETIME_TIME_UNIX_PLUS_1_YEAR,SQLITE_PARITY_11676_DATETIME_TIME_UNIX_PLUS_1_YEAR.rs,P0,memory,SQL_DATETIME,1306914,9448718,7.229793,-622.979324,true,3
258,00132,DOT_TRACE_STDOUT,SQLITE_PARITY_132_DOT_TRACE_STDOUT.rs,P2,memory,CLI_DOT_COMMAND_DIAGNOSTIC,1574531,11371157,7.221933,-622.193275,true,3
259,11652,DATETIME_DATETIME_DATE_2024_START_OF_YEAR,SQLITE_PARITY_11652_DATETIME_DATETIME_DATE_2024_START_OF_YEAR.rs,P0,memory,SQL_DATETIME,1307766,9433469,7.213423,-621.342274,true,3
260,00183,OPT_TABS_MODE,SQLITE_PARITY_183_OPT_TABS_MODE.rs,P2,memory,CLI_OPTION,1523966,10989445,7.211083,-621.108279,true,3
261,11604,DATETIME_STRFTIME_ISO_Y2K_WEEKDAY_0,SQLITE_PARITY_11604_DATETIME_STRFTIME_ISO_Y2K_WEEKDAY_0.rs,P0,memory,SQL_DATETIME,1331020,9587531,7.203146,-620.314571,true,3
262,10475,COMPOUND_EXCEPT,SQLITE_PARITY_10475_COMPOUND_EXCEPT.rs,P0,memory,SQL_COMPOUND,1447781,10409497,7.189967,-618.996658,true,3
263,00263,SCALAR_NULL_COALESCE_009,SQLITE_PARITY_263_SCALAR_NULL_COALESCE_009.rs,P1,memory,GEN_SQL_SCALAR,1401664,10075464,7.188216,-618.821629,true,3
264,11602,DATETIME_DATETIME_Y2K_WEEKDAY_0,SQLITE_PARITY_11602_DATETIME_DATETIME_Y2K_WEEKDAY_0.rs,P0,memory,SQL_DATETIME,1324838,9520915,7.186475,-618.647487,true,3
265,01095,INDEX_SCHEMA_PRAGMA_028,SQLITE_PARITY_1095_INDEX_SCHEMA_PRAGMA_028.rs,P2,memory,GEN_SQL_INDEX_PRAGMA,1508717,10840143,7.185008,-618.500753,true,3
266,10499,DERIVED_TABLE_IN_FROM_WITH_ALIAS,SQLITE_PARITY_10499_DERIVED_TABLE_IN_FROM_WITH_ALIAS.rs,P0,memory,SQL_SUBQUERY,1441679,10355785,7.183142,-618.314202,true,3
267,11817,JSON_JSON_TYPE_A_B_1_C,SQLITE_PARITY_11817_JSON_JSON_TYPE_A_B_1_C.rs,P0,memory,SQL_JSON,1477518,10609145,7.180383,-618.038291,true,3
268,11600,DATETIME_DATE_Y2K_WEEKDAY_0,SQLITE_PARITY_11600_DATETIME_DATE_Y2K_WEEKDAY_0.rs,P0,memory,SQL_DATETIME,1422113,10209428,7.179055,-617.905539,true,3
269,00311,SCALAR_NULL_COALESCE_021,SQLITE_PARITY_311_SCALAR_NULL_COALESCE_021.rs,P1,memory,GEN_SQL_SCALAR,1456637,10449874,7.173973,-617.397265,true,3
270,00246,SCALAR_STRING_005,SQLITE_PARITY_246_SCALAR_STRING_005.rs,P1,memory,GEN_SQL_SCALAR,1330108,9537106,7.170174,-617.017415,true,3
271,00024,SAVEPOINT_ROLLBACK_RELEASE,SQLITE_PARITY_024_SAVEPOINT_ROLLBACK_RELEASE.rs,P0,memory,SQL_SAVEPOINT,1481114,10609225,7.163004,-616.300366,true,3
272,00069,COLLATE_NOCASE_RTRIM_BINARY,SQLITE_PARITY_069_COLLATE_NOCASE_RTRIM_BINARY.rs,P0,memory,SQL_COLLATION,1496824,10717961,7.160468,-616.046843,true,3
273,11855,JSON_ARROW_D,SQLITE_PARITY_11855_JSON_ARROW_D.rs,P0,memory,SQL_JSON,1409779,10087087,7.155084,-615.508388,true,3
274,00143,DOT_QUIT,SQLITE_PARITY_143_DOT_QUIT.rs,P0,memory,CLI_DOT_COMMAND,1158964,8291868,7.154552,-615.455182,true,3
275,11670,DATETIME_DATE_UNIX_MINUS_1_MONTH,SQLITE_PARITY_11670_DATETIME_DATE_UNIX_MINUS_1_MONTH.rs,P0,memory,SQL_DATETIME,1297386,9254130,7.132904,-613.290416,true,3
276,11637,DATETIME_DATETIME_DATE_2024_PLUS_10_SECONDS,SQLITE_PARITY_11637_DATETIME_DATETIME_DATE_2024_PLUS_10_SECONDS.rs,P0,memory,SQL_DATETIME,1387507,9896606,7.132653,-613.265302,true,3
277,00105,CASE_SENSITIVE_LIKE_PRAGMA,SQLITE_PARITY_105_CASE_SENSITIVE_LIKE_PRAGMA.rs,P2,memory,SQL_PRAGMA,1850233,13167739,7.116800,-611.680042,true,3
278,01121,INDEX_SCHEMA_PRAGMA_054,SQLITE_PARITY_1121_INDEX_SCHEMA_PRAGMA_054.rs,P2,memory,GEN_SQL_INDEX_PRAGMA,1647429,11704388,7.104639,-610.463880,true,3
279,11505,DATETIME_DATE_EPOCH_MINUS_1_MONTH,SQLITE_PARITY_11505_DATETIME_DATE_EPOCH_MINUS_1_MONTH.rs,P0,memory,SQL_DATETIME,1549183,11005565,7.104109,-610.410907,true,3
280,11719,DATETIME_STRFTIME_ISO_UNIX_UTC,SQLITE_PARITY_11719_DATETIME_STRFTIME_ISO_UNIX_UTC.rs,P0,memory,SQL_DATETIME,1346710,9547545,7.089533,-608.953301,true,3
281,00087,DATE_TIMEDIFF_FUNCTION,SQLITE_PARITY_087_DATE_TIMEDIFF_FUNCTION.rs,P0,memory,SQL_FUNCTIONS,1444224,10238252,7.089103,-608.910252,true,3
282,00146,DOT_READ_TEMPFILE,SQLITE_PARITY_146_DOT_READ_TEMPFILE.rs,P1,tempfile,CLI_TEMPFILE,1700840,12048970,7.084129,-608.412902,true,3
283,00072,ORDER_BY_NULLS_FIRST_LAST,SQLITE_PARITY_072_ORDER_BY_NULLS_FIRST_LAST.rs,P0,memory,SQL_SELECT,1466586,10378789,7.076836,-607.683627,true,3
284,11582,DATETIME_DATETIME_Y2K_PLUS_10_SECONDS,SQLITE_PARITY_11582_DATETIME_DATETIME_Y2K_PLUS_10_SECONDS.rs,P0,memory,SQL_DATETIME,1490302,10535736,7.069531,-606.953087,true,3
285,11618,DATETIME_JULIANDAY_DATE_2024_MINUS_1_MONTH,SQLITE_PARITY_11618_DATETIME_JULIANDAY_DATE_2024_MINUS_1_MONTH.rs,P0,memory,SQL_DATETIME,1287899,9098786,7.064829,-606.482884,true,3
286,00253,SCALAR_CAST_TYPEOF_007,SQLITE_PARITY_253_SCALAR_CAST_TYPEOF_007.rs,P1,memory,GEN_SQL_SCALAR,1431901,10089812,7.046445,-604.644525,true,3
287,10281,FK_UPDATE_NO_ACTION_REJECTED,SQLITE_PARITY_10281_FK_UPDATE_NO_ACTION_REJECTED.rs,P0,memory,SQL_FOREIGN_KEYS,1751215,12323511,7.037121,-603.712051,true,3
288,00017,DELETE_BASIC,SQLITE_PARITY_017_DELETE_BASIC.rs,P0,memory,SQL_DELETE,1442521,10145407,7.033109,-603.310870,true,3
289,00114,DOT_PRINT,SQLITE_PARITY_114_DOT_PRINT.rs,P0,memory,CLI_DOT_COMMAND,1281065,9007452,7.031222,-603.122168,true,3
290,11348,AFFINITY_BLOB_INT_1,SQLITE_PARITY_11348_AFFINITY_BLOB_INT_1.rs,P0,memory,SQL_TYPE_AFFINITY,2039190,14273933,6.999805,-599.980531,true,3
291,10137,MODE_TCL_WITH_NEWLINE,SQLITE_PARITY_10137_MODE_TCL_WITH_NEWLINE.rs,P0,memory,CLI_OUTPUT_MODE,1528163,10688055,6.994054,-599.405430,true,3
292,11948,WIN_MAX_EXCL_TIES,SQLITE_PARITY_11948_WIN_MAX_EXCL_TIES.rs,P0,memory,SQL_WINDOW,1781753,12460611,6.993456,-599.345588,true,3
293,00026,FOREIGN_KEYS_CASCADE,SQLITE_PARITY_026_FOREIGN_KEYS_CASCADE.rs,P0,memory,SQL_FOREIGN_KEYS,1764160,12335884,6.992497,-599.249728,true,3
294,11655,DATETIME_DATE_DATE_2024_WEEKDAY_0,SQLITE_PARITY_11655_DATETIME_DATE_DATE_2024_WEEKDAY_0.rs,P0,memory,SQL_DATETIME,1286345,8994218,6.992073,-599.207289,true,3
295,11621,DATETIME_TIME_DATE_2024_PLUS_1_YEAR,SQLITE_PARITY_11621_DATETIME_TIME_DATE_2024_PLUS_1_YEAR.rs,P0,memory,SQL_DATETIME,1280153,8945966,6.988201,-598.820063,true,3
296,11736,DATETIME_TIME_UNIX_BASE,SQLITE_PARITY_11736_DATETIME_TIME_UNIX_BASE.rs,P0,memory,SQL_DATETIME,1365104,9535032,6.984839,-598.483925,true,3
297,11721,DATETIME_TIME_EPOCH_BASE,SQLITE_PARITY_11721_DATETIME_TIME_EPOCH_BASE.rs,P0,memory,SQL_DATETIME,1427542,9969433,6.983636,-598.363551,true,3
298,11603,DATETIME_JULIANDAY_Y2K_WEEKDAY_0,SQLITE_PARITY_11603_DATETIME_JULIANDAY_Y2K_WEEKDAY_0.rs,P0,memory,SQL_DATETIME,1280744,8940777,6.980924,-598.092437,true,3
299,00078,ON_CONFLICT_ALGORITHMS,SQLITE_PARITY_078_ON_CONFLICT_ALGORITHMS.rs,P0,memory,SQL_CONFLICT,1702193,11868820,6.972664,-597.266409,true,3
300,11426,STRING_QUOTE_1,SQLITE_PARITY_11426_STRING_QUOTE_1.rs,P0,memory,SQL_STRING,1392767,9705494,6.968498,-596.849796,true,3
301,12012,PRAGMA_DATA_VERSION,SQLITE_PARITY_12012_PRAGMA_DATA_VERSION.rs,P1,memory,SQL_PRAGMA,1373821,9572863,6.968057,-596.805697,true,3
302,11816,JSON_JSON_TYPE_A_B_1,SQLITE_PARITY_11816_JSON_JSON_TYPE_A_B_1.rs,P0,memory,SQL_JSON,1339827,9335233,6.967491,-596.749133,true,3
303,11696,DATETIME_TIME_UNIX_START_OF_DAY,SQLITE_PARITY_11696_DATETIME_TIME_UNIX_START_OF_DAY.rs,P0,memory,SQL_DATETIME,1395422,9721724,6.966870,-596.687024,true,3
304,11950,WIN_FIRST_VALUE_ROWS_UNBND_PREC_CURRENT,SQLITE_PARITY_11950_WIN_FIRST_VALUE_ROWS_UNBND_PREC_CURRENT.rs,P0,memory,SQL_WINDOW,1577276,10976150,6.958928,-595.892792,true,3
305,11576,DATETIME_TIME_Y2K_PLUS_30_MINUTES,SQLITE_PARITY_11576_DATETIME_TIME_Y2K_PLUS_30_MINUTES.rs,P0,memory,SQL_DATETIME,1362720,9469688,6.949108,-594.910767,true,3
306,11680,DATETIME_DATE_UNIX_PLUS_3_HOURS,SQLITE_PARITY_11680_DATETIME_DATE_UNIX_PLUS_3_HOURS.rs,P0,memory,SQL_DATETIME,1327092,9218342,6.946272,-594.627200,true,3
307,11650,DATETIME_DATE_DATE_2024_START_OF_YEAR,SQLITE_PARITY_11650_DATETIME_DATE_DATE_2024_START_OF_YEAR.rs,P0,memory,SQL_DATETIME,1361708,9456723,6.944751,-594.475100,true,3
308,11601,DATETIME_TIME_Y2K_WEEKDAY_0,SQLITE_PARITY_11601_DATETIME_TIME_Y2K_WEEKDAY_0.rs,P0,memory,SQL_DATETIME,1443683,10022765,6.942497,-594.249707,true,3
309,11598,DATETIME_JULIANDAY_Y2K_START_OF_YEAR,SQLITE_PARITY_11598_DATETIME_JULIANDAY_Y2K_START_OF_YEAR.rs,P0,memory,SQL_DATETIME,1506402,10456195,6.941172,-594.117175,true,3
310,11622,DATETIME_DATETIME_DATE_2024_PLUS_1_YEAR,SQLITE_PARITY_11622_DATETIME_DATETIME_DATE_2024_PLUS_1_YEAR.rs,P0,memory,SQL_DATETIME,1277769,8868970,6.940981,-594.098072,true,3
311,11594,DATETIME_STRFTIME_ISO_Y2K_START_OF_MONTH,SQLITE_PARITY_11594_DATETIME_STRFTIME_ISO_Y2K_START_OF_MONTH.rs,P0,memory,SQL_DATETIME,1506452,10451477,6.937810,-593.780950,true,3
312,00099,CLI_UINT_COLLATION_OPTIONAL,SQLITE_PARITY_099_CLI_UINT_COLLATION_OPTIONAL.rs,P3,memory,CLI_EXTENSION_OPTIONAL,1505821,10444934,6.936372,-593.637159,true,3
313,11738,DATETIME_JULIANDAY_UNIX_BASE,SQLITE_PARITY_11738_DATETIME_JULIANDAY_UNIX_BASE.rs,P0,memory,SQL_DATETIME,1490442,10321491,6.925121,-592.512087,true,3
314,11580,DATETIME_DATE_Y2K_PLUS_10_SECONDS,SQLITE_PARITY_11580_DATETIME_DATE_Y2K_PLUS_10_SECONDS.rs,P0,memory,SQL_DATETIME,1266939,8772749,6.924366,-592.436574,true,3
315,11724,DATETIME_STRFTIME_ISO_EPOCH_BASE,SQLITE_PARITY_11724_DATETIME_STRFTIME_ISO_EPOCH_BASE.rs,P0,memory,SQL_DATETIME,1464583,10140888,6.924079,-592.407873,true,3
316,11901,WIN_SUM_ROWS_CURRENT_UNBND_FOLL,SQLITE_PARITY_11901_WIN_SUM_ROWS_CURRENT_UNBND_FOLL.rs,P0,memory,SQL_WINDOW,1638372,11306274,6.900920,-590.091994,true,3
317,11634,DATETIME_STRFTIME_ISO_DATE_2024_PLUS_30_MINUTES,SQLITE_PARITY_11634_DATETIME_STRFTIME_ISO_DATE_2024_PLUS_30_MINUTES.rs,P0,memory,SQL_DATETIME,1379111,9516777,6.900661,-590.066064,true,3
318,11701,DATETIME_TIME_UNIX_START_OF_MONTH,SQLITE_PARITY_11701_DATETIME_TIME_UNIX_START_OF_MONTH.rs,P0,memory,SQL_DATETIME,1400962,9665097,6.898900,-589.890018,true,3
319,00127,DOT_LIMIT,SQLITE_PARITY_127_DOT_LIMIT.rs,P0,memory,CLI_DOT_COMMAND,1331881,9170782,6.885587,-588.558663,true,3
320,10124,MODE_CSV_HEADERS_ON,SQLITE_PARITY_10124_MODE_CSV_HEADERS_ON.rs,P0,memory,CLI_OUTPUT_MODE,1492465,10271185,6.882027,-588.202738,true,3
321,11723,DATETIME_JULIANDAY_EPOCH_BASE,SQLITE_PARITY_11723_DATETIME_JULIANDAY_EPOCH_BASE.rs,P0,memory,SQL_DATETIME,1366528,9389946,6.871389,-587.138939,true,3
322,11685,DATETIME_DATE_UNIX_PLUS_30_MINUTES,SQLITE_PARITY_11685_DATETIME_DATE_UNIX_PLUS_30_MINUTES.rs,P0,memory,SQL_DATETIME,1335609,9174148,6.868888,-586.888753,true,3
323,11630,DATETIME_DATE_DATE_2024_PLUS_30_MINUTES,SQLITE_PARITY_11630_DATETIME_DATE_DATE_2024_PLUS_30_MINUTES.rs,P0,memory,SQL_DATETIME,1290673,8864072,6.867791,-586.779068,true,3
324,11726,DATETIME_TIME_Y2K_BASE,SQLITE_PARITY_11726_DATETIME_TIME_Y2K_BASE.rs,P0,memory,SQL_DATETIME,1536599,10544884,6.862483,-586.248266,true,3
325,12017,PRAGMA_SOFT_HEAP_LIMIT,SQLITE_PARITY_12017_PRAGMA_SOFT_HEAP_LIMIT.rs,P1,memory,SQL_PRAGMA,1440487,9885024,6.862279,-586.227922,true,3
326,11444,STRING_INSTR_ABCDEF_CD,SQLITE_PARITY_11444_STRING_INSTR_ABCDEF_CD.rs,P0,memory,SQL_STRING,1253192,8595733,6.859071,-585.907108,true,3
327,00217,DETACH_DATABASE_SYNTAX,SQLITE_PARITY_217_DETACH_DATABASE_SYNTAX.rs,P0,memory,SQL_ATTACH,1690671,11589621,6.855042,-585.504217,true,3
328,11660,DATETIME_DATE_DATE_2024_UTC,SQLITE_PARITY_11660_DATETIME_DATE_DATE_2024_UTC.rs,P0,memory,SQL_DATETIME,1423645,9757072,6.853585,-585.358499,true,3
329,00174,OPT_CSV_MODE,SQLITE_PARITY_174_OPT_CSV_MODE.rs,P1,memory,CLI_OPTION,1409369,9657383,6.852274,-585.227432,true,3
330,11633,DATETIME_JULIANDAY_DATE_2024_PLUS_30_MINUTES,SQLITE_PARITY_11633_DATETIME_JULIANDAY_DATE_2024_PLUS_30_MINUTES.rs,P0,memory,SQL_DATETIME,1341079,9175571,6.841932,-584.193176,true,3
331,10486,COMPOUND_ORDER_BY_ORDINAL,SQLITE_PARITY_10486_COMPOUND_ORDER_BY_ORDINAL.rs,P0,memory,SQL_COMPOUND,1390342,9505335,6.836688,-583.668838,true,3
332,00188,OPT_HEADER,SQLITE_PARITY_188_OPT_HEADER.rs,P1,memory,CLI_OPTION,1385053,9466371,6.834663,-583.466337,true,3
333,11815,JSON_JSON_TYPE_A_B_0,SQLITE_PARITY_11815_JSON_JSON_TYPE_A_B_0.rs,P0,memory,SQL_JSON,1347230,9205127,6.832632,-583.263214,true,3
334,11609,DATETIME_STRFTIME_ISO_Y2K_UTC,SQLITE_PARITY_11609_DATETIME_STRFTIME_ISO_Y2K_UTC.rs,P0,memory,SQL_DATETIME,1539635,10509807,6.826168,-582.616789,true,3
335,11620,DATETIME_DATE_DATE_2024_PLUS_1_YEAR,SQLITE_PARITY_11620_DATETIME_DATE_DATE_2024_PLUS_1_YEAR.rs,P0,memory,SQL_DATETIME,1380223,9416637,6.822548,-582.254752,true,3
336,00702,JOIN_SUBQUERY_EXISTS_095,SQLITE_PARITY_702_JOIN_SUBQUERY_EXISTS_095.rs,P1,memory,GEN_SQL_JOIN_SUBQUERY,1877174,12793670,6.815388,-581.538845,true,3
337,11641,DATETIME_TIME_DATE_2024_START_OF_DAY,SQLITE_PARITY_11641_DATETIME_TIME_DATE_2024_START_OF_DAY.rs,P0,memory,SQL_DATETIME,1404429,9567002,6.812023,-581.202254,true,3
338,00696,JOIN_SUBQUERY_EXISTS_089,SQLITE_PARITY_696_JOIN_SUBQUERY_EXISTS_089.rs,P1,memory,GEN_SQL_JOIN_SUBQUERY,1987723,13523863,6.803696,-580.369599,true,3
339,11342,AFFINITY_VARCHAR_8_REAL_HALF,SQLITE_PARITY_11342_AFFINITY_VARCHAR_8_REAL_HALF.rs,P0,memory,SQL_TYPE_AFFINITY,1446729,9838817,6.800733,-580.073255,true,3
340,11849,JSON_ARROW_A_B_0,SQLITE_PARITY_11849_JSON_ARROW_A_B_0.rs,P0,memory,SQL_JSON,1333255,9062947,6.797610,-579.760961,true,3
341,11632,DATETIME_DATETIME_DATE_2024_PLUS_30_MINUTES,SQLITE_PARITY_11632_DATETIME_DATETIME_DATE_2024_PLUS_30_MINUTES.rs,P0,memory,SQL_DATETIME,1317104,8948901,6.794377,-579.437691,true,3
342,00271,SCALAR_NULL_COALESCE_011,SQLITE_PARITY_271_SCALAR_NULL_COALESCE_011.rs,P1,memory,GEN_SQL_SCALAR,1333494,9059361,6.793702,-579.370211,true,3
343,00796,WINDOW_PARTITION_SUM_009,SQLITE_PARITY_796_WINDOW_PARTITION_SUM_009.rs,P2,memory,GEN_SQL_WINDOW,1512514,10251157,6.777562,-577.756173,true,3
344,00715,CTE_RECURSIVE_MATRIX_008,SQLITE_PARITY_715_CTE_RECURSIVE_MATRIX_008.rs,P1,memory,GEN_SQL_CTE,1598998,10832247,6.774397,-577.439684,true,3
345,11614,DATETIME_STRFTIME_ISO_DATE_2024_PLUS_5_DAYS,SQLITE_PARITY_11614_DATETIME_STRFTIME_ISO_DATE_2024_PLUS_5_DAYS.rs,P0,memory,SQL_DATETIME,1264665,8566668,6.773863,-577.386343,true,3
346,00034,EXPRESSION_INDEX,SQLITE_PARITY_034_EXPRESSION_INDEX.rs,P0,memory,SQL_INDEX,1601732,10842657,6.769333,-576.933282,true,3
347,00200,OPT_HEAP,SQLITE_PARITY_200_OPT_HEAP.rs,P4,memory,CLI_OPTION,1429948,9679725,6.769285,-576.928462,true,3
348,00031,CREATE_INDEX,SQLITE_PARITY_031_CREATE_INDEX.rs,P0,memory,SQL_INDEX,1552329,10506921,6.768489,-576.848851,true,3
349,00027,FOREIGN_KEY_FAILURE,SQLITE_PARITY_027_FOREIGN_KEY_FAILURE.rs,P0,memory,SQL_FOREIGN_KEYS_NEGATIVE,1723863,11659263,6.763451,-576.345104,true,3
350,11666,DATETIME_TIME_UNIX_PLUS_5_DAYS,SQLITE_PARITY_11666_DATETIME_TIME_UNIX_PLUS_5_DAYS.rs,P0,memory,SQL_DATETIME,1386465,9373676,6.760846,-576.084575,true,3
351,11640,DATETIME_DATE_DATE_2024_START_OF_DAY,SQLITE_PARITY_11640_DATETIME_DATE_DATE_2024_START_OF_DAY.rs,P0,memory,SQL_DATETIME,1325660,8958290,6.757608,-575.760753,true,3
352,00177,OPT_JSON_MODE,SQLITE_PARITY_177_OPT_JSON_MODE.rs,P1,memory,CLI_OPTION,1435618,9700545,6.757052,-575.705167,true,3
353,11926,WIN_COUNT_EXCL_CURRENT_ROW,SQLITE_PARITY_11926_WIN_COUNT_EXCL_CURRENT_ROW.rs,P0,memory,SQL_WINDOW,1656015,11174265,6.747683,-574.768344,true,3
354,11583,DATETIME_JULIANDAY_Y2K_PLUS_10_SECONDS,SQLITE_PARITY_11583_DATETIME_JULIANDAY_Y2K_PLUS_10_SECONDS.rs,P0,memory,SQL_DATETIME,1563210,10536678,6.740411,-574.041108,true,3
355,12008,PRAGMA_CHECKPOINT_FULLFSYNC,SQLITE_PARITY_12008_PRAGMA_CHECKPOINT_FULLFSYNC.rs,P1,memory,SQL_PRAGMA,1296715,8739525,6.739742,-573.974235,true,3
356,12024,PRAGMA_SET_CACHE_SIZE_2000,SQLITE_PARITY_12024_PRAGMA_SET_CACHE_SIZE_2000.rs,P1,memory,SQL_PRAGMA,1321903,8904638,6.736226,-573.622649,true,3
357,11964,WIN_LAST_VALUE_RANGE_UNBND_PREC_CURRENT,SQLITE_PARITY_11964_WIN_LAST_VALUE_RANGE_UNBND_PREC_CURRENT.rs,P0,memory,SQL_WINDOW,1560815,10511671,6.734732,-573.473218,true,3
358,00123,DOT_ECHO,SQLITE_PARITY_123_DOT_ECHO.rs,P0,memory,CLI_DOT_COMMAND,1348703,9078317,6.731146,-573.114615,true,3
359,11808,JSON_JSON_EXTRACT_D_3,SQLITE_PARITY_11808_JSON_JSON_EXTRACT_D_3.rs,P0,memory,SQL_JSON,1508336,10151138,6.730024,-573.002434,true,3
360,00224,OPT_STATS,SQLITE_PARITY_224_OPT_STATS.rs,P3,memory,CLI_OPTION_DIAGNOSTIC,1636047,11000966,6.724114,-572.411367,true,3
361,12025,PRAGMA_SET_PAGE_SIZE_4096,SQLITE_PARITY_12025_PRAGMA_SET_PAGE_SIZE_4096.rs,P1,memory,SQL_PRAGMA,1185024,7960561,6.717637,-571.763694,true,3
362,11832,JSON_JSON_ARRAY_LENGTH_D_3,SQLITE_PARITY_11832_JSON_JSON_ARRAY_LENGTH_D_3.rs,P0,memory,SQL_JSON,1378841,9251294,6.709471,-570.947122,true,3
363,00624,JOIN_SUBQUERY_EXISTS_017,SQLITE_PARITY_624_JOIN_SUBQUERY_EXISTS_017.rs,P1,memory,GEN_SQL_JOIN_SUBQUERY,1820547,12200177,6.701380,-570.137986,true,3
364,11613,DATETIME_JULIANDAY_DATE_2024_PLUS_5_DAYS,SQLITE_PARITY_11613_DATETIME_JULIANDAY_DATE_2024_PLUS_5_DAYS.rs,P0,memory,SQL_DATETIME,1317925,8831299,6.700912,-570.091166,true,3
365,11812,JSON_JSON_TYPE_,SQLITE_PARITY_11812_JSON_JSON_TYPE_.rs,P0,memory,SQL_JSON,1437802,9623469,6.693181,-569.318098,true,3
366,11587,DATETIME_DATETIME_Y2K_START_OF_DAY,SQLITE_PARITY_11587_DATETIME_DATETIME_Y2K_START_OF_DAY.rs,P0,memory,SQL_DATETIME,1601912,10709425,6.685402,-568.540157,true,3
367,11810,JSON_JSON_EXTRACT_MISSING,SQLITE_PARITY_11810_JSON_JSON_EXTRACT_MISSING.rs,P0,memory,SQL_JSON,1445867,9660759,6.681637,-568.163738,true,3
368,00984,VIEW_TRIGGER_GENERATED_037,SQLITE_PARITY_984_VIEW_TRIGGER_GENERATED_037.rs,P2,memory,GEN_SQL_VIEW_TRIGGER,1685982,11260649,6.678985,-567.898530,true,3
369,10521,GROUP_BY_HAVING_AGGREGATE,SQLITE_PARITY_10521_GROUP_BY_HAVING_AGGREGATE.rs,P0,memory,SQL_AGGREGATE_ADV,1290443,8603237,6.666886,-566.688649,true,3
370,00251,SCALAR_NULL_COALESCE_006,SQLITE_PARITY_251_SCALAR_NULL_COALESCE_006.rs,P1,memory,GEN_SQL_SCALAR,1340147,8920388,6.656276,-565.627577,true,3
371,00015,UPDATE_BASIC,SQLITE_PARITY_015_UPDATE_BASIC.rs,P0,memory,SQL_UPDATE,1552349,10330087,6.654487,-565.448749,true,3
372,11357,AFFINITY_NUMERIC_INT_BIG,SQLITE_PARITY_11357_AFFINITY_NUMERIC_INT_BIG.rs,P0,memory,SQL_TYPE_AFFINITY,1714887,11391316,6.642604,-564.260444,true,3
373,00142,DOT_EXIT_CODE,SQLITE_PARITY_142_DOT_EXIT_CODE.rs,P0,memory,CLI_DOT_COMMAND,1447300,9604924,6.636443,-563.644303,true,3
374,11606,DATETIME_TIME_Y2K_UTC,SQLITE_PARITY_11606_DATETIME_TIME_Y2K_UTC.rs,P0,memory,SQL_DATETIME,1282679,8508789,6.633607,-563.360747,true,3
375,12009,PRAGMA_AUTO_VACUUM,SQLITE_PARITY_12009_PRAGMA_AUTO_VACUUM.rs,P1,memory,SQL_PRAGMA,1277469,8470386,6.630600,-563.060004,true,3
376,00040,INSTEAD_OF_TRIGGER_ON_VIEW,SQLITE_PARITY_040_INSTEAD_OF_TRIGGER_ON_VIEW.rs,P0,memory,SQL_TRIGGER,1703806,11285716,6.623827,-562.382689,true,3
377,11503,DATETIME_JULIANDAY_EPOCH_PLUS_5_DAYS,SQLITE_PARITY_11503_DATETIME_JULIANDAY_EPOCH_PLUS_5_DAYS.rs,P0,memory,SQL_DATETIME,1352561,8958620,6.623450,-562.344989,true,3
378,00176,OPT_LINE_MODE,SQLITE_PARITY_176_OPT_LINE_MODE.rs,P2,memory,CLI_OPTION,1479862,9798390,6.621151,-562.115116,true,3
379,00002,LITERALS_AND_TYPEOF,SQLITE_PARITY_002_LITERALS_AND_TYPEOF.rs,P0,memory,SQL_EXPRESSIONS,1448533,9589394,6.620073,-562.007286,true,3
380,12037,PRAGMA_SET_ENCODING_UTF_8,SQLITE_PARITY_12037_PRAGMA_SET_ENCODING_UTF_8.rs,P1,memory,SQL_PRAGMA,1361517,9012092,6.619155,-561.915496,true,3
381,11663,DATETIME_JULIANDAY_DATE_2024_UTC,SQLITE_PARITY_11663_DATETIME_JULIANDAY_DATE_2024_UTC.rs,P0,memory,SQL_DATETIME,1325490,8762198,6.610535,-561.053497,true,3
382,00180,OPT_BOX_MODE,SQLITE_PARITY_180_OPT_BOX_MODE.rs,P2,memory,CLI_OPTION,1505871,9944076,6.603538,-560.353775,true,3
383,11944,WIN_MAX_RANGE_UNBND_PREC_CURRENT,SQLITE_PARITY_11944_WIN_MAX_RANGE_UNBND_PREC_CURRENT.rs,P0,memory,SQL_WINDOW,1598897,10554833,6.601321,-560.132141,true,3
384,00145,DOT_SCANSTATS,SQLITE_PARITY_145_DOT_SCANSTATS.rs,P3,memory,CLI_DOT_COMMAND_DIAGNOSTIC,1575282,10398806,6.601235,-560.123457,true,3
385,00089,JSON_TABLE_VALUED_FUNCTIONS,SQLITE_PARITY_089_JSON_TABLE_VALUED_FUNCTIONS.rs,P0,memory,SQL_JSON,1503777,9923417,6.598995,-559.899506,true,3
386,11608,DATETIME_JULIANDAY_Y2K_UTC,SQLITE_PARITY_11608_DATETIME_JULIANDAY_Y2K_UTC.rs,P0,memory,SQL_DATETIME,1351609,8915929,6.596530,-559.652977,true,3
387,11806,JSON_JSON_EXTRACT_D,SQLITE_PARITY_11806_JSON_JSON_EXTRACT_D.rs,P0,memory,SQL_JSON,1519667,10022945,6.595488,-559.548770,true,3
388,11624,DATETIME_STRFTIME_ISO_DATE_2024_PLUS_1_YEAR,SQLITE_PARITY_11624_DATETIME_STRFTIME_ISO_DATE_2024_PLUS_1_YEAR.rs,P0,memory,SQL_DATETIME,1485933,9796797,6.593027,-559.302741,true,3
389,00062,WINDOW_FRAMES_ROWS,SQLITE_PARITY_062_WINDOW_FRAMES_ROWS.rs,P0,memory,SQL_WINDOW,1750734,11538715,6.590787,-559.078706,true,3
390,11595,DATETIME_DATE_Y2K_START_OF_YEAR,SQLITE_PARITY_11595_DATETIME_DATE_Y2K_START_OF_YEAR.rs,P0,memory,SQL_DATETIME,1399670,9224674,6.590606,-559.060636,true,3
391,00074,NOT_INDEXED,SQLITE_PARITY_074_NOT_INDEXED.rs,P0,memory,SQL_INDEX,1512834,9949676,6.576846,-557.684584,true,3
392,00112,DOT_SEPARATOR,SQLITE_PARITY_112_DOT_SEPARATOR.rs,P0,memory,CLI_DOT_COMMAND,1448372,9522348,6.574518,-557.451815,true,3
393,00065,CTE_RECURSIVE,SQLITE_PARITY_065_CTE_RECURSIVE.rs,P0,memory,SQL_CTE,1831718,12041677,6.573980,-557.397973,true,3
394,00179,OPT_MARKDOWN_MODE,SQLITE_PARITY_179_OPT_MARKDOWN_MODE.rs,P2,memory,CLI_OPTION,1476435,9697709,6.568328,-556.832776,true,3
395,11699,DATETIME_STRFTIME_ISO_UNIX_START_OF_DAY,SQLITE_PARITY_11699_DATETIME_STRFTIME_ISO_UNIX_START_OF_DAY.rs,P0,memory,SQL_DATETIME,1415219,9292903,6.566406,-556.640633,true,3
396,11952,WIN_FIRST_VALUE_ROWS_1_PREC_1_FOLL,SQLITE_PARITY_11952_WIN_FIRST_VALUE_ROWS_1_PREC_1_FOLL.rs,P0,memory,SQL_WINDOW,1715548,11262222,6.564796,-556.479562,true,3
397,11628,DATETIME_JULIANDAY_DATE_2024_PLUS_3_HOURS,SQLITE_PARITY_11628_DATETIME_JULIANDAY_DATE_2024_PLUS_3_HOURS.rs,P0,memory,SQL_DATETIME,1382508,9065703,6.557433,-555.743258,true,3
398,11421,STRING_TRIM_,SQLITE_PARITY_11421_STRING_TRIM_.rs,P0,memory,SQL_STRING,1479591,9701036,6.556566,-555.656597,true,3
399,11610,DATETIME_DATE_DATE_2024_PLUS_5_DAYS,SQLITE_PARITY_11610_DATETIME_DATE_DATE_2024_PLUS_5_DAYS.rs,P0,memory,SQL_DATETIME,1334135,8739676,6.550818,-555.081832,true,3
400,00103,WINDOW_NAMED_WINDOW,SQLITE_PARITY_103_WINDOW_NAMED_WINDOW.rs,P0,memory,SQL_WINDOW,1543162,10103006,6.546951,-554.695100,true,3
401,00178,OPT_HTML_MODE,SQLITE_PARITY_178_OPT_HTML_MODE.rs,P2,memory,CLI_OPTION,1532762,10033846,6.546252,-554.625180,true,3
402,10485,COMPOUND_DISTINCT_INSIDE_VS_UNION,SQLITE_PARITY_10485_COMPOUND_DISTINCT_INSIDE_VS_UNION.rs,P0,memory,SQL_COMPOUND,1653671,10822699,6.544651,-554.465066,true,3
403,10446,JOIN_LEFT_PRESERVES_NULL,SQLITE_PARITY_10446_JOIN_LEFT_PRESERVES_NULL.rs,P0,memory,SQL_JOIN,1666696,10904554,6.542617,-554.261725,true,3
404,11857,JSON_ARROW_D_0,SQLITE_PARITY_11857_JSON_ARROW_D_0.rs,P0,memory,SQL_JSON,1314970,8601645,6.541324,-554.132414,true,3
405,11616,DATETIME_TIME_DATE_2024_MINUS_1_MONTH,SQLITE_PARITY_11616_DATETIME_TIME_DATE_2024_MINUS_1_MONTH.rs,P0,memory,SQL_DATETIME,1379451,9021920,6.540225,-554.022506,true,3
406,12002,PRAGMA_PAGE_SIZE,SQLITE_PARITY_12002_PRAGMA_PAGE_SIZE.rs,P1,memory,SQL_PRAGMA,1266387,8277271,6.536131,-553.613074,true,3
407,10186,DOT_EXIT_TERMINATES,SQLITE_PARITY_10186_DOT_EXIT_TERMINATES.rs,P0,memory,CLI_DOT_COMMAND,1601773,10462397,6.531760,-553.176012,true,3
408,00035,DROP_INDEX,SQLITE_PARITY_035_DROP_INDEX.rs,P0,memory,SQL_DROP,1568169,10241889,6.531113,-553.111304,true,3
409,11822,JSON_JSON_TYPE_MISSING,SQLITE_PARITY_11822_JSON_JSON_TYPE_MISSING.rs,P0,memory,SQL_JSON,1466186,9573465,6.529502,-552.950240,true,3
410,00120,DOT_EXPLAIN,SQLITE_PARITY_120_DOT_EXPLAIN.rs,P0,memory,CLI_DOT_COMMAND,1493548,9744959,6.524704,-552.470426,true,3
411,00012,INSERT_DEFAULT_VALUES,SQLITE_PARITY_012_INSERT_DEFAULT_VALUES.rs,P0,memory,SQL_INSERT,1485853,9693421,6.523809,-552.380888,true,3
412,11611,DATETIME_TIME_DATE_2024_PLUS_5_DAYS,SQLITE_PARITY_11611_DATETIME_TIME_DATE_2024_PLUS_5_DAYS.rs,P0,memory,SQL_DATETIME,1322974,8628215,6.521833,-552.183263,true,3
413,11626,DATETIME_TIME_DATE_2024_PLUS_3_HOURS,SQLITE_PARITY_11626_DATETIME_TIME_DATE_2024_PLUS_3_HOURS.rs,P0,memory,SQL_DATETIME,1364263,8896974,6.521451,-552.145078,true,3
414,12007,PRAGMA_FULLFSYNC,SQLITE_PARITY_12007_PRAGMA_FULLFSYNC.rs,P1,memory,SQL_PRAGMA,1507424,9829640,6.520820,-552.081962,true,3
415,00005,UNIQUE_CONSTRAINT_FAILURE,SQLITE_PARITY_005_UNIQUE_CONSTRAINT_FAILURE.rs,P0,memory,SQL_CONSTRAINTS_NEGATIVE,1657698,10789226,6.508559,-550.855946,true,3
416,11353,AFFINITY_BLOB_TEXT_BARE,SQLITE_PARITY_11353_AFFINITY_BLOB_TEXT_BARE.rs,P0,memory,SQL_TYPE_AFFINITY,1615759,10512121,6.505996,-550.599563,true,3
417,11642,DATETIME_DATETIME_DATE_2024_START_OF_DAY,SQLITE_PARITY_11642_DATETIME_DATETIME_DATE_2024_START_OF_DAY.rs,P0,memory,SQL_DATETIME,1354605,8812624,6.505678,-550.567804,true,3
418,00793,WINDOW_PARTITION_SUM_006,SQLITE_PARITY_793_WINDOW_PARTITION_SUM_006.rs,P2,memory,GEN_SQL_WINDOW,1716810,11138517,6.487915,-548.791480,true,3
419,11631,DATETIME_TIME_DATE_2024_PLUS_30_MINUTES,SQLITE_PARITY_11631_DATETIME_TIME_DATE_2024_PLUS_30_MINUTES.rs,P0,memory,SQL_DATETIME,1352090,8769993,6.486249,-548.624944,true,3
420,11845,JSON_ARROW_A,SQLITE_PARITY_11845_JSON_ARROW_A.rs,P0,memory,SQL_JSON,1430979,9269979,6.478068,-547.806781,true,3
421,11840,JSON_QUOTE_STR,SQLITE_PARITY_11840_JSON_QUOTE_STR.rs,P0,memory,SQL_JSON,1415600,9165943,6.474953,-547.495267,true,3
422,11619,DATETIME_STRFTIME_ISO_DATE_2024_MINUS_1_MONTH,SQLITE_PARITY_11619_DATETIME_STRFTIME_ISO_DATE_2024_MINUS_1_MONTH.rs,P0,memory,SQL_DATETIME,1355426,8771867,6.471668,-547.166795,true,3
423,11671,DATETIME_TIME_UNIX_MINUS_1_MONTH,SQLITE_PARITY_11671_DATETIME_TIME_UNIX_MINUS_1_MONTH.rs,P0,memory,SQL_DATETIME,1438803,9311348,6.471593,-547.159340,true,3
424,11929,WIN_COUNT_EXCL_NO_OTHERS,SQLITE_PARITY_11929_WIN_COUNT_EXCL_NO_OTHERS.rs,P0,memory,SQL_WINDOW,1623924,10501732,6.466886,-546.688638,true,3
425,11431,STRING_UNICODE_,SQLITE_PARITY_11431_STRING_UNICODE_.rs,P0,memory,SQL_STRING,1465634,9477192,6.466275,-546.627466,true,3
426,12006,PRAGMA_SYNCHRONOUS,SQLITE_PARITY_12006_PRAGMA_SYNCHRONOUS.rs,P1,memory,SQL_PRAGMA,1305872,8439928,6.463059,-546.305917,true,3
427,12004,PRAGMA_CACHE_SIZE,SQLITE_PARITY_12004_PRAGMA_CACHE_SIZE.rs,P1,memory,SQL_PRAGMA,1438684,9287122,6.455290,-545.528970,true,3
428,00244,SCALAR_ARITH_005,SQLITE_PARITY_244_SCALAR_ARITH_005.rs,P1,memory,GEN_SQL_SCALAR,1471886,9499765,6.454145,-545.414455,true,3
429,11844,JSON_DARROW_,SQLITE_PARITY_11844_JSON_DARROW_.rs,P0,memory,SQL_JSON,1407455,9078497,6.450293,-545.029290,true,3
430,11833,JSON_JSON_ARRAY_LENGTH_E,SQLITE_PARITY_11833_JSON_JSON_ARRAY_LENGTH_E.rs,P0,memory,SQL_JSON,1427924,9203644,6.445472,-544.547189,true,3
431,11442,STRING_SUBSTRING_ABCDEF_2_3,SQLITE_PARITY_11442_STRING_SUBSTRING_ABCDEF_2_3.rs,P0,memory,SQL_STRING,1310100,8443225,6.444718,-544.471796,true,3
432,11835,JSON_JSON_ARRAY_LENGTH_A_B_99,SQLITE_PARITY_11835_JSON_JSON_ARRAY_LENGTH_A_B_99.rs,P0,memory,SQL_JSON,1474491,9491048,6.436830,-543.683007,true,3
433,00187,OPT_NULLVALUE,SQLITE_PARITY_187_OPT_NULLVALUE.rs,P1,memory,CLI_OPTION,1460875,9398673,6.433592,-543.359151,true,3
434,00014,INSERT_RETURNING,SQLITE_PARITY_014_INSERT_RETURNING.rs,P0,memory,SQL_INSERT,1677495,10771662,6.421278,-542.127816,true,3
435,11862,JSON_DARROW_E,SQLITE_PARITY_11862_JSON_DARROW_E.rs,P0,memory,SQL_JSON,1367028,8777157,6.420612,-542.061245,true,3
436,12019,PRAGMA_ANALYSIS_LIMIT,SQLITE_PARITY_12019_PRAGMA_ANALYSIS_LIMIT.rs,P1,memory,SQL_PRAGMA,1416061,9086903,6.417028,-541.702794,true,3
437,00640,JOIN_SUBQUERY_EXISTS_033,SQLITE_PARITY_640_JOIN_SUBQUERY_EXISTS_033.rs,P1,memory,GEN_SQL_JOIN_SUBQUERY,1556136,9985404,6.416794,-541.679390,true,3
438,10530,FILTER_PLUS_DISTINCT_COMBO,SQLITE_PARITY_10530_FILTER_PLUS_DISTINCT_COMBO.rs,P0,memory,SQL_AGGREGATE_ADV,1692614,10860270,6.416271,-541.627093,true,3
439,00585,AGG_GROUP_HAVING_078,SQLITE_PARITY_585_AGG_GROUP_HAVING_078.rs,P1,memory,GEN_SQL_AGGREGATE,1833952,11766686,6.416027,-541.602725,true,3
440,11702,DATETIME_DATETIME_UNIX_START_OF_MONTH,SQLITE_PARITY_11702_DATETIME_DATETIME_UNIX_START_OF_MONTH.rs,P0,memory,SQL_DATETIME,1290884,8281318,6.415230,-541.523018,true,3
441,11627,DATETIME_DATETIME_DATE_2024_PLUS_3_HOURS,SQLITE_PARITY_11627_DATETIME_DATETIME_DATE_2024_PLUS_3_HOURS.rs,P0,memory,SQL_DATETIME,1394279,8941498,6.412991,-541.299051,true,3
442,11439,STRING_SOUNDEX_X,SQLITE_PARITY_11439_STRING_SOUNDEX_X.rs,P0,memory,SQL_STRING,1345056,8625650,6.412856,-541.285567,true,3
443,11578,DATETIME_JULIANDAY_Y2K_PLUS_30_MINUTES,SQLITE_PARITY_11578_DATETIME_JULIANDAY_Y2K_PLUS_30_MINUTES.rs,P0,memory,SQL_DATETIME,1418455,9095650,6.412364,-541.236416,true,3
444,00048,PRAGMA_USER_VERSION,SQLITE_PARITY_048_PRAGMA_USER_VERSION.rs,P0,memory,SQL_PRAGMA,1436018,9206560,6.411173,-541.117312,true,3
445,11737,DATETIME_DATETIME_UNIX_BASE,SQLITE_PARITY_11737_DATETIME_DATETIME_UNIX_BASE.rs,P0,memory,SQL_DATETIME,1340959,8595062,6.409638,-540.963818,true,3
446,11826,JSON_JSON_ARRAY_LENGTH_A_B,SQLITE_PARITY_11826_JSON_JSON_ARRAY_LENGTH_A_B.rs,P0,memory,SQL_JSON,1315049,8422515,6.404716,-540.471572,true,3
447,00250,SCALAR_STRING_006,SQLITE_PARITY_250_SCALAR_STRING_006.rs,P1,memory,GEN_SQL_SCALAR,1535367,9828026,6.401092,-540.109238,true,3
448,11858,JSON_DARROW_D_0,SQLITE_PARITY_11858_JSON_DARROW_D_0.rs,P0,memory,SQL_JSON,1454383,9305647,6.398347,-539.834693,true,3
449,11447,STRING_CONCAT_A_B_C,SQLITE_PARITY_11447_STRING_CONCAT_A_B_C.rs,P0,memory,SQL_STRING,1461086,9347707,6.397780,-539.778014,true,3
450,00182,OPT_COLUMN_MODE,SQLITE_PARITY_182_OPT_COLUMN_MODE.rs,P2,memory,CLI_OPTION,1493297,9545321,6.392112,-539.211155,true,3
451,11946,WIN_MAX_EXCL_CURRENT_ROW,SQLITE_PARITY_11946_WIN_MAX_EXCL_CURRENT_ROW.rs,P0,memory,SQL_WINDOW,1607854,10270454,6.387678,-538.767823,true,3
452,00185,OPT_SEPARATOR,SQLITE_PARITY_185_OPT_SEPARATOR.rs,P1,memory,CLI_OPTION,1411603,9016430,6.387370,-538.736954,true,3
453,11856,JSON_DARROW_D,SQLITE_PARITY_11856_JSON_DARROW_D.rs,P0,memory,SQL_JSON,1418095,9056125,6.386120,-538.612011,true,3
454,11584,DATETIME_STRFTIME_ISO_Y2K_PLUS_10_SECONDS,SQLITE_PARITY_11584_DATETIME_STRFTIME_ISO_Y2K_PLUS_10_SECONDS.rs,P0,memory,SQL_DATETIME,1386605,8847059,6.380374,-538.037437,true,3
455,11961,WIN_LAST_VALUE_ROWS_CURRENT_UNBND_FOLL,SQLITE_PARITY_11961_WIN_LAST_VALUE_ROWS_CURRENT_UNBND_FOLL.rs,P0,memory,SQL_WINDOW,1596873,10175945,6.372420,-537.241972,true,3
456,10251,PRAGMA_IGNORE_CHECK_PERMITS_VIOLATING_INSERT,SQLITE_PARITY_10251_PRAGMA_IGNORE_CHECK_PERMITS_VIOLATING_INSERT.rs,P0,memory,SQL_PRAGMA,1374552,8750747,6.366254,-536.625388,true,3
457,11843,JSON_ARROW_,SQLITE_PARITY_11843_JSON_ARROW_.rs,P0,memory,SQL_JSON,1394170,8873289,6.364567,-536.456745,true,3
458,00973,VIEW_TRIGGER_GENERATED_026,SQLITE_PARITY_973_VIEW_TRIGGER_GENERATED_026.rs,P2,memory,GEN_SQL_VIEW_TRIGGER,1625778,10335967,6.357551,-535.755128,true,3
459,12003,PRAGMA_MAX_PAGE_COUNT,SQLITE_PARITY_12003_PRAGMA_MAX_PAGE_COUNT.rs,P1,memory,SQL_PRAGMA,1335027,8479863,6.351829,-535.182884,true,3
460,00292,SCALAR_ARITH_017,SQLITE_PARITY_292_SCALAR_ARITH_017.rs,P1,memory,GEN_SQL_SCALAR,1561786,9915301,6.348694,-534.869374,true,3
461,11588,DATETIME_JULIANDAY_Y2K_START_OF_DAY,SQLITE_PARITY_11588_DATETIME_JULIANDAY_Y2K_START_OF_DAY.rs,P0,memory,SQL_DATETIME,1357981,8619438,6.347245,-534.724492,true,3
462,11612,DATETIME_DATETIME_DATE_2024_PLUS_5_DAYS,SQLITE_PARITY_11612_DATETIME_DATETIME_DATE_2024_PLUS_5_DAYS.rs,P0,memory,SQL_DATETIME,1395752,8854684,6.344024,-534.402387,true,3
463,11947,WIN_MAX_EXCL_GROUP,SQLITE_PARITY_11947_WIN_MAX_EXCL_GROUP.rs,P0,memory,SQL_WINDOW,1668689,10581613,6.341273,-534.127330,true,3
464,11658,DATETIME_JULIANDAY_DATE_2024_WEEKDAY_0,SQLITE_PARITY_11658_DATETIME_JULIANDAY_DATE_2024_WEEKDAY_0.rs,P0,memory,SQL_DATETIME,1430428,9068728,6.339870,-533.987030,true,3
465,11919,WIN_AVG_EXCL_NO_OTHERS,SQLITE_PARITY_11919_WIN_AVG_EXCL_NO_OTHERS.rs,P0,memory,SQL_WINDOW,1486093,9416587,6.336472,-533.647221,true,3
466,11592,DATETIME_DATETIME_Y2K_START_OF_MONTH,SQLITE_PARITY_11592_DATETIME_DATETIME_Y2K_START_OF_MONTH.rs,P0,memory,SQL_DATETIME,1456277,9226468,6.335655,-533.565455,true,3
467,10329,DO_UPDATE_REFERENCES_EXISTING,SQLITE_PARITY_10329_DO_UPDATE_REFERENCES_EXISTING.rs,P0,memory,SQL_UPSERT,1613575,10218826,6.333034,-533.303441,true,3
468,12030,PRAGMA_SET_AUTOMATIC_INDEX_ON,SQLITE_PARITY_12030_PRAGMA_SET_AUTOMATIC_INDEX_ON.rs,P1,memory,SQL_PRAGMA,1352761,8541470,6.314101,-531.410131,true,3
469,11629,DATETIME_STRFTIME_ISO_DATE_2024_PLUS_3_HOURS,SQLITE_PARITY_11629_DATETIME_STRFTIME_ISO_DATE_2024_PLUS_3_HOURS.rs,P0,memory,SQL_DATETIME,1424377,8992294,6.313142,-531.314182,true,3
470,11860,JSON_DARROW_D_3,SQLITE_PARITY_11860_JSON_DARROW_D_3.rs,P0,memory,SQL_JSON,1578048,9962250,6.313021,-531.302090,true,3
471,11839,JSON_QUOTE_INT,SQLITE_PARITY_11839_JSON_QUOTE_INT.rs,P0,memory,SQL_JSON,1417514,8948581,6.312870,-531.286957,true,3
472,00144,DOT_PROMPT,SQLITE_PARITY_144_DOT_PROMPT.rs,P0,memory,CLI_DOT_COMMAND,1413386,8919265,6.310566,-531.056555,true,3
473,00084,CORE_FORMAT_QUOTE_HEX,SQLITE_PARITY_084_CORE_FORMAT_QUOTE_HEX.rs,P0,memory,SQL_FUNCTIONS,1332222,8399212,6.304664,-530.466394,true,3
474,00211,SQL_ATTACH_TEMPFILE_DATABASE,SQLITE_PARITY_211_SQL_ATTACH_TEMPFILE_DATABASE.rs,P1,tempfile,SQL_TEMPFILE,2310995,14568330,6.303921,-530.392104,true,3
475,00009,STRICT_TABLE_TYPE_FAILURE,SQLITE_PARITY_009_STRICT_TABLE_TYPE_FAILURE.rs,P0,memory,SQL_DDL_NEGATIVE,1518825,9568124,6.299688,-529.968825,true,3
476,11419,STRING_RTRIM_NO_SPACE,SQLITE_PARITY_11419_STRING_RTRIM_NO_SPACE.rs,P0,memory,SQL_STRING,1450226,9135265,6.299201,-529.920095,true,3
477,00075,EXPLAIN_QUERY_PLAN,SQLITE_PARITY_075_EXPLAIN_QUERY_PLAN.rs,P0,memory,SQL_EXPLAIN,1521811,9584676,6.298204,-529.820392,true,3
478,11818,JSON_JSON_TYPE_D,SQLITE_PARITY_11818_JSON_JSON_TYPE_D.rs,P0,memory,SQL_JSON,1375684,8649134,6.287152,-528.715170,true,3
479,00111,DOT_HEADERS,SQLITE_PARITY_111_DOT_HEADERS.rs,P0,memory,CLI_DOT_COMMAND,1396424,8776846,6.285230,-528.522999,true,3
480,10085,STRICT_INT_REJECTS_NON_NUMERIC_TEXT,SQLITE_PARITY_10085_STRICT_INT_REJECTS_NON_NUMERIC_TEXT.rs,P0,memory,SQL_STRICT_TABLES,1395572,8768590,6.283151,-528.315128,true,3
481,11918,WIN_AVG_EXCL_TIES,SQLITE_PARITY_11918_WIN_AVG_EXCL_TIES.rs,P0,memory,SQL_WINDOW,1455114,9138421,6.280210,-528.020966,true,3
482,11908,WIN_SUM_EXCL_TIES,SQLITE_PARITY_11908_WIN_SUM_EXCL_TIES.rs,P0,memory,SQL_WINDOW,1472889,9247578,6.278530,-527.853015,true,3
483,00039,CREATE_TRIGGER_BEFORE,SQLITE_PARITY_039_CREATE_TRIGGER_BEFORE.rs,P0,memory,SQL_TRIGGER,1718663,10788214,6.277097,-527.709679,true,3
484,00172,OPT_CMD,SQLITE_PARITY_172_OPT_CMD.rs,P1,memory,CLI_OPTION,1506432,9453477,6.275409,-527.540905,true,3
485,11593,DATETIME_JULIANDAY_Y2K_START_OF_MONTH,SQLITE_PARITY_11593_DATETIME_JULIANDAY_Y2K_START_OF_MONTH.rs,P0,memory,SQL_DATETIME,1433794,8995260,6.273746,-527.374644,true,3
486,10030,ORDER_BY_ASC_NULLS_FIRST_EXPLICIT,SQLITE_PARITY_10030_ORDER_BY_ASC_NULLS_FIRST_EXPLICIT.rs,P0,memory,SQL_NULL_ORDER,1882414,11796924,6.266913,-526.691259,true,3
487,00331,SCALAR_NULL_COALESCE_026,SQLITE_PARITY_331_SCALAR_NULL_COALESCE_026.rs,P1,memory,GEN_SQL_SCALAR,1433264,8976474,6.262959,-526.295923,true,3
488,11506,DATETIME_TIME_EPOCH_MINUS_1_MONTH,SQLITE_PARITY_11506_DATETIME_TIME_EPOCH_MINUS_1_MONTH.rs,P0,memory,SQL_DATETIME,1298559,8128488,6.259622,-525.962163,true,3
489,11507,DATETIME_DATETIME_EPOCH_MINUS_1_MONTH,SQLITE_PARITY_11507_DATETIME_DATETIME_EPOCH_MINUS_1_MONTH.rs,P0,memory,SQL_DATETIME,1451979,9085981,6.257653,-525.765318,true,3
490,00147,DOT_IMPORT_CSV_TEMPFILE,SQLITE_PARITY_147_DOT_IMPORT_CSV_TEMPFILE.rs,P1,tempfile,CLI_TEMPFILE,1862967,11654284,6.255765,-525.576513,true,3
491,12034,PRAGMA_SET_SYNCHRONOUS_FULL,SQLITE_PARITY_12034_PRAGMA_SET_SYNCHRONOUS_FULL.rs,P1,memory,SQL_PRAGMA,1332643,8335530,6.254886,-525.488597,true,3
492,00344,SCALAR_ARITH_030,SQLITE_PARITY_344_SCALAR_ARITH_030.rs,P1,memory,GEN_SQL_SCALAR,1538122,9620063,6.254421,-525.442130,true,3
493,11664,DATETIME_STRFTIME_ISO_DATE_2024_UTC,SQLITE_PARITY_11664_DATETIME_STRFTIME_ISO_DATE_2024_UTC.rs,P0,memory,SQL_DATETIME,1377558,8615180,6.253951,-525.395083,true,3
494,00181,OPT_TABLE_MODE,SQLITE_PARITY_181_OPT_TABLE_MODE.rs,P2,memory,CLI_OPTION,1529977,9565660,6.252159,-525.215935,true,3
495,12033,PRAGMA_SET_SYNCHRONOUS_NORMAL,SQLITE_PARITY_12033_PRAGMA_SET_SYNCHRONOUS_NORMAL.rs,P1,memory,SQL_PRAGMA,1491113,9321497,6.251369,-525.136861,true,3
496,00116,DOT_DATABASES,SQLITE_PARITY_116_DOT_DATABASES.rs,P0,memory,CLI_DOT_COMMAND,1368240,8551580,6.250058,-525.005847,true,3
497,00241,SCALAR_CAST_TYPEOF_004,SQLITE_PARITY_241_SCALAR_CAST_TYPEOF_004.rs,P1,memory,GEN_SQL_SCALAR,1390152,8686415,6.248536,-524.853613,true,3
498,11635,DATETIME_DATE_DATE_2024_PLUS_10_SECONDS,SQLITE_PARITY_11635_DATETIME_DATE_DATE_2024_PLUS_10_SECONDS.rs,P0,memory,SQL_DATETIME,1440427,8998305,6.246971,-524.697052,true,3
499,00291,SCALAR_NULL_COALESCE_016,SQLITE_PARITY_291_SCALAR_NULL_COALESCE_016.rs,P1,memory,GEN_SQL_SCALAR,1383009,8638915,6.246463,-524.646333,true,3
500,01056,JSON_EXTRACT_SET_049,SQLITE_PARITY_1056_JSON_EXTRACT_SET_049.rs,P2,memory,GEN_SQL_JSON,1617662,10102616,6.245196,-524.519584,true,3
501,00981,VIEW_TRIGGER_GENERATED_034,SQLITE_PARITY_981_VIEW_TRIGGER_GENERATED_034.rs,P2,memory,GEN_SQL_VIEW_TRIGGER,1835184,11459976,6.244592,-524.459237,true,3
502,00079,CHECK_CONSTRAINT_FAILURE,SQLITE_PARITY_079_CHECK_CONSTRAINT_FAILURE.rs,P0,memory,SQL_CONSTRAINTS_NEGATIVE,1436890,8972005,6.244044,-524.404443,true,3
503,11953,WIN_FIRST_VALUE_ROWS_2_PREC_CURRENT,SQLITE_PARITY_11953_WIN_FIRST_VALUE_ROWS_2_PREC_CURRENT.rs,P0,memory,SQL_WINDOW,1626569,10151569,6.241093,-524.109337,true,3
504,11945,WIN_MAX_GROUPS_1_PREC_CURRENT,SQLITE_PARITY_11945_WIN_MAX_GROUPS_1_PREC_CURRENT.rs,P0,memory,SQL_WINDOW,1598767,9969004,6.235433,-523.543268,true,3
505,11643,DATETIME_JULIANDAY_DATE_2024_START_OF_DAY,SQLITE_PARITY_11643_DATETIME_JULIANDAY_DATE_2024_START_OF_DAY.rs,P0,memory,SQL_DATETIME,1423585,8868580,6.229751,-522.975095,true,3
506,11924,WIN_COUNT_RANGE_UNBND_PREC_CURRENT,SQLITE_PARITY_11924_WIN_COUNT_RANGE_UNBND_PREC_CURRENT.rs,P0,memory,SQL_WINDOW,1682135,10478468,6.229267,-522.926697,true,3
507,11706,DATETIME_TIME_UNIX_START_OF_YEAR,SQLITE_PARITY_11706_DATETIME_TIME_UNIX_START_OF_YEAR.rs,P0,memory,SQL_DATETIME,1284361,7998713,6.227776,-522.777630,true,3
508,10069,LAST_INSERT_ROWID_BASIC,SQLITE_PARITY_10069_LAST_INSERT_ROWID_BASIC.rs,P0,memory,SQL_AUTOINCREMENT,1695300,10556836,6.227120,-522.711968,true,3
509,11914,WIN_AVG_RANGE_UNBND_PREC_CURRENT,SQLITE_PARITY_11914_WIN_AVG_RANGE_UNBND_PREC_CURRENT.rs,P0,memory,SQL_WINDOW,1675321,10431538,6.226591,-522.659061,true,3
510,12011,PRAGMA_THREADS,SQLITE_PARITY_12011_PRAGMA_THREADS.rs,P1,memory,SQL_PRAGMA,1335759,8313308,6.223659,-522.365861,true,3
511,11708,DATETIME_JULIANDAY_UNIX_START_OF_YEAR,SQLITE_PARITY_11708_DATETIME_JULIANDAY_UNIX_START_OF_YEAR.rs,P0,memory,SQL_DATETIME,1335138,8307277,6.222036,-522.203622,true,3
512,00190,OPT_BAIL,SQLITE_PARITY_190_OPT_BAIL.rs,P1,memory,CLI_OPTION_NEGATIVE,1424717,8858541,6.217755,-521.775482,true,3
513,00136,DOT_LOG,SQLITE_PARITY_136_DOT_LOG.rs,P0,memory,CLI_DOT_COMMAND,1524266,9471782,6.213995,-521.399546,true,3
514,00936,CONSTRAINT_FK_SAVEPOINT_069,SQLITE_PARITY_936_CONSTRAINT_FK_SAVEPOINT_069.rs,P2,memory,GEN_SQL_CONSTRAINT_TX,1810578,11246973,6.211814,-521.181358,true,3
515,11821,JSON_JSON_TYPE_E,SQLITE_PARITY_11821_JSON_JSON_TYPE_E.rs,P0,memory,SQL_JSON,1423485,8840737,6.210629,-521.062884,true,3
516,11925,WIN_COUNT_GROUPS_1_PREC_CURRENT,SQLITE_PARITY_11925_WIN_COUNT_GROUPS_1_PREC_CURRENT.rs,P0,memory,SQL_WINDOW,1621770,10053443,6.199056,-519.905597,true,3
517,00119,DOT_EQP,SQLITE_PARITY_119_DOT_EQP.rs,P0,memory,CLI_DOT_COMMAND,1544924,9575087,6.197772,-519.777219,true,3
518,00923,CONSTRAINT_FK_SAVEPOINT_056,SQLITE_PARITY_923_CONSTRAINT_FK_SAVEPOINT_056.rs,P2,memory,GEN_SQL_CONSTRAINT_TX,1739783,10777553,6.194769,-519.476854,true,3
519,10627,EMPTY_BLOB_ORDER,SQLITE_PARITY_10627_EMPTY_BLOB_ORDER.rs,P0,memory,SQL_BLOB,1322964,8194043,6.193701,-519.370066,true,3
520,11970,WIN_ROW_NUMBER_PARTITION,SQLITE_PARITY_11970_WIN_ROW_NUMBER_PARTITION.rs,P0,memory,SQL_WINDOW,1611852,9979793,6.191507,-519.150704,true,3
521,10449,JOIN_FULL_OUTER,SQLITE_PARITY_10449_JOIN_FULL_OUTER.rs,P0,memory,SQL_JOIN,1649614,10207344,6.187717,-518.771664,true,3
522,11659,DATETIME_STRFTIME_ISO_DATE_2024_WEEKDAY_0,SQLITE_PARITY_11659_DATETIME_STRFTIME_ISO_DATE_2024_WEEKDAY_0.rs,P0,memory,SQL_DATETIME,1463351,9054111,6.187245,-518.724489,true,3
523,11917,WIN_AVG_EXCL_GROUP,SQLITE_PARITY_11917_WIN_AVG_EXCL_GROUP.rs,P0,memory,SQL_WINDOW,1593937,9858454,6.184971,-518.497092,true,3
524,11921,WIN_COUNT_ROWS_CURRENT_UNBND_FOLL,SQLITE_PARITY_11921_WIN_COUNT_ROWS_CURRENT_UNBND_FOLL.rs,P0,memory,SQL_WINDOW,1526740,9430043,6.176587,-517.658737,true,3
525,12028,PRAGMA_SET_TEMP_STORE_MEMORY,SQLITE_PARITY_12028_PRAGMA_SET_TEMP_STORE_MEMORY.rs,P1,memory,SQL_PRAGMA,1422653,8782908,6.173612,-517.361226,true,3
526,00207,OPT_PCACHETRACE_CATALOG,SQLITE_PARITY_207_OPT_PCACHETRACE_CATALOG.rs,P4,catalog,CLI_OPTION_CATALOG,1453692,8964011,6.166376,-516.637568,true,3
527,11941,WIN_MAX_ROWS_CURRENT_UNBND_FOLL,SQLITE_PARITY_11941_WIN_MAX_ROWS_CURRENT_UNBND_FOLL.rs,P0,memory,SQL_WINDOW,1605840,9899612,6.164756,-516.475614,true,3
528,00173,OPT_LIST_MODE,SQLITE_PARITY_173_OPT_LIST_MODE.rs,P1,memory,CLI_OPTION,1446318,8915678,6.164397,-516.439676,true,3
529,11443,STRING_REPLACE_AABBAA_B_X,SQLITE_PARITY_11443_STRING_REPLACE_AABBAA_B_X.rs,P0,memory,SQL_STRING,1549423,9536404,6.154810,-515.480989,true,3
530,00293,SCALAR_CAST_TYPEOF_017,SQLITE_PARITY_293_SCALAR_CAST_TYPEOF_017.rs,P1,memory,GEN_SQL_SCALAR,1567277,9642454,6.152361,-515.236107,true,3
531,00770,CTE_RECURSIVE_MATRIX_063,SQLITE_PARITY_770_CTE_RECURSIVE_MATRIX_063.rs,P1,memory,GEN_SQL_CTE,1445747,8887445,6.147303,-514.730309,true,3
532,11732,DATETIME_DATETIME_DATE_2024_BASE,SQLITE_PARITY_11732_DATETIME_DATETIME_DATE_2024_BASE.rs,P0,memory,SQL_DATETIME,1289521,7914794,6.137778,-513.777829,true,3
533,00021,UPSERT_DO_NOTHING,SQLITE_PARITY_021_UPSERT_DO_NOTHING.rs,P0,memory,SQL_UPSERT,1696302,10409677,6.136689,-513.668851,true,3
534,00621,JOIN_SUBQUERY_EXISTS_014,SQLITE_PARITY_621_JOIN_SUBQUERY_EXISTS_014.rs,P1,memory,GEN_SQL_JOIN_SUBQUERY,1689850,10368098,6.135514,-513.551380,true,3
535,11819,JSON_JSON_TYPE_D_0,SQLITE_PARITY_11819_JSON_JSON_TYPE_D_0.rs,P0,memory,SQL_JSON,1487867,9127290,6.134480,-513.447976,true,3
536,00113,DOT_NULLVALUE,SQLITE_PARITY_113_DOT_NULLVALUE.rs,P0,memory,CLI_DOT_COMMAND,1589018,9747153,6.134073,-513.407337,true,3
537,10056,HAVING_SUM_NULL_FILTERED,SQLITE_PARITY_10056_HAVING_SUM_NULL_FILTERED.rs,P0,memory,SQL_AGGREGATE_NULL,1653280,10139606,6.133024,-513.302405,true,3
538,11936,WIN_MIN_EXCL_CURRENT_ROW,SQLITE_PARITY_11936_WIN_MIN_EXCL_CURRENT_ROW.rs,P0,memory,SQL_WINDOW,1500972,9190019,6.122712,-512.271182,true,3
539,11841,JSON_QUOTE_NULL_LIT,SQLITE_PARITY_11841_JSON_QUOTE_NULL_LIT.rs,P0,memory,SQL_JSON,1370655,8385014,6.117523,-511.752337,true,3
540,11313,AFFINITY_BIGINT_TEXT_BARE,SQLITE_PARITY_11313_AFFINITY_BIGINT_TEXT_BARE.rs,P0,memory,SQL_TYPE_AFFINITY,1622983,9923898,6.114604,-511.460379,true,3
541,00110,DOT_MODE_LINE_COLUMN_TABLE_BOX_MARKDOWN,SQLITE_PARITY_110_DOT_MODE_LINE_COLUMN_TABLE_BOX_MARKDOWN.rs,P0,memory,CLI_DOT_COMMAND,1534035,9379127,6.114024,-511.402413,true,3
542,12036,PRAGMA_SET_REVERSE_UNORDERED_SELECTS_ON,SQLITE_PARITY_12036_PRAGMA_SET_REVERSE_UNORDERED_SELECTS_ON.rs,P1,memory,SQL_PRAGMA,1430088,8739796,6.111369,-511.136937,true,3
543,11927,WIN_COUNT_EXCL_GROUP,SQLITE_PARITY_11927_WIN_COUNT_EXCL_GROUP.rs,P0,memory,SQL_WINDOW,1622171,9894352,6.099451,-509.945067,true,3
544,11963,WIN_LAST_VALUE_ROWS_2_PREC_CURRENT,SQLITE_PARITY_11963_WIN_LAST_VALUE_ROWS_2_PREC_CURRENT.rs,P0,memory,SQL_WINDOW,1487606,9064621,6.093429,-509.342864,true,3
545,11661,DATETIME_TIME_DATE_2024_UTC,SQLITE_PARITY_11661_DATETIME_TIME_DATE_2024_UTC.rs,P0,memory,SQL_DATETIME,1439976,8774070,6.093206,-509.320572,true,3
546,11864,JSON_DARROW_MISSING,SQLITE_PARITY_11864_JSON_DARROW_MISSING.rs,P0,memory,SQL_JSON,1503977,9161925,6.091799,-509.179861,true,3
547,11694,DATETIME_STRFTIME_ISO_UNIX_PLUS_10_SECONDS,SQLITE_PARITY_11694_DATETIME_STRFTIME_ISO_UNIX_PLUS_10_SECONDS.rs,P0,memory,SQL_DATETIME,1415119,8619468,6.090985,-509.098457,true,3
548,10095,STRICT_BLOB_REJECTS_TEXT,SQLITE_PARITY_10095_STRICT_BLOB_REJECTS_TEXT.rs,P0,memory,SQL_STRICT_TABLES,1505440,9167887,6.089839,-508.983885,true,3
549,11707,DATETIME_DATETIME_UNIX_START_OF_YEAR,SQLITE_PARITY_11707_DATETIME_DATETIME_UNIX_START_OF_YEAR.rs,P0,memory,SQL_DATETIME,1344655,8179495,6.082969,-508.296924,true,3
550,11847,JSON_ARROW_A_B,SQLITE_PARITY_11847_JSON_ARROW_A_B.rs,P0,memory,SQL_JSON,1518976,9239632,6.082803,-508.280315,true,3
551,11935,WIN_MIN_GROUPS_1_PREC_CURRENT,SQLITE_PARITY_11935_WIN_MIN_GROUPS_1_PREC_CURRENT.rs,P0,memory,SQL_WINDOW,1617201,9833807,6.080757,-508.075743,true,3
552,11958,WIN_FIRST_VALUE_EXCL_TIES,SQLITE_PARITY_11958_WIN_FIRST_VALUE_EXCL_TIES.rs,P0,memory,SQL_WINDOW,1570073,9545301,6.079527,-507.952688,true,3
553,10394,SQLITE_SCHEMA_ALIAS,SQLITE_PARITY_10394_SQLITE_SCHEMA_ALIAS.rs,P0,memory,SQL_SCHEMA_INTROSPECTION,1578489,9594094,6.078024,-507.802398,true,3
554,11656,DATETIME_TIME_DATE_2024_WEEKDAY_0,SQLITE_PARITY_11656_DATETIME_TIME_DATE_2024_WEEKDAY_0.rs,P0,memory,SQL_DATETIME,1484190,9015799,6.074559,-507.455851,true,3
555,00092,PERCENTILE_FUNCTIONS_OPTIONAL,SQLITE_PARITY_092_PERCENTILE_FUNCTIONS_OPTIONAL.rs,P3,memory,SQL_FUNCTIONS_OPTIONAL,1479401,8985231,6.073560,-507.356018,true,3
556,11730,DATETIME_DATE_DATE_2024_BASE,SQLITE_PARITY_11730_DATETIME_DATE_DATE_2024_BASE.rs,P0,memory,SQL_DATETIME,1454283,8829636,6.071470,-507.147027,true,3
557,00205,OPT_VFS_CATALOG,SQLITE_PARITY_205_OPT_VFS_CATALOG.rs,P4,catalog,CLI_OPTION_CATALOG,1241731,7527561,6.062151,-506.215114,true,3
558,10238,OPT_INIT_WITH_READ,SQLITE_PARITY_10238_OPT_INIT_WITH_READ.rs,P0,memory,CLI_OPTION,1420208,8605822,6.059550,-505.955043,true,3
559,00260,SCALAR_ARITH_009,SQLITE_PARITY_260_SCALAR_ARITH_009.rs,P1,memory,GEN_SQL_SCALAR,1390132,8418357,6.055797,-505.579686,true,3
560,11697,DATETIME_DATETIME_UNIX_START_OF_DAY,SQLITE_PARITY_11697_DATETIME_DATETIME_UNIX_START_OF_DAY.rs,P0,memory,SQL_DATETIME,1504128,9108454,6.055638,-505.563755,true,3
561,11690,DATETIME_DATE_UNIX_PLUS_10_SECONDS,SQLITE_PARITY_11690_DATETIME_DATE_UNIX_PLUS_10_SECONDS.rs,P0,memory,SQL_DATETIME,1323425,7977252,6.027733,-502.773259,true,3
562,00038,CREATE_TRIGGER_AFTER,SQLITE_PARITY_038_CREATE_TRIGGER_AFTER.rs,P0,memory,SQL_TRIGGER,1571164,9458046,6.019770,-501.977006,true,3
563,00687,JOIN_SUBQUERY_EXISTS_080,SQLITE_PARITY_687_JOIN_SUBQUERY_EXISTS_080.rs,P1,memory,GEN_SQL_JOIN_SUBQUERY,1696903,10213486,6.018898,-501.889796,true,3
564,11684,DATETIME_STRFTIME_ISO_UNIX_PLUS_3_HOURS,SQLITE_PARITY_11684_DATETIME_STRFTIME_ISO_UNIX_PLUS_3_HOURS.rs,P0,memory,SQL_DATETIME,1426741,8587337,6.018848,-501.884785,true,3
565,11731,DATETIME_TIME_DATE_2024_BASE,SQLITE_PARITY_11731_DATETIME_TIME_DATE_2024_BASE.rs,P0,memory,SQL_DATETIME,1375324,8277180,6.018349,-501.834913,true,3
566,00043,ATTACH_DETACH_MEMORY,SQLITE_PARITY_043_ATTACH_DETACH_MEMORY.rs,P0,memory,SQL_ATTACH,1654312,9954225,6.017139,-501.713885,true,3
567,00982,VIEW_TRIGGER_GENERATED_035,SQLITE_PARITY_982_VIEW_TRIGGER_GENERATED_035.rs,P2,memory,GEN_SQL_VIEW_TRIGGER,1935845,11626300,6.005801,-500.580108,true,3
568,11863,JSON_ARROW_MISSING,SQLITE_PARITY_11863_JSON_ARROW_MISSING.rs,P0,memory,SQL_JSON,1545816,9278516,6.002342,-500.234181,true,3
569,11814,JSON_JSON_TYPE_A_B,SQLITE_PARITY_11814_JSON_JSON_TYPE_A_B.rs,P0,memory,SQL_JSON,1449795,8700031,6.000870,-500.086978,true,3
570,00098,CLI_REGEXP_OPTIONAL,SQLITE_PARITY_098_CLI_REGEXP_OPTIONAL.rs,P2,memory,CLI_EXTENSION_OPTIONAL,1520439,9115196,5.995108,-499.510799,true,3
571,12021,PRAGMA_REVERSE_UNORDERED_SELECTS,SQLITE_PARITY_12021_PRAGMA_REVERSE_UNORDERED_SELECTS.rs,P1,memory,SQL_PRAGMA,1485903,8901953,5.990938,-499.093817,true,3
572,00175,OPT_QUOTE_MODE,SQLITE_PARITY_175_OPT_QUOTE_MODE.rs,P1,memory,CLI_OPTION,1423615,8527083,5.989740,-498.973950,true,3
573,12026,PRAGMA_SET_MAX_PAGE_COUNT_1073741823,SQLITE_PARITY_12026_PRAGMA_SET_MAX_PAGE_COUNT_1073741823.rs,P1,memory,SQL_PRAGMA,1389651,8322005,5.988558,-498.855756,true,3
574,10436,REC_CROSS_JOIN_INSIDE_RECURSION,SQLITE_PARITY_10436_REC_CROSS_JOIN_INSIDE_RECURSION.rs,P0,memory,SQL_RECURSIVE_CTE,1504498,9007132,5.986802,-498.680224,true,3
575,10484,COMPOUND_PRESERVES_TYPED_NULLS,SQLITE_PARITY_10484_COMPOUND_PRESERVES_TYPED_NULLS.rs,P0,memory,SQL_COMPOUND,1372378,8212157,5.983889,-498.388855,true,3
576,11912,WIN_AVG_ROWS_1_PREC_1_FOLL,SQLITE_PARITY_11912_WIN_AVG_ROWS_1_PREC_1_FOLL.rs,P0,memory,SQL_WINDOW,1596703,9550751,5.981545,-498.154510,true,3
577,11910,WIN_AVG_ROWS_UNBND_PREC_CURRENT,SQLITE_PARITY_11910_WIN_AVG_ROWS_UNBND_PREC_CURRENT.rs,P0,memory,SQL_WINDOW,1584510,9472142,5.977963,-497.796290,true,3
578,11827,JSON_JSON_ARRAY_LENGTH_A_B_0,SQLITE_PARITY_11827_JSON_JSON_ARRAY_LENGTH_A_B_0.rs,P0,memory,SQL_JSON,1285484,7674830,5.970382,-497.038158,true,3
579,00674,JOIN_SUBQUERY_EXISTS_067,SQLITE_PARITY_674_JOIN_SUBQUERY_EXISTS_067.rs,P1,memory,GEN_SQL_JOIN_SUBQUERY,1848800,11036724,5.969669,-496.966897,true,3
580,12013,PRAGMA_ENCODING,SQLITE_PARITY_12013_PRAGMA_ENCODING.rs,P1,memory,SQL_PRAGMA,1358202,8104704,5.967230,-496.723021,true,3
581,11854,JSON_DARROW_A_B_1_C,SQLITE_PARITY_11854_JSON_DARROW_A_B_1_C.rs,P0,memory,SQL_JSON,1387377,8275858,5.965111,-496.511114,true,3
582,00051,PRAGMA_INDEX_LIST_FUNCTION,SQLITE_PARITY_051_PRAGMA_INDEX_LIST_FUNCTION.rs,P0,memory,SQL_PRAGMA,1480182,8828203,5.964269,-496.426858,true,3
583,10072,INSERT_OR_REPLACE_OVERWRITES,SQLITE_PARITY_10072_INSERT_OR_REPLACE_OVERWRITES.rs,P0,memory,SQL_AUTOINCREMENT,1540687,9176512,5.956117,-495.611698,true,3
584,00097,CLI_GENERATE_SERIES_OPTIONAL,SQLITE_PARITY_097_CLI_GENERATE_SERIES_OPTIONAL.rs,P2,memory,CLI_EXTENSION_OPTIONAL,1361197,8107439,5.956110,-495.610995,true,3
585,00280,SCALAR_ARITH_014,SQLITE_PARITY_280_SCALAR_ARITH_014.rs,P1,memory,GEN_SQL_SCALAR,1338354,7969428,5.954649,-495.464877,true,3
586,00082,CORE_STRING_FUNCTIONS,SQLITE_PARITY_082_CORE_STRING_FUNCTIONS.rs,P0,memory,SQL_FUNCTIONS,1784789,10627459,5.954462,-495.446240,true,3
587,12029,PRAGMA_SET_AUTO_VACUUM_NONE,SQLITE_PARITY_12029_PRAGMA_SET_AUTO_VACUUM_NONE.rs,P1,memory,SQL_PRAGMA,1426971,8487539,5.947941,-494.794078,true,3
588,00104,SELECT_DISTINCT,SQLITE_PARITY_104_SELECT_DISTINCT.rs,P0,memory,SQL_SELECT,1599087,9510725,5.947597,-494.759697,true,3
589,00479,DML_WHERE_ORDER_LIMIT_092,SQLITE_PARITY_479_DML_WHERE_ORDER_LIMIT_092.rs,P1,memory,GEN_SQL_DML,1558921,9259730,5.939833,-493.983274,true,3
590,10518,GROUP_CONCAT_ORDER_BY_DESC,SQLITE_PARITY_10518_GROUP_CONCAT_ORDER_BY_DESC.rs,P0,memory,SQL_AGGREGATE_ADV,1707553,10135488,5.935680,-493.567989,true,3
591,00609,JOIN_SUBQUERY_EXISTS_002,SQLITE_PARITY_609_JOIN_SUBQUERY_EXISTS_002.rs,P1,memory,GEN_SQL_JOIN_SUBQUERY,1622582,9627566,5.933485,-493.348503,true,3
592,00767,CTE_RECURSIVE_MATRIX_060,SQLITE_PARITY_767_CTE_RECURSIVE_MATRIX_060.rs,P1,memory,GEN_SQL_CTE,1562548,9268677,5.931771,-493.177106,true,3
593,00978,VIEW_TRIGGER_GENERATED_031,SQLITE_PARITY_978_VIEW_TRIGGER_GENERATED_031.rs,P2,memory,GEN_SQL_VIEW_TRIGGER,1765572,10472426,5.931464,-493.146357,true,3
594,11866,JSON_DARROW_A_B_99,SQLITE_PARITY_11866_JSON_DARROW_A_B_99.rs,P0,memory,SQL_JSON,1427824,8460176,5.925223,-492.522328,true,3
595,00100,SCHEMA_SQLITE_SCHEMA,SQLITE_PARITY_100_SCHEMA_SQLITE_SCHEMA.rs,P0,memory,SQL_SCHEMA,1298728,7687032,5.918893,-491.889295,true,3
596,01092,INDEX_SCHEMA_PRAGMA_025,SQLITE_PARITY_1092_INDEX_SCHEMA_PRAGMA_025.rs,P2,memory,GEN_SQL_INDEX_PRAGMA,1651888,9776499,5.918379,-491.837885,true,3
597,00348,SCALAR_ARITH_031,SQLITE_PARITY_348_SCALAR_ARITH_031.rs,P1,memory,GEN_SQL_SCALAR,1326040,7847357,5.917889,-491.788860,true,3
598,11831,JSON_JSON_ARRAY_LENGTH_D_0,SQLITE_PARITY_11831_JSON_JSON_ARRAY_LENGTH_D_0.rs,P0,memory,SQL_JSON,1413315,8354376,5.911192,-491.119177,true,3
599,11923,WIN_COUNT_ROWS_2_PREC_CURRENT,SQLITE_PARITY_11923_WIN_COUNT_ROWS_2_PREC_CURRENT.rs,P0,memory,SQL_WINDOW,1612052,9517929,5.904232,-490.423200,true,3
600,10180,DOT_READ_FILE,SQLITE_PARITY_10180_DOT_READ_FILE.rs,P0,memory,CLI_DOT_COMMAND,1556467,9189277,5.903933,-490.393307,true,3
601,00066,VALUES_STATEMENT,SQLITE_PARITY_066_VALUES_STATEMENT.rs,P0,memory,SQL_VALUES,1596132,9419893,5.901700,-490.170049,true,3
602,11585,DATETIME_DATE_Y2K_START_OF_DAY,SQLITE_PARITY_11585_DATETIME_DATE_Y2K_START_OF_DAY.rs,P0,memory,SQL_DATETIME,1501523,8857088,5.898736,-489.873615,true,3
603,11525,DATETIME_DATE_EPOCH_PLUS_10_SECONDS,SQLITE_PARITY_11525_DATETIME_DATE_EPOCH_PLUS_10_SECONDS.rs,P0,memory,SQL_DATETIME,1403678,8278994,5.898072,-489.807206,true,3
604,00210,OPT_NOUNICODE_UTF8_CATALOG,SQLITE_PARITY_210_OPT_NOUNICODE_UTF8_CATALOG.rs,P4,catalog,CLI_OPTION_CATALOG,1448602,8543514,5.897765,-489.776488,true,3
605,11440,STRING_SUBSTR_ABCDEF_2_3,SQLITE_PARITY_11440_STRING_SUBSTR_ABCDEF_2_3.rs,P0,memory,SQL_STRING,1593937,9398704,5.896534,-489.653418,true,3
606,00780,CTE_RECURSIVE_MATRIX_073,SQLITE_PARITY_780_CTE_RECURSIVE_MATRIX_073.rs,P1,memory,GEN_SQL_CTE,1617081,9534781,5.896292,-489.629153,true,3
607,11577,DATETIME_DATETIME_Y2K_PLUS_30_MINUTES,SQLITE_PARITY_11577_DATETIME_DATETIME_Y2K_PLUS_30_MINUTES.rs,P0,memory,SQL_DATETIME,1511502,8908816,5.894015,-489.401536,true,3
608,11942,WIN_MAX_ROWS_1_PREC_1_FOLL,SQLITE_PARITY_11942_WIN_MAX_ROWS_1_PREC_1_FOLL.rs,P0,memory,SQL_WINDOW,1645164,9683643,5.886126,-488.612625,true,3
609,00705,JOIN_SUBQUERY_EXISTS_098,SQLITE_PARITY_705_JOIN_SUBQUERY_EXISTS_098.rs,P1,memory,GEN_SQL_JOIN_SUBQUERY,1902191,11196036,5.885863,-488.586320,true,3
610,00212,SQL_VACUUM_INTO_TEMPFILE,SQLITE_PARITY_212_SQL_VACUUM_INTO_TEMPFILE.rs,P2,tempfile,SQL_TEMPFILE,2362933,13906638,5.885329,-488.532895,true,3
611,11954,WIN_FIRST_VALUE_RANGE_UNBND_PREC_CURRENT,SQLITE_PARITY_11954_WIN_FIRST_VALUE_RANGE_UNBND_PREC_CURRENT.rs,P0,memory,SQL_WINDOW,1827680,10755923,5.885014,-488.501434,true,3
612,11339,AFFINITY_TEXT_NULL_LIT,SQLITE_PARITY_11339_AFFINITY_TEXT_NULL_LIT.rs,P0,memory,SQL_TYPE_AFFINITY,1561105,9185910,5.884236,-488.423585,true,3
613,00030,ALTER_TABLE_ADD_DROP_COLUMN,SQLITE_PARITY_030_ALTER_TABLE_ADD_DROP_COLUMN.rs,P0,memory,SQL_ALTER,2070870,12181472,5.882297,-488.229681,true,3
614,00448,DML_WHERE_ORDER_LIMIT_061,SQLITE_PARITY_448_DML_WHERE_ORDER_LIMIT_061.rs,P1,memory,GEN_SQL_DML,1506452,8856687,5.879170,-487.916973,true,3
615,11922,WIN_COUNT_ROWS_1_PREC_1_FOLL,SQLITE_PARITY_11922_WIN_COUNT_ROWS_1_PREC_1_FOLL.rs,P0,memory,SQL_WINDOW,1541348,9058590,5.877057,-487.705697,true,3
616,00068,CAST_AND_TYPE_AFFINITY,SQLITE_PARITY_068_CAST_AND_TYPE_AFFINITY.rs,P0,memory,SQL_EXPRESSIONS,1814395,10662626,5.876684,-487.668396,true,3
617,00060,FILTER_CLAUSE,SQLITE_PARITY_060_FILTER_CLAUSE.rs,P0,memory,SQL_AGGREGATE,1488909,8745125,5.873512,-487.351208,true,3
618,10468,JOIN_SUBQUERY_WITH_GROUPBY,SQLITE_PARITY_10468_JOIN_SUBQUERY_WITH_GROUPBY.rs,P0,memory,SQL_JOIN,1696562,9962531,5.872188,-487.218799,true,3
619,00757,CTE_RECURSIVE_MATRIX_050,SQLITE_PARITY_757_CTE_RECURSIVE_MATRIX_050.rs,P1,memory,GEN_SQL_CTE,1552910,9118804,5.872075,-487.207501,true,3
620,00965,VIEW_TRIGGER_GENERATED_018,SQLITE_PARITY_965_VIEW_TRIGGER_GENERATED_018.rs,P2,memory,GEN_SQL_VIEW_TRIGGER,1719946,10091475,5.867321,-486.732083,true,3
621,00199,OPT_PAGECACHE,SQLITE_PARITY_199_OPT_PAGECACHE.rs,P3,memory,CLI_OPTION,1423665,8343676,5.860702,-486.070178,true,3
622,11861,JSON_ARROW_E,SQLITE_PARITY_11861_JSON_ARROW_E.rs,P0,memory,SQL_JSON,1466566,8589993,5.857215,-485.721543,true,3
623,00638,JOIN_SUBQUERY_EXISTS_031,SQLITE_PARITY_638_JOIN_SUBQUERY_EXISTS_031.rs,P1,memory,GEN_SQL_JOIN_SUBQUERY,1733412,10133244,5.845837,-484.583700,true,3
624,00249,SCALAR_CAST_TYPEOF_006,SQLITE_PARITY_249_SCALAR_CAST_TYPEOF_006.rs,P1,memory,GEN_SQL_SCALAR,1282138,7493376,5.844438,-484.443796,true,3
625,00270,SCALAR_STRING_011,SQLITE_PARITY_270_SCALAR_STRING_011.rs,P1,memory,GEN_SQL_SCALAR,1224228,7148704,5.839357,-483.935672,true,3
626,11940,WIN_MAX_ROWS_UNBND_PREC_CURRENT,SQLITE_PARITY_11940_WIN_MAX_ROWS_UNBND_PREC_CURRENT.rs,P0,memory,SQL_WINDOW,1629545,9515084,5.839105,-483.910478,true,3
627,11675,DATETIME_DATE_UNIX_PLUS_1_YEAR,SQLITE_PARITY_11675_DATETIME_DATE_UNIX_PLUS_1_YEAR.rs,P0,memory,SQL_DATETIME,1397246,8154498,5.836122,-483.612191,true,3
628,00481,DML_WHERE_ORDER_LIMIT_094,SQLITE_PARITY_481_DML_WHERE_ORDER_LIMIT_094.rs,P1,memory,GEN_SQL_DML,1714165,10003539,5.835809,-483.580869,true,3
629,00497,DML_WHERE_ORDER_LIMIT_110,SQLITE_PARITY_497_DML_WHERE_ORDER_LIMIT_110.rs,P1,memory,GEN_SQL_DML,1646096,9589855,5.825818,-482.581757,true,3
630,10481,COMPOUND_COLUMN_NAMES_FROM_LEFTMOST,SQLITE_PARITY_10481_COMPOUND_COLUMN_NAMES_FROM_LEFTMOST.rs,P0,memory,SQL_COMPOUND,1497074,8720931,5.825317,-482.531725,true,3
631,00022,TRANSACTION_COMMIT,SQLITE_PARITY_022_TRANSACTION_COMMIT.rs,P0,memory,SQL_TRANSACTION,1535166,8924075,5.813101,-481.310099,true,3
632,10483,COMPOUND_WHERE_PER_SIDE,SQLITE_PARITY_10483_COMPOUND_WHERE_PER_SIDE.rs,P0,memory,SQL_COMPOUND,1532923,8911010,5.813084,-481.308389,true,3
633,00148,DOT_OUTPUT_TEMPFILE,SQLITE_PARITY_148_DOT_OUTPUT_TEMPFILE.rs,P1,tempfile,CLI_TEMPFILE,1623343,9434221,5.811601,-481.160051,true,3
634,10371,INSERT_SELECT_RANGE_RETURNING,SQLITE_PARITY_10371_INSERT_SELECT_RANGE_RETURNING.rs,P0,memory,SQL_RETURNING,1513014,8785823,5.806835,-480.683523,true,3
635,10507,SUBQUERY_IN_UPDATE_SET,SQLITE_PARITY_10507_SUBQUERY_IN_UPDATE_SET.rs,P0,memory,SQL_SUBQUERY,1633793,9482572,5.804023,-480.402291,true,3
636,11688,DATETIME_JULIANDAY_UNIX_PLUS_30_MINUTES,SQLITE_PARITY_11688_DATETIME_JULIANDAY_UNIX_PLUS_30_MINUTES.rs,P0,memory,SQL_DATETIME,1392206,8071411,5.797569,-479.756947,true,3
637,12035,PRAGMA_SET_SYNCHRONOUS_OFF,SQLITE_PARITY_12035_PRAGMA_SET_SYNCHRONOUS_OFF.rs,P1,memory,SQL_PRAGMA,1472327,8532944,5.795549,-479.554949,true,3
638,11971,WIN_RANK_PARTITION,SQLITE_PARITY_11971_WIN_RANK_PARTITION.rs,P0,memory,SQL_WINDOW,1647980,9549318,5.794559,-479.455940,true,3
639,00149,DOT_ONCE_TEMPFILE,SQLITE_PARITY_149_DOT_ONCE_TEMPFILE.rs,P1,tempfile,CLI_TEMPFILE,1566455,9075081,5.793388,-479.338762,true,3
640,11800,JSON_JSON_EXTRACT_,SQLITE_PARITY_11800_JSON_JSON_EXTRACT_.rs,P0,memory,SQL_JSON,1462940,8473452,5.792071,-479.207076,true,3
641,00245,SCALAR_CAST_TYPEOF_005,SQLITE_PARITY_245_SCALAR_CAST_TYPEOF_005.rs,P1,memory,GEN_SQL_SCALAR,1381115,7995858,5.789422,-478.942231,true,3
642,11837,JSON_TYPE_DOC_ROOT,SQLITE_PARITY_11837_JSON_TYPE_DOC_ROOT.rs,P0,memory,SQL_JSON,1413546,8175387,5.783602,-478.360167,true,3
643,00221,OPT_DOUBLE_DASH_END_OPTIONS,SQLITE_PARITY_221_OPT_DOUBLE_DASH_END_OPTIONS.rs,P2,memory,CLI_OPTION,1387346,8021716,5.782059,-478.205869,true,3
644,10488,COMPOUND_EXCEPT_ALL_REMOVED,SQLITE_PARITY_10488_COMPOUND_EXCEPT_ALL_REMOVED.rs,P0,memory,SQL_COMPOUND,1554924,8982976,5.777116,-477.711579,true,3
645,10240,PRAGMA_FOREIGN_KEYS_DEFAULT_OFF,SQLITE_PARITY_10240_PRAGMA_FOREIGN_KEYS_DEFAULT_OFF.rs,P0,memory,SQL_PRAGMA,1149075,6638027,5.776844,-477.684398,true,3
646,00057,COMPOUND_SELECT_UNION_INTERSECT_EXCEPT,SQLITE_PARITY_057_COMPOUND_SELECT_UNION_INTERSECT_EXCEPT.rs,P0,memory,SQL_SELECT,1600991,9247878,5.776346,-477.634603,true,3
647,11916,WIN_AVG_EXCL_CURRENT_ROW,SQLITE_PARITY_11916_WIN_AVG_EXCL_CURRENT_ROW.rs,P0,memory,SQL_WINDOW,1598477,9216158,5.765587,-476.558687,true,3
648,11242,CAST_BLOB_HEX_AS_TEXT,SQLITE_PARITY_11242_CAST_BLOB_HEX_AS_TEXT.rs,P0,memory,SQL_CAST,1600420,9221628,5.762005,-476.200497,true,3
649,00054,JOINS_INNER_LEFT_CROSS_NATURAL,SQLITE_PARITY_054_JOINS_INNER_LEFT_CROSS_NATURAL.rs,P0,memory,SQL_JOIN,1853910,10681191,5.761440,-476.143988,true,3
650,10546,MEDIAN_REQUIRES_CAPABILITY,SQLITE_PARITY_10546_MEDIAN_REQUIRES_CAPABILITY.rs,P0,memory,SQL_AGGREGATE_ADV,1427152,8219842,5.759612,-475.961215,true,3
651,10538,MIN_MAX_OVER_BLOBS_BYTEWISE,SQLITE_PARITY_10538_MIN_MAX_OVER_BLOBS_BYTEWISE.rs,P0,memory,SQL_AGGREGATE_ADV,1471977,8475736,5.758063,-475.806280,true,3
652,12023,PRAGMA_COMPILE_OPTIONS,SQLITE_PARITY_12023_PRAGMA_COMPILE_OPTIONS.rs,P1,memory,SQL_PRAGMA,1404148,8083794,5.757081,-475.708116,true,3
653,00290,SCALAR_STRING_016,SQLITE_PARITY_290_SCALAR_STRING_016.rs,P1,memory,GEN_SQL_SCALAR,1479851,8514039,5.753308,-475.330827,true,3
654,11689,DATETIME_STRFTIME_ISO_UNIX_PLUS_30_MINUTES,SQLITE_PARITY_11689_DATETIME_STRFTIME_ISO_UNIX_PLUS_30_MINUTES.rs,P0,memory,SQL_DATETIME,1414097,8119532,5.741849,-474.184939,true,3
655,11428,STRING_QUOTE_X_01AB,SQLITE_PARITY_11428_STRING_QUOTE_X_01AB.rs,P0,memory,SQL_STRING,1439175,8246452,5.729986,-472.998558,true,3
656,12018,PRAGMA_HARD_HEAP_LIMIT,SQLITE_PARITY_12018_PRAGMA_HARD_HEAP_LIMIT.rs,P1,memory,SQL_PRAGMA,1464903,8389773,5.727187,-472.718671,true,3
657,00264,SCALAR_ARITH_010,SQLITE_PARITY_264_SCALAR_ARITH_010.rs,P1,memory,GEN_SQL_SCALAR,1436539,8224961,5.725540,-472.553965,true,3
658,00685,JOIN_SUBQUERY_EXISTS_078,SQLITE_PARITY_685_JOIN_SUBQUERY_EXISTS_078.rs,P1,memory,GEN_SQL_JOIN_SUBQUERY,1683948,9634129,5.721156,-472.115588,true,3
659,00962,VIEW_TRIGGER_GENERATED_015,SQLITE_PARITY_962_VIEW_TRIGGER_GENERATED_015.rs,P2,memory,GEN_SQL_VIEW_TRIGGER,1601572,9149101,5.712576,-471.257552,true,3
660,00627,JOIN_SUBQUERY_EXISTS_020,SQLITE_PARITY_627_JOIN_SUBQUERY_EXISTS_020.rs,P1,memory,GEN_SQL_JOIN_SUBQUERY,1741657,9942032,5.708375,-470.837541,true,3
661,00192,OPT_INIT_TEMPFILE,SQLITE_PARITY_192_OPT_INIT_TEMPFILE.rs,P2,tempfile,CLI_OPTION_TEMPFILE,1287948,7351368,5.707814,-470.781429,true,3
662,11445,STRING_FORMAT_D_S_42_FOO,SQLITE_PARITY_11445_STRING_FORMAT_D_S_42_FOO.rs,P0,memory,SQL_STRING,1468220,8380255,5.707765,-470.776519,true,3
663,00169,DOT_NONCE_SAFE_MODE,SQLITE_PARITY_169_DOT_NONCE_SAFE_MODE.rs,P2,memory,CLI_DOT_COMMAND,1414067,8054408,5.695917,-469.591681,true,3
664,11906,WIN_SUM_EXCL_CURRENT_ROW,SQLITE_PARITY_11906_WIN_SUM_EXCL_CURRENT_ROW.rs,P0,memory,SQL_WINDOW,1625206,9251374,5.692432,-469.243161,true,3
665,10472,COMPOUND_UNION_ALL_PRESERVES_DUPES,SQLITE_PARITY_10472_COMPOUND_UNION_ALL_PRESERVES_DUPES.rs,P0,memory,SQL_COMPOUND,1526390,8686676,5.690994,-469.099378,true,3
666,10480,COMPOUND_DIFFERENT_COLUMN_COUNT_ERRORS,SQLITE_PARITY_10480_COMPOUND_DIFFERENT_COLUMN_COUNT_ERRORS.rs,P0,memory,SQL_COMPOUND,1410721,8025493,5.688930,-468.892999,true,3
667,00003,CREATE_TABLE_INSERT_SELECT,SQLITE_PARITY_003_CREATE_TABLE_INSERT_SELECT.rs,P0,memory,SQL_DDL_DML,1471195,8362091,5.683877,-468.387671,true,3
668,00029,ALTER_TABLE_RENAME_COLUMN,SQLITE_PARITY_029_ALTER_TABLE_RENAME_COLUMN.rs,P0,memory,SQL_ALTER,2043148,11590783,5.673002,-467.300215,true,3
669,11852,JSON_DARROW_A_B_1,SQLITE_PARITY_11852_JSON_DARROW_A_B_1.rs,P0,memory,SQL_JSON,1540026,8729376,5.668330,-466.833027,true,3
670,11807,JSON_JSON_EXTRACT_D_0,SQLITE_PARITY_11807_JSON_JSON_EXTRACT_D_0.rs,P0,memory,SQL_JSON,1510330,8550147,5.661112,-466.111181,true,3
671,00189,OPT_ECHO,SQLITE_PARITY_189_OPT_ECHO.rs,P2,memory,CLI_OPTION,1211122,6842815,5.649980,-464.997994,true,3
672,00122,DOT_CHANGES,SQLITE_PARITY_122_DOT_CHANGES.rs,P0,memory,CLI_DOT_COMMAND,1460906,8253826,5.649800,-464.979951,true,3
673,11967,WIN_LAST_VALUE_EXCL_GROUP,SQLITE_PARITY_11967_WIN_LAST_VALUE_EXCL_GROUP.rs,P0,memory,SQL_WINDOW,1531149,8636731,5.640686,-464.068618,true,3
674,00071,BETWEEN_IN_ISNULL_IS,SQLITE_PARITY_071_BETWEEN_IN_ISNULL_IS.rs,P0,memory,SQL_OPERATORS,1557509,8780693,5.637652,-463.765153,true,3
675,01118,INDEX_SCHEMA_PRAGMA_051,SQLITE_PARITY_1118_INDEX_SCHEMA_PRAGMA_051.rs,P2,memory,GEN_SQL_INDEX_PRAGMA,1732880,9768313,5.637039,-463.703949,true,3
676,00064,CTE_NON_RECURSIVE,SQLITE_PARITY_064_CTE_NON_RECURSIVE.rs,P0,memory,SQL_CTE,1443272,8127427,5.631251,-463.125107,true,3
677,11729,DATETIME_STRFTIME_ISO_Y2K_BASE,SQLITE_PARITY_11729_DATETIME_STRFTIME_ISO_Y2K_BASE.rs,P0,memory,SQL_DATETIME,1528033,8604169,5.630879,-463.087905,true,3
678,11422,STRING_HEX_A,SQLITE_PARITY_11422_STRING_HEX_A.rs,P0,memory,SQL_STRING,1489069,8377290,5.625857,-462.585750,true,3
679,00809,WINDOW_PARTITION_SUM_022,SQLITE_PARITY_809_WINDOW_PARTITION_SUM_022.rs,P2,memory,GEN_SQL_WINDOW,1631098,9156335,5.613602,-461.360200,true,3
680,00073,INDEXED_BY,SQLITE_PARITY_073_INDEXED_BY.rs,P0,memory,SQL_INDEX,1624996,9117060,5.610512,-461.051227,true,3
681,00006,ROWID_INTEGER_PRIMARY_KEY,SQLITE_PARITY_006_ROWID_INTEGER_PRIMARY_KEY.rs,P0,memory,SQL_ROWID,1572336,8820408,5.609748,-460.974753,true,3
682,11352,AFFINITY_BLOB_TEXT_NUM,SQLITE_PARITY_11352_AFFINITY_BLOB_TEXT_NUM.rs,P0,memory,SQL_TYPE_AFFINITY,1530166,8583550,5.609555,-460.955478,true,3
683,10493,IN_SELECT_SUBQUERY_BASIC,SQLITE_PARITY_10493_IN_SELECT_SUBQUERY_BASIC.rs,P0,memory,SQL_SUBQUERY,1640325,9162326,5.585677,-458.567723,true,3
684,11433,STRING_CHAR_97,SQLITE_PARITY_11433_STRING_CHAR_97.rs,P0,memory,SQL_STRING,1424497,7952004,5.582324,-458.232415,true,3
685,11420,STRING_TRIM_HI,SQLITE_PARITY_11420_STRING_TRIM_HI.rs,P0,memory,SQL_STRING,1439986,8038067,5.582045,-458.204524,true,3
686,00423,DML_WHERE_ORDER_LIMIT_036,SQLITE_PARITY_423_DML_WHERE_ORDER_LIMIT_036.rs,P1,memory,GEN_SQL_DML,1600830,8908876,5.565161,-456.516057,true,3
687,00615,JOIN_SUBQUERY_EXISTS_008,SQLITE_PARITY_615_JOIN_SUBQUERY_EXISTS_008.rs,P1,memory,GEN_SQL_JOIN_SUBQUERY,1948630,10816578,5.550863,-455.086291,true,3
688,11902,WIN_SUM_ROWS_1_PREC_1_FOLL,SQLITE_PARITY_11902_WIN_SUM_ROWS_1_PREC_1_FOLL.rs,P0,memory,SQL_WINDOW,1623173,9009587,5.550602,-455.060182,true,3
689,00218,PRAGMA_FORMS_SCHEMA_EQUALS_PARENS,SQLITE_PARITY_218_PRAGMA_FORMS_SCHEMA_EQUALS_PARENS.rs,P0,memory,SQL_PRAGMA,1593607,8811361,5.529193,-452.919321,true,3
690,00101,SCHEMA_SQLITE_MASTER_ALIAS,SQLITE_PARITY_101_SCHEMA_SQLITE_MASTER_ALIAS.rs,P0,memory,SQL_SCHEMA,1503216,8310894,5.528742,-452.874238,true,3
691,10478,COMPOUND_LIMIT,SQLITE_PARITY_10478_COMPOUND_LIMIT.rs,P0,memory,SQL_COMPOUND,1311303,7248422,5.527648,-452.764845,true,3
692,00042,TEMP_TABLE_TEMP_SCHEMA,SQLITE_PARITY_042_TEMP_TABLE_TEMP_SCHEMA.rs,P0,memory,SQL_TEMP,1571926,8686335,5.525919,-452.591852,true,3
693,00102,WITH_MATERIALIZED_HINTS,SQLITE_PARITY_102_WITH_MATERIALIZED_HINTS.rs,P0,memory,SQL_CTE,1966292,10860931,5.523560,-452.355957,true,3
694,11415,STRING_LTRIM_,SQLITE_PARITY_11415_STRING_LTRIM_.rs,P0,memory,SQL_STRING,1377818,7606009,5.520329,-452.032925,true,3
695,11511,DATETIME_TIME_EPOCH_PLUS_1_YEAR,SQLITE_PARITY_11511_DATETIME_TIME_EPOCH_PLUS_1_YEAR.rs,P0,memory,SQL_DATETIME,1201514,6629100,5.517289,-451.728902,true,3
696,11223,CAST_REAL_0_AS_BLOB,SQLITE_PARITY_11223_CAST_REAL_0_AS_BLOB.rs,P0,memory,SQL_CAST,1222084,6727987,5.505339,-450.533924,true,3
697,11937,WIN_MIN_EXCL_GROUP,SQLITE_PARITY_11937_WIN_MIN_EXCL_GROUP.rs,P0,memory,SQL_WINDOW,1675072,9212571,5.499806,-449.980598,true,3
698,11409,STRING_LOWER_ABC,SQLITE_PARITY_11409_STRING_LOWER_ABC.rs,P0,memory,SQL_STRING,1406923,7722831,5.489164,-448.916394,true,3
699,11523,DATETIME_JULIANDAY_EPOCH_PLUS_30_MINUTES,SQLITE_PARITY_11523_DATETIME_JULIANDAY_EPOCH_PLUS_30_MINUTES.rs,P0,memory,SQL_DATETIME,1285815,7057381,5.488644,-448.864417,true,3
700,11005,MATH_ACOSH_2_0,SQLITE_PARITY_11005_MATH_ACOSH_2_0.rs,P1,memory,SQL_MATH,1482566,8130903,5.484345,-448.434471,true,3
701,00684,JOIN_SUBQUERY_EXISTS_077,SQLITE_PARITY_684_JOIN_SUBQUERY_EXISTS_077.rs,P1,memory,GEN_SQL_JOIN_SUBQUERY,1860022,10191534,5.479255,-447.925455,true,3
702,00151,DOT_SAVE_RESTORE_TEMPFILE,SQLITE_PARITY_151_DOT_SAVE_RESTORE_TEMPFILE.rs,P1,tempfile,CLI_TEMPFILE,2126506,11648312,5.477677,-447.767653,true,3
703,11913,WIN_AVG_ROWS_2_PREC_CURRENT,SQLITE_PARITY_11913_WIN_AVG_ROWS_2_PREC_CURRENT.rs,P0,memory,SQL_WINDOW,1699758,9295187,5.468536,-446.853552,true,3
704,00275,SCALAR_NULL_COALESCE_012,SQLITE_PARITY_275_SCALAR_NULL_COALESCE_012.rs,P1,memory,GEN_SQL_SCALAR,1447371,7900687,5.458647,-445.864675,true,3
705,11653,DATETIME_JULIANDAY_DATE_2024_START_OF_YEAR,SQLITE_PARITY_11653_DATETIME_JULIANDAY_DATE_2024_START_OF_YEAR.rs,P0,memory,SQL_DATETIME,1628022,8886664,5.458565,-445.856506,true,3
706,00201,OPT_NO_ROWID_IN_VIEW,SQLITE_PARITY_201_OPT_NO_ROWID_IN_VIEW.rs,P4,memory,CLI_OPTION,1514477,8266289,5.458181,-445.818061,true,3
707,10497,CORRELATED_SUBQUERY_IN_WHERE,SQLITE_PARITY_10497_CORRELATED_SUBQUERY_IN_WHERE.rs,P0,memory,SQL_SUBQUERY,1428404,7791941,5.454998,-445.499803,true,3
708,10215,OPT_MODE_JSON,SQLITE_PARITY_10215_OPT_MODE_JSON.rs,P0,memory,CLI_OPTION,1453983,7919914,5.447047,-444.704718,true,3
709,00267,SCALAR_NULL_COALESCE_010,SQLITE_PARITY_267_SCALAR_NULL_COALESCE_010.rs,P1,memory,GEN_SQL_SCALAR,1414618,7703855,5.445891,-444.589069,true,3
710,11540,DATETIME_DATE_EPOCH_START_OF_YEAR,SQLITE_PARITY_11540_DATETIME_DATE_EPOCH_START_OF_YEAR.rs,P0,memory,SQL_DATETIME,1274563,6916293,5.426403,-442.640340,true,3
711,11345,AFFINITY_VARCHAR_8_TEXT_BARE,SQLITE_PARITY_11345_AFFINITY_VARCHAR_8_TEXT_BARE.rs,P0,memory,SQL_TYPE_AFFINITY,1578769,8562300,5.423403,-442.340266,true,3
712,00028,ALTER_TABLE_RENAME,SQLITE_PARITY_028_ALTER_TABLE_RENAME.rs,P0,memory,SQL_ALTER,1956564,10607742,5.421618,-442.161769,true,3
713,00425,DML_WHERE_ORDER_LIMIT_038,SQLITE_PARITY_425_DML_WHERE_ORDER_LIMIT_038.rs,P1,memory,GEN_SQL_DML,1513886,8202770,5.418354,-441.835383,true,3
714,01105,INDEX_SCHEMA_PRAGMA_038,SQLITE_PARITY_1105_INDEX_SCHEMA_PRAGMA_038.rs,P2,memory,GEN_SQL_INDEX_PRAGMA,1814335,9830400,5.418184,-441.818352,true,3
715,00044,ANALYZE_SQLITE_STAT1,SQLITE_PARITY_044_ANALYZE_SQLITE_STAT1.rs,P0,memory,SQL_ANALYZE,1817611,9841602,5.414581,-441.458101,true,3
716,00676,JOIN_SUBQUERY_EXISTS_069,SQLITE_PARITY_676_JOIN_SUBQUERY_EXISTS_069.rs,P1,memory,GEN_SQL_JOIN_SUBQUERY,1797192,9729279,5.413600,-441.360022,true,3
717,00754,CTE_RECURSIVE_MATRIX_047,SQLITE_PARITY_754_CTE_RECURSIVE_MATRIX_047.rs,P1,memory,GEN_SQL_CTE,1628373,8784451,5.394618,-439.461843,true,3
718,11006,MATH_ACOSH_10_0,SQLITE_PARITY_11006_MATH_ACOSH_10_0.rs,P1,memory,SQL_MATH,1268081,6837805,5.392246,-439.224624,true,3
719,11513,DATETIME_JULIANDAY_EPOCH_PLUS_1_YEAR,SQLITE_PARITY_11513_DATETIME_JULIANDAY_EPOCH_PLUS_1_YEAR.rs,P0,memory,SQL_DATETIME,1344165,7240868,5.386889,-438.688926,true,3
720,11801,JSON_JSON_EXTRACT_A,SQLITE_PARITY_11801_JSON_JSON_EXTRACT_A.rs,P0,memory,SQL_JSON,1465394,7882683,5.379224,-437.922429,true,3
721,00302,SCALAR_STRING_019,SQLITE_PARITY_302_SCALAR_STRING_019.rs,P1,memory,GEN_SQL_SCALAR,1426701,7663398,5.371411,-437.141139,true,3
722,11904,WIN_SUM_RANGE_UNBND_PREC_CURRENT,SQLITE_PARITY_11904_WIN_SUM_RANGE_UNBND_PREC_CURRENT.rs,P0,memory,SQL_WINDOW,1571135,8417756,5.357755,-435.775474,true,3
723,00533,AGG_GROUP_HAVING_026,SQLITE_PARITY_533_AGG_GROUP_HAVING_026.rs,P1,memory,GEN_SQL_AGGREGATE,1894125,10147711,5.357466,-435.746638,true,3
724,00744,CTE_RECURSIVE_MATRIX_037,SQLITE_PARITY_744_CTE_RECURSIVE_MATRIX_037.rs,P1,memory,GEN_SQL_CTE,1580272,8458884,5.352803,-435.280256,true,3
725,00083,CORE_NUMERIC_FUNCTIONS,SQLITE_PARITY_083_CORE_NUMERIC_FUNCTIONS.rs,P0,memory,SQL_FUNCTIONS,1564061,8366760,5.349382,-434.938215,true,3
726,00198,OPT_LOOKASIDE,SQLITE_PARITY_198_OPT_LOOKASIDE.rs,P3,memory,CLI_OPTION,1325620,7086586,5.345865,-434.586533,true,3
727,00446,DML_WHERE_ORDER_LIMIT_059,SQLITE_PARITY_446_DML_WHERE_ORDER_LIMIT_059.rs,P1,memory,GEN_SQL_DML,1635236,8740628,5.345178,-434.517831,true,3
728,00300,SCALAR_ARITH_019,SQLITE_PARITY_300_SCALAR_ARITH_019.rs,P1,memory,GEN_SQL_SCALAR,1422093,7597603,5.342550,-434.255003,true,3
729,11424,STRING_HEX_X_01AB,SQLITE_PARITY_11424_STRING_HEX_X_01AB.rs,P0,memory,SQL_STRING,1310391,6989121,5.333615,-433.361493,true,3
730,00976,VIEW_TRIGGER_GENERATED_029,SQLITE_PARITY_976_VIEW_TRIGGER_GENERATED_029.rs,P2,memory,GEN_SQL_VIEW_TRIGGER,1999435,10648669,5.325839,-432.583905,true,3
731,11066,MATH_RADIANS_180_0,SQLITE_PARITY_11066_MATH_RADIANS_180_0.rs,P1,memory,SQL_MATH,1371426,7302635,5.324848,-432.484800,true,3
732,11959,WIN_FIRST_VALUE_EXCL_NO_OTHERS,SQLITE_PARITY_11959_WIN_FIRST_VALUE_EXCL_NO_OTHERS.rs,P0,memory,SQL_WINDOW,1572608,8359186,5.315492,-431.549248,true,3
733,00625,JOIN_SUBQUERY_EXISTS_018,SQLITE_PARITY_625_JOIN_SUBQUERY_EXISTS_018.rs,P1,memory,GEN_SQL_JOIN_SUBQUERY,1524426,8084906,5.303574,-430.357394,true,3
734,00126,DOT_STATS,SQLITE_PARITY_126_DOT_STATS.rs,P3,memory,CLI_DOT_COMMAND_DIAGNOSTIC,1563890,8273934,5.290611,-429.061123,true,3
735,11943,WIN_MAX_ROWS_2_PREC_CURRENT,SQLITE_PARITY_11943_WIN_MAX_ROWS_2_PREC_CURRENT.rs,P0,memory,SQL_WINDOW,1677966,8854633,5.277004,-427.700382,true,3
736,00710,CTE_RECURSIVE_MATRIX_003,SQLITE_PARITY_710_CTE_RECURSIVE_MATRIX_003.rs,P1,memory,GEN_SQL_CTE,1468530,7747548,5.275717,-427.571653,true,3
737,11900,WIN_SUM_ROWS_UNBND_PREC_CURRENT,SQLITE_PARITY_11900_WIN_SUM_ROWS_UNBND_PREC_CURRENT.rs,P0,memory,SQL_WINDOW,1650755,8701483,5.271214,-427.121408,true,3
738,10213,OPT_MODE_CSV,SQLITE_PARITY_10213_OPT_MODE_CSV.rs,P0,memory,CLI_OPTION,1273221,6710064,5.270149,-427.014870,true,3
739,10487,COMPOUND_THREE_WAY_UNION_ALL,SQLITE_PARITY_10487_COMPOUND_THREE_WAY_UNION_ALL.rs,P0,memory,SQL_COMPOUND,1467829,7732279,5.267834,-426.783365,true,3
740,10553,STRICT_TABLE_TYPE_REJECT,SQLITE_PARITY_10553_STRICT_TABLE_TYPE_REJECT.rs,P0,memory,SQL_ERROR_MESSAGES,1478349,7784117,5.265412,-426.541229,true,3
741,10540,GROUPBY_EMPTY_VS_NO_GROUPBY_EMPTY,SQLITE_PARITY_10540_GROUPBY_EMPTY_VS_NO_GROUPBY_EMPTY.rs,P0,memory,SQL_AGGREGATE_ADV,1544434,8127918,5.262716,-426.271631,true,3
742,11430,STRING_UNICODE_A,SQLITE_PARITY_11430_STRING_UNICODE_A.rs,P0,memory,SQL_STRING,1469251,7729303,5.260710,-426.070971,true,3
743,00046,VACUUM_MEMORY,SQLITE_PARITY_046_VACUUM_MEMORY.rs,P0,memory,SQL_VACUUM,1830857,9628478,5.259001,-425.900057,true,3
744,00650,JOIN_SUBQUERY_EXISTS_043,SQLITE_PARITY_650_JOIN_SUBQUERY_EXISTS_043.rs,P1,memory,GEN_SQL_JOIN_SUBQUERY,1678918,8827633,5.257930,-425.792981,true,3
745,11073,MATH_SINH_1_0,SQLITE_PARITY_11073_MATH_SINH_1_0.rs,P1,memory,SQL_MATH,1345828,7070085,5.253335,-425.333475,true,3
746,00197,OPT_MAXSIZE_DESERIALIZE_TEMPFILE,SQLITE_PARITY_197_OPT_MAXSIZE_DESERIALIZE_TEMPFILE.rs,P3,tempfile,CLI_OPTION_TEMPFILE,5228959,27444487,5.248557,-424.855655,false,3
747,00924,CONSTRAINT_FK_SAVEPOINT_057,SQLITE_PARITY_924_CONSTRAINT_FK_SAVEPOINT_057.rs,P2,memory,GEN_SQL_CONSTRAINT_TX,1580723,8282230,5.239520,-423.952014,true,3
748,00018,DELETE_RETURNING,SQLITE_PARITY_018_DELETE_RETURNING.rs,P0,memory,SQL_DELETE,1615158,8441982,5.226722,-422.672209,true,3
749,00162,DOT_LOAD_EXTENSION_NEGATIVE,SQLITE_PARITY_162_DOT_LOAD_EXTENSION_NEGATIVE.rs,P4,side_effect,CLI_SIDE_EFFECT,1264243,6602008,5.222104,-422.210366,true,3
750,11905,WIN_SUM_GROUPS_1_PREC_CURRENT,SQLITE_PARITY_11905_WIN_SUM_GROUPS_1_PREC_CURRENT.rs,P0,memory,SQL_WINDOW,1639163,8551409,5.216936,-421.693633,true,3
751,00659,JOIN_SUBQUERY_EXISTS_052,SQLITE_PARITY_659_JOIN_SUBQUERY_EXISTS_052.rs,P1,memory,GEN_SQL_JOIN_SUBQUERY,2086059,10864148,5.207977,-420.797734,true,3
752,00032,UNIQUE_INDEX_FAILURE,SQLITE_PARITY_032_UNIQUE_INDEX_FAILURE.rs,P0,memory,SQL_INDEX_NEGATIVE,1518685,7907490,5.206801,-420.680062,true,3
753,00041,DROP_TRIGGER,SQLITE_PARITY_041_DROP_TRIGGER.rs,P0,memory,SQL_DROP,1653391,8605130,5.204534,-420.453420,true,3
754,10527,AGGREGATE_OVER_ALL_NULL_SET,SQLITE_PARITY_10527_AGGREGATE_OVER_ALL_NULL_SET.rs,P0,memory,SQL_AGGREGATE_ADV,1478168,7670962,5.189506,-418.950620,true,3
755,00530,AGG_GROUP_HAVING_023,SQLITE_PARITY_530_AGG_GROUP_HAVING_023.rs,P1,memory,GEN_SQL_AGGREGATE,1486855,7714835,5.188694,-418.869358,true,3
756,11241,CAST_BLOB_HEX_AS_REAL,SQLITE_PARITY_11241_CAST_BLOB_HEX_AS_REAL.rs,P0,memory,SQL_CAST,1620939,8408599,5.187486,-418.748639,true,3
757,00155,DOT_DBTOTXT_TEMPFILE,SQLITE_PARITY_155_DOT_DBTOTXT_TEMPFILE.rs,P3,tempfile,CLI_TEMPFILE,1906439,9885885,5.185524,-418.552390,true,3
758,10477,COMPOUND_ORDER_BY_FINAL,SQLITE_PARITY_10477_COMPOUND_ORDER_BY_FINAL.rs,P0,memory,SQL_COMPOUND,1348913,6993370,5.184449,-418.444852,true,3
759,00252,SCALAR_ARITH_007,SQLITE_PARITY_252_SCALAR_ARITH_007.rs,P1,memory,GEN_SQL_SCALAR,1346359,6969113,5.176267,-417.626651,true,3
760,00150,DOT_BACKUP_RESTORE_TEMPFILE,SQLITE_PARITY_150_DOT_BACKUP_RESTORE_TEMPFILE.rs,P1,tempfile,CLI_TEMPFILE,2139390,11062082,5.170671,-417.067108,true,3
761,00617,JOIN_SUBQUERY_EXISTS_010,SQLITE_PARITY_617_JOIN_SUBQUERY_EXISTS_010.rs,P1,memory,GEN_SQL_JOIN_SUBQUERY,2129732,10990637,5.160573,-416.057279,true,3
762,10342,MULTI_ROW_INSERT_UPSERT,SQLITE_PARITY_10342_MULTI_ROW_INSERT_UPSERT.rs,P0,memory,SQL_UPSERT,1343334,6922546,5.153257,-415.325749,true,3
763,00229,SCALAR_CAST_TYPEOF_001,SQLITE_PARITY_229_SCALAR_CAST_TYPEOF_001.rs,P1,memory,GEN_SQL_SCALAR,1221853,6291961,5.149524,-414.952372,true,3
764,10531,FILTER_VS_CASE_WHEN_EQUIVALENCE,SQLITE_PARITY_10531_FILTER_VS_CASE_WHEN_EQUIVALENCE.rs,P0,memory,SQL_AGGREGATE_ADV,1492295,7678076,5.145146,-414.514623,true,3
765,00240,SCALAR_ARITH_004,SQLITE_PARITY_240_SCALAR_ARITH_004.rs,P1,memory,GEN_SQL_SCALAR,1482887,7603164,5.127271,-412.727133,true,3
766,10589,LIKE_ESCAPE_UNDERSCORE,SQLITE_PARITY_10589_LIKE_ESCAPE_UNDERSCORE.rs,P0,memory,SQL_PATTERN,1466115,7505910,5.119592,-411.959157,true,3
767,00806,WINDOW_PARTITION_SUM_019,SQLITE_PARITY_806_WINDOW_PARTITION_SUM_019.rs,P2,memory,GEN_SQL_WINDOW,1712122,8752099,5.111843,-411.184308,true,3
768,00972,VIEW_TRIGGER_GENERATED_025,SQLITE_PARITY_972_VIEW_TRIGGER_GENERATED_025.rs,P2,memory,GEN_SQL_VIEW_TRIGGER,1745064,8920338,5.111754,-411.175407,true,3
769,10252,PRAGMA_QUERY_ONLY_READS_DEFAULT,SQLITE_PARITY_10252_PRAGMA_QUERY_ONLY_READS_DEFAULT.rs,P0,memory,SQL_PRAGMA,1361648,6958153,5.110097,-411.009674,true,3
770,10165,DOT_HEADERS_ON_THEN_OFF,SQLITE_PARITY_10165_DOT_HEADERS_ON_THEN_OFF.rs,P0,memory,CLI_DOT_COMMAND,1478008,7547238,5.106358,-410.635802,true,3
771,00266,SCALAR_STRING_010,SQLITE_PARITY_266_SCALAR_STRING_010.rs,P1,memory,GEN_SQL_SCALAR,1430779,7304579,5.105316,-410.531606,true,3
772,00608,JOIN_SUBQUERY_EXISTS_001,SQLITE_PARITY_608_JOIN_SUBQUERY_EXISTS_001.rs,P1,memory,GEN_SQL_JOIN_SUBQUERY,1651527,8431492,5.105270,-410.527046,true,3
773,10607,LIKE_MULTIBYTE_NOT_FOLDED,SQLITE_PARITY_10607_LIKE_MULTIBYTE_NOT_FOLDED.rs,P0,memory,SQL_PATTERN,1610790,8219942,5.103050,-410.305006,true,3
774,00063,WINDOW_EXCLUDE_CURRENT_ROW,SQLITE_PARITY_063_WINDOW_EXCLUDE_CURRENT_ROW.rs,P0,memory,SQL_WINDOW,1787774,9109456,5.095418,-409.541810,true,3
775,00080,NOT_NULL_FAILURE,SQLITE_PARITY_080_NOT_NULL_FAILURE.rs,P0,memory,SQL_CONSTRAINTS_NEGATIVE,1590531,8094094,5.088926,-408.892565,true,3
776,10515,GROUP_CONCAT_DISTINCT_BASIC,SQLITE_PARITY_10515_GROUP_CONCAT_DISTINCT_BASIC.rs,P0,memory,SQL_AGGREGATE_ADV,1504980,7652718,5.084930,-408.493003,true,3
777,10397,PRAGMA_TABLE_INFO_TVF,SQLITE_PARITY_10397_PRAGMA_TABLE_INFO_TVF.rs,P0,memory,SQL_SCHEMA_INTROSPECTION,1438073,7304769,5.079554,-407.955368,true,3
778,00254,SCALAR_STRING_007,SQLITE_PARITY_254_SCALAR_STRING_007.rs,P1,memory,GEN_SQL_SCALAR,1481304,7522231,5.078114,-407.811428,true,3
779,00056,SUBQUERIES_EXISTS_IN,SQLITE_PARITY_056_SUBQUERIES_EXISTS_IN.rs,P0,memory,SQL_SELECT,1620127,8227075,5.078043,-407.804326,true,3
780,00125,DOT_TIMER,SQLITE_PARITY_125_DOT_TIMER.rs,P3,memory,CLI_DOT_COMMAND_DIAGNOSTIC,1363241,6921283,5.077080,-407.707955,true,3
781,10474,COMPOUND_INTERSECT,SQLITE_PARITY_10474_COMPOUND_INTERSECT.rs,P0,memory,SQL_COMPOUND,1576735,8004494,5.076626,-407.662607,true,3
782,00926,CONSTRAINT_FK_SAVEPOINT_059,SQLITE_PARITY_926_CONSTRAINT_FK_SAVEPOINT_059.rs,P2,memory,GEN_SQL_CONSTRAINT_TX,1642540,8308410,5.058270,-405.826951,true,3
783,11414,STRING_LTRIM_HI,SQLITE_PARITY_11414_STRING_LTRIM_HI.rs,P0,memory,SQL_STRING,1472358,7438101,5.051829,-405.182911,true,3
784,10479,COMPOUND_LIMIT_OFFSET,SQLITE_PARITY_10479_COMPOUND_LIMIT_OFFSET.rs,P0,memory,SQL_COMPOUND,1408487,7112676,5.049870,-404.986982,true,3
785,00139,DOT_LINT_FKEY_INDEXES,SQLITE_PARITY_139_DOT_LINT_FKEY_INDEXES.rs,P3,memory,CLI_DOT_COMMAND_DIAGNOSTIC,1783867,8988827,5.038956,-403.895582,true,3
786,00433,DML_WHERE_ORDER_LIMIT_046,SQLITE_PARITY_433_DML_WHERE_ORDER_LIMIT_046.rs,P1,memory,GEN_SQL_DML,1661596,8370176,5.037431,-403.743148,true,3
787,00959,VIEW_TRIGGER_GENERATED_012,SQLITE_PARITY_959_VIEW_TRIGGER_GENERATED_012.rs,P2,memory,GEN_SQL_VIEW_TRIGGER,1709336,8606424,5.034952,-403.495158,true,3
788,11233,CAST_TEXT_NUM_AS_BLOB,SQLITE_PARITY_11233_CAST_TEXT_NUM_AS_BLOB.rs,P0,memory,SQL_CAST,1554103,7816198,5.029395,-402.939509,true,3
789,00262,SCALAR_STRING_009,SQLITE_PARITY_262_SCALAR_STRING_009.rs,P1,memory,GEN_SQL_SCALAR,1494118,7513164,5.028494,-402.849440,true,3
790,10523,GROUP_BY_EXPRESSION_LOWER,SQLITE_PARITY_10523_GROUP_BY_EXPRESSION_LOWER.rs,P0,memory,SQL_AGGREGATE_ADV,1487456,7474180,5.024807,-402.480746,true,3
791,11349,AFFINITY_BLOB_INT_BIG,SQLITE_PARITY_11349_AFFINITY_BLOB_INT_BIG.rs,P0,memory,SQL_TYPE_AFFINITY,1744272,8744946,5.013522,-401.352197,true,3
792,00619,JOIN_SUBQUERY_EXISTS_012,SQLITE_PARITY_619_JOIN_SUBQUERY_EXISTS_012.rs,P1,memory,GEN_SQL_JOIN_SUBQUERY,1720678,8624688,5.012378,-401.237768,true,3
793,10491,EXISTS_SUBQUERY_RETURNS_0_OR_1,SQLITE_PARITY_10491_EXISTS_SUBQUERY_RETURNS_0_OR_1.rs,P0,memory,SQL_SUBQUERY,1510209,7566875,5.010482,-401.048199,true,3
794,00191,OPT_BATCH,SQLITE_PARITY_191_OPT_BATCH.rs,P2,memory,CLI_OPTION,1452049,7259974,4.999813,-399.981337,true,3
795,00961,VIEW_TRIGGER_GENERATED_014,SQLITE_PARITY_961_VIEW_TRIGGER_GENERATED_014.rs,P2,memory,GEN_SQL_VIEW_TRIGGER,1832048,9137148,4.987396,-398.739553,true,3
796,11938,WIN_MIN_EXCL_TIES,SQLITE_PARITY_11938_WIN_MIN_EXCL_TIES.rs,P0,memory,SQL_WINDOW,1714666,8533185,4.976587,-397.658728,true,3
797,10482,COMPOUND_VALUES_OPERAND,SQLITE_PARITY_10482_COMPOUND_VALUES_OPERAND.rs,P0,memory,SQL_COMPOUND,1502344,7474140,4.974986,-397.498576,true,3
798,11429,STRING_QUOTE_1_5,SQLITE_PARITY_11429_STRING_QUOTE_1_5.rs,P0,memory,SQL_STRING,1519456,7548691,4.968022,-396.802211,true,3
799,00968,VIEW_TRIGGER_GENERATED_021,SQLITE_PARITY_968_VIEW_TRIGGER_GENERATED_021.rs,P2,memory,GEN_SQL_VIEW_TRIGGER,1711860,8502496,4.966817,-396.681738,true,3
800,00277,SCALAR_CAST_TYPEOF_013,SQLITE_PARITY_277_SCALAR_CAST_TYPEOF_013.rs,P1,memory,GEN_SQL_SCALAR,1460384,7247641,4.962832,-396.283238,true,3
801,10108,MODE_LIST_DEFAULT_PIPE,SQLITE_PARITY_10108_MODE_LIST_DEFAULT_PIPE.rs,P0,memory,CLI_OUTPUT_MODE,1573929,7800318,4.955953,-395.595291,true,3
802,11041,MATH_DEGREES_3_14159265358979,SQLITE_PARITY_11041_MATH_DEGREES_3_14159265358979.rs,P1,memory,SQL_MATH,1474402,7306072,4.955278,-395.527814,true,3
803,00706,JOIN_SUBQUERY_EXISTS_099,SQLITE_PARITY_706_JOIN_SUBQUERY_EXISTS_099.rs,P1,memory,GEN_SQL_JOIN_SUBQUERY,1592255,7888013,4.953989,-395.398853,true,3
804,00077,COMMENTS_AND_CLI_TERMINATORS,SQLITE_PARITY_077_COMMENTS_AND_CLI_TERMINATORS.rs,P0,memory,CLI_SQL_INPUT,1548110,7668739,4.953614,-395.361376,true,3
805,00445,DML_WHERE_ORDER_LIMIT_058,SQLITE_PARITY_445_DML_WHERE_ORDER_LIMIT_058.rs,P1,memory,GEN_SQL_DML,1659111,8212137,4.949721,-394.972127,true,3
806,11537,DATETIME_DATETIME_EPOCH_START_OF_MONTH,SQLITE_PARITY_11537_DATETIME_DATETIME_EPOCH_START_OF_MONTH.rs,P0,memory,SQL_DATETIME,1346710,6656753,4.942974,-394.297436,true,3
807,11911,WIN_AVG_ROWS_CURRENT_UNBND_FOLL,SQLITE_PARITY_11911_WIN_AVG_ROWS_CURRENT_UNBND_FOLL.rs,P0,memory,SQL_WINDOW,1643061,8109182,4.935411,-393.541141,true,3
808,00303,SCALAR_NULL_COALESCE_019,SQLITE_PARITY_303_SCALAR_NULL_COALESCE_019.rs,P1,memory,GEN_SQL_SCALAR,1379642,6807177,4.934017,-393.401694,true,3
809,11406,STRING_OCTET_LENGTH_H_LLO,SQLITE_PARITY_11406_STRING_OCTET_LENGTH_H_LLO.rs,P0,memory,SQL_STRING,1230840,6068439,4.930323,-393.032319,true,3
810,00157,DOT_ARCHIVE_TEMPFILE_OPTIONAL,SQLITE_PARITY_157_DOT_ARCHIVE_TEMPFILE_OPTIONAL.rs,P3,tempfile,CLI_TEMPFILE_OPTIONAL,2127227,10487825,4.930280,-393.028013,true,3
811,00441,DML_WHERE_ORDER_LIMIT_054,SQLITE_PARITY_441_DML_WHERE_ORDER_LIMIT_054.rs,P1,memory,GEN_SQL_DML,1635667,8060981,4.928253,-392.825312,true,3
812,00620,JOIN_SUBQUERY_EXISTS_013,SQLITE_PARITY_620_JOIN_SUBQUERY_EXISTS_013.rs,P1,memory,GEN_SQL_JOIN_SUBQUERY,1501363,7383017,4.917543,-391.754293,true,3
813,01018,JSON_EXTRACT_SET_011,SQLITE_PARITY_1018_JSON_EXTRACT_SET_011.rs,P2,memory,GEN_SQL_JSON,1508827,7414928,4.914366,-391.436593,true,3
814,00736,CTE_RECURSIVE_MATRIX_029,SQLITE_PARITY_736_CTE_RECURSIVE_MATRIX_029.rs,P1,memory,GEN_SQL_CTE,1391294,6829069,4.908430,-390.842985,true,3
815,00202,OPT_APPEND_TEMPFILE,SQLITE_PARITY_202_OPT_APPEND_TEMPFILE.rs,P4,tempfile,CLI_OPTION_TEMPFILE,1727280,8476818,4.907611,-390.761081,true,3
816,10247,PRAGMA_JOURNAL_MODE_SET_DELETE_ON_MEMORY,SQLITE_PARITY_10247_PRAGMA_JOURNAL_MODE_SET_DELETE_ON_MEMORY.rs,P0,memory,SQL_PRAGMA,1496373,7343182,4.907321,-390.732057,true,3
817,10244,PRAGMA_CASE_SENSITIVE_LIKE_ON_AFFECTS_LIKE,SQLITE_PARITY_10244_PRAGMA_CASE_SENSITIVE_LIKE_ON_AFFECTS_LIKE.rs,P0,memory,SQL_PRAGMA,1490602,7312314,4.905611,-390.561129,true,3
818,00261,SCALAR_CAST_TYPEOF_009,SQLITE_PARITY_261_SCALAR_CAST_TYPEOF_009.rs,P1,memory,GEN_SQL_SCALAR,1473830,7227643,4.903987,-390.398689,true,3
819,00352,SCALAR_ARITH_032,SQLITE_PARITY_352_SCALAR_ARITH_032.rs,P1,memory,GEN_SQL_SCALAR,1185334,5809007,4.900734,-390.073431,true,3
820,00257,SCALAR_CAST_TYPEOF_008,SQLITE_PARITY_257_SCALAR_CAST_TYPEOF_008.rs,P1,memory,GEN_SQL_SCALAR,1450386,7105091,4.898759,-389.875868,true,3
821,00697,JOIN_SUBQUERY_EXISTS_090,SQLITE_PARITY_697_JOIN_SUBQUERY_EXISTS_090.rs,P1,memory,GEN_SQL_JOIN_SUBQUERY,1887424,9244311,4.897845,-389.784542,true,3
822,00350,SCALAR_STRING_031,SQLITE_PARITY_350_SCALAR_STRING_031.rs,P1,memory,GEN_SQL_SCALAR,1479912,7247991,4.897582,-389.758242,true,3
823,11003,MATH_ACOS_0_5,SQLITE_PARITY_11003_MATH_ACOS_0_5.rs,P1,memory,SQL_MATH,1252872,6130306,4.893003,-389.300264,true,3
824,00686,JOIN_SUBQUERY_EXISTS_079,SQLITE_PARITY_686_JOIN_SUBQUERY_EXISTS_079.rs,P1,memory,GEN_SQL_JOIN_SUBQUERY,1850854,9054522,4.892078,-389.207793,true,3
825,10355,INSERT_RETURNING_PRESERVES_INSERT_ORDER,SQLITE_PARITY_10355_INSERT_RETURNING_PRESERVES_INSERT_ORDER.rs,P0,memory,SQL_RETURNING,1608004,7862485,4.889593,-388.959294,true,3
826,00963,VIEW_TRIGGER_GENERATED_016,SQLITE_PARITY_963_VIEW_TRIGGER_GENERATED_016.rs,P2,memory,GEN_SQL_VIEW_TRIGGER,1718293,8399853,4.888487,-388.848700,true,3
827,00265,SCALAR_CAST_TYPEOF_010,SQLITE_PARITY_265_SCALAR_CAST_TYPEOF_010.rs,P1,memory,GEN_SQL_SCALAR,1435719,6995063,4.872167,-387.216719,true,3
828,00690,JOIN_SUBQUERY_EXISTS_083,SQLITE_PARITY_690_JOIN_SUBQUERY_EXISTS_083.rs,P1,memory,GEN_SQL_JOIN_SUBQUERY,1863939,9077776,4.870211,-387.021088,true,3
829,10294,BEGIN_COMMIT_BASIC,SQLITE_PARITY_10294_BEGIN_COMMIT_BASIC.rs,P0,memory,SQL_TRANSACTION,1386725,6743957,4.863226,-386.322595,true,3
830,10010,NULL_OR_TRUE_SHORTCIRCUIT,SQLITE_PARITY_10010_NULL_OR_TRUE_SHORTCIRCUIT.rs,P0,memory,SQL_NULL_SEMANTICS,1527191,7420979,4.859234,-385.923437,true,3
831,00721,CTE_RECURSIVE_MATRIX_014,SQLITE_PARITY_721_CTE_RECURSIVE_MATRIX_014.rs,P1,memory,GEN_SQL_CTE,1491955,7247190,4.857512,-385.751246,true,3
832,10471,JOIN_LEFT_EMPTY_RIGHT,SQLITE_PARITY_10471_JOIN_LEFT_EMPTY_RIGHT.rs,P0,memory,SQL_JOIN,1703886,8269075,4.853068,-385.306822,true,3
833,00424,DML_WHERE_ORDER_LIMIT_037,SQLITE_PARITY_424_DML_WHERE_ORDER_LIMIT_037.rs,P1,memory,GEN_SQL_DML,1643561,7974157,4.851756,-385.175603,true,3
834,00610,JOIN_SUBQUERY_EXISTS_003,SQLITE_PARITY_610_JOIN_SUBQUERY_EXISTS_003.rs,P1,memory,GEN_SQL_JOIN_SUBQUERY,1594148,7733751,4.851338,-385.133814,true,3
835,00343,SCALAR_NULL_COALESCE_029,SQLITE_PARITY_343_SCALAR_NULL_COALESCE_029.rs,P1,memory,GEN_SQL_SCALAR,1377317,6681309,4.850960,-385.095951,true,3
836,00288,SCALAR_ARITH_016,SQLITE_PARITY_288_SCALAR_ARITH_016.rs,P1,memory,GEN_SQL_SCALAR,1490501,7227463,4.849016,-384.901587,true,3
837,00916,CONSTRAINT_FK_SAVEPOINT_049,SQLITE_PARITY_916_CONSTRAINT_FK_SAVEPOINT_049.rs,P2,memory,GEN_SQL_CONSTRAINT_TX,1620749,7850172,4.843546,-384.354579,true,3
838,00281,SCALAR_CAST_TYPEOF_014,SQLITE_PARITY_281_SCALAR_CAST_TYPEOF_014.rs,P1,memory,GEN_SQL_SCALAR,1509247,7309688,4.843268,-384.326820,true,3
839,10490,SCALAR_SUBQUERY_SELECT_LIST,SQLITE_PARITY_10490_SCALAR_SUBQUERY_SELECT_LIST.rs,P0,memory,SQL_SUBQUERY,1419478,6852133,4.827220,-382.722029,true,3
840,00196,OPT_MMAP,SQLITE_PARITY_196_OPT_MMAP.rs,P3,memory,CLI_OPTION,1400150,6754537,4.824152,-382.415241,true,3
841,00663,JOIN_SUBQUERY_EXISTS_056,SQLITE_PARITY_663_JOIN_SUBQUERY_EXISTS_056.rs,P1,memory,GEN_SQL_JOIN_SUBQUERY,1835615,8835608,4.813432,-381.343201,true,3
842,11425,STRING_QUOTE_A_B,SQLITE_PARITY_11425_STRING_QUOTE_A_B.rs,P0,memory,SQL_STRING,1375383,6620143,4.813309,-381.330873,true,3
843,00273,SCALAR_CAST_TYPEOF_012,SQLITE_PARITY_273_SCALAR_CAST_TYPEOF_012.rs,P1,memory,GEN_SQL_SCALAR,1388268,6681819,4.813061,-381.306131,true,3
844,00409,DML_WHERE_ORDER_LIMIT_022,SQLITE_PARITY_409_DML_WHERE_ORDER_LIMIT_022.rs,P1,memory,GEN_SQL_DML,1452941,6987429,4.809162,-380.916224,true,3
845,00053,SELECT_WHERE_ORDER_LIMIT_OFFSET,SQLITE_PARITY_053_SELECT_WHERE_ORDER_LIMIT_OFFSET.rs,P0,memory,SQL_SELECT,1585372,7620888,4.807003,-380.700303,true,3
846,00213,SQL_WAL_CHECKPOINT_TEMPFILE,SQLITE_PARITY_213_SQL_WAL_CHECKPOINT_TEMPFILE.rs,P2,tempfile,SQL_TEMPFILE,2081831,9994572,4.800857,-380.085655,true,3
847,10590,LIKE_ESCAPE_PERCENT,SQLITE_PARITY_10590_LIKE_ESCAPE_PERCENT.rs,P0,memory,SQL_PATTERN,1330128,6375019,4.792786,-379.278611,true,3
848,00231,SCALAR_NULL_COALESCE_001,SQLITE_PARITY_231_SCALAR_NULL_COALESCE_001.rs,P1,memory,GEN_SQL_SCALAR,1526710,7317043,4.792687,-379.268689,true,3
849,11538,DATETIME_JULIANDAY_EPOCH_START_OF_MONTH,SQLITE_PARITY_11538_DATETIME_JULIANDAY_EPOCH_START_OF_MONTH.rs,P0,memory,SQL_DATETIME,1265556,6061446,4.789552,-378.955179,true,3
850,10242,PRAGMA_FOREIGN_KEYS_OFF_AGAIN,SQLITE_PARITY_10242_PRAGMA_FOREIGN_KEYS_OFF_AGAIN.rs,P0,memory,SQL_PRAGMA,1224117,5859002,4.786309,-378.630883,true,3
851,11323,AFFINITY_REAL_NULL_LIT,SQLITE_PARITY_11323_AFFINITY_REAL_NULL_LIT.rs,P0,memory,SQL_TYPE_AFFINITY,1621279,7755332,4.783465,-378.346540,true,3
852,01079,INDEX_SCHEMA_PRAGMA_012,SQLITE_PARITY_1079_INDEX_SCHEMA_PRAGMA_012.rs,P2,memory,GEN_SQL_INDEX_PRAGMA,1781573,8521623,4.783202,-378.320170,true,3
853,00709,CTE_RECURSIVE_MATRIX_002,SQLITE_PARITY_709_CTE_RECURSIVE_MATRIX_002.rs,P1,memory,GEN_SQL_CTE,1436479,6870657,4.782985,-378.298465,true,3
854,00154,DOT_DBINFO_TEMPFILE,SQLITE_PARITY_154_DOT_DBINFO_TEMPFILE.rs,P3,tempfile,CLI_TEMPFILE_DIAGNOSTIC,1829754,8749925,4.782023,-378.202261,true,3
855,10543,TOTAL_ALL_NULL_RETURNS_ZERO_REAL,SQLITE_PARITY_10543_TOTAL_ALL_NULL_RETURNS_ZERO_REAL.rs,P0,memory,SQL_AGGREGATE_ADV,1530257,7309758,4.776817,-377.681723,true,3
856,00575,AGG_GROUP_HAVING_068,SQLITE_PARITY_575_AGG_GROUP_HAVING_068.rs,P1,memory,GEN_SQL_AGGREGATE,1597795,7628612,4.774462,-377.446231,true,3
857,10049,MIN_MAX_IGNORE_NULL,SQLITE_PARITY_10049_MIN_MAX_IGNORE_NULL.rs,P0,memory,SQL_AGGREGATE_NULL,1455125,6944487,4.772433,-377.243330,true,3
858,10358,UPDATE_WHERE_RETURNING_FILTERED,SQLITE_PARITY_10358_UPDATE_WHERE_RETURNING_FILTERED.rs,P0,memory,SQL_RETURNING,1599007,7617942,4.764171,-376.417051,true,3
859,10522,GROUP_BY_MULTIPLE_COLUMNS,SQLITE_PARITY_10522_GROUP_BY_MULTIPLE_COLUMNS.rs,P0,memory,SQL_AGGREGATE_ADV,1573899,7497754,4.763809,-376.380886,true,3
860,00434,DML_WHERE_ORDER_LIMIT_047,SQLITE_PARITY_434_DML_WHERE_ORDER_LIMIT_047.rs,P1,memory,GEN_SQL_DML,1564842,7452298,4.762333,-376.233255,true,3
861,00590,AGG_GROUP_HAVING_083,SQLITE_PARITY_590_AGG_GROUP_HAVING_083.rs,P1,memory,GEN_SQL_AGGREGATE,1579921,7514686,4.756368,-375.636820,true,3
862,00664,JOIN_SUBQUERY_EXISTS_057,SQLITE_PARITY_664_JOIN_SUBQUERY_EXISTS_057.rs,P1,memory,GEN_SQL_JOIN_SUBQUERY,1775831,8445398,4.755744,-375.574421,true,3
863,00295,SCALAR_NULL_COALESCE_017,SQLITE_PARITY_295_SCALAR_NULL_COALESCE_017.rs,P1,memory,GEN_SQL_SCALAR,1580132,7514086,4.755353,-375.535335,true,3
864,00313,SCALAR_CAST_TYPEOF_022,SQLITE_PARITY_313_SCALAR_CAST_TYPEOF_022.rs,P1,memory,GEN_SQL_SCALAR,1296004,6158098,4.751604,-375.160416,true,3
865,10214,OPT_MODE_HTML,SQLITE_PARITY_10214_OPT_MODE_HTML.rs,P0,memory,CLI_OPTION,1246409,5916581,4.746902,-374.690170,true,3
866,00258,SCALAR_STRING_008,SQLITE_PARITY_258_SCALAR_STRING_008.rs,P1,memory,GEN_SQL_SCALAR,1265165,5992665,4.736667,-373.666676,true,3
867,11437,STRING_SOUNDEX_ROBERT,SQLITE_PARITY_11437_STRING_SOUNDEX_ROBERT.rs,P0,memory,SQL_STRING,1595741,7553861,4.733764,-373.376381,true,3
868,11512,DATETIME_DATETIME_EPOCH_PLUS_1_YEAR,SQLITE_PARITY_11512_DATETIME_DATETIME_EPOCH_PLUS_1_YEAR.rs,P0,memory,SQL_DATETIME,1335839,6321097,4.731930,-373.193027,true,3
869,00287,SCALAR_NULL_COALESCE_015,SQLITE_PARITY_287_SCALAR_NULL_COALESCE_015.rs,P1,memory,GEN_SQL_SCALAR,1473419,6968984,4.729805,-372.980462,true,3
870,00259,SCALAR_NULL_COALESCE_008,SQLITE_PARITY_259_SCALAR_NULL_COALESCE_008.rs,P1,memory,GEN_SQL_SCALAR,1409448,6659878,4.725168,-372.516758,true,3
871,00296,SCALAR_ARITH_018,SQLITE_PARITY_296_SCALAR_ARITH_018.rs,P1,memory,GEN_SQL_SCALAR,1444975,6822496,4.721532,-372.153221,true,3
872,00977,VIEW_TRIGGER_GENERATED_030,SQLITE_PARITY_977_VIEW_TRIGGER_GENERATED_030.rs,P2,memory,GEN_SQL_VIEW_TRIGGER,1646297,7768698,4.718892,-371.889216,true,3
873,10239,OPT_HEADER_COLUMN_COMBO,SQLITE_PARITY_10239_OPT_HEADER_COLUMN_COMBO.rs,P0,memory,CLI_OPTION,1418125,6685496,4.714321,-371.432067,true,3
874,10575,UPDATE_ON_VIEW,SQLITE_PARITY_10575_UPDATE_ON_VIEW.rs,P0,memory,SQL_ERROR_MESSAGES,1439776,6787469,4.714253,-371.425347,true,3
875,01015,JSON_EXTRACT_SET_008,SQLITE_PARITY_1015_JSON_EXTRACT_SET_008.rs,P2,memory,GEN_SQL_JSON,1508767,7094300,4.702051,-370.205141,true,3
876,00337,SCALAR_CAST_TYPEOF_028,SQLITE_PARITY_337_SCALAR_CAST_TYPEOF_028.rs,P1,memory,GEN_SQL_SCALAR,1332924,6262045,4.697976,-369.797603,true,3
877,10492,NOT_EXISTS_SUBQUERY,SQLITE_PARITY_10492_NOT_EXISTS_SUBQUERY.rs,P0,memory,SQL_SUBQUERY,1541468,7240357,4.697053,-369.705307,true,3
878,10319,SAVEPOINT_REUSE_AFTER_RELEASE,SQLITE_PARITY_10319_SAVEPOINT_REUSE_AFTER_RELEASE.rs,P0,memory,SQL_TRANSACTION,1320240,6196722,4.693633,-369.363298,true,3
879,00639,JOIN_SUBQUERY_EXISTS_032,SQLITE_PARITY_639_JOIN_SUBQUERY_EXISTS_032.rs,P1,memory,GEN_SQL_JOIN_SUBQUERY,1607543,7522191,4.679309,-367.930936,true,3
880,00632,JOIN_SUBQUERY_EXISTS_025,SQLITE_PARITY_632_JOIN_SUBQUERY_EXISTS_025.rs,P1,memory,GEN_SQL_JOIN_SUBQUERY,1596463,7465915,4.676535,-367.653494,true,3
881,00783,CTE_RECURSIVE_MATRIX_076,SQLITE_PARITY_783_CTE_RECURSIVE_MATRIX_076.rs,P1,memory,GEN_SQL_CTE,1356869,6342327,4.674237,-367.423679,true,3
882,01005,VIEW_TRIGGER_GENERATED_058,SQLITE_PARITY_1005_VIEW_TRIGGER_GENERATED_058.rs,P2,memory,GEN_SQL_VIEW_TRIGGER,1690320,7898042,4.672513,-367.251290,true,3
883,00536,AGG_GROUP_HAVING_029,SQLITE_PARITY_536_AGG_GROUP_HAVING_029.rs,P1,memory,GEN_SQL_AGGREGATE,1519186,7097938,4.672198,-367.219814,true,3
884,00274,SCALAR_STRING_012,SQLITE_PARITY_274_SCALAR_STRING_012.rs,P1,memory,GEN_SQL_SCALAR,1407795,6566592,4.664452,-366.445186,true,3
885,11200,CAST_NULL_AS_INTEGER,SQLITE_PARITY_11200_CAST_NULL_AS_INTEGER.rs,P0,memory,SQL_CAST,1234708,5754605,4.660701,-366.070115,true,3
886,00969,VIEW_TRIGGER_GENERATED_022,SQLITE_PARITY_969_VIEW_TRIGGER_GENERATED_022.rs,P2,memory,GEN_SQL_VIEW_TRIGGER,1630296,7597143,4.659978,-365.997770,true,3
887,00234,SCALAR_STRING_002,SQLITE_PARITY_234_SCALAR_STRING_002.rs,P1,memory,GEN_SQL_SCALAR,1553632,7221141,4.647910,-364.790954,true,3
888,00917,CONSTRAINT_FK_SAVEPOINT_050,SQLITE_PARITY_917_CONSTRAINT_FK_SAVEPOINT_050.rs,P2,memory,GEN_SQL_CONSTRAINT_TX,1806370,8386777,4.642890,-364.288988,true,3
889,10467,JOIN_MIXED_INNER_OUTER,SQLITE_PARITY_10467_JOIN_MIXED_INNER_OUTER.rs,P0,memory,SQL_JOIN,1693215,7854470,4.638791,-363.879070,true,3
890,00382,SCALAR_STRING_039,SQLITE_PARITY_382_SCALAR_STRING_039.rs,P1,memory,GEN_SQL_SCALAR,1373360,6360471,4.631321,-363.132099,true,3
891,11053,MATH_LN_2_0,SQLITE_PARITY_11053_MATH_LN_2_0.rs,P1,memory,SQL_MATH,1342972,6217320,4.629523,-362.952318,true,3
892,00622,JOIN_SUBQUERY_EXISTS_015,SQLITE_PARITY_622_JOIN_SUBQUERY_EXISTS_015.rs,P1,memory,GEN_SQL_JOIN_SUBQUERY,1667487,7718803,4.629003,-362.900340,true,3
893,00689,JOIN_SUBQUERY_EXISTS_082,SQLITE_PARITY_689_JOIN_SUBQUERY_EXISTS_082.rs,P1,memory,GEN_SQL_JOIN_SUBQUERY,1552038,7182468,4.627766,-362.776556,true,3
894,10587,LIKE_PCT_WILDCARD,SQLITE_PARITY_10587_LIKE_PCT_WILDCARD.rs,P0,memory,SQL_PATTERN,1272810,5889059,4.626817,-362.681704,true,3
895,11416,STRING_LTRIM_NO_SPACE,SQLITE_PARITY_11416_STRING_LTRIM_NO_SPACE.rs,P0,memory,SQL_STRING,1479892,6846151,4.626115,-362.611528,true,3
896,00255,SCALAR_NULL_COALESCE_007,SQLITE_PARITY_255_SCALAR_NULL_COALESCE_007.rs,P1,memory,GEN_SQL_SCALAR,1383399,6398774,4.625400,-362.540019,true,3
897,10600,REGEXP_POSITIVE,SQLITE_PARITY_10600_REGEXP_POSITIVE.rs,P0,memory,SQL_PATTERN,1466266,6779896,4.623920,-362.391953,true,3
898,00737,CTE_RECURSIVE_MATRIX_030,SQLITE_PARITY_737_CTE_RECURSIVE_MATRIX_030.rs,P1,memory,GEN_SQL_CTE,1598005,7387556,4.622987,-362.298679,true,3
899,00223,OPT_NOHEADER,SQLITE_PARITY_223_OPT_NOHEADER.rs,P2,memory,CLI_OPTION,1258042,5814739,4.622055,-362.205475,true,3
900,10218,OPT_MODE_MARKDOWN,SQLITE_PARITY_10218_OPT_MODE_MARKDOWN.rs,P0,memory,CLI_OPTION,1278170,5904088,4.619173,-361.917272,true,3
901,11356,AFFINITY_NUMERIC_INT_1,SQLITE_PARITY_11356_AFFINITY_NUMERIC_INT_1.rs,P0,memory,SQL_TYPE_AFFINITY,1473921,6801446,4.614525,-361.452547,true,3
902,01059,JSON_EXTRACT_SET_052,SQLITE_PARITY_1059_JSON_EXTRACT_SET_052.rs,P2,memory,GEN_SQL_JSON,1486634,6855689,4.611551,-361.155133,true,3
903,00478,DML_WHERE_ORDER_LIMIT_091,SQLITE_PARITY_478_DML_WHERE_ORDER_LIMIT_091.rs,P1,memory,GEN_SQL_DML,1620377,7463249,4.605872,-360.587197,true,3
904,11527,DATETIME_DATETIME_EPOCH_PLUS_10_SECONDS,SQLITE_PARITY_11527_DATETIME_DATETIME_EPOCH_PLUS_10_SECONDS.rs,P0,memory,SQL_DATETIME,1281025,5885292,4.594205,-359.420542,true,3
905,00233,SCALAR_CAST_TYPEOF_002,SQLITE_PARITY_233_SCALAR_CAST_TYPEOF_002.rs,P1,memory,GEN_SQL_SCALAR,1501914,6898860,4.593379,-359.337885,true,3
906,00284,SCALAR_ARITH_015,SQLITE_PARITY_284_SCALAR_ARITH_015.rs,P1,memory,GEN_SQL_SCALAR,1436630,6580388,4.580433,-358.043338,true,3
907,11310,AFFINITY_BIGINT_REAL_HALF,SQLITE_PARITY_11310_AFFINITY_BIGINT_REAL_HALF.rs,P0,memory,SQL_TYPE_AFFINITY,1490302,6825301,4.579811,-357.981067,true,3
908,00214,DROP_TABLE,SQLITE_PARITY_214_DROP_TABLE.rs,P0,memory,SQL_DROP,1986481,9093796,4.577842,-357.784192,true,3
909,10018,IIF_NULL_CONDITION,SQLITE_PARITY_10018_IIF_NULL_CONDITION.rs,P0,memory,SQL_NULL_SEMANTICS,1257029,5750226,4.574458,-357.445771,true,3
910,00960,VIEW_TRIGGER_GENERATED_013,SQLITE_PARITY_960_VIEW_TRIGGER_GENERATED_013.rs,P2,memory,GEN_SQL_VIEW_TRIGGER,1643611,7516921,4.573419,-357.341853,true,3
911,00453,DML_WHERE_ORDER_LIMIT_066,SQLITE_PARITY_453_DML_WHERE_ORDER_LIMIT_066.rs,P1,memory,GEN_SQL_DML,1709306,7803664,4.565399,-356.539906,true,3
912,10234,OPT_DESERIALIZE,SQLITE_PARITY_10234_OPT_DESERIALIZE.rs,P0,memory,CLI_OPTION,1380333,6301129,4.564934,-356.493397,true,3
913,00451,DML_WHERE_ORDER_LIMIT_064,SQLITE_PARITY_451_DML_WHERE_ORDER_LIMIT_064.rs,P1,memory,GEN_SQL_DML,1416662,6463166,4.562250,-356.224985,true,3
914,00457,DML_WHERE_ORDER_LIMIT_070,SQLITE_PARITY_457_DML_WHERE_ORDER_LIMIT_070.rs,P1,memory,GEN_SQL_DML,1579480,7205982,4.562250,-356.224960,true,3
915,10079,ROWID_COLUMN_AS_PK_INSERT,SQLITE_PARITY_10079_ROWID_COLUMN_AS_PK_INSERT.rs,P0,memory,SQL_AUTOINCREMENT,1293389,5898657,4.560621,-356.062097,true,3
916,00980,VIEW_TRIGGER_GENERATED_033,SQLITE_PARITY_980_VIEW_TRIGGER_GENERATED_033.rs,P2,memory,GEN_SQL_VIEW_TRIGGER,1703936,7769409,4.559684,-355.968358,true,3
917,00591,AGG_GROUP_HAVING_084,SQLITE_PARITY_591_AGG_GROUP_HAVING_084.rs,P1,memory,GEN_SQL_AGGREGATE,1744592,7940223,4.551335,-355.133521,true,3
918,00058,GROUP_BY_HAVING,SQLITE_PARITY_058_GROUP_BY_HAVING.rs,P0,memory,SQL_AGGREGATE,1558551,7092918,4.550969,-355.096946,true,3
919,00055,JOINS_RIGHT_FULL_OUTER,SQLITE_PARITY_055_JOINS_RIGHT_FULL_OUTER.rs,P0,memory,SQL_JOIN,1751316,7966963,4.549129,-354.912934,true,3
920,00297,SCALAR_CAST_TYPEOF_018,SQLITE_PARITY_297_SCALAR_CAST_TYPEOF_018.rs,P1,memory,GEN_SQL_SCALAR,1452129,6590096,4.538230,-353.823042,true,3
921,00986,VIEW_TRIGGER_GENERATED_039,SQLITE_PARITY_986_VIEW_TRIGGER_GENERATED_039.rs,P2,memory,GEN_SQL_VIEW_TRIGGER,1716018,7785459,4.536933,-353.693318,true,3
922,01026,JSON_EXTRACT_SET_019,SQLITE_PARITY_1026_JSON_EXTRACT_SET_019.rs,P2,memory,GEN_SQL_JSON,1469061,6663997,4.536229,-353.622892,true,3
923,10025,NULL_GLOB_PATTERN,SQLITE_PARITY_10025_NULL_GLOB_PATTERN.rs,P0,memory,SQL_NULL_SEMANTICS,1581544,7174072,4.536119,-353.611913,true,3
924,01013,JSON_EXTRACT_SET_006,SQLITE_PARITY_1013_JSON_EXTRACT_SET_006.rs,P2,memory,GEN_SQL_JSON,1496052,6779154,4.531363,-353.136255,true,3
925,10296,BEGIN_DEFERRED_BASIC,SQLITE_PARITY_10296_BEGIN_DEFERRED_BASIC.rs,P0,memory,SQL_TRANSACTION,1635656,7409768,4.530151,-353.015059,true,3
926,00631,JOIN_SUBQUERY_EXISTS_024,SQLITE_PARITY_631_JOIN_SUBQUERY_EXISTS_024.rs,P1,memory,GEN_SQL_JOIN_SUBQUERY,1789839,8107859,4.529938,-352.993761,true,3
927,10597,GLOB_CHAR_RANGE,SQLITE_PARITY_10597_GLOB_CHAR_RANGE.rs,P0,memory,SQL_PATTERN,1325099,5994729,4.523986,-352.398576,true,3
928,00061,WINDOW_ROW_NUMBER_RANK,SQLITE_PARITY_061_WINDOW_ROW_NUMBER_RANK.rs,P0,memory,SQL_WINDOW,1695209,7662447,4.520060,-352.006036,true,3
929,10489,COMPOUND_INTERSECT_THEN_UNION,SQLITE_PARITY_10489_COMPOUND_INTERSECT_THEN_UNION.rs,P0,memory,SQL_COMPOUND,1435838,6489015,4.519323,-351.932251,true,3
930,00735,CTE_RECURSIVE_MATRIX_028,SQLITE_PARITY_735_CTE_RECURSIVE_MATRIX_028.rs,P1,memory,GEN_SQL_CTE,1640165,7406822,4.515901,-351.590053,true,3
931,10509,NESTED_THREE_LEVEL_SUBQUERY,SQLITE_PARITY_10509_NESTED_THREE_LEVEL_SUBQUERY.rs,P0,memory,SQL_SUBQUERY,1456778,6571431,4.510935,-351.093509,true,3
932,00326,SCALAR_STRING_025,SQLITE_PARITY_326_SCALAR_STRING_025.rs,P1,memory,GEN_SQL_SCALAR,1427092,6436445,4.510182,-351.018224,true,3
933,00623,JOIN_SUBQUERY_EXISTS_016,SQLITE_PARITY_623_JOIN_SUBQUERY_EXISTS_016.rs,P1,memory,GEN_SQL_JOIN_SUBQUERY,1681022,7580060,4.509197,-350.919738,true,3
934,01021,JSON_EXTRACT_SET_014,SQLITE_PARITY_1021_JSON_EXTRACT_SET_014.rs,P2,memory,GEN_SQL_JSON,1487917,6708921,4.508935,-350.893497,true,3
935,00970,VIEW_TRIGGER_GENERATED_023,SQLITE_PARITY_970_VIEW_TRIGGER_GENERATED_023.rs,P2,memory,GEN_SQL_VIEW_TRIGGER,1784048,8039289,4.506207,-350.620667,true,3
936,00398,DML_WHERE_ORDER_LIMIT_011,SQLITE_PARITY_398_DML_WHERE_ORDER_LIMIT_011.rs,P1,memory,GEN_SQL_DML,1365425,6152648,4.506031,-350.603146,true,3
937,00630,JOIN_SUBQUERY_EXISTS_023,SQLITE_PARITY_630_JOIN_SUBQUERY_EXISTS_023.rs,P1,memory,GEN_SQL_JOIN_SUBQUERY,1518825,6841743,4.504629,-350.462891,true,3
938,00204,OPT_ZIP_TEMPFILE_CATALOG,SQLITE_PARITY_204_OPT_ZIP_TEMPFILE_CATALOG.rs,P4,catalog,CLI_OPTION_CATALOG,1782895,8027748,4.502648,-350.264766,true,3
939,00658,JOIN_SUBQUERY_EXISTS_051,SQLITE_PARITY_658_JOIN_SUBQUERY_EXISTS_051.rs,P1,memory,GEN_SQL_JOIN_SUBQUERY,1745424,7857886,4.501993,-350.199264,true,3
940,00309,SCALAR_CAST_TYPEOF_021,SQLITE_PARITY_309_SCALAR_CAST_TYPEOF_021.rs,P1,memory,GEN_SQL_SCALAR,1394901,6277274,4.500157,-350.015736,true,3
941,00635,JOIN_SUBQUERY_EXISTS_028,SQLITE_PARITY_635_JOIN_SUBQUERY_EXISTS_028.rs,P1,memory,GEN_SQL_JOIN_SUBQUERY,1781864,8015875,4.498590,-349.858968,true,3
942,00656,JOIN_SUBQUERY_EXISTS_049,SQLITE_PARITY_656_JOIN_SUBQUERY_EXISTS_049.rs,P1,memory,GEN_SQL_JOIN_SUBQUERY,1808003,8128709,4.495960,-349.595991,true,3
943,00956,VIEW_TRIGGER_GENERATED_009,SQLITE_PARITY_956_VIEW_TRIGGER_GENERATED_009.rs,P2,memory,GEN_SQL_VIEW_TRIGGER,1740155,7823601,4.495922,-349.592192,true,3
944,00939,CONSTRAINT_FK_SAVEPOINT_072,SQLITE_PARITY_939_CONSTRAINT_FK_SAVEPOINT_072.rs,P2,memory,GEN_SQL_CONSTRAINT_TX,1808293,8127426,4.494529,-349.452937,true,3
945,10270,PRAGMA_FOREIGN_KEYS_DEFAULT_OFF,SQLITE_PARITY_10270_PRAGMA_FOREIGN_KEYS_DEFAULT_OFF.rs,P0,memory,SQL_FOREIGN_KEYS,1345818,6045445,4.492023,-349.202270,true,3
946,10500,MULTIPLE_DERIVED_TABLES_IN_FROM,SQLITE_PARITY_10500_MULTIPLE_DERIVED_TABLES_IN_FROM.rs,P0,memory,SQL_SUBQUERY,1693546,7606371,4.491387,-349.138730,true,3
947,10141,MODE_ASCII_BASIC,SQLITE_PARITY_10141_MODE_ASCII_BASIC.rs,P0,memory,CLI_OUTPUT_MODE,1424938,6397151,4.489424,-348.942410,true,3
948,00628,JOIN_SUBQUERY_EXISTS_021,SQLITE_PARITY_628_JOIN_SUBQUERY_EXISTS_021.rs,P1,memory,GEN_SQL_JOIN_SUBQUERY,1789088,8030804,4.488770,-348.876970,true,3
949,10332,ON_CONFLICT_WHERE_PARTIAL_INDEX_NO_MATCH,SQLITE_PARITY_10332_ON_CONFLICT_WHERE_PARTIAL_INDEX_NO_MATCH.rs,P0,memory,SQL_UPSERT,1634414,7329646,4.484571,-348.457123,true,3
950,00320,SCALAR_ARITH_024,SQLITE_PARITY_320_SCALAR_ARITH_024.rs,P1,memory,GEN_SQL_SCALAR,1340498,6005630,4.480148,-348.014842,true,3
951,10236,OPT_MAXSIZE,SQLITE_PARITY_10236_OPT_MAXSIZE.rs,P0,memory,CLI_OPTION,1496203,6701778,4.479190,-347.919032,true,3
952,10219,OPT_MODE_QUOTE,SQLITE_PARITY_10219_OPT_MODE_QUOTE.rs,P0,memory,CLI_OPTION,1486314,6650220,4.474304,-347.430355,true,3
953,00206,OPT_MEMTRACE_CATALOG,SQLITE_PARITY_206_OPT_MEMTRACE_CATALOG.rs,P4,catalog,CLI_OPTION_CATALOG,1948379,8707335,4.469015,-346.901501,true,3
954,00282,SCALAR_STRING_014,SQLITE_PARITY_282_SCALAR_STRING_014.rs,P1,memory,GEN_SQL_SCALAR,1437291,6423270,4.469011,-346.901149,true,3
955,10465,JOIN_ON_EXPRESSION,SQLITE_PARITY_10465_JOIN_ON_EXPRESSION.rs,P0,memory,SQL_JOIN,1509358,6743146,4.467559,-346.755905,true,3
956,10534,MULTIPLE_AGGREGATES_SAME_SELECT,SQLITE_PARITY_10534_MULTIPLE_AGGREGATES_SAME_SELECT.rs,P0,memory,SQL_AGGREGATE_ADV,1655755,7386534,4.461127,-346.112740,true,3
957,11001,MATH_ACOS_0_0,SQLITE_PARITY_11001_MATH_ACOS_0_0.rs,P1,memory,SQL_MATH,1202397,5355980,4.454419,-345.441896,true,3
958,00673,JOIN_SUBQUERY_EXISTS_066,SQLITE_PARITY_673_JOIN_SUBQUERY_EXISTS_066.rs,P1,memory,GEN_SQL_JOIN_SUBQUERY,1774379,7903512,4.454241,-345.424117,true,3
959,10059,INTPK_ALIAS_ROWID_EQUALS_PK,SQLITE_PARITY_10059_INTPK_ALIAS_ROWID_EQUALS_PK.rs,P0,memory,SQL_AUTOINCREMENT,1498296,6668675,4.450839,-345.083949,true,3
960,00386,SCALAR_STRING_040,SQLITE_PARITY_386_SCALAR_STRING_040.rs,P1,memory,GEN_SQL_SCALAR,1315952,5854113,4.448576,-344.857639,true,3
961,11017,MATH_ATAN_0_0,SQLITE_PARITY_11017_MATH_ATAN_0_0.rs,P1,memory,SQL_MATH,1257771,5595252,4.448546,-344.854588,true,3
962,10040,DISTINCT_ORDER_BY_ASC_NULL_FIRST,SQLITE_PARITY_10040_DISTINCT_ORDER_BY_ASC_NULL_FIRST.rs,P0,memory,SQL_NULL_ORDER,1634434,7270364,4.448246,-344.824569,true,3
963,00226,OPT_NOFOLLOW_CATALOG,SQLITE_PARITY_226_OPT_NOFOLLOW_CATALOG.rs,P4,catalog,CLI_OPTION_CATALOG,1167360,5187641,4.443908,-344.390848,true,3
964,00459,DML_WHERE_ORDER_LIMIT_072,SQLITE_PARITY_459_DML_WHERE_ORDER_LIMIT_072.rs,P1,memory,GEN_SQL_DML,1651336,7335097,4.441917,-344.191673,true,3
965,00564,AGG_GROUP_HAVING_057,SQLITE_PARITY_564_AGG_GROUP_HAVING_057.rs,P1,memory,GEN_SQL_AGGREGATE,1810157,8034220,4.438411,-343.841059,true,3
966,10544,AGGREGATE_IN_SUBQUERY_IN_SELECT_LIST,SQLITE_PARITY_10544_AGGREGATE_IN_SUBQUERY_IN_SELECT_LIST.rs,P0,memory,SQL_AGGREGATE_ADV,1508766,6696437,4.438354,-343.835359,true,3
967,10246,PRAGMA_JOURNAL_MODE_READ_MEMORY,SQLITE_PARITY_10246_PRAGMA_JOURNAL_MODE_READ_MEMORY.rs,P0,memory,SQL_PRAGMA,1254194,5565757,4.437716,-343.771617,true,3
968,10569,UPSERT_CONFLICT_NO_MATCH,SQLITE_PARITY_10569_UPSERT_CONFLICT_NO_MATCH.rs,P0,memory,SQL_ERROR_MESSAGES,1497755,6642044,4.434667,-343.466655,true,3
969,10473,COMPOUND_UNION_DEDUPLICATES,SQLITE_PARITY_10473_COMPOUND_UNION_DEDUPLICATES.rs,P0,memory,SQL_COMPOUND,1410831,6249231,4.429468,-342.946816,true,3
970,11518,DATETIME_JULIANDAY_EPOCH_PLUS_3_HOURS,SQLITE_PARITY_11518_DATETIME_JULIANDAY_EPOCH_PLUS_3_HOURS.rs,P0,memory,SQL_DATETIME,1354263,5992234,4.424720,-342.471957,true,3
971,00708,CTE_RECURSIVE_MATRIX_001,SQLITE_PARITY_708_CTE_RECURSIVE_MATRIX_001.rs,P1,memory,GEN_SQL_CTE,1739553,7696862,4.424621,-342.462058,true,3
972,10285,FK_UPDATE_SET_DEFAULT_FALLS_BACK,SQLITE_PARITY_10285_FK_UPDATE_SET_DEFAULT_FALLS_BACK.rs,P0,memory,SQL_FOREIGN_KEYS,1513396,6689314,4.420069,-342.006851,true,3
973,10535,HAVING_AGG_DIFFERENT_FROM_SELECT_AGG,SQLITE_PARITY_10535_HAVING_AGG_DIFFERENT_FROM_SELECT_AGG.rs,P0,memory,SQL_AGGREGATE_ADV,1389140,6133712,4.415474,-341.547432,true,3
974,00396,DML_WHERE_ORDER_LIMIT_009,SQLITE_PARITY_396_DML_WHERE_ORDER_LIMIT_009.rs,P1,memory,GEN_SQL_DML,1580893,6970146,4.408993,-340.899289,true,3
975,10551,CHECK_CONSTRAINT_FAILED,SQLITE_PARITY_10551_CHECK_CONSTRAINT_FAILED.rs,P0,memory,SQL_ERROR_MESSAGES,1338985,5901222,4.407235,-340.723533,true,3
976,00718,CTE_RECURSIVE_MATRIX_011,SQLITE_PARITY_718_CTE_RECURSIVE_MATRIX_011.rs,P1,memory,GEN_SQL_CTE,1539103,6781228,4.405961,-340.596113,true,3
977,00466,DML_WHERE_ORDER_LIMIT_079,SQLITE_PARITY_466_DML_WHERE_ORDER_LIMIT_079.rs,P1,memory,GEN_SQL_DML,1558030,6858053,4.401746,-340.174644,true,3
978,00691,JOIN_SUBQUERY_EXISTS_084,SQLITE_PARITY_691_JOIN_SUBQUERY_EXISTS_084.rs,P1,memory,GEN_SQL_JOIN_SUBQUERY,1809736,7965230,4.401322,-340.132152,true,3
979,10621,UNHEX_INVALID_RETURNS_NULL,SQLITE_PARITY_10621_UNHEX_INVALID_RETURNS_NULL.rs,P0,memory,SQL_BLOB,1331791,5858452,4.398927,-339.892746,true,3
980,01028,JSON_EXTRACT_SET_021,SQLITE_PARITY_1028_JSON_EXTRACT_SET_021.rs,P2,memory,GEN_SQL_JSON,1648360,7248102,4.397160,-339.715960,true,3
981,00633,JOIN_SUBQUERY_EXISTS_026,SQLITE_PARITY_633_JOIN_SUBQUERY_EXISTS_026.rs,P1,memory,GEN_SQL_JOIN_SUBQUERY,1603816,7047011,4.393902,-339.390242,true,3
982,01019,JSON_EXTRACT_SET_012,SQLITE_PARITY_1019_JSON_EXTRACT_SET_012.rs,P2,memory,GEN_SQL_JSON,1563910,6863013,4.388368,-338.836826,true,3
983,00485,DML_WHERE_ORDER_LIMIT_098,SQLITE_PARITY_485_DML_WHERE_ORDER_LIMIT_098.rs,P1,memory,GEN_SQL_DML,1444475,6336646,4.386816,-338.681597,true,3
984,00974,VIEW_TRIGGER_GENERATED_027,SQLITE_PARITY_974_VIEW_TRIGGER_GENERATED_027.rs,P2,memory,GEN_SQL_VIEW_TRIGGER,1717211,7527711,4.383684,-338.368436,true,3
985,11051,MATH_FLOOR_1_6,SQLITE_PARITY_11051_MATH_FLOOR_1_6.rs,P1,memory,SQL_MATH,1485322,6510245,4.383053,-338.305297,true,3
986,11316,AFFINITY_REAL_INT_1,SQLITE_PARITY_11316_AFFINITY_REAL_INT_1.rs,P0,memory,SQL_TYPE_AFFINITY,1489239,6523890,4.380687,-338.068705,true,3
987,00681,JOIN_SUBQUERY_EXISTS_074,SQLITE_PARITY_681_JOIN_SUBQUERY_EXISTS_074.rs,P1,memory,GEN_SQL_JOIN_SUBQUERY,1761906,7715457,4.379040,-337.904008,true,3
988,10613,OCTET_LENGTH_BLOB,SQLITE_PARITY_10613_OCTET_LENGTH_BLOB.rs,P0,memory,SQL_BLOB,1381946,6045856,4.374886,-337.488585,true,3
989,10450,JOIN_CROSS,SQLITE_PARITY_10450_JOIN_CROSS.rs,P0,memory,SQL_JOIN,1575753,6893160,4.374518,-337.451809,true,3
990,11004,MATH_ACOSH_1_0,SQLITE_PARITY_11004_MATH_ACOSH_1_0.rs,P1,memory,SQL_MATH,1404058,6141798,4.374319,-337.431929,true,3
991,00268,SCALAR_ARITH_011,SQLITE_PARITY_268_SCALAR_ARITH_011.rs,P1,memory,GEN_SQL_SCALAR,1356068,5931410,4.373977,-337.397682,true,3
992,00329,SCALAR_CAST_TYPEOF_026,SQLITE_PARITY_329_SCALAR_CAST_TYPEOF_026.rs,P1,memory,GEN_SQL_SCALAR,1499198,6555000,4.372338,-337.233774,true,3
993,00335,SCALAR_NULL_COALESCE_027,SQLITE_PARITY_335_SCALAR_NULL_COALESCE_027.rs,P1,memory,GEN_SQL_SCALAR,1599097,6989763,4.371069,-337.106880,true,3
994,00495,DML_WHERE_ORDER_LIMIT_108,SQLITE_PARITY_495_DML_WHERE_ORDER_LIMIT_108.rs,P1,memory,GEN_SQL_DML,1518515,6628299,4.364988,-336.498750,true,3
995,10197,DOT_LINT_FKEY_INDEXES,SQLITE_PARITY_10197_DOT_LINT_FKEY_INDEXES.rs,P0,memory,CLI_DOT_COMMAND,1574531,6872531,4.364811,-336.481149,true,3
996,10179,DOT_DATABASES_MAIN,SQLITE_PARITY_10179_DOT_DATABASES_MAIN.rs,P0,memory,CLI_DOT_COMMAND,1270395,5544877,4.364687,-336.468736,true,3
997,00304,SCALAR_ARITH_020,SQLITE_PARITY_304_SCALAR_ARITH_020.rs,P1,memory,GEN_SQL_SCALAR,1356909,5921139,4.363696,-336.369646,true,3
998,01075,INDEX_SCHEMA_PRAGMA_008,SQLITE_PARITY_1075_INDEX_SCHEMA_PRAGMA_008.rs,P2,memory,GEN_SQL_INDEX_PRAGMA,1550335,6764205,4.363060,-336.306024,true,3
999,10626,EMPTY_BLOB_LENGTH,SQLITE_PARITY_10626_EMPTY_BLOB_LENGTH.rs,P0,memory,SQL_BLOB,1354815,5909508,4.361856,-336.185605,true,3
1000,10506,SUBQUERY_IN_INSERT_VALUES,SQLITE_PARITY_10506_SUBQUERY_IN_INSERT_VALUES.rs,P0,memory,SQL_SUBQUERY,1564933,6823909,4.360512,-336.051192,true,3
1001,00243,SCALAR_NULL_COALESCE_004,SQLITE_PARITY_243_SCALAR_NULL_COALESCE_004.rs,P1,memory,GEN_SQL_SCALAR,1407935,6137119,4.358951,-335.895052,true,3
1002,01052,JSON_EXTRACT_SET_045,SQLITE_PARITY_1052_JSON_EXTRACT_SET_045.rs,P2,memory,GEN_SQL_JSON,1517423,6611898,4.357320,-335.732027,true,3
1003,00349,SCALAR_CAST_TYPEOF_031,SQLITE_PARITY_349_SCALAR_CAST_TYPEOF_031.rs,P1,memory,GEN_SQL_SCALAR,1468410,6398163,4.357205,-335.720473,true,3
1004,00426,DML_WHERE_ORDER_LIMIT_039,SQLITE_PARITY_426_DML_WHERE_ORDER_LIMIT_039.rs,P1,memory,GEN_SQL_DML,1520969,6617057,4.350553,-335.055350,true,3
1005,00562,AGG_GROUP_HAVING_055,SQLITE_PARITY_562_AGG_GROUP_HAVING_055.rs,P1,memory,GEN_SQL_AGGREGATE,1823502,7924553,4.345788,-334.578794,true,3
1006,10526,AGGREGATE_OVER_EMPTY_SET,SQLITE_PARITY_10526_AGGREGATE_OVER_EMPTY_SET.rs,P0,memory,SQL_AGGREGATE_ADV,1418736,6165492,4.345764,-334.576412,true,3
1007,00616,JOIN_SUBQUERY_EXISTS_009,SQLITE_PARITY_616_JOIN_SUBQUERY_EXISTS_009.rs,P1,memory,GEN_SQL_JOIN_SUBQUERY,1714566,7450375,4.345342,-334.534162,true,3
1008,00256,SCALAR_ARITH_008,SQLITE_PARITY_256_SCALAR_ARITH_008.rs,P1,memory,GEN_SQL_SCALAR,1418154,6159180,4.343097,-334.309673,true,3
1009,00618,JOIN_SUBQUERY_EXISTS_011,SQLITE_PARITY_618_JOIN_SUBQUERY_EXISTS_011.rs,P1,memory,GEN_SQL_JOIN_SUBQUERY,1593126,6911765,4.338492,-333.849237,true,3
1010,00971,VIEW_TRIGGER_GENERATED_024,SQLITE_PARITY_971_VIEW_TRIGGER_GENERATED_024.rs,P2,memory,GEN_SQL_VIEW_TRIGGER,1792053,7774698,4.338431,-333.843084,true,3
1011,10205,OPT_NEWLINE_AT,SQLITE_PARITY_10205_OPT_NEWLINE_AT.rs,P0,memory,CLI_OPTION,1274613,5526592,4.335898,-333.589803,true,3
1012,00949,VIEW_TRIGGER_GENERATED_002,SQLITE_PARITY_949_VIEW_TRIGGER_GENERATED_002.rs,P2,memory,GEN_SQL_VIEW_TRIGGER,1903865,8251622,4.334142,-333.414239,true,3
1013,10026,ORDER_BY_ASC_NULL_FIRST_DEFAULT,SQLITE_PARITY_10026_ORDER_BY_ASC_NULL_FIRST_DEFAULT.rs,P0,memory,SQL_NULL_ORDER,1605780,6957752,4.332942,-333.294225,true,3
1014,00323,SCALAR_NULL_COALESCE_024,SQLITE_PARITY_323_SCALAR_NULL_COALESCE_024.rs,P1,memory,GEN_SQL_SCALAR,1422503,6160603,4.330819,-333.081899,true,3
1015,00742,CTE_RECURSIVE_MATRIX_035,SQLITE_PARITY_742_CTE_RECURSIVE_MATRIX_035.rs,P1,memory,GEN_SQL_CTE,1580953,6835150,4.323437,-332.343656,true,3
1016,00626,JOIN_SUBQUERY_EXISTS_019,SQLITE_PARITY_626_JOIN_SUBQUERY_EXISTS_019.rs,P1,memory,GEN_SQL_JOIN_SUBQUERY,1654182,7151208,4.323108,-332.310834,true,3
1017,00506,DML_WHERE_ORDER_LIMIT_119,SQLITE_PARITY_506_DML_WHERE_ORDER_LIMIT_119.rs,P1,memory,GEN_SQL_DML,1566355,6770188,4.322256,-332.225645,true,3
1018,10533,AGGREGATE_OVER_CROSS_JOIN,SQLITE_PARITY_10533_AGGREGATE_OVER_CROSS_JOIN.rs,P0,memory,SQL_AGGREGATE_ADV,1414618,6114326,4.322245,-332.224530,true,3
1019,00484,DML_WHERE_ORDER_LIMIT_097,SQLITE_PARITY_484_DML_WHERE_ORDER_LIMIT_097.rs,P1,memory,GEN_SQL_DML,1624936,7023296,4.322199,-332.219854,true,3
1020,00449,DML_WHERE_ORDER_LIMIT_062,SQLITE_PARITY_449_DML_WHERE_ORDER_LIMIT_062.rs,P1,memory,GEN_SQL_DML,1882404,8125503,4.316556,-331.655638,true,3
1021,11064,MATH_RADIANS_0_0,SQLITE_PARITY_11064_MATH_RADIANS_0_0.rs,P1,memory,SQL_MATH,1431079,6174059,4.314268,-331.426846,true,3
1022,11517,DATETIME_DATETIME_EPOCH_PLUS_3_HOURS,SQLITE_PARITY_11517_DATETIME_DATETIME_EPOCH_PLUS_3_HOURS.rs,P0,memory,SQL_DATETIME,1361277,5872808,4.314190,-331.419028,true,3
1023,00606,AGG_GROUP_HAVING_099,SQLITE_PARITY_606_AGG_GROUP_HAVING_099.rs,P1,memory,GEN_SQL_AGGREGATE,1719605,7405510,4.306518,-330.651807,true,3
1024,11028,MATH_CEILING_1_4,SQLITE_PARITY_11028_MATH_CEILING_1_4.rs,P1,memory,SQL_MATH,1490953,6403854,4.295141,-329.514143,true,3
1025,00994,VIEW_TRIGGER_GENERATED_047,SQLITE_PARITY_994_VIEW_TRIGGER_GENERATED_047.rs,P2,memory,GEN_SQL_VIEW_TRIGGER,1621450,6959916,4.292402,-329.240248,true,3
1026,10170,DOT_NULLVALUE_NULL,SQLITE_PARITY_10170_DOT_NULLVALUE_NULL.rs,P0,memory,CLI_DOT_COMMAND,1238004,5313079,4.291649,-329.164930,true,3
1027,00427,DML_WHERE_ORDER_LIMIT_040,SQLITE_PARITY_427_DML_WHERE_ORDER_LIMIT_040.rs,P1,memory,GEN_SQL_DML,1668389,7158883,4.290896,-329.089559,true,3
1028,10470,JOIN_FOUR_TABLE_CHAIN,SQLITE_PARITY_10470_JOIN_FOUR_TABLE_CHAIN.rs,P0,memory,SQL_JOIN,1843360,7908512,4.290270,-329.026994,true,3
1029,11320,AFFINITY_REAL_TEXT_NUM,SQLITE_PARITY_11320_AFFINITY_REAL_TEXT_NUM.rs,P0,memory,SQL_TYPE_AFFINITY,1493427,6405777,4.289314,-328.931377,true,3
1030,11015,MATH_ASINH_10_0,SQLITE_PARITY_11015_MATH_ASINH_10_0.rs,P1,memory,SQL_MATH,1297767,5565486,4.288509,-328.850942,true,3
1031,10610,HEX_OF_BLOB_UPPERCASE,SQLITE_PARITY_10610_HEX_OF_BLOB_UPPERCASE.rs,P0,memory,SQL_BLOB,1382848,5926029,4.285380,-328.537988,true,3
1032,10574,INSERT_INTO_VIEW,SQLITE_PARITY_10574_INSERT_INTO_VIEW.rs,P0,memory,SQL_ERROR_MESSAGES,1428244,6119826,4.284860,-328.486029,true,3
1033,11846,JSON_DARROW_A,SQLITE_PARITY_11846_JSON_DARROW_A.rs,P0,memory,SQL_JSON,1454414,6225035,4.280098,-328.009838,true,3
1034,11412,STRING_UPPER_,SQLITE_PARITY_11412_STRING_UPPER_.rs,P0,memory,SQL_STRING,1474642,6311018,4.279695,-327.969500,true,3
1035,10231,OPT_NONCE_WITH_SAFE,SQLITE_PARITY_10231_OPT_NONCE_WITH_SAFE.rs,P0,memory,CLI_OPTION,1468551,6269359,4.269078,-326.907816,true,3
1036,00612,JOIN_SUBQUERY_EXISTS_005,SQLITE_PARITY_612_JOIN_SUBQUERY_EXISTS_005.rs,P1,memory,GEN_SQL_JOIN_SUBQUERY,1707442,7278409,4.262756,-326.275622,true,3
1037,10159,CLI_FLAG_ASCII,SQLITE_PARITY_10159_CLI_FLAG_ASCII.rs,P0,memory,CLI_OUTPUT_MODE,1472006,6268708,4.258616,-325.861579,true,3
1038,11351,AFFINITY_BLOB_REAL_BIG,SQLITE_PARITY_11351_AFFINITY_BLOB_REAL_BIG.rs,P0,memory,SQL_TYPE_AFFINITY,2621643,11161921,4.257605,-325.760525,true,3
1039,00312,SCALAR_ARITH_022,SQLITE_PARITY_312_SCALAR_ARITH_022.rs,P1,memory,GEN_SQL_SCALAR,1450546,6170782,4.254110,-325.410983,true,3
1040,10423,RENAME_COLUMN_PRESERVES_DATA,SQLITE_PARITY_10423_RENAME_COLUMN_PRESERVES_DATA.rs,P0,memory,SQL_ALTER,1978575,8413890,4.252500,-325.249991,true,3
1041,00966,VIEW_TRIGGER_GENERATED_019,SQLITE_PARITY_966_VIEW_TRIGGER_GENERATED_019.rs,P2,memory,GEN_SQL_VIEW_TRIGGER,1665723,7082458,4.251882,-325.188222,true,3
1042,00414,DML_WHERE_ORDER_LIMIT_027,SQLITE_PARITY_414_DML_WHERE_ORDER_LIMIT_027.rs,P1,memory,GEN_SQL_DML,1510309,6419493,4.250450,-325.045007,true,3
1043,11524,DATETIME_STRFTIME_ISO_EPOCH_PLUS_30_MINUTES,SQLITE_PARITY_11524_DATETIME_STRFTIME_ISO_EPOCH_PLUS_30_MINUTES.rs,P0,memory,SQL_DATETIME,1411512,5998166,4.249462,-324.946157,true,3
1044,01007,VIEW_TRIGGER_GENERATED_060,SQLITE_PARITY_1007_VIEW_TRIGGER_GENERATED_060.rs,P2,memory,GEN_SQL_VIEW_TRIGGER,1837970,7804195,4.246095,-324.609488,true,3
1045,11067,MATH_RADIANS_180_0,SQLITE_PARITY_11067_MATH_RADIANS_180_0.rs,P1,memory,SQL_MATH,1422113,6033442,4.242590,-324.258972,true,3
1046,10209,OPT_CMD_BEFORE_STDIN,SQLITE_PARITY_10209_OPT_CMD_BEFORE_STDIN.rs,P0,memory,CLI_OPTION,1275976,5412958,4.242210,-324.220988,true,3
1047,11328,AFFINITY_DOUBLE_TEXT_NUM,SQLITE_PARITY_11328_AFFINITY_DOUBLE_TEXT_NUM.rs,P0,memory,SQL_TYPE_AFFINITY,1450446,6151346,4.241003,-324.100311,true,3
1048,00232,SCALAR_ARITH_002,SQLITE_PARITY_232_SCALAR_ARITH_002.rs,P1,memory,GEN_SQL_SCALAR,1480172,6272585,4.237741,-323.774061,true,3
1049,00964,VIEW_TRIGGER_GENERATED_017,SQLITE_PARITY_964_VIEW_TRIGGER_GENERATED_017.rs,P2,memory,GEN_SQL_VIEW_TRIGGER,1761445,7451477,4.230321,-323.032056,true,3
1050,10166,DOT_HEADERS_ON_PERSISTS,SQLITE_PARITY_10166_DOT_HEADERS_ON_PERSISTS.rs,P0,memory,CLI_DOT_COMMAND,1470714,6218893,4.228486,-322.848562,true,3
1051,00301,SCALAR_CAST_TYPEOF_019,SQLITE_PARITY_301_SCALAR_CAST_TYPEOF_019.rs,P1,memory,GEN_SQL_SCALAR,1539194,6504645,4.226007,-322.600725,true,3
1052,00383,SCALAR_NULL_COALESCE_039,SQLITE_PARITY_383_SCALAR_NULL_COALESCE_039.rs,P1,memory,GEN_SQL_SCALAR,1394880,5887075,4.220489,-322.048850,true,3
1053,11065,MATH_RADIANS_90_0,SQLITE_PARITY_11065_MATH_RADIANS_90_0.rs,P1,memory,SQL_MATH,1441629,6077276,4.215562,-321.556170,true,3
1054,00919,CONSTRAINT_FK_SAVEPOINT_052,SQLITE_PARITY_919_CONSTRAINT_FK_SAVEPOINT_052.rs,P2,memory,GEN_SQL_CONSTRAINT_TX,1620108,6823809,4.211947,-321.194698,true,3
1055,00327,SCALAR_NULL_COALESCE_025,SQLITE_PARITY_327_SCALAR_NULL_COALESCE_025.rs,P1,memory,GEN_SQL_SCALAR,1552560,6529581,4.205687,-320.568674,true,3
1056,00472,DML_WHERE_ORDER_LIMIT_085,SQLITE_PARITY_472_DML_WHERE_ORDER_LIMIT_085.rs,P1,memory,GEN_SQL_DML,1624105,6824670,4.202111,-320.211132,true,3
1057,01046,JSON_EXTRACT_SET_039,SQLITE_PARITY_1046_JSON_EXTRACT_SET_039.rs,P2,memory,GEN_SQL_JSON,1675001,7037964,4.201767,-320.176704,true,3
1058,00321,SCALAR_CAST_TYPEOF_024,SQLITE_PARITY_321_SCALAR_CAST_TYPEOF_024.rs,P1,memory,GEN_SQL_SCALAR,1308597,5496926,4.200626,-320.062556,true,3
1059,01073,INDEX_SCHEMA_PRAGMA_006,SQLITE_PARITY_1073_INDEX_SCHEMA_PRAGMA_006.rs,P2,memory,GEN_SQL_INDEX_PRAGMA,1815837,7626979,4.200255,-320.025531,true,3
1060,11403,STRING_LENGTH_H_LLO,SQLITE_PARITY_11403_STRING_LENGTH_H_LLO.rs,P0,memory,SQL_STRING,1373550,5764814,4.197018,-319.701795,true,3
1061,10172,DOT_NULLVALUE_ANGLE,SQLITE_PARITY_10172_DOT_NULLVALUE_ANGLE.rs,P0,memory,CLI_DOT_COMMAND,1319277,5534748,4.195289,-319.528878,true,3
1062,00992,VIEW_TRIGGER_GENERATED_045,SQLITE_PARITY_992_VIEW_TRIGGER_GENERATED_045.rs,P2,memory,GEN_SQL_VIEW_TRIGGER,1634995,6850469,4.189902,-318.990211,true,3
1063,10542,TOTAL_EMPTY_RETURNS_ZERO_REAL,SQLITE_PARITY_10542_TOTAL_EMPTY_RETURNS_ZERO_REAL.rs,P0,memory,SQL_AGGREGATE_ADV,1346690,5638505,4.186936,-318.693612,true,3
1064,00454,DML_WHERE_ORDER_LIMIT_067,SQLITE_PARITY_454_DML_WHERE_ORDER_LIMIT_067.rs,P1,memory,GEN_SQL_DML,1625378,6805003,4.186720,-318.672026,true,3
1065,11350,AFFINITY_BLOB_REAL_HALF,SQLITE_PARITY_11350_AFFINITY_BLOB_REAL_HALF.rs,P0,memory,SQL_TYPE_AFFINITY,1573399,6586890,4.186408,-318.640790,true,3
1066,00920,CONSTRAINT_FK_SAVEPOINT_053,SQLITE_PARITY_920_CONSTRAINT_FK_SAVEPOINT_053.rs,P2,memory,GEN_SQL_CONSTRAINT_TX,1597875,6684244,4.183208,-318.320832,true,3
1067,00713,CTE_RECURSIVE_MATRIX_006,SQLITE_PARITY_713_CTE_RECURSIVE_MATRIX_006.rs,P1,memory,GEN_SQL_CTE,1571946,6572924,4.181393,-318.139300,true,3
1068,10549,FOREIGN_KEY_CONSTRAINT_FAILED,SQLITE_PARITY_10549_FOREIGN_KEY_CONSTRAINT_FAILED.rs,P0,memory,SQL_ERROR_MESSAGES,1544845,6459559,4.181364,-318.136383,true,3
1069,00310,SCALAR_STRING_021,SQLITE_PARITY_310_SCALAR_STRING_021.rs,P1,memory,GEN_SQL_SCALAR,1396925,5840467,4.180945,-318.094529,true,3
1070,00283,SCALAR_NULL_COALESCE_014,SQLITE_PARITY_283_SCALAR_NULL_COALESCE_014.rs,P1,memory,GEN_SQL_SCALAR,1533272,6408503,4.179626,-317.962566,true,3
1071,00294,SCALAR_STRING_017,SQLITE_PARITY_294_SCALAR_STRING_017.rs,P1,memory,GEN_SQL_SCALAR,1459263,6098235,4.178983,-317.898282,true,3
1072,00285,SCALAR_CAST_TYPEOF_015,SQLITE_PARITY_285_SCALAR_CAST_TYPEOF_015.rs,P1,memory,GEN_SQL_SCALAR,1505771,6290208,4.177400,-317.740015,true,3
1073,10206,OPT_INIT_FILE,SQLITE_PARITY_10206_OPT_INIT_FILE.rs,P0,memory,CLI_OPTION,1269033,5298601,4.175306,-317.530592,true,3
1074,00306,SCALAR_STRING_020,SQLITE_PARITY_306_SCALAR_STRING_020.rs,P1,memory,GEN_SQL_SCALAR,1424177,5946347,4.175286,-317.528650,true,3
1075,10019,CASE_WHEN_NULL_MATCH,SQLITE_PARITY_10019_CASE_WHEN_NULL_MATCH.rs,P0,memory,SQL_NULL_SEMANTICS,1535667,6410296,4.174275,-317.427476,true,3
1076,10343,INSERT_SELECT_UPSERT,SQLITE_PARITY_10343_INSERT_SELECT_UPSERT.rs,P0,memory,SQL_UPSERT,1533083,6395338,4.171554,-317.155366,true,3
1077,00871,CONSTRAINT_FK_SAVEPOINT_004,SQLITE_PARITY_871_CONSTRAINT_FK_SAVEPOINT_004.rs,P2,memory,GEN_SQL_CONSTRAINT_TX,1698545,7074994,4.165326,-316.532621,true,3
1078,10304,SAVEPOINT_DEPTH_3_RELEASE,SQLITE_PARITY_10304_SAVEPOINT_DEPTH_3_RELEASE.rs,P0,memory,SQL_TRANSACTION,1392927,5800321,4.164124,-316.412418,true,3
1079,00316,SCALAR_ARITH_023,SQLITE_PARITY_316_SCALAR_ARITH_023.rs,P1,memory,GEN_SQL_SCALAR,1422723,5917824,4.159505,-315.950540,true,3
1080,00588,AGG_GROUP_HAVING_081,SQLITE_PARITY_588_AGG_GROUP_HAVING_081.rs,P1,memory,GEN_SQL_AGGREGATE,1660614,6901646,4.156081,-315.608082,true,3
1081,00482,DML_WHERE_ORDER_LIMIT_095,SQLITE_PARITY_482_DML_WHERE_ORDER_LIMIT_095.rs,P1,memory,GEN_SQL_DML,1665624,6914580,4.151345,-315.134508,true,3
1082,00228,SCALAR_ARITH_001,SQLITE_PARITY_228_SCALAR_ARITH_001.rs,P1,memory,GEN_SQL_SCALAR,1464061,6071855,4.147269,-314.726914,true,3
1083,11300,AFFINITY_INTEGER_INT_1,SQLITE_PARITY_11300_AFFINITY_INTEGER_INT_1.rs,P0,memory,SQL_TYPE_AFFINITY,1360726,5642813,4.146913,-314.691349,true,3
1084,00553,AGG_GROUP_HAVING_046,SQLITE_PARITY_553_AGG_GROUP_HAVING_046.rs,P1,memory,GEN_SQL_AGGREGATE,1579771,6544239,4.142524,-314.252382,true,3
1085,01031,JSON_EXTRACT_SET_024,SQLITE_PARITY_1031_JSON_EXTRACT_SET_024.rs,P2,memory,GEN_SQL_JSON,1553711,6430735,4.138952,-313.895184,true,3
1086,00440,DML_WHERE_ORDER_LIMIT_053,SQLITE_PARITY_440_DML_WHERE_ORDER_LIMIT_053.rs,P1,memory,GEN_SQL_DML,1820747,7534584,4.138183,-313.818284,true,3
1087,00518,AGG_GROUP_HAVING_011,SQLITE_PARITY_518_AGG_GROUP_HAVING_011.rs,P1,memory,GEN_SQL_AGGREGATE,1735546,7176817,4.135193,-313.519261,true,3
1088,00502,DML_WHERE_ORDER_LIMIT_115,SQLITE_PARITY_502_DML_WHERE_ORDER_LIMIT_115.rs,P1,memory,GEN_SQL_DML,1468200,6062317,4.129081,-312.908119,true,3
1089,00646,JOIN_SUBQUERY_EXISTS_039,SQLITE_PARITY_646_JOIN_SUBQUERY_EXISTS_039.rs,P1,memory,GEN_SQL_JOIN_SUBQUERY,1659101,6846962,4.126911,-312.691090,true,3
1090,00599,AGG_GROUP_HAVING_092,SQLITE_PARITY_599_AGG_GROUP_HAVING_092.rs,P1,memory,GEN_SQL_AGGREGATE,1657748,6834719,4.122894,-312.289383,true,3
1091,00643,JOIN_SUBQUERY_EXISTS_036,SQLITE_PARITY_643_JOIN_SUBQUERY_EXISTS_036.rs,P1,memory,GEN_SQL_JOIN_SUBQUERY,1913573,7889186,4.122752,-312.275152,true,3
1092,00907,CONSTRAINT_FK_SAVEPOINT_040,SQLITE_PARITY_907_CONSTRAINT_FK_SAVEPOINT_040.rs,P2,memory,GEN_SQL_CONSTRAINT_TX,1778296,7324818,4.119009,-311.900943,true,3
1093,11516,DATETIME_TIME_EPOCH_PLUS_3_HOURS,SQLITE_PARITY_11516_DATETIME_TIME_EPOCH_PLUS_3_HOURS.rs,P0,memory,SQL_DATETIME,1642870,6762162,4.116066,-311.606640,true,3
1094,10015,COALESCE_PICKS_FIRST_NON_NULL,SQLITE_PARITY_10015_COALESCE_PICKS_FIRST_NON_NULL.rs,P0,memory,SQL_NULL_SEMANTICS,1272509,5232697,4.112110,-311.211001,true,3
1095,00225,OPT_NONCE_SAFE_MODE,SQLITE_PARITY_225_OPT_NONCE_SAFE_MODE.rs,P2,memory,CLI_OPTION,1351539,5553564,4.109067,-310.906677,true,3
1096,01025,JSON_EXTRACT_SET_018,SQLITE_PARITY_1025_JSON_EXTRACT_SET_018.rs,P2,memory,GEN_SQL_JSON,1536148,6309906,4.107616,-310.761593,true,3
1097,01074,INDEX_SCHEMA_PRAGMA_007,SQLITE_PARITY_1074_INDEX_SCHEMA_PRAGMA_007.rs,P2,memory,GEN_SQL_INDEX_PRAGMA,1610109,6608891,4.104623,-310.462335,true,3
1098,00439,DML_WHERE_ORDER_LIMIT_052,SQLITE_PARITY_439_DML_WHERE_ORDER_LIMIT_052.rs,P1,memory,GEN_SQL_DML,1583007,6494665,4.102739,-310.273928,true,3
1099,00941,CONSTRAINT_FK_SAVEPOINT_074,SQLITE_PARITY_941_CONSTRAINT_FK_SAVEPOINT_074.rs,P2,memory,GEN_SQL_CONSTRAINT_TX,1648501,6759817,4.100584,-310.058411,true,3
1100,10265,PRAGMA_INTEGRITY_CHECK_OK,SQLITE_PARITY_10265_PRAGMA_INTEGRITY_CHECK_OK.rs,P0,memory,SQL_PRAGMA,1278490,5240391,4.098891,-309.889088,true,3
1101,00563,AGG_GROUP_HAVING_056,SQLITE_PARITY_563_AGG_GROUP_HAVING_056.rs,P1,memory,GEN_SQL_AGGREGATE,1632140,6688072,4.097732,-309.773181,true,3
1102,10164,DOT_MODE_MARKDOWN_RESET_SEPARATOR,SQLITE_PARITY_10164_DOT_MODE_MARKDOWN_RESET_SEPARATOR.rs,P0,memory,CLI_DOT_COMMAND,1380543,5654455,4.095820,-309.581954,true,3
1103,00467,DML_WHERE_ORDER_LIMIT_080,SQLITE_PARITY_467_DML_WHERE_ORDER_LIMIT_080.rs,P1,memory,GEN_SQL_DML,1575112,6451233,4.095730,-309.572970,true,3
1104,00716,CTE_RECURSIVE_MATRIX_009,SQLITE_PARITY_716_CTE_RECURSIVE_MATRIX_009.rs,P1,memory,GEN_SQL_CTE,1368651,5600593,4.092053,-309.205342,true,3
1105,10237,OPT_BATCH_BAIL_COMBO,SQLITE_PARITY_10237_OPT_BATCH_BAIL_COMBO.rs,P0,memory,CLI_OPTION,1406683,5755145,4.091288,-309.128780,true,3
1106,00400,DML_WHERE_ORDER_LIMIT_013,SQLITE_PARITY_400_DML_WHERE_ORDER_LIMIT_013.rs,P1,memory,GEN_SQL_DML,1711000,6997808,4.089894,-308.989363,true,3
1107,11236,CAST_TEXT_BARE_AS_REAL,SQLITE_PARITY_11236_CAST_TEXT_BARE_AS_REAL.rs,P0,memory,SQL_CAST,1322894,5409211,4.088922,-308.892247,true,3
1108,01033,JSON_EXTRACT_SET_026,SQLITE_PARITY_1033_JSON_EXTRACT_SET_026.rs,P2,memory,GEN_SQL_JSON,1648451,6740310,4.088875,-308.887495,true,3
1109,10552,DATATYPE_MISMATCH_INT_PK,SQLITE_PARITY_10552_DATATYPE_MISMATCH_INT_PK.rs,P0,memory,SQL_ERROR_MESSAGES,1497635,6118193,4.085236,-308.523639,true,3
1110,00519,AGG_GROUP_HAVING_012,SQLITE_PARITY_519_AGG_GROUP_HAVING_012.rs,P1,memory,GEN_SQL_AGGREGATE,1572447,6415475,4.079931,-307.993083,true,3
1111,00990,VIEW_TRIGGER_GENERATED_043,SQLITE_PARITY_990_VIEW_TRIGGER_GENERATED_043.rs,P2,memory,GEN_SQL_VIEW_TRIGGER,1812181,7392856,4.079535,-307.953510,true,3
1112,00357,SCALAR_CAST_TYPEOF_033,SQLITE_PARITY_357_SCALAR_CAST_TYPEOF_033.rs,P1,memory,GEN_SQL_SCALAR,1477828,6027381,4.078540,-307.854026,true,3
1113,00019,REPLACE_INTO,SQLITE_PARITY_019_REPLACE_INTO.rs,P0,memory,SQL_REPLACE,1649653,6727596,4.078189,-307.818856,true,3
1114,10532,AGGREGATE_OVER_CTE,SQLITE_PARITY_10532_AGGREGATE_OVER_CTE.rs,P0,memory,SQL_AGGREGATE_ADV,1410911,5752130,4.076891,-307.689075,true,3
1115,10003,NULL_LT_NUMBER_IS_NULL,SQLITE_PARITY_10003_NULL_LT_NUMBER_IS_NULL.rs,P0,memory,SQL_NULL_SEMANTICS,1287337,5238608,4.069337,-306.933693,true,3
1116,00336,SCALAR_ARITH_028,SQLITE_PARITY_336_SCALAR_ARITH_028.rs,P1,memory,GEN_SQL_SCALAR,1548972,6301771,4.068357,-306.835695,true,3
1117,10601,LIKE_ON_INTEGER_COERCES,SQLITE_PARITY_10601_LIKE_ON_INTEGER_COERCES.rs,P0,memory,SQL_PATTERN,1614466,6563416,4.065379,-306.537889,true,3
1118,00236,SCALAR_ARITH_003,SQLITE_PARITY_236_SCALAR_ARITH_003.rs,P1,memory,GEN_SQL_SCALAR,1887553,7672656,4.064869,-306.486917,true,3
1119,10608,GLOB_CASE_SENSITIVE_ALWAYS,SQLITE_PARITY_10608_GLOB_CASE_SENSITIVE_ALWAYS.rs,P0,memory,SQL_PATTERN,1469712,5967808,4.060529,-306.052887,true,3
1120,00230,SCALAR_STRING_001,SQLITE_PARITY_230_SCALAR_STRING_001.rs,P1,memory,GEN_SQL_SCALAR,1366177,5545098,4.058843,-305.884303,true,3
1121,10230,OPT_SAFE_BENIGN,SQLITE_PARITY_10230_OPT_SAFE_BENIGN.rs,P0,memory,CLI_OPTION,1422783,5773259,4.057723,-305.772279,true,3
1122,00429,DML_WHERE_ORDER_LIMIT_042,SQLITE_PARITY_429_DML_WHERE_ORDER_LIMIT_042.rs,P1,memory,GEN_SQL_DML,1644484,6671821,4.057091,-305.709086,true,3
1123,11002,MATH_ACOS_1_0,SQLITE_PARITY_11002_MATH_ACOS_1_0.rs,P1,memory,SQL_MATH,1359815,5513969,4.054941,-305.494056,true,3
1124,10259,PRAGMA_BUSY_TIMEOUT_DEFAULT,SQLITE_PARITY_10259_PRAGMA_BUSY_TIMEOUT_DEFAULT.rs,P0,memory,SQL_PRAGMA,1201184,4869068,4.053557,-305.355716,true,3
1125,00444,DML_WHERE_ORDER_LIMIT_057,SQLITE_PARITY_444_DML_WHERE_ORDER_LIMIT_057.rs,P1,memory,GEN_SQL_DML,1580362,6406038,4.053526,-305.352571,true,3
1126,00235,SCALAR_NULL_COALESCE_002,SQLITE_PARITY_235_SCALAR_NULL_COALESCE_002.rs,P1,memory,GEN_SQL_SCALAR,1434295,5813796,4.053417,-305.341718,true,3
1127,00906,CONSTRAINT_FK_SAVEPOINT_039,SQLITE_PARITY_906_CONSTRAINT_FK_SAVEPOINT_039.rs,P2,memory,GEN_SQL_CONSTRAINT_TX,1698706,6885135,4.053165,-305.316459,true,3
1128,00734,CTE_RECURSIVE_MATRIX_027,SQLITE_PARITY_734_CTE_RECURSIVE_MATRIX_027.rs,P1,memory,GEN_SQL_CTE,1592815,6451573,4.050422,-305.042205,true,3
1129,10021,TYPEOF_NULL,SQLITE_PARITY_10021_TYPEOF_NULL.rs,P0,memory,SQL_NULL_SEMANTICS,1289351,5221586,4.049779,-304.977853,true,3
1130,10510,SUBQUERY_WITH_COLLATE,SQLITE_PARITY_10510_SUBQUERY_WITH_COLLATE.rs,P0,memory,SQL_SUBQUERY,1438403,5822022,4.047560,-304.755969,true,3
1131,10269,PRAGMA_TABLE_INFO_BASIC,SQLITE_PARITY_10269_PRAGMA_TABLE_INFO_BASIC.rs,P0,memory,SQL_PRAGMA,1400150,5666558,4.047108,-304.710781,true,3
1132,11238,CAST_TEXT_BARE_AS_BLOB,SQLITE_PARITY_11238_CAST_TEXT_BARE_AS_BLOB.rs,P0,memory,SQL_CAST,1375735,5562060,4.042973,-304.297339,true,3
1133,00452,DML_WHERE_ORDER_LIMIT_065,SQLITE_PARITY_452_DML_WHERE_ORDER_LIMIT_065.rs,P1,memory,GEN_SQL_DML,1616811,6530934,4.039392,-303.939236,true,3
1134,00387,SCALAR_NULL_COALESCE_040,SQLITE_PARITY_387_SCALAR_NULL_COALESCE_040.rs,P1,memory,GEN_SQL_SCALAR,1426190,5756107,4.036003,-303.600292,true,3
1135,10341,ON_CONFLICT_UNIQUE_INDEX_TARGET,SQLITE_PARITY_10341_ON_CONFLICT_UNIQUE_INDEX_TARGET.rs,P0,memory,SQL_UPSERT,1333024,5377931,4.034384,-303.438423,true,3
1136,10591,LIKE_CASE_INSENSITIVE_ASCII_DEFAULT,SQLITE_PARITY_10591_LIKE_CASE_INSENSITIVE_ASCII_DEFAULT.rs,P0,memory,SQL_PATTERN,1288309,5186048,4.025469,-302.546905,true,3
1137,00432,DML_WHERE_ORDER_LIMIT_045,SQLITE_PARITY_432_DML_WHERE_ORDER_LIMIT_045.rs,P1,memory,GEN_SQL_DML,1645225,6618881,4.023086,-302.308560,true,3
1138,10452,JOIN_COMMA_IMPLICIT_CROSS,SQLITE_PARITY_10452_JOIN_COMMA_IMPLICIT_CROSS.rs,P0,memory,SQL_JOIN,1433634,5765815,4.021818,-302.181798,true,3
1139,00381,SCALAR_CAST_TYPEOF_039,SQLITE_PARITY_381_SCALAR_CAST_TYPEOF_039.rs,P1,memory,GEN_SQL_SCALAR,1413145,5682418,4.021115,-302.111461,true,3
1140,11104,MATH_POWER_2_0_10,SQLITE_PARITY_11104_MATH_POWER_2_0_10.rs,P1,memory,SQL_MATH,1313607,5280196,4.019616,-301.961622,true,3
1141,00931,CONSTRAINT_FK_SAVEPOINT_064,SQLITE_PARITY_931_CONSTRAINT_FK_SAVEPOINT_064.rs,P2,memory,GEN_SQL_CONSTRAINT_TX,1711580,6877139,4.018006,-301.800617,true,3
1142,10596,GLOB_CHAR_CLASS,SQLITE_PARITY_10596_GLOB_CHAR_CLASS.rs,P0,memory,SQL_PATTERN,1322955,5314812,4.017379,-301.737928,true,3
1143,10618,BLOB_AFFINITY_INTEGER_COLUMN,SQLITE_PARITY_10618_BLOB_AFFINITY_INTEGER_COLUMN.rs,P0,memory,SQL_BLOB,1440237,5785814,4.017265,-301.726521,true,3
1144,00642,JOIN_SUBQUERY_EXISTS_035,SQLITE_PARITY_642_JOIN_SUBQUERY_EXISTS_035.rs,P1,memory,GEN_SQL_JOIN_SUBQUERY,1436269,5767208,4.015409,-301.540937,true,3
1145,10016,IFNULL_TWO_ARG,SQLITE_PARITY_10016_IFNULL_TWO_ARG.rs,P0,memory,SQL_NULL_SEMANTICS,1448723,5816251,4.014743,-301.474333,true,3
1146,10571,RAISE_ROLLBACK_IN_TRIGGER,SQLITE_PARITY_10571_RAISE_ROLLBACK_IN_TRIGGER.rs,P0,memory,SQL_ERROR_MESSAGES,1508135,6053210,4.013706,-301.370567,true,3
1147,00703,JOIN_SUBQUERY_EXISTS_096,SQLITE_PARITY_703_JOIN_SUBQUERY_EXISTS_096.rs,P1,memory,GEN_SQL_JOIN_SUBQUERY,1885350,7559521,4.009611,-300.961148,true,3
1148,11016,MATH_ATAN_1_0,SQLITE_PARITY_11016_MATH_ATAN_1_0.rs,P1,memory,SQL_MATH,1252100,5018882,4.008372,-300.837154,true,3
1149,11343,AFFINITY_VARCHAR_8_REAL_BIG,SQLITE_PARITY_11343_AFFINITY_VARCHAR_8_REAL_BIG.rs,P0,memory,SQL_TYPE_AFFINITY,1406773,5635799,4.006189,-300.618934,true,3
1150,01057,JSON_EXTRACT_SET_050,SQLITE_PARITY_1057_JSON_EXTRACT_SET_050.rs,P2,memory,GEN_SQL_JSON,1503236,6021890,4.005951,-300.595116,true,3
1151,00298,SCALAR_STRING_018,SQLITE_PARITY_298_SCALAR_STRING_018.rs,P1,memory,GEN_SQL_SCALAR,1384290,5545148,4.005770,-300.577047,true,3
1152,00490,DML_WHERE_ORDER_LIMIT_103,SQLITE_PARITY_490_DML_WHERE_ORDER_LIMIT_103.rs,P1,memory,GEN_SQL_DML,1533393,6139844,4.004090,-300.409028,true,3
1153,00402,DML_WHERE_ORDER_LIMIT_015,SQLITE_PARITY_402_DML_WHERE_ORDER_LIMIT_015.rs,P1,memory,GEN_SQL_DML,1671764,6692170,4.003059,-300.305904,true,3
1154,00611,JOIN_SUBQUERY_EXISTS_004,SQLITE_PARITY_611_JOIN_SUBQUERY_EXISTS_004.rs,P1,memory,GEN_SQL_JOIN_SUBQUERY,1749232,7001535,4.002634,-300.263373,true,3
1155,10469,JOIN_VIEW_AS_RIGHT_SIDE,SQLITE_PARITY_10469_JOIN_VIEW_AS_RIGHT_SIDE.rs,P0,memory,SQL_JOIN,1689258,6761350,4.002556,-300.255615,true,3
1156,00958,VIEW_TRIGGER_GENERATED_011,SQLITE_PARITY_958_VIEW_TRIGGER_GENERATED_011.rs,P2,memory,GEN_SQL_VIEW_TRIGGER,1706450,6829249,4.002021,-300.202116,true,3
1157,10513,SUM_DISTINCT_BASIC,SQLITE_PARITY_10513_SUM_DISTINCT_BASIC.rs,P0,memory,SQL_AGGREGATE_ADV,1536289,6147218,4.001342,-300.134220,true,3
1158,11029,MATH_CEILING_1_6,SQLITE_PARITY_11029_MATH_CEILING_1_6.rs,P1,memory,SQL_MATH,1488287,5944915,3.994468,-299.446814,true,3
1159,10539,WHERE_BEFORE_GROUP_BY,SQLITE_PARITY_10539_WHERE_BEFORE_GROUP_BY.rs,P0,memory,SQL_AGGREGATE_ADV,1539123,6144383,3.992133,-299.213253,true,3
1160,00712,CTE_RECURSIVE_MATRIX_005,SQLITE_PARITY_712_CTE_RECURSIVE_MATRIX_005.rs,P1,memory,GEN_SQL_CTE,1542731,6158059,3.991661,-299.166089,true,3
1161,11222,CAST_REAL_0_AS_TEXT,SQLITE_PARITY_11222_CAST_REAL_0_AS_TEXT.rs,P0,memory,SQL_CAST,1339576,5346392,3.991108,-299.110763,true,3
1162,10494,NOT_IN_SELECT_WITH_NULL_RETURNS_NULL,SQLITE_PARITY_10494_NOT_IN_SELECT_WITH_NULL_RETURNS_NULL.rs,P0,memory,SQL_SUBQUERY,1709466,6821525,3.990442,-299.044204,true,3
1163,00955,VIEW_TRIGGER_GENERATED_008,SQLITE_PARITY_955_VIEW_TRIGGER_GENERATED_008.rs,P2,memory,GEN_SQL_VIEW_TRIGGER,1625176,6479657,3.987049,-298.704940,true,3
1164,10550,NOT_NULL_CONSTRAINT_FAILED,SQLITE_PARITY_10550_NOT_NULL_CONSTRAINT_FAILED.rs,P0,memory,SQL_ERROR_MESSAGES,1352440,5390225,3.985556,-298.555574,true,3
1165,01051,JSON_EXTRACT_SET_044,SQLITE_PARITY_1051_JSON_EXTRACT_SET_044.rs,P2,memory,GEN_SQL_JSON,1575873,6276934,3.983147,-298.314712,true,3
1166,00717,CTE_RECURSIVE_MATRIX_010,SQLITE_PARITY_717_CTE_RECURSIVE_MATRIX_010.rs,P1,memory,GEN_SQL_CTE,1702433,6775247,3.979744,-297.974370,true,3
1167,11407,STRING_LOWER_ABC,SQLITE_PARITY_11407_STRING_LOWER_ABC.rs,P0,memory,SQL_STRING,1385092,5509751,3.977895,-297.789533,true,3
1168,00242,SCALAR_STRING_004,SQLITE_PARITY_242_SCALAR_STRING_004.rs,P1,memory,GEN_SQL_SCALAR,1325329,5267833,3.974736,-297.473608,true,3
1169,00339,SCALAR_NULL_COALESCE_028,SQLITE_PARITY_339_SCALAR_NULL_COALESCE_028.rs,P1,memory,GEN_SQL_SCALAR,1303838,5167463,3.963271,-296.327074,true,3
1170,10009,NULL_AND_FALSE_SHORTCIRCUIT,SQLITE_PARITY_10009_NULL_AND_FALSE_SHORTCIRCUIT.rs,P0,memory,SQL_NULL_SEMANTICS,1216433,4818563,3.961224,-296.122351,true,3
1171,11106,MATH_MOD_10_3,SQLITE_PARITY_11106_MATH_MOD_10_3.rs,P1,memory,SQL_MATH,1350788,5348485,3.959530,-295.952955,true,3
1172,00156,DOT_RECOVER_TEMPFILE,SQLITE_PARITY_156_DOT_RECOVER_TEMPFILE.rs,P3,tempfile,CLI_TEMPFILE,3100640,12254170,3.952142,-295.214214,false,3
1173,11080,MATH_TAN_0_0,SQLITE_PARITY_11080_MATH_TAN_0_0.rs,P1,memory,SQL_MATH,1302075,5139951,3.947508,-294.750763,true,3
1174,10614,ZEROBLOB_TYPEOF_AND_HEX,SQLITE_PARITY_10614_ZEROBLOB_TYPEOF_AND_HEX.rs,P0,memory,SQL_BLOB,1555465,6139563,3.947092,-294.709171,true,3
1175,00353,SCALAR_CAST_TYPEOF_032,SQLITE_PARITY_353_SCALAR_CAST_TYPEOF_032.rs,P1,memory,GEN_SQL_SCALAR,1349054,5324110,3.946551,-294.655069,true,3
1176,11441,STRING_SUBSTR_ABCDEF_2,SQLITE_PARITY_11441_STRING_SUBSTR_ABCDEF_2.rs,P0,memory,SQL_STRING,1516501,5984690,3.946381,-294.638052,true,3
1177,11361,AFFINITY_NUMERIC_TEXT_BARE,SQLITE_PARITY_11361_AFFINITY_NUMERIC_TEXT_BARE.rs,P0,memory,SQL_TYPE_AFFINITY,1491644,5882105,3.943371,-294.337054,true,3
1178,01029,JSON_EXTRACT_SET_022,SQLITE_PARITY_1029_JSON_EXTRACT_SET_022.rs,P2,memory,GEN_SQL_JSON,1782926,7029188,3.942501,-294.250126,true,3
1179,10211,OPT_MODE_BOX,SQLITE_PARITY_10211_OPT_MODE_BOX.rs,P0,memory,CLI_OPTION,1316072,5184445,3.939332,-293.933235,true,3
1180,00416,DML_WHERE_ORDER_LIMIT_029,SQLITE_PARITY_416_DML_WHERE_ORDER_LIMIT_029.rs,P1,memory,GEN_SQL_DML,1564983,6162306,3.937618,-293.761849,true,3
1181,00361,SCALAR_CAST_TYPEOF_034,SQLITE_PARITY_361_SCALAR_CAST_TYPEOF_034.rs,P1,memory,GEN_SQL_SCALAR,1432452,5640228,3.937464,-293.746387,true,3
1182,00486,DML_WHERE_ORDER_LIMIT_099,SQLITE_PARITY_486_DML_WHERE_ORDER_LIMIT_099.rs,P1,memory,GEN_SQL_DML,1533644,6035145,3.935167,-293.516683,true,3
1183,00507,DML_WHERE_ORDER_LIMIT_120,SQLITE_PARITY_507_DML_WHERE_ORDER_LIMIT_120.rs,P1,memory,GEN_SQL_DML,1623293,6387894,3.935145,-293.514541,true,3
1184,01088,INDEX_SCHEMA_PRAGMA_021,SQLITE_PARITY_1088_INDEX_SCHEMA_PRAGMA_021.rs,P2,memory,GEN_SQL_INDEX_PRAGMA,1627171,6397582,3.931721,-293.172076,true,3
1185,00688,JOIN_SUBQUERY_EXISTS_081,SQLITE_PARITY_688_JOIN_SUBQUERY_EXISTS_081.rs,P1,memory,GEN_SQL_JOIN_SUBQUERY,1837369,7216682,3.927726,-292.772600,true,3
1186,10257,PRAGMA_LOCKING_MODE_NORMAL,SQLITE_PARITY_10257_PRAGMA_LOCKING_MODE_NORMAL.rs,P0,memory,SQL_PRAGMA,1288199,5057845,3.926292,-292.629167,true,3
1187,00342,SCALAR_STRING_029,SQLITE_PARITY_342_SCALAR_STRING_029.rs,P1,memory,GEN_SQL_SCALAR,1391254,5459465,3.924132,-292.413247,true,3
1188,00450,DML_WHERE_ORDER_LIMIT_063,SQLITE_PARITY_450_DML_WHERE_ORDER_LIMIT_063.rs,P1,memory,GEN_SQL_DML,1696221,6653988,3.922831,-292.283081,true,3
1189,00351,SCALAR_NULL_COALESCE_031,SQLITE_PARITY_351_SCALAR_NULL_COALESCE_031.rs,P1,memory,GEN_SQL_SCALAR,1242301,4873116,3.922653,-292.265321,true,3
1190,00985,VIEW_TRIGGER_GENERATED_038,SQLITE_PARITY_985_VIEW_TRIGGER_GENERATED_038.rs,P2,memory,GEN_SQL_VIEW_TRIGGER,1996780,7831637,3.922133,-292.213313,true,3
1191,11302,AFFINITY_INTEGER_REAL_HALF,SQLITE_PARITY_11302_AFFINITY_INTEGER_REAL_HALF.rs,P0,memory,SQL_TYPE_AFFINITY,1524467,5977857,3.921277,-292.127675,true,3
1192,10048,TOTAL_VS_SUM_ALL_NULL_AND_EMPTY,SQLITE_PARITY_10048_TOTAL_VS_SUM_ALL_NULL_AND_EMPTY.rs,P0,memory,SQL_AGGREGATE_NULL,1490792,5842772,3.919240,-291.924024,true,3
1193,00269,SCALAR_CAST_TYPEOF_011,SQLITE_PARITY_269_SCALAR_CAST_TYPEOF_011.rs,P1,memory,GEN_SQL_SCALAR,1457439,5708918,3.917089,-291.708881,true,3
1194,00462,DML_WHERE_ORDER_LIMIT_075,SQLITE_PARITY_462_DML_WHERE_ORDER_LIMIT_075.rs,P1,memory,GEN_SQL_DML,1545275,6050735,3.915636,-291.563638,true,3
1195,00979,VIEW_TRIGGER_GENERATED_032,SQLITE_PARITY_979_VIEW_TRIGGER_GENERATED_032.rs,P2,memory,GEN_SQL_VIEW_TRIGGER,1886581,7385652,3.914834,-291.483430,true,3
1196,11237,CAST_TEXT_BARE_AS_TEXT,SQLITE_PARITY_11237_CAST_TEXT_BARE_AS_TEXT.rs,P0,memory,SQL_CAST,1415129,5538836,3.914015,-291.401491,true,3
1197,10249,PRAGMA_DEFER_FOREIGN_KEYS_TOGGLE,SQLITE_PARITY_10249_PRAGMA_DEFER_FOREIGN_KEYS_TOGGLE.rs,P0,memory,SQL_PRAGMA,1209300,4729594,3.911018,-291.101794,true,3
1198,10220,OPT_MODE_TABLE,SQLITE_PARITY_10220_OPT_MODE_TABLE.rs,P0,memory,CLI_OPTION,1301794,5090698,3.910525,-291.052501,true,3
1199,11039,MATH_COSH_2_0,SQLITE_PARITY_11039_MATH_COSH_2_0.rs,P1,memory,SQL_MATH,1382397,5401566,3.907391,-290.739129,true,3
1200,10302,SAVEPOINT_DEPTH_1_RELEASE,SQLITE_PARITY_10302_SAVEPOINT_DEPTH_1_RELEASE.rs,P0,memory,SQL_TRANSACTION,1486815,5809207,3.907149,-290.714850,true,3
1201,10226,OPT_NOFOLLOW,SQLITE_PARITY_10226_OPT_NOFOLLOW.rs,P0,memory,CLI_OPTION,1379171,5387901,3.906623,-290.662289,true,3
1202,10201,OPT_HEADER_LIST,SQLITE_PARITY_10201_OPT_HEADER_LIST.rs,P0,memory,CLI_OPTION,1384782,5406496,3.904222,-290.422175,true,3
1203,11000,MATH_ACOS_1_0,SQLITE_PARITY_11000_MATH_ACOS_1_0.rs,P1,memory,SQL_MATH,1414759,5523277,3.904041,-290.404090,true,3
1204,11402,STRING_LENGTH_A_B,SQLITE_PARITY_11402_STRING_LENGTH_A_B.rs,P0,memory,SQL_STRING,1532792,5982626,3.903091,-290.309057,true,3
1205,10024,NULL_LITERAL_VS_QUOTED_STRING,SQLITE_PARITY_10024_NULL_LITERAL_VS_QUOTED_STRING.rs,P0,memory,SQL_NULL_SEMANTICS,1312274,5120524,3.902024,-290.202351,true,3
1206,10520,STRING_AGG_ALIAS_OF_GROUP_CONCAT,SQLITE_PARITY_10520_STRING_AGG_ALIAS_OF_GROUP_CONCAT.rs,P0,memory,SQL_AGGREGATE_ADV,1512994,5902675,3.901321,-290.132082,true,3
1207,00573,AGG_GROUP_HAVING_066,SQLITE_PARITY_573_AGG_GROUP_HAVING_066.rs,P1,memory,GEN_SQL_AGGREGATE,1666575,6500987,3.900807,-290.080674,true,3
1208,11103,MATH_POW_10_0_1,SQLITE_PARITY_11103_MATH_POW_10_0_1.rs,P1,memory,SQL_MATH,1384651,5399352,3.899432,-289.943170,true,3
1209,00888,CONSTRAINT_FK_SAVEPOINT_021,SQLITE_PARITY_888_CONSTRAINT_FK_SAVEPOINT_021.rs,P2,memory,GEN_SQL_CONSTRAINT_TX,1592835,6211109,3.899405,-289.940515,true,3
1210,10142,MODE_BOX_BASIC,SQLITE_PARITY_10142_MODE_BOX_BASIC.rs,P0,memory,CLI_OUTPUT_MODE,1466827,5719307,3.899101,-289.910126,true,3
1211,11334,AFFINITY_TEXT_REAL_HALF,SQLITE_PARITY_11334_AFFINITY_TEXT_REAL_HALF.rs,P0,memory,SQL_TYPE_AFFINITY,1537631,5994800,3.898725,-289.872473,true,3
1212,00967,VIEW_TRIGGER_GENERATED_020,SQLITE_PARITY_967_VIEW_TRIGGER_GENERATED_020.rs,P2,memory,GEN_SQL_VIEW_TRIGGER,1619857,6307381,3.893789,-289.378877,true,3
1213,00428,DML_WHERE_ORDER_LIMIT_041,SQLITE_PARITY_428_DML_WHERE_ORDER_LIMIT_041.rs,P1,memory,GEN_SQL_DML,1795169,6987639,3.892469,-289.246862,true,3
1214,00747,CTE_RECURSIVE_MATRIX_040,SQLITE_PARITY_747_CTE_RECURSIVE_MATRIX_040.rs,P1,memory,GEN_SQL_CTE,1403407,5460368,3.890794,-289.079433,true,3
1215,10052,COUNT_DISTINCT_EXCLUDES_NULL,SQLITE_PARITY_10052_COUNT_DISTINCT_EXCLUDES_NULL.rs,P0,memory,SQL_AGGREGATE_NULL,1449474,5639366,3.890629,-289.062929,true,3
1216,10612,LENGTH_BLOB_BYTE_COUNT,SQLITE_PARITY_10612_LENGTH_BLOB_BYTE_COUNT.rs,P0,memory,SQL_BLOB,1268111,4928060,3.886142,-288.614246,true,3
1217,10624,BLOB_ORDER_WITH_NULL,SQLITE_PARITY_10624_BLOB_ORDER_WITH_NULL.rs,P0,memory,SQL_BLOB,1464924,5685935,3.881386,-288.138566,true,3
1218,10559,NO_SUCH_COLLATION_IN_ORDER_BY,SQLITE_PARITY_10559_NO_SUCH_COLLATION_IN_ORDER_BY.rs,P0,memory,SQL_ERROR_MESSAGES,1466977,5683019,3.873966,-287.396599,true,3
1219,00629,JOIN_SUBQUERY_EXISTS_022,SQLITE_PARITY_629_JOIN_SUBQUERY_EXISTS_022.rs,P1,memory,GEN_SQL_JOIN_SUBQUERY,1763830,6831493,3.873102,-287.310172,true,3
1220,11007,MATH_ACOSH_100_0,SQLITE_PARITY_11007_MATH_ACOSH_100_0.rs,P1,memory,SQL_MATH,1398779,5417356,3.872918,-287.291774,true,3
1221,10184,DOT_HELP_LISTS_COMMANDS,SQLITE_PARITY_10184_DOT_HELP_LISTS_COMMANDS.rs,P0,memory,CLI_DOT_COMMAND,1199551,4640455,3.868493,-286.849329,true,3
1222,00927,CONSTRAINT_FK_SAVEPOINT_060,SQLITE_PARITY_927_CONSTRAINT_FK_SAVEPOINT_060.rs,P2,memory,GEN_SQL_CONSTRAINT_TX,1685000,6514583,3.866221,-286.622136,true,3
1223,11061,MATH_LOG2_2_0,SQLITE_PARITY_11061_MATH_LOG2_2_0.rs,P1,memory,SQL_MATH,1326141,5126916,3.866041,-286.604139,true,3
1224,00677,JOIN_SUBQUERY_EXISTS_070,SQLITE_PARITY_677_JOIN_SUBQUERY_EXISTS_070.rs,P1,memory,GEN_SQL_JOIN_SUBQUERY,1780521,6875016,3.861238,-286.123837,true,3
1225,11009,MATH_ASIN_0_0,SQLITE_PARITY_11009_MATH_ASIN_0_0.rs,P1,memory,SQL_MATH,1545165,5964181,3.859899,-285.989910,true,3
1226,10222,OPT_MMAP_ZERO,SQLITE_PARITY_10222_OPT_MMAP_ZERO.rs,P0,memory,CLI_OPTION,1334306,5144449,3.855524,-285.552415,true,3
1227,00900,CONSTRAINT_FK_SAVEPOINT_033,SQLITE_PARITY_900_CONSTRAINT_FK_SAVEPOINT_033.rs,P2,memory,GEN_SQL_CONSTRAINT_TX,1704527,6565389,3.851737,-285.173658,true,3
1228,00634,JOIN_SUBQUERY_EXISTS_027,SQLITE_PARITY_634_JOIN_SUBQUERY_EXISTS_027.rs,P1,memory,GEN_SQL_JOIN_SUBQUERY,1800068,6921734,3.845263,-284.526251,true,3
1229,11333,AFFINITY_TEXT_INT_BIG,SQLITE_PARITY_11333_AFFINITY_TEXT_INT_BIG.rs,P0,memory,SQL_TYPE_AFFINITY,1376285,5291157,3.844521,-284.452130,true,3
1230,01050,JSON_EXTRACT_SET_043,SQLITE_PARITY_1050_JSON_EXTRACT_SET_043.rs,P2,memory,GEN_SQL_JSON,1616831,6214195,3.843441,-284.344127,true,3
1231,01022,JSON_EXTRACT_SET_015,SQLITE_PARITY_1022_JSON_EXTRACT_SET_015.rs,P2,memory,GEN_SQL_JSON,1400762,5380606,3.841199,-284.119929,true,3
1232,10203,OPT_NULLVALUE_LITERAL,SQLITE_PARITY_10203_OPT_NULLVALUE_LITERAL.rs,P0,memory,CLI_OPTION,1338304,5137626,3.838908,-283.890805,true,3
1233,00932,CONSTRAINT_FK_SAVEPOINT_065,SQLITE_PARITY_932_CONSTRAINT_FK_SAVEPOINT_065.rs,P2,memory,GEN_SQL_CONSTRAINT_TX,1450015,5563904,3.837135,-283.713548,true,3
1234,10014,NULL_LIKE_PATTERN,SQLITE_PARITY_10014_NULL_LIKE_PATTERN.rs,P0,memory,SQL_NULL_SEMANTICS,1556587,5971675,3.836390,-283.639013,true,3
1235,10609,BLOB_LITERAL_TYPEOF,SQLITE_PARITY_10609_BLOB_LITERAL_TYPEOF.rs,P0,memory,SQL_BLOB,1491574,5721312,3.835755,-283.575471,true,3
1236,00636,JOIN_SUBQUERY_EXISTS_029,SQLITE_PARITY_636_JOIN_SUBQUERY_EXISTS_029.rs,P1,memory,GEN_SQL_JOIN_SUBQUERY,1733331,6646233,3.834370,-283.437035,true,3
1237,01076,INDEX_SCHEMA_PRAGMA_009,SQLITE_PARITY_1076_INDEX_SCHEMA_PRAGMA_009.rs,P2,memory,GEN_SQL_INDEX_PRAGMA,1837369,7043364,3.833397,-283.339656,true,3
1238,10008,IS_NOT_DISTINCT_FROM_BASIC,SQLITE_PARITY_10008_IS_NOT_DISTINCT_FROM_BASIC.rs,P0,memory,SQL_NULL_SEMANTICS,1306373,5006798,3.832595,-283.259452,true,3
1239,00330,SCALAR_STRING_026,SQLITE_PARITY_330_SCALAR_STRING_026.rs,P1,memory,GEN_SQL_SCALAR,1374603,5264687,3.829969,-282.996909,true,3
1240,11052,MATH_LN_1_0,SQLITE_PARITY_11052_MATH_LN_1_0.rs,P1,memory,SQL_MATH,1248233,4776563,3.826660,-282.665977,true,3
1241,10541,HAVING_IS_NULL_FILTER,SQLITE_PARITY_10541_HAVING_IS_NULL_FILTER.rs,P0,memory,SQL_AGGREGATE_ADV,1428334,5460097,3.822703,-282.270323,true,3
1242,11032,MATH_COS_0_0,SQLITE_PARITY_11032_MATH_COS_0_0.rs,P1,memory,SQL_MATH,1307045,4996018,3.822376,-282.237643,true,3
1243,00682,JOIN_SUBQUERY_EXISTS_075,SQLITE_PARITY_682_JOIN_SUBQUERY_EXISTS_075.rs,P1,memory,GEN_SQL_JOIN_SUBQUERY,1916047,7321631,3.821217,-282.121681,true,3
1244,00496,DML_WHERE_ORDER_LIMIT_109,SQLITE_PARITY_496_DML_WHERE_ORDER_LIMIT_109.rs,P1,memory,GEN_SQL_DML,1566345,5983688,3.820160,-282.015967,true,3
1245,00592,AGG_GROUP_HAVING_085,SQLITE_PARITY_592_AGG_GROUP_HAVING_085.rs,P1,memory,GEN_SQL_AGGREGATE,1472658,5624007,3.818950,-281.894982,true,3
1246,00447,DML_WHERE_ORDER_LIMIT_060,SQLITE_PARITY_447_DML_WHERE_ORDER_LIMIT_060.rs,P1,memory,GEN_SQL_DML,1616721,6171103,3.817049,-281.704883,true,3
1247,10459,JOIN_ON_VS_WHERE_LEFT_DIFFERS,SQLITE_PARITY_10459_JOIN_ON_VS_WHERE_LEFT_DIFFERS.rs,P0,memory,SQL_JOIN,1542681,5887426,3.816360,-281.635996,true,3
1248,10505,SUBQUERY_LIMIT_1_AS_SCALAR,SQLITE_PARITY_10505_SUBQUERY_LIMIT_1_AS_SCALAR.rs,P0,memory,SQL_SUBQUERY,1562679,5963700,3.816331,-281.633080,true,3
1249,10125,MODE_CSV_HEADERS_OFF,SQLITE_PARITY_10125_MODE_CSV_HEADERS_OFF.rs,P0,memory,CLI_OUTPUT_MODE,1334156,5091569,3.816322,-281.632208,true,3
1250,11340,AFFINITY_VARCHAR_8_INT_1,SQLITE_PARITY_11340_AFFINITY_VARCHAR_8_INT_1.rs,P0,memory,SQL_TYPE_AFFINITY,1481875,5648884,3.811984,-281.198414,true,3
1251,10080,STRICT_FIVE_TYPES_TYPEOF,SQLITE_PARITY_10080_STRICT_FIVE_TYPES_TYPEOF.rs,P0,memory,SQL_STRICT_TABLES,1352381,5154348,3.811314,-281.131353,true,3
1252,11033,MATH_COS_1_0,SQLITE_PARITY_11033_MATH_COS_1_0.rs,P1,memory,SQL_MATH,1289591,4911559,3.808618,-280.861762,true,3
1253,00583,AGG_GROUP_HAVING_076,SQLITE_PARITY_583_AGG_GROUP_HAVING_076.rs,P1,memory,GEN_SQL_AGGREGATE,1606482,6115688,3.806882,-280.688237,true,3
1254,10501,SCALAR_SUBQUERY_MULTI_ROW_TAKES_FIRST,SQLITE_PARITY_10501_SCALAR_SUBQUERY_MULTI_ROW_TAKES_FIRST.rs,P0,memory,SQL_SUBQUERY,1478249,5625810,3.805726,-280.572556,true,3
1255,01085,INDEX_SCHEMA_PRAGMA_018,SQLITE_PARITY_1085_INDEX_SCHEMA_PRAGMA_018.rs,P2,memory,GEN_SQL_INDEX_PRAGMA,1705469,6490477,3.805685,-280.568454,true,3
1256,10028,ORDER_BY_ASC_NULLS_LAST_OVERRIDE,SQLITE_PARITY_10028_ORDER_BY_ASC_NULLS_LAST_OVERRIDE.rs,P0,memory,SQL_NULL_ORDER,1453111,5527745,3.804076,-280.407622,true,3
1257,00307,SCALAR_NULL_COALESCE_020,SQLITE_PARITY_307_SCALAR_NULL_COALESCE_020.rs,P1,memory,GEN_SQL_SCALAR,1462359,5562751,3.803957,-280.395717,true,3
1258,10187,DOT_PRINT_MESSAGE,SQLITE_PARITY_10187_DOT_PRINT_MESSAGE.rs,P0,memory,CLI_DOT_COMMAND,1146861,4362378,3.803755,-280.375477,true,3
1259,10406,PRAGMA_WRITABLE_SCHEMA_DEFAULT_OFF,SQLITE_PARITY_10406_PRAGMA_WRITABLE_SCHEMA_DEFAULT_OFF.rs,P0,memory,SQL_SCHEMA_INTROSPECTION,1233045,4687153,3.801283,-280.128300,true,3
1260,10217,OPT_MODE_LIST,SQLITE_PARITY_10217_OPT_MODE_LIST.rs,P0,memory,CLI_OPTION,1251039,4752988,3.799232,-279.923248,true,3
1261,10081,STRICT_INT_ACCEPTS_INT_LITERAL,SQLITE_PARITY_10081_STRICT_INT_ACCEPTS_INT_LITERAL.rs,P0,memory,SQL_STRICT_TABLES,1456989,5529288,3.795010,-279.501012,true,3
1262,10210,OPT_MODE_ASCII,SQLITE_PARITY_10210_OPT_MODE_ASCII.rs,P0,memory,CLI_OPTION,1383850,5250079,3.793821,-279.382086,true,3
1263,10258,PRAGMA_LOCKING_MODE_EXCLUSIVE_SET,SQLITE_PARITY_10258_PRAGMA_LOCKING_MODE_EXCLUSIVE_SET.rs,P0,memory,SQL_PRAGMA,1407635,5337675,3.791945,-279.194536,true,3
1264,10292,FK_COMPOSITE_VIOLATION_REJECTED,SQLITE_PARITY_10292_FK_COMPOSITE_VIOLATION_REJECTED.rs,P0,memory,SQL_FOREIGN_KEYS,1510279,5724978,3.790676,-279.067576,true,3
1265,00456,DML_WHERE_ORDER_LIMIT_069,SQLITE_PARITY_456_DML_WHERE_ORDER_LIMIT_069.rs,P1,memory,GEN_SQL_DML,1641979,6222871,3.789860,-278.986028,true,3
1266,10599,NOT_GLOB_BASIC,SQLITE_PARITY_10599_NOT_GLOB_BASIC.rs,P0,memory,SQL_PATTERN,1469342,5568542,3.789820,-278.982021,true,3
1267,10286,FK_DEFERRED_PASSES_INSIDE_TXN,SQLITE_PARITY_10286_FK_DEFERRED_PASSES_INSIDE_TXN.rs,P0,memory,SQL_FOREIGN_KEYS,1537381,5826140,3.789653,-278.965266,true,3
1268,00701,JOIN_SUBQUERY_EXISTS_094,SQLITE_PARITY_701_JOIN_SUBQUERY_EXISTS_094.rs,P1,memory,GEN_SQL_JOIN_SUBQUERY,1746646,6618570,3.789302,-278.930247,true,3
1269,11201,CAST_NULL_AS_REAL,SQLITE_PARITY_11201_CAST_NULL_AS_REAL.rs,P0,memory,SQL_CAST,1272920,4821829,3.788006,-278.800632,true,3
1270,10221,OPT_MODE_TABS,SQLITE_PARITY_10221_OPT_MODE_TABS.rs,P0,memory,CLI_OPTION,1310551,4963617,3.787428,-278.742758,true,3
1271,00376,SCALAR_ARITH_038,SQLITE_PARITY_376_SCALAR_ARITH_038.rs,P1,memory,GEN_SQL_SCALAR,1290874,4878646,3.779336,-277.933555,true,3
1272,11207,CAST_INT_5_AS_TEXT,SQLITE_PARITY_11207_CAST_INT_5_AS_TEXT.rs,P0,memory,SQL_CAST,1197888,4525607,3.777988,-277.798843,true,3
1273,00873,CONSTRAINT_FK_SAVEPOINT_006,SQLITE_PARITY_873_CONSTRAINT_FK_SAVEPOINT_006.rs,P2,memory,GEN_SQL_CONSTRAINT_TX,1522692,5750396,3.776467,-277.646694,true,3
1274,00918,CONSTRAINT_FK_SAVEPOINT_051,SQLITE_PARITY_918_CONSTRAINT_FK_SAVEPOINT_051.rs,P2,memory,GEN_SQL_CONSTRAINT_TX,1566786,5914357,3.774834,-277.483396,true,3
1275,10322,ON_CONFLICT_DO_NOTHING_NO_TARGET,SQLITE_PARITY_10322_ON_CONFLICT_DO_NOTHING_NO_TARGET.rs,P0,memory,SQL_UPSERT,1486665,5611855,3.774795,-277.479459,true,3
1276,00360,SCALAR_ARITH_034,SQLITE_PARITY_360_SCALAR_ARITH_034.rs,P1,memory,GEN_SQL_SCALAR,1389260,5242345,3.773480,-277.348013,true,3
1277,10260,PRAGMA_BUSY_TIMEOUT_SET,SQLITE_PARITY_10260_PRAGMA_BUSY_TIMEOUT_SET.rs,P0,memory,SQL_PRAGMA,1324969,4999445,3.773254,-277.325432,true,3
1278,00435,DML_WHERE_ORDER_LIMIT_048,SQLITE_PARITY_435_DML_WHERE_ORDER_LIMIT_048.rs,P1,memory,GEN_SQL_DML,1535116,5790202,3.771834,-277.183353,true,3
1279,00683,JOIN_SUBQUERY_EXISTS_076,SQLITE_PARITY_683_JOIN_SUBQUERY_EXISTS_076.rs,P1,memory,GEN_SQL_JOIN_SUBQUERY,2051684,7736867,3.770984,-277.098374,true,3
1280,00554,AGG_GROUP_HAVING_047,SQLITE_PARITY_554_AGG_GROUP_HAVING_047.rs,P1,memory,GEN_SQL_AGGREGATE,1584710,5971835,3.768409,-276.840873,true,3
1281,00272,SCALAR_ARITH_012,SQLITE_PARITY_272_SCALAR_ARITH_012.rs,P1,memory,GEN_SQL_SCALAR,1285664,4842358,3.766426,-276.642575,true,3
1282,10536,AVG_EQUALS_SUM_OVER_COUNT_MANUAL,SQLITE_PARITY_10536_AVG_EQUALS_SUM_OVER_COUNT_MANUAL.rs,P0,memory,SQL_AGGREGATE_ADV,1507594,5676567,3.765315,-276.531546,true,3
1283,00574,AGG_GROUP_HAVING_067,SQLITE_PARITY_574_AGG_GROUP_HAVING_067.rs,P1,memory,GEN_SQL_AGGREGATE,1780061,6698211,3.762911,-276.291093,true,3
1284,00431,DML_WHERE_ORDER_LIMIT_044,SQLITE_PARITY_431_DML_WHERE_ORDER_LIMIT_044.rs,P1,memory,GEN_SQL_DML,1519847,5716122,3.760985,-276.098515,true,3
1285,10181,DOT_OPEN_MEMORY_RESETS,SQLITE_PARITY_10181_DOT_OPEN_MEMORY_RESETS.rs,P0,memory,CLI_DOT_COMMAND,1529416,5751419,3.760533,-276.053278,true,3
1286,10255,PRAGMA_SECURE_DELETE_TOGGLE,SQLITE_PARITY_10255_PRAGMA_SECURE_DELETE_TOGGLE.rs,P0,memory,SQL_PRAGMA,1351388,5081210,3.759993,-275.999343,true,3
1287,00475,DML_WHERE_ORDER_LIMIT_088,SQLITE_PARITY_475_DML_WHERE_ORDER_LIMIT_088.rs,P1,memory,GEN_SQL_DML,1735656,6523820,3.758706,-275.870564,true,3
1288,00957,VIEW_TRIGGER_GENERATED_010,SQLITE_PARITY_957_VIEW_TRIGGER_GENERATED_010.rs,P2,memory,GEN_SQL_VIEW_TRIGGER,1666054,6261825,3.758477,-275.847662,true,3
1289,00680,JOIN_SUBQUERY_EXISTS_073,SQLITE_PARITY_680_JOIN_SUBQUERY_EXISTS_073.rs,P1,memory,GEN_SQL_JOIN_SUBQUERY,1908634,7172689,3.758022,-275.802223,true,3
1290,00413,DML_WHERE_ORDER_LIMIT_026,SQLITE_PARITY_413_DML_WHERE_ORDER_LIMIT_026.rs,P1,memory,GEN_SQL_DML,1563320,5874942,3.757991,-275.799069,true,3
1291,00912,CONSTRAINT_FK_SAVEPOINT_045,SQLITE_PARITY_912_CONSTRAINT_FK_SAVEPOINT_045.rs,P2,memory,GEN_SQL_CONSTRAINT_TX,1594379,5989108,3.756389,-275.638916,true,3
1292,10297,BEGIN_IMMEDIATE_BASIC,SQLITE_PARITY_10297_BEGIN_IMMEDIATE_BASIC.rs,P0,memory,SQL_TRANSACTION,1273852,4783286,3.754978,-275.497782,true,3
1293,10359,DELETE_RETURNING_BASIC,SQLITE_PARITY_10359_DELETE_RETURNING_BASIC.rs,P0,memory,SQL_RETURNING,1525307,5726181,3.754117,-275.411704,true,3
1294,10245,PRAGMA_CASE_SENSITIVE_LIKE_OFF_AFFECTS_LIKE,SQLITE_PARITY_10245_PRAGMA_CASE_SENSITIVE_LIKE_OFF_AFFECTS_LIKE.rs,P0,memory,SQL_PRAGMA,1406052,5277311,3.753283,-275.328295,true,3
1295,00670,JOIN_SUBQUERY_EXISTS_063,SQLITE_PARITY_670_JOIN_SUBQUERY_EXISTS_063.rs,P1,memory,GEN_SQL_JOIN_SUBQUERY,1699688,6378856,3.752957,-275.295701,true,3
1296,00874,CONSTRAINT_FK_SAVEPOINT_007,SQLITE_PARITY_874_CONSTRAINT_FK_SAVEPOINT_007.rs,P2,memory,GEN_SQL_CONSTRAINT_TX,1600119,6004538,3.752557,-275.255715,true,3
1297,11449,STRING_LIKE_A_ABC,SQLITE_PARITY_11449_STRING_LIKE_A_ABC.rs,P0,memory,SQL_STRING,1680682,6306649,3.752434,-275.243443,true,3
1298,11008,MATH_ASIN_1_0,SQLITE_PARITY_11008_MATH_ASIN_1_0.rs,P1,memory,SQL_MATH,1238675,4647699,3.752154,-275.215371,true,3
1299,00373,SCALAR_CAST_TYPEOF_037,SQLITE_PARITY_373_SCALAR_CAST_TYPEOF_037.rs,P1,memory,GEN_SQL_SCALAR,1382066,5183343,3.750431,-275.043088,true,3
1300,11519,DATETIME_STRFTIME_ISO_EPOCH_PLUS_3_HOURS,SQLITE_PARITY_11519_DATETIME_STRFTIME_ISO_EPOCH_PLUS_3_HOURS.rs,P0,memory,SQL_DATETIME,1241881,4657357,3.750244,-275.024419,true,3
1301,10588,LIKE_UNDERSCORE_WILDCARD,SQLITE_PARITY_10588_LIKE_UNDERSCORE_WILDCARD.rs,P0,memory,SQL_PATTERN,1431800,5363514,3.745994,-274.599385,true,3
1302,11035,MATH_COS_1_0,SQLITE_PARITY_11035_MATH_COS_1_0.rs,P1,memory,SQL_MATH,1380333,5170028,3.745493,-274.549330,true,3
1303,10050,GROUP_CONCAT_SKIPS_NULL,SQLITE_PARITY_10050_GROUP_CONCAT_SKIPS_NULL.rs,P0,memory,SQL_AGGREGATE_NULL,1606331,6013133,3.743396,-274.339598,true,3
1304,00314,SCALAR_STRING_022,SQLITE_PARITY_314_SCALAR_STRING_022.rs,P1,memory,GEN_SQL_SCALAR,1374783,5145321,3.742642,-274.264229,true,3
1305,00317,SCALAR_CAST_TYPEOF_023,SQLITE_PARITY_317_SCALAR_CAST_TYPEOF_023.rs,P1,memory,GEN_SQL_SCALAR,1423675,5321113,3.737590,-273.758969,true,3
1306,00324,SCALAR_ARITH_025,SQLITE_PARITY_324_SCALAR_ARITH_025.rs,P1,memory,GEN_SQL_SCALAR,1310030,4895598,3.737012,-273.701213,true,3
1307,00480,DML_WHERE_ORDER_LIMIT_093,SQLITE_PARITY_480_DML_WHERE_ORDER_LIMIT_093.rs,P1,memory,GEN_SQL_DML,1531069,5720781,3.736462,-273.646191,true,3
1308,00889,CONSTRAINT_FK_SAVEPOINT_022,SQLITE_PARITY_889_CONSTRAINT_FK_SAVEPOINT_022.rs,P2,memory,GEN_SQL_CONSTRAINT_TX,1603345,5987706,3.734509,-273.450879,true,3
1309,00839,WINDOW_PARTITION_SUM_052,SQLITE_PARITY_839_WINDOW_PARTITION_SUM_052.rs,P2,memory,GEN_SQL_WINDOW,1578418,5882457,3.726806,-272.680557,true,3
1310,10617,BLOB_EQUALITY_SAME_BYTES,SQLITE_PARITY_10617_BLOB_EQUALITY_SAME_BYTES.rs,P0,memory,SQL_BLOB,1336561,4980529,3.726376,-272.637612,true,3
1311,00644,JOIN_SUBQUERY_EXISTS_037,SQLITE_PARITY_644_JOIN_SUBQUERY_EXISTS_037.rs,P1,memory,GEN_SQL_JOIN_SUBQUERY,1712983,6381632,3.725450,-272.544970,true,3
1312,00239,SCALAR_NULL_COALESCE_003,SQLITE_PARITY_239_SCALAR_NULL_COALESCE_003.rs,P1,memory,GEN_SQL_SCALAR,1362680,5076120,3.725101,-272.510054,true,3
1313,00908,CONSTRAINT_FK_SAVEPOINT_041,SQLITE_PARITY_908_CONSTRAINT_FK_SAVEPOINT_041.rs,P2,memory,GEN_SQL_CONSTRAINT_TX,1548792,5769162,3.724943,-272.494305,true,3
1314,11011,MATH_ASIN_0_5,SQLITE_PARITY_11011_MATH_ASIN_0_5.rs,P1,memory,SQL_MATH,1438233,5352162,3.721346,-272.134557,true,3
1315,00648,JOIN_SUBQUERY_EXISTS_041,SQLITE_PARITY_648_JOIN_SUBQUERY_EXISTS_041.rs,P1,memory,GEN_SQL_JOIN_SUBQUERY,1586924,5904077,3.720454,-272.045353,true,3
1316,10192,DOT_BAIL_ON_NOOP,SQLITE_PARITY_10192_DOT_BAIL_ON_NOOP.rs,P0,memory,CLI_DOT_COMMAND,1506051,5602486,3.719984,-271.998425,true,3
1317,00305,SCALAR_CAST_TYPEOF_020,SQLITE_PARITY_305_SCALAR_CAST_TYPEOF_020.rs,P1,memory,GEN_SQL_SCALAR,1513776,5630289,3.719367,-271.936733,true,3
1318,00661,JOIN_SUBQUERY_EXISTS_054,SQLITE_PARITY_661_JOIN_SUBQUERY_EXISTS_054.rs,P1,memory,GEN_SQL_JOIN_SUBQUERY,1673939,6224093,3.718232,-271.823167,true,3
1319,11088,MATH_TRUNC_1_4,SQLITE_PARITY_11088_MATH_TRUNC_1_4.rs,P1,memory,SQL_MATH,1344074,4997411,3.718107,-271.810704,true,3
1320,00698,JOIN_SUBQUERY_EXISTS_091,SQLITE_PARITY_698_JOIN_SUBQUERY_EXISTS_091.rs,P1,memory,GEN_SQL_JOIN_SUBQUERY,1793696,6668003,3.717466,-271.746550,true,3
1321,11319,AFFINITY_REAL_REAL_BIG,SQLITE_PARITY_11319_AFFINITY_REAL_REAL_BIG.rs,P0,memory,SQL_TYPE_AFFINITY,1392827,5177292,3.717111,-271.711060,true,3
1322,10321,BEGIN_THEN_DDL_THEN_ROLLBACK,SQLITE_PARITY_10321_BEGIN_THEN_DDL_THEN_ROLLBACK.rs,P0,memory,SQL_TRANSACTION,1411973,5243276,3.713439,-271.343928,true,3
1323,00930,CONSTRAINT_FK_SAVEPOINT_063,SQLITE_PARITY_930_CONSTRAINT_FK_SAVEPOINT_063.rs,P2,memory,GEN_SQL_CONSTRAINT_TX,1720006,6364099,3.700045,-270.004465,true,3
1324,00724,CTE_RECURSIVE_MATRIX_017,SQLITE_PARITY_724_CTE_RECURSIVE_MATRIX_017.rs,P1,memory,GEN_SQL_CTE,1437391,5317657,3.699520,-269.952017,true,3
1325,11087,MATH_TANH_10_0,SQLITE_PARITY_11087_MATH_TANH_10_0.rs,P1,memory,SQL_MATH,1491123,5513217,3.697359,-269.735897,true,3
1326,11522,DATETIME_DATETIME_EPOCH_PLUS_30_MINUTES,SQLITE_PARITY_11522_DATETIME_DATETIME_EPOCH_PLUS_30_MINUTES.rs,P0,memory,SQL_DATETIME,1358111,5020334,3.696556,-269.655647,true,3
1327,00547,AGG_GROUP_HAVING_040,SQLITE_PARITY_547_AGG_GROUP_HAVING_040.rs,P1,memory,GEN_SQL_AGGREGATE,1678497,6204606,3.696525,-269.652493,true,3
1328,10628,CAST_TEXT_TO_BLOB,SQLITE_PARITY_10628_CAST_TEXT_TO_BLOB.rs,P0,memory,SQL_BLOB,1436830,5310834,3.696216,-269.621598,true,3
1329,11336,AFFINITY_TEXT_TEXT_NUM,SQLITE_PARITY_11336_AFFINITY_TEXT_TEXT_NUM.rs,P0,memory,SQL_TYPE_AFFINITY,1452039,5366640,3.695934,-269.593379,true,3
1330,11031,MATH_CEILING_1_6,SQLITE_PARITY_11031_MATH_CEILING_1_6.rs,P1,memory,SQL_MATH,1327293,4903984,3.694726,-269.472603,true,3
1331,00460,DML_WHERE_ORDER_LIMIT_073,SQLITE_PARITY_460_DML_WHERE_ORDER_LIMIT_073.rs,P1,memory,GEN_SQL_DML,1451227,5357853,3.691947,-269.194688,true,3
1332,10410,ADD_COLUMN_NOT_NULL_DEFAULT,SQLITE_PARITY_10410_ADD_COLUMN_NOT_NULL_DEFAULT.rs,P0,memory,SQL_ALTER,1555495,5741520,3.691121,-269.112083,true,3
1333,11055,MATH_LN_10_0,SQLITE_PARITY_11055_MATH_LN_10_0.rs,P1,memory,SQL_MATH,1442762,5323758,3.689977,-268.997659,true,3
1334,00872,CONSTRAINT_FK_SAVEPOINT_005,SQLITE_PARITY_872_CONSTRAINT_FK_SAVEPOINT_005.rs,P2,memory,GEN_SQL_CONSTRAINT_TX,1594579,5880032,3.687514,-268.751376,true,3
1335,00913,CONSTRAINT_FK_SAVEPOINT_046,SQLITE_PARITY_913_CONSTRAINT_FK_SAVEPOINT_046.rs,P2,memory,GEN_SQL_CONSTRAINT_TX,1744773,6431556,3.686185,-268.618497,true,3
1336,00760,CTE_RECURSIVE_MATRIX_053,SQLITE_PARITY_760_CTE_RECURSIVE_MATRIX_053.rs,P1,memory,GEN_SQL_CTE,1607122,5923654,3.685877,-268.587699,true,3
1337,00465,DML_WHERE_ORDER_LIMIT_078,SQLITE_PARITY_465_DML_WHERE_ORDER_LIMIT_078.rs,P1,memory,GEN_SQL_DML,1661165,6112592,3.679702,-267.970190,true,3
1338,11329,AFFINITY_DOUBLE_TEXT_BARE,SQLITE_PARITY_11329_AFFINITY_DOUBLE_TEXT_BARE.rs,P0,memory,SQL_TYPE_AFFINITY,1814786,6677402,3.679443,-267.944320,true,3
1339,00319,SCALAR_NULL_COALESCE_023,SQLITE_PARITY_319_SCALAR_NULL_COALESCE_023.rs,P1,memory,GEN_SQL_SCALAR,1445928,5314311,3.675364,-267.536350,true,3
1340,00641,JOIN_SUBQUERY_EXISTS_034,SQLITE_PARITY_641_JOIN_SUBQUERY_EXISTS_034.rs,P1,memory,GEN_SQL_JOIN_SUBQUERY,1616310,5937460,3.673466,-267.346610,true,3
1341,00534,AGG_GROUP_HAVING_027,SQLITE_PARITY_534_AGG_GROUP_HAVING_027.rs,P1,memory,GEN_SQL_AGGREGATE,1666124,6117031,3.671414,-267.141401,true,3
1342,00569,AGG_GROUP_HAVING_062,SQLITE_PARITY_569_AGG_GROUP_HAVING_062.rs,P1,memory,GEN_SQL_AGGREGATE,1751556,6428851,3.670366,-267.036566,true,3
1343,00654,JOIN_SUBQUERY_EXISTS_047,SQLITE_PARITY_654_JOIN_SUBQUERY_EXISTS_047.rs,P1,memory,GEN_SQL_JOIN_SUBQUERY,1456287,5340100,3.666928,-266.692829,true,3
1344,00655,JOIN_SUBQUERY_EXISTS_048,SQLITE_PARITY_655_JOIN_SUBQUERY_EXISTS_048.rs,P1,memory,GEN_SQL_JOIN_SUBQUERY,1888476,6917577,3.663047,-266.304735,true,3
1345,10154,CLI_FLAG_LINE,SQLITE_PARITY_10154_CLI_FLAG_LINE.rs,P0,memory,CLI_OUTPUT_MODE,1603666,5872006,3.661614,-266.161408,true,3
1346,11044,MATH_EXP_0_0,SQLITE_PARITY_11044_MATH_EXP_0_0.rs,P1,memory,SQL_MATH,1239386,4533403,3.657781,-265.778135,true,3
1347,00384,SCALAR_ARITH_040,SQLITE_PARITY_384_SCALAR_ARITH_040.rs,P1,memory,GEN_SQL_SCALAR,1231341,4503736,3.657586,-265.758632,true,3
1348,00388,DML_WHERE_ORDER_LIMIT_001,SQLITE_PARITY_388_DML_WHERE_ORDER_LIMIT_001.rs,P1,memory,GEN_SQL_DML,1493156,5459997,3.656682,-265.668222,true,3
1349,10047,SUM_EMPTY_RETURNS_NULL,SQLITE_PARITY_10047_SUM_EMPTY_RETURNS_NULL.rs,P0,memory,SQL_AGGREGATE_NULL,1333875,4875160,3.654885,-265.488520,true,3
1350,00492,DML_WHERE_ORDER_LIMIT_105,SQLITE_PARITY_492_DML_WHERE_ORDER_LIMIT_105.rs,P1,memory,GEN_SQL_DML,1600210,5843493,3.651704,-265.170384,true,3
1351,01070,INDEX_SCHEMA_PRAGMA_003,SQLITE_PARITY_1070_INDEX_SCHEMA_PRAGMA_003.rs,P2,memory,GEN_SQL_INDEX_PRAGMA,1693035,6180331,3.650445,-265.044491,true,3
1352,10460,JOIN_LEFT_IS_NULL_ANTIJOIN,SQLITE_PARITY_10460_JOIN_LEFT_IS_NULL_ANTIJOIN.rs,P0,memory,SQL_JOIN,1506642,5498910,3.649779,-264.977878,true,3
1353,11023,MATH_ATANH_0_9,SQLITE_PARITY_11023_MATH_ATANH_0_9.rs,P1,memory,SQL_MATH,1336711,4878315,3.649491,-264.949118,true,3
1354,11078,MATH_SQRT_4_0,SQLITE_PARITY_11078_MATH_SQRT_4_0.rs,P1,memory,SQL_MATH,1207185,4405160,3.649118,-264.911758,true,3
1355,10295,BEGIN_ROLLBACK_DROPS_WRITES,SQLITE_PARITY_10295_BEGIN_ROLLBACK_DROPS_WRITES.rs,P0,memory,SQL_TRANSACTION,1483479,5413078,3.648908,-264.890774,true,3
1356,11326,AFFINITY_DOUBLE_REAL_HALF,SQLITE_PARITY_11326_AFFINITY_DOUBLE_REAL_HALF.rs,P0,memory,SQL_TYPE_AFFINITY,1646958,6008926,3.648500,-264.849984,true,3
1357,00368,SCALAR_ARITH_036,SQLITE_PARITY_368_SCALAR_ARITH_036.rs,P1,memory,GEN_SQL_SCALAR,1375714,5017128,3.646927,-264.692661,true,3
1358,11026,MATH_CEIL_1_4,SQLITE_PARITY_11026_MATH_CEIL_1_4.rs,P1,memory,SQL_MATH,1388869,5060350,3.643504,-264.350417,true,3
1359,00458,DML_WHERE_ORDER_LIMIT_071,SQLITE_PARITY_458_DML_WHERE_ORDER_LIMIT_071.rs,P1,memory,GEN_SQL_DML,1671204,6083627,3.640266,-264.026594,true,3
1360,00679,JOIN_SUBQUERY_EXISTS_072,SQLITE_PARITY_679_JOIN_SUBQUERY_EXISTS_072.rs,P1,memory,GEN_SQL_JOIN_SUBQUERY,1857908,6761431,3.639271,-263.927116,true,3
1361,01055,JSON_EXTRACT_SET_048,SQLITE_PARITY_1055_JSON_EXTRACT_SET_048.rs,P2,memory,GEN_SQL_JSON,1445346,5259417,3.638864,-263.886364,true,3
1362,10157,CLI_FLAG_QUOTE,SQLITE_PARITY_10157_CLI_FLAG_QUOTE.rs,P0,memory,CLI_OUTPUT_MODE,1590902,5787256,3.637720,-263.771999,true,3
1363,10558,NO_SUCH_COLLATION_SEQUENCE,SQLITE_PARITY_10558_NO_SUCH_COLLATION_SEQUENCE.rs,P0,memory,SQL_ERROR_MESSAGES,1281806,4662477,3.637428,-263.742797,true,3
1364,10279,FK_DELETE_SET_NULL_NULLIFIES_CHILD,SQLITE_PARITY_10279_FK_DELETE_SET_NULL_NULLIFIES_CHILD.rs,P0,memory,SQL_FOREIGN_KEYS,1683036,6118764,3.635551,-263.555147,true,3
1365,10625,BLOB_VS_TEXT_DIFFERENT_TYPES,SQLITE_PARITY_10625_BLOB_VS_TEXT_DIFFERENT_TYPES.rs,P0,memory,SQL_BLOB,1321872,4805207,3.635153,-263.515303,true,3
1366,00704,JOIN_SUBQUERY_EXISTS_097,SQLITE_PARITY_704_JOIN_SUBQUERY_EXISTS_097.rs,P1,memory,GEN_SQL_JOIN_SUBQUERY,1770662,6433038,3.633126,-263.312592,true,3
1367,00667,JOIN_SUBQUERY_EXISTS_060,SQLITE_PARITY_667_JOIN_SUBQUERY_EXISTS_060.rs,P1,memory,GEN_SQL_JOIN_SUBQUERY,1673729,6078237,3.631554,-263.155385,true,3
1368,01086,INDEX_SCHEMA_PRAGMA_019,SQLITE_PARITY_1086_INDEX_SCHEMA_PRAGMA_019.rs,P2,memory,GEN_SQL_INDEX_PRAGMA,1593517,5786545,3.631304,-263.130422,true,3
1369,10135,MODE_INSERT_NAMED_TARGET_WITH_BLOB,SQLITE_PARITY_10135_MODE_INSERT_NAMED_TARGET_WITH_BLOB.rs,P0,memory,CLI_OUTPUT_MODE,1578318,5728445,3.629462,-262.946187,true,3
1370,00937,CONSTRAINT_FK_SAVEPOINT_070,SQLITE_PARITY_937_CONSTRAINT_FK_SAVEPOINT_070.rs,P2,memory,GEN_SQL_CONSTRAINT_TX,1554182,5639066,3.628318,-262.831766,true,3
1371,00989,VIEW_TRIGGER_GENERATED_042,SQLITE_PARITY_989_VIEW_TRIGGER_GENERATED_042.rs,P2,memory,GEN_SQL_VIEW_TRIGGER,1808454,6559298,3.627020,-262.701954,true,3
1372,00693,JOIN_SUBQUERY_EXISTS_086,SQLITE_PARITY_693_JOIN_SUBQUERY_EXISTS_086.rs,P1,memory,GEN_SQL_JOIN_SUBQUERY,1895479,6874825,3.626959,-262.695920,true,3
1373,00714,CTE_RECURSIVE_MATRIX_007,SQLITE_PARITY_714_CTE_RECURSIVE_MATRIX_007.rs,P1,memory,GEN_SQL_CTE,1485082,5385516,3.626410,-262.640985,true,3
1374,11227,CAST_TEXT_42_AS_TEXT,SQLITE_PARITY_11227_CAST_TEXT_42_AS_TEXT.rs,P0,memory,SQL_CAST,1450797,5257353,3.623769,-262.376887,true,3
1375,10109,MODE_LIST_SEP_SEMICOLON,SQLITE_PARITY_10109_MODE_LIST_SEP_SEMICOLON.rs,P0,memory,CLI_OUTPUT_MODE,1521761,5506655,3.618607,-261.860700,true,3
1376,00565,AGG_GROUP_HAVING_058,SQLITE_PARITY_565_AGG_GROUP_HAVING_058.rs,P1,memory,GEN_SQL_AGGREGATE,1722401,6232519,3.618506,-261.850638,true,3
1377,10598,GLOB_NEGATED_CHAR_CLASS,SQLITE_PARITY_10598_GLOB_NEGATED_CHAR_CLASS.rs,P0,memory,SQL_PATTERN,1553772,5622013,3.618300,-261.829985,true,3
1378,00784,CTE_RECURSIVE_MATRIX_077,SQLITE_PARITY_784_CTE_RECURSIVE_MATRIX_077.rs,P1,memory,GEN_SQL_CTE,1334056,4826597,3.617987,-261.798680,true,3
1379,00568,AGG_GROUP_HAVING_061,SQLITE_PARITY_568_AGG_GROUP_HAVING_061.rs,P1,memory,GEN_SQL_AGGREGATE,1512925,5471388,3.616430,-261.643042,true,3
1380,11071,MATH_SIN_1_5707963267949,SQLITE_PARITY_11071_MATH_SIN_1_5707963267949.rs,P1,memory,SQL_MATH,1321372,4775130,3.613767,-261.376660,true,3
1381,00993,VIEW_TRIGGER_GENERATED_046,SQLITE_PARITY_993_VIEW_TRIGGER_GENERATED_046.rs,P2,memory,GEN_SQL_VIEW_TRIGGER,1704276,6158419,3.613510,-261.351037,true,3
1382,00988,VIEW_TRIGGER_GENERATED_041,SQLITE_PARITY_988_VIEW_TRIGGER_GENERATED_041.rs,P2,memory,GEN_SQL_VIEW_TRIGGER,1539735,5562561,3.612674,-261.267426,true,3
1383,10216,OPT_MODE_LINE,SQLITE_PARITY_10216_OPT_MODE_LINE.rs,P0,memory,CLI_OPTION,1410991,5097120,3.612440,-261.243977,true,3
1384,11530,DATETIME_DATE_EPOCH_START_OF_DAY,SQLITE_PARITY_11530_DATETIME_DATE_EPOCH_START_OF_DAY.rs,P0,memory,SQL_DATETIME,1448202,5228419,3.610283,-261.028296,true,3
1385,00395,DML_WHERE_ORDER_LIMIT_008,SQLITE_PARITY_395_DML_WHERE_ORDER_LIMIT_008.rs,P1,memory,GEN_SQL_DML,1470383,5306446,3.608887,-260.888694,true,3
1386,10044,COUNT_STAR_VS_COUNT_COL_WITH_NULLS,SQLITE_PARITY_10044_COUNT_STAR_VS_COUNT_COL_WITH_NULLS.rs,P0,memory,SQL_AGGREGATE_NULL,1456157,5250089,3.605442,-260.544158,true,3
1387,11301,AFFINITY_INTEGER_INT_BIG,SQLITE_PARITY_11301_AFFINITY_INTEGER_INT_BIG.rs,P0,memory,SQL_TYPE_AFFINITY,1447139,5217157,3.605153,-260.515265,true,3
1388,01012,JSON_EXTRACT_SET_005,SQLITE_PARITY_1012_JSON_EXTRACT_SET_005.rs,P2,memory,GEN_SQL_JSON,1586834,5719638,3.604434,-260.443373,true,3
1389,10250,PRAGMA_IGNORE_CHECK_CONSTRAINTS_TOGGLE,SQLITE_PARITY_10250_PRAGMA_IGNORE_CHECK_CONSTRAINTS_TOGGLE.rs,P0,memory,SQL_PRAGMA,1329467,4791341,3.603956,-260.395632,true,3
1390,00671,JOIN_SUBQUERY_EXISTS_064,SQLITE_PARITY_671_JOIN_SUBQUERY_EXISTS_064.rs,P1,memory,GEN_SQL_JOIN_SUBQUERY,1835365,6607169,3.599921,-259.992100,true,3
1391,00595,AGG_GROUP_HAVING_088,SQLITE_PARITY_595_AGG_GROUP_HAVING_088.rs,P1,memory,GEN_SQL_AGGREGATE,1914785,6890024,3.598328,-259.832775,true,3
1392,00720,CTE_RECURSIVE_MATRIX_013,SQLITE_PARITY_720_CTE_RECURSIVE_MATRIX_013.rs,P1,memory,GEN_SQL_CTE,1415590,5092821,3.597667,-259.766670,true,3
1393,00491,DML_WHERE_ORDER_LIMIT_104,SQLITE_PARITY_491_DML_WHERE_ORDER_LIMIT_104.rs,P1,memory,GEN_SQL_DML,1560013,5607016,3.594211,-259.421107,true,3
1394,00890,CONSTRAINT_FK_SAVEPOINT_023,SQLITE_PARITY_890_CONSTRAINT_FK_SAVEPOINT_023.rs,P2,memory,GEN_SQL_CONSTRAINT_TX,1609447,5783509,3.593476,-259.347590,true,3
1395,00511,AGG_GROUP_HAVING_004,SQLITE_PARITY_511_AGG_GROUP_HAVING_004.rs,P1,memory,GEN_SQL_AGGREGATE,1546748,5557441,3.592984,-259.298412,true,3
1396,00933,CONSTRAINT_FK_SAVEPOINT_066,SQLITE_PARITY_933_CONSTRAINT_FK_SAVEPOINT_066.rs,P2,memory,GEN_SQL_CONSTRAINT_TX,1845334,6628278,3.591912,-259.191236,true,3
1397,00755,CTE_RECURSIVE_MATRIX_048,SQLITE_PARITY_755_CTE_RECURSIVE_MATRIX_048.rs,P1,memory,GEN_SQL_CTE,1535497,5510392,3.588670,-258.866999,true,3
1398,01039,JSON_EXTRACT_SET_032,SQLITE_PARITY_1039_JSON_EXTRACT_SET_032.rs,P2,memory,GEN_SQL_JSON,1658770,5952279,3.588369,-258.836909,true,3
1399,00823,WINDOW_PARTITION_SUM_036,SQLITE_PARITY_823_WINDOW_PARTITION_SUM_036.rs,P2,memory,GEN_SQL_WINDOW,1424066,5107429,3.586511,-258.651144,true,3
1400,00371,SCALAR_NULL_COALESCE_036,SQLITE_PARITY_371_SCALAR_NULL_COALESCE_036.rs,P1,memory,GEN_SQL_SCALAR,1287067,4615828,3.586315,-258.631524,true,3
1401,00379,SCALAR_NULL_COALESCE_038,SQLITE_PARITY_379_SCALAR_NULL_COALESCE_038.rs,P1,memory,GEN_SQL_SCALAR,1470484,5273464,3.586210,-258.620971,true,3
1402,10177,DOT_TABLES_NO_ARG,SQLITE_PARITY_10177_DOT_TABLES_NO_ARG.rs,P0,memory,CLI_DOT_COMMAND,1486594,5329380,3.584960,-258.495998,true,3
1403,10577,ORDER_BY_OUT_OF_RANGE,SQLITE_PARITY_10577_ORDER_BY_OUT_OF_RANGE.rs,P0,memory,SQL_ERROR_MESSAGES,1504959,5394483,3.584472,-258.447174,true,3
1404,00719,CTE_RECURSIVE_MATRIX_012,SQLITE_PARITY_719_CTE_RECURSIVE_MATRIX_012.rs,P1,memory,GEN_SQL_CTE,1480182,5302639,3.582424,-258.242365,true,3
1405,10041,DISTINCT_ORDER_BY_DESC_NULLS_LAST,SQLITE_PARITY_10041_DISTINCT_ORDER_BY_DESC_NULLS_LAST.rs,P0,memory,SQL_NULL_ORDER,1611311,5771727,3.582007,-258.200683,true,3
1406,00378,SCALAR_STRING_038,SQLITE_PARITY_378_SCALAR_STRING_038.rs,P1,memory,GEN_SQL_SCALAR,1295002,4633783,3.578205,-257.820528,true,3
1407,10352,INSERT_RETURNING_EXPR_ALIAS,SQLITE_PARITY_10352_INSERT_RETURNING_EXPR_ALIAS.rs,P0,memory,SQL_RETURNING,1413786,5058466,3.577957,-257.795734,true,3
1408,00914,CONSTRAINT_FK_SAVEPOINT_047,SQLITE_PARITY_914_CONSTRAINT_FK_SAVEPOINT_047.rs,P2,memory,GEN_SQL_CONSTRAINT_TX,1637681,5856237,3.575933,-257.593268,true,3
1409,00279,SCALAR_NULL_COALESCE_013,SQLITE_PARITY_279_SCALAR_NULL_COALESCE_013.rs,P1,memory,GEN_SQL_SCALAR,1550004,5538966,3.573517,-257.351723,true,3
1410,00489,DML_WHERE_ORDER_LIMIT_102,SQLITE_PARITY_489_DML_WHERE_ORDER_LIMIT_102.rs,P1,memory,GEN_SQL_DML,1867144,6666370,3.570357,-257.035665,true,3
1411,00722,CTE_RECURSIVE_MATRIX_015,SQLITE_PARITY_722_CTE_RECURSIVE_MATRIX_015.rs,P1,memory,GEN_SQL_CTE,1640766,5850937,3.565979,-256.597894,true,3
1412,01090,INDEX_SCHEMA_PRAGMA_023,SQLITE_PARITY_1090_INDEX_SCHEMA_PRAGMA_023.rs,P2,memory,GEN_SQL_INDEX_PRAGMA,1654112,5897866,3.565578,-256.557839,true,3
1413,10013,NULL_BETWEEN,SQLITE_PARITY_10013_NULL_BETWEEN.rs,P0,memory,SQL_NULL_SEMANTICS,1412765,5036756,3.565176,-256.517609,true,3
1414,00645,JOIN_SUBQUERY_EXISTS_038,SQLITE_PARITY_645_JOIN_SUBQUERY_EXISTS_038.rs,P1,memory,GEN_SQL_JOIN_SUBQUERY,1833711,6534922,3.563769,-256.376877,true,3
1415,10611,UNHEX_RECOVERS_BLOB,SQLITE_PARITY_10611_UNHEX_RECOVERS_BLOB.rs,P0,memory,SQL_BLOB,1374342,4894275,3.561177,-256.117691,true,3
1416,00740,CTE_RECURSIVE_MATRIX_033,SQLITE_PARITY_740_CTE_RECURSIVE_MATRIX_033.rs,P1,memory,GEN_SQL_CTE,1476134,5248186,3.555359,-255.535880,true,3
1417,01047,JSON_EXTRACT_SET_040,SQLITE_PARITY_1047_JSON_EXTRACT_SET_040.rs,P2,memory,GEN_SQL_JSON,1484961,5277982,3.554290,-255.428998,true,3
1418,10233,OPT_CMD_MULTIPLE,SQLITE_PARITY_10233_OPT_CMD_MULTIPLE.rs,P0,memory,CLI_OPTION,1418124,5039621,3.553724,-255.372379,true,3
1419,10121,MODE_COLUMN_WIDTH_LARGE,SQLITE_PARITY_10121_MODE_COLUMN_WIDTH_LARGE.rs,P0,memory,CLI_OUTPUT_MODE,1601101,5689251,3.553337,-255.333674,true,3
1420,10051,GROUP_CONCAT_ALL_NULL_RETURNS_NULL,SQLITE_PARITY_10051_GROUP_CONCAT_ALL_NULL_RETURNS_NULL.rs,P0,memory,SQL_AGGREGATE_NULL,1426420,5067163,3.552364,-255.236396,true,3
1421,00318,SCALAR_STRING_023,SQLITE_PARITY_318_SCALAR_STRING_023.rs,P1,memory,GEN_SQL_SCALAR,1422543,5052044,3.551417,-255.141743,true,3
1422,01002,VIEW_TRIGGER_GENERATED_055,SQLITE_PARITY_1002_VIEW_TRIGGER_GENERATED_055.rs,P2,memory,GEN_SQL_VIEW_TRIGGER,1858137,6597160,3.550416,-255.041636,true,3
1423,10400,PRAGMA_INDEX_INFO_TVF,SQLITE_PARITY_10400_PRAGMA_INDEX_INFO_TVF.rs,P0,memory,SQL_SCHEMA_INTROSPECTION,1442581,5120825,3.549766,-254.976601,true,3
1424,00493,DML_WHERE_ORDER_LIMIT_106,SQLITE_PARITY_493_DML_WHERE_ORDER_LIMIT_106.rs,P1,memory,GEN_SQL_DML,1555996,5522505,3.549177,-254.917686,true,3
1425,10616,BLOB_ORDER_BYTEWISE,SQLITE_PARITY_10616_BLOB_ORDER_BYTEWISE.rs,P0,memory,SQL_BLOB,1466757,5203752,3.547794,-254.779422,true,3
1426,00669,JOIN_SUBQUERY_EXISTS_062,SQLITE_PARITY_669_JOIN_SUBQUERY_EXISTS_062.rs,P1,memory,GEN_SQL_JOIN_SUBQUERY,1780441,6315486,3.547147,-254.714703,true,3
1427,01058,JSON_EXTRACT_SET_051,SQLITE_PARITY_1058_JSON_EXTRACT_SET_051.rs,P2,memory,GEN_SQL_JSON,1474722,5229300,3.545956,-254.595646,true,3
1428,00751,CTE_RECURSIVE_MATRIX_044,SQLITE_PARITY_751_CTE_RECURSIVE_MATRIX_044.rs,P1,memory,GEN_SQL_CTE,1546628,5477801,3.541770,-254.177023,true,3
1429,10235,OPT_MMAP_NONZERO,SQLITE_PARITY_10235_OPT_MMAP_NONZERO.rs,P0,memory,CLI_OPTION,1398658,4952076,3.540591,-254.059105,true,3
1430,10223,OPT_LOOKASIDE_ZERO,SQLITE_PARITY_10223_OPT_LOOKASIDE_ZERO.rs,P0,memory,CLI_OPTION,1324568,4688676,3.539777,-253.977750,true,3
1431,10144,MODE_JSON_BASIC,SQLITE_PARITY_10144_MODE_JSON_BASIC.rs,P0,memory,CLI_OUTPUT_MODE,1357921,4805577,3.538922,-253.892237,true,3
1432,00430,DML_WHERE_ORDER_LIMIT_043,SQLITE_PARITY_430_DML_WHERE_ORDER_LIMIT_043.rs,P1,memory,GEN_SQL_DML,1527932,5402107,3.535568,-253.556768,true,3
1433,00455,DML_WHERE_ORDER_LIMIT_068,SQLITE_PARITY_455_DML_WHERE_ORDER_LIMIT_068.rs,P1,memory,GEN_SQL_DML,1796170,6349671,3.535117,-253.511694,true,3
1434,00576,AGG_GROUP_HAVING_069,SQLITE_PARITY_576_AGG_GROUP_HAVING_069.rs,P1,memory,GEN_SQL_AGGREGATE,1591002,5623286,3.534431,-253.443050,true,3
1435,01072,INDEX_SCHEMA_PRAGMA_005,SQLITE_PARITY_1072_INDEX_SCHEMA_PRAGMA_005.rs,P2,memory,GEN_SQL_INDEX_PRAGMA,1899216,6711005,3.533566,-253.356596,true,3
1436,01080,INDEX_SCHEMA_PRAGMA_013,SQLITE_PARITY_1080_INDEX_SCHEMA_PRAGMA_013.rs,P2,memory,GEN_SQL_INDEX_PRAGMA,1666335,5887025,3.532918,-253.291805,true,3
1437,00730,CTE_RECURSIVE_MATRIX_023,SQLITE_PARITY_730_CTE_RECURSIVE_MATRIX_023.rs,P1,memory,GEN_SQL_CTE,1422283,5024021,3.532364,-253.236381,true,3
1438,00436,DML_WHERE_ORDER_LIMIT_049,SQLITE_PARITY_436_DML_WHERE_ORDER_LIMIT_049.rs,P1,memory,GEN_SQL_DML,1493768,5273925,3.530619,-253.061854,true,3
1439,00887,CONSTRAINT_FK_SAVEPOINT_020,SQLITE_PARITY_887_CONSTRAINT_FK_SAVEPOINT_020.rs,P2,memory,GEN_SQL_CONSTRAINT_TX,1683708,5942300,3.529294,-252.929368,true,3
1440,11327,AFFINITY_DOUBLE_REAL_BIG,SQLITE_PARITY_11327_AFFINITY_DOUBLE_REAL_BIG.rs,P0,memory,SQL_TYPE_AFFINITY,1363521,4812150,3.529209,-252.920857,true,3
1441,10256,PRAGMA_ENCODING_DEFAULT,SQLITE_PARITY_10256_PRAGMA_ENCODING_DEFAULT.rs,P0,memory,SQL_PRAGMA,1315781,4642720,3.528490,-252.848992,true,3
1442,00397,DML_WHERE_ORDER_LIMIT_010,SQLITE_PARITY_397_DML_WHERE_ORDER_LIMIT_010.rs,P1,memory,GEN_SQL_DML,1711891,6038522,3.527399,-252.739865,true,3
1443,00847,WINDOW_PARTITION_SUM_060,SQLITE_PARITY_847_WINDOW_PARTITION_SUM_060.rs,P2,memory,GEN_SQL_WINDOW,1541679,5436772,3.526527,-252.652660,true,3
1444,11022,MATH_ATANH_0_5,SQLITE_PARITY_11022_MATH_ATANH_0_5.rs,P1,memory,SQL_MATH,1282127,4516300,3.522506,-252.250596,true,3
1445,11408,STRING_LOWER_,SQLITE_PARITY_11408_STRING_LOWER_.rs,P0,memory,SQL_STRING,1328395,4677275,3.520997,-252.099714,true,3
1446,10183,DOT_VERSION_PRINTS_3,SQLITE_PARITY_10183_DOT_VERSION_PRINTS_3.rs,P0,memory,CLI_DOT_COMMAND,1056751,3720674,3.520862,-252.086158,true,3
1447,00741,CTE_RECURSIVE_MATRIX_034,SQLITE_PARITY_741_CTE_RECURSIVE_MATRIX_034.rs,P1,memory,GEN_SQL_CTE,1398227,4921598,3.519885,-251.988483,true,3
1448,10191,DOT_CHANGES_OFF,SQLITE_PARITY_10191_DOT_CHANGES_OFF.rs,P0,memory,CLI_DOT_COMMAND,1355316,4769770,3.519305,-251.930472,true,3
1449,11324,AFFINITY_DOUBLE_INT_1,SQLITE_PARITY_11324_AFFINITY_DOUBLE_INT_1.rs,P0,memory,SQL_TYPE_AFFINITY,1556887,5473392,3.515600,-251.560004,true,3
1450,00362,SCALAR_STRING_034,SQLITE_PARITY_362_SCALAR_STRING_034.rs,P1,memory,GEN_SQL_SCALAR,1496923,5261081,3.514597,-251.459694,true,3
1451,11355,AFFINITY_BLOB_NULL_LIT,SQLITE_PARITY_11355_AFFINITY_BLOB_NULL_LIT.rs,P0,memory,SQL_TYPE_AFFINITY,1549904,5443826,3.512363,-251.236335,true,3
1452,00738,CTE_RECURSIVE_MATRIX_031,SQLITE_PARITY_738_CTE_RECURSIVE_MATRIX_031.rs,P1,memory,GEN_SQL_CTE,1533072,5383271,3.511427,-251.142738,true,3
1453,11535,DATETIME_DATE_EPOCH_START_OF_MONTH,SQLITE_PARITY_11535_DATETIME_DATE_EPOCH_START_OF_MONTH.rs,P0,memory,SQL_DATETIME,1300312,4562949,3.509119,-250.911858,true,3
1454,00356,SCALAR_ARITH_033,SQLITE_PARITY_356_SCALAR_ARITH_033.rs,P1,memory,GEN_SQL_SCALAR,1382437,4850683,3.508791,-250.879136,true,3
1455,10344,ON_CONFLICT_DEFAULTED_COLUMN,SQLITE_PARITY_10344_ON_CONFLICT_DEFAULTED_COLUMN.rs,P0,memory,SQL_UPSERT,1391485,4880590,3.507469,-250.746864,true,3
1456,00850,WINDOW_PARTITION_SUM_063,SQLITE_PARITY_850_WINDOW_PARTITION_SUM_063.rs,P2,memory,GEN_SQL_WINDOW,1457519,5109533,3.505637,-250.563732,true,3
1457,00651,JOIN_SUBQUERY_EXISTS_044,SQLITE_PARITY_651_JOIN_SUBQUERY_EXISTS_044.rs,P1,memory,GEN_SQL_JOIN_SUBQUERY,1648511,5778710,3.505412,-250.541185,true,3
1458,01023,JSON_EXTRACT_SET_016,SQLITE_PARITY_1023_JSON_EXTRACT_SET_016.rs,P2,memory,GEN_SQL_JSON,1680461,5886814,3.503095,-250.309469,true,3
1459,11400,STRING_LENGTH_ABC,SQLITE_PARITY_11400_STRING_LENGTH_ABC.rs,P0,memory,SQL_STRING,1407164,4928270,3.502271,-250.227123,true,3
1460,00695,JOIN_SUBQUERY_EXISTS_088,SQLITE_PARITY_695_JOIN_SUBQUERY_EXISTS_088.rs,P1,memory,GEN_SQL_JOIN_SUBQUERY,1972354,6903430,3.500097,-250.009684,true,3
1461,10130,MODE_LINE_WITH_NEWLINE_IN_VALUE,SQLITE_PARITY_10130_MODE_LINE_WITH_NEWLINE_IN_VALUE.rs,P0,memory,CLI_OUTPUT_MODE,1431880,5010687,3.499376,-249.937634,true,3
1462,11049,MATH_FLOOR_1_6,SQLITE_PARITY_11049_MATH_FLOOR_1_6.rs,P1,memory,SQL_MATH,1261818,4412644,3.497053,-249.705267,true,3
1463,00660,JOIN_SUBQUERY_EXISTS_053,SQLITE_PARITY_660_JOIN_SUBQUERY_EXISTS_053.rs,P1,memory,GEN_SQL_JOIN_SUBQUERY,1759110,6150715,3.496493,-249.649254,true,3
1464,10593,NOT_LIKE_BASIC,SQLITE_PARITY_10593_NOT_LIKE_BASIC.rs,P0,memory,SQL_PATTERN,1429085,4993153,3.493951,-249.395102,true,3
1465,11321,AFFINITY_REAL_TEXT_BARE,SQLITE_PARITY_11321_AFFINITY_REAL_TEXT_BARE.rs,P0,memory,SQL_TYPE_AFFINITY,1370044,4785449,3.492916,-249.291629,true,3
1466,01108,INDEX_SCHEMA_PRAGMA_041,SQLITE_PARITY_1108_INDEX_SCHEMA_PRAGMA_041.rs,P2,memory,GEN_SQL_INDEX_PRAGMA,1647348,5752580,3.492025,-249.202476,true,3
1467,00943,CONSTRAINT_FK_SAVEPOINT_076,SQLITE_PARITY_943_CONSTRAINT_FK_SAVEPOINT_076.rs,P2,memory,GEN_SQL_CONSTRAINT_TX,1702984,5946497,3.491810,-249.181026,true,3
1468,00852,WINDOW_PARTITION_SUM_065,SQLITE_PARITY_852_WINDOW_PARTITION_SUM_065.rs,P2,memory,GEN_SQL_WINDOW,1604888,5602516,3.490908,-249.090778,true,3
1469,11358,AFFINITY_NUMERIC_REAL_HALF,SQLITE_PARITY_11358_AFFINITY_NUMERIC_REAL_HALF.rs,P0,memory,SQL_TYPE_AFFINITY,1400001,4886360,3.490255,-249.025465,true,3
1470,00509,AGG_GROUP_HAVING_002,SQLITE_PARITY_509_AGG_GROUP_HAVING_002.rs,P1,memory,GEN_SQL_AGGREGATE,1712071,5975142,3.490008,-249.000830,true,3
1471,00649,JOIN_SUBQUERY_EXISTS_042,SQLITE_PARITY_649_JOIN_SUBQUERY_EXISTS_042.rs,P1,memory,GEN_SQL_JOIN_SUBQUERY,1763549,6153700,3.489384,-248.938419,true,3
1472,00733,CTE_RECURSIVE_MATRIX_026,SQLITE_PARITY_733_CTE_RECURSIVE_MATRIX_026.rs,P1,memory,GEN_SQL_CTE,1447781,5048137,3.486810,-248.680981,true,3
1473,10169,DOT_SEPARATOR_TAB,SQLITE_PARITY_10169_DOT_SEPARATOR_TAB.rs,P0,memory,CLI_DOT_COMMAND,1332593,4644122,3.485027,-248.502656,true,3
1474,00662,JOIN_SUBQUERY_EXISTS_055,SQLITE_PARITY_662_JOIN_SUBQUERY_EXISTS_055.rs,P1,memory,GEN_SQL_JOIN_SUBQUERY,1595420,5558693,3.484157,-248.415652,true,3
1475,11204,CAST_NULL_AS_NUMERIC,SQLITE_PARITY_11204_CAST_NULL_AS_NUMERIC.rs,P0,memory,SQL_CAST,1252170,4360986,3.482743,-248.274276,true,3
1476,00581,AGG_GROUP_HAVING_074,SQLITE_PARITY_581_AGG_GROUP_HAVING_074.rs,P1,memory,GEN_SQL_AGGREGATE,1697814,5910250,3.481094,-248.109392,true,3
1477,11018,MATH_ATAN_1_0,SQLITE_PARITY_11018_MATH_ATAN_1_0.rs,P1,memory,SQL_MATH,1473860,5128309,3.479509,-247.950891,true,3
1478,10167,DOT_SEPARATOR_PIPE,SQLITE_PARITY_10167_DOT_SEPARATOR_PIPE.rs,P0,memory,CLI_DOT_COMMAND,1277559,4443633,3.478221,-247.822136,true,3
1479,01006,VIEW_TRIGGER_GENERATED_059,SQLITE_PARITY_1006_VIEW_TRIGGER_GENERATED_059.rs,P2,memory,GEN_SQL_VIEW_TRIGGER,1526711,5305825,3.475330,-247.533030,true,3
1480,00940,CONSTRAINT_FK_SAVEPOINT_073,SQLITE_PARITY_940_CONSTRAINT_FK_SAVEPOINT_073.rs,P2,memory,GEN_SQL_CONSTRAINT_TX,1761224,6118584,3.474052,-247.405214,true,3
1481,10442,REC_COLLATZ_LIKE,SQLITE_PARITY_10442_REC_COLLATZ_LIKE.rs,P0,memory,SQL_RECURSIVE_CTE,1412154,4904225,3.472868,-247.286840,true,3
1482,00488,DML_WHERE_ORDER_LIMIT_101,SQLITE_PARITY_488_DML_WHERE_ORDER_LIMIT_101.rs,P1,memory,GEN_SQL_DML,1637480,5685764,3.472265,-247.226470,true,3
1483,10225,OPT_VFS_UNIX,SQLITE_PARITY_10225_OPT_VFS_UNIX.rs,P0,memory,CLI_OPTION,1368851,4751806,3.471383,-247.138293,true,3
1484,11100,MATH_POW_2_0_10,SQLITE_PARITY_11100_MATH_POW_2_0_10.rs,P1,memory,SQL_MATH,1392216,4831517,3.470379,-247.037888,true,3
1485,00404,DML_WHERE_ORDER_LIMIT_017,SQLITE_PARITY_404_DML_WHERE_ORDER_LIMIT_017.rs,P1,memory,GEN_SQL_DML,1705229,5914597,3.468506,-246.850599,true,3
1486,10115,MODE_LIST_NULLVALUE_CUSTOM,SQLITE_PARITY_10115_MODE_LIST_NULLVALUE_CUSTOM.rs,P0,memory,CLI_OUTPUT_MODE,1481635,5138798,3.468329,-246.832924,true,3
1487,01009,JSON_EXTRACT_SET_002,SQLITE_PARITY_1009_JSON_EXTRACT_SET_002.rs,P2,memory,GEN_SQL_JSON,1604547,5565016,3.468279,-246.827859,true,3
1488,00813,WINDOW_PARTITION_SUM_026,SQLITE_PARITY_813_WINDOW_PARTITION_SUM_026.rs,P2,memory,GEN_SQL_WINDOW,1510741,5237316,3.466720,-246.671997,true,3
1489,01067,JSON_EXTRACT_SET_060,SQLITE_PARITY_1067_JSON_EXTRACT_SET_060.rs,P2,memory,GEN_SQL_JSON,1517713,5259357,3.465317,-246.531722,true,3
1490,00498,DML_WHERE_ORDER_LIMIT_111,SQLITE_PARITY_498_DML_WHERE_ORDER_LIMIT_111.rs,P1,memory,GEN_SQL_DML,1428495,4949851,3.465081,-246.508108,true,3
1491,11344,AFFINITY_VARCHAR_8_TEXT_NUM,SQLITE_PARITY_11344_AFFINITY_VARCHAR_8_TEXT_NUM.rs,P0,memory,SQL_TYPE_AFFINITY,1358462,4706330,3.464455,-246.445466,true,3
1492,00589,AGG_GROUP_HAVING_082,SQLITE_PARITY_589_AGG_GROUP_HAVING_082.rs,P1,memory,GEN_SQL_AGGREGATE,1616861,5600964,3.464097,-246.409741,true,3
1493,11211,CAST_INT_NEG_3_AS_REAL,SQLITE_PARITY_11211_CAST_INT_NEG_3_AS_REAL.rs,P0,memory,SQL_CAST,1187028,4106635,3.459594,-245.959404,true,3
1494,10178,DOT_TABLES_PATTERN,SQLITE_PARITY_10178_DOT_TABLES_PATTERN.rs,P0,memory,CLI_DOT_COMMAND,1474131,5099374,3.459241,-245.924073,true,3
1495,10348,INSERT_OR_REPLACE_FIRES_DELETE_THEN_INSERT,SQLITE_PARITY_10348_INSERT_OR_REPLACE_FIRES_DELETE_THEN_INSERT.rs,P0,memory,SQL_UPSERT,1332102,4604918,3.456881,-245.688093,true,3
1496,10374,DETACH_AFTER_ATTACH,SQLITE_PARITY_10374_DETACH_AFTER_ATTACH.rs,P0,memory,SQL_ATTACH,1223707,4228896,3.455808,-245.580764,true,3
1497,01038,JSON_EXTRACT_SET_031,SQLITE_PARITY_1038_JSON_EXTRACT_SET_031.rs,P2,memory,GEN_SQL_JSON,1751055,6051266,3.455783,-245.578294,true,3
1498,11074,MATH_SINH_1_0,SQLITE_PARITY_11074_MATH_SINH_1_0.rs,P1,memory,SQL_MATH,1312054,4533543,3.455302,-245.530214,true,3
1499,10200,OPT_ECHO_INPUT,SQLITE_PARITY_10200_OPT_ECHO_INPUT.rs,P0,memory,CLI_OPTION,1419888,4900909,3.451617,-245.161661,true,3
1500,10402,PRAGMA_DATABASE_LIST_DEFAULT,SQLITE_PARITY_10402_PRAGMA_DATABASE_LIST_DEFAULT.rs,P0,memory,SQL_SCHEMA_INTROSPECTION,1319348,4552879,3.450855,-245.085527,true,3
1501,11220,CAST_REAL_0_AS_INTEGER,SQLITE_PARITY_11220_CAST_REAL_0_AS_INTEGER.rs,P0,memory,SQL_CAST,1541238,5317777,3.450328,-245.032824,true,3
1502,01003,VIEW_TRIGGER_GENERATED_056,SQLITE_PARITY_1003_VIEW_TRIGGER_GENERATED_056.rs,P2,memory,GEN_SQL_VIEW_TRIGGER,1703265,5874402,3.448907,-244.890666,true,3
1503,00950,VIEW_TRIGGER_GENERATED_003,SQLITE_PARITY_950_VIEW_TRIGGER_GENERATED_003.rs,P2,memory,GEN_SQL_VIEW_TRIGGER,1678849,5789901,3.448732,-244.873244,true,3
1504,11337,AFFINITY_TEXT_TEXT_BARE,SQLITE_PARITY_11337_AFFINITY_TEXT_TEXT_BARE.rs,P0,memory,SQL_TYPE_AFFINITY,1456698,5023631,3.448643,-244.864275,true,3
1505,00604,AGG_GROUP_HAVING_097,SQLITE_PARITY_604_AGG_GROUP_HAVING_097.rs,P1,memory,GEN_SQL_AGGREGATE,1608956,5548013,3.448207,-244.820679,true,3
1506,10029,ORDER_BY_DESC_NULLS_FIRST_OVERRIDE,SQLITE_PARITY_10029_ORDER_BY_DESC_NULLS_FIRST_OVERRIDE.rs,P0,memory,SQL_NULL_ORDER,1436570,4953478,3.448129,-244.812853,true,3
1507,00560,AGG_GROUP_HAVING_053,SQLITE_PARITY_560_AGG_GROUP_HAVING_053.rs,P1,memory,GEN_SQL_AGGREGATE,1649031,5685594,3.447839,-244.783937,true,3
1508,00954,VIEW_TRIGGER_GENERATED_007,SQLITE_PARITY_954_VIEW_TRIGGER_GENERATED_007.rs,P2,memory,GEN_SQL_VIEW_TRIGGER,1739613,5993176,3.445120,-244.512027,true,3
1509,10287,FK_DEFERRED_FAILS_AT_COMMIT,SQLITE_PARITY_10287_FK_DEFERRED_FAILS_AT_COMMIT.rs,P0,memory,SQL_FOREIGN_KEYS,1533222,5277831,3.442314,-244.231364,true,3
1510,10096,STRICT_ANY_PRESERVES_INPUT_TYPES,SQLITE_PARITY_10096_STRICT_ANY_PRESERVES_INPUT_TYPES.rs,P0,memory,SQL_STRICT_TABLES,1329086,4572938,3.440664,-244.066373,true,3
1511,10002,NULL_NEQ_NULL_IS_NULL,SQLITE_PARITY_10002_NULL_NEQ_NULL_IS_NULL.rs,P0,memory,SQL_NULL_SEMANTICS,1302335,4479911,3.439907,-243.990678,true,3
1512,00570,AGG_GROUP_HAVING_063,SQLITE_PARITY_570_AGG_GROUP_HAVING_063.rs,P1,memory,GEN_SQL_AGGREGATE,1597274,5491717,3.438181,-243.818093,true,3
1513,10122,MODE_COLUMN_WIDTH_SMALL_WRAPS,SQLITE_PARITY_10122_MODE_COLUMN_WIDTH_SMALL_WRAPS.rs,P0,memory,CLI_OUTPUT_MODE,1338614,4602343,3.438140,-243.814049,true,3
1514,00572,AGG_GROUP_HAVING_065,SQLITE_PARITY_572_AGG_GROUP_HAVING_065.rs,P1,memory,GEN_SQL_AGGREGATE,2020726,6940600,3.434706,-243.470614,true,3
1515,00510,AGG_GROUP_HAVING_003,SQLITE_PARITY_510_AGG_GROUP_HAVING_003.rs,P1,memory,GEN_SQL_AGGREGATE,1759040,6036167,3.431512,-243.151207,true,3
1516,10162,DOT_MODE_JSON_AFTER_LIST,SQLITE_PARITY_10162_DOT_MODE_JSON_AFTER_LIST.rs,P0,memory,CLI_DOT_COMMAND,1372588,4709416,3.431049,-243.104850,true,3
1517,01034,JSON_EXTRACT_SET_027,SQLITE_PARITY_1034_JSON_EXTRACT_SET_027.rs,P2,memory,GEN_SQL_JSON,1463781,5022038,3.430867,-243.086705,true,3
1518,01123,INDEX_SCHEMA_PRAGMA_056,SQLITE_PARITY_1123_INDEX_SCHEMA_PRAGMA_056.rs,P2,memory,GEN_SQL_INDEX_PRAGMA,1510019,5180478,3.430737,-243.073696,true,3
1519,11210,CAST_INT_NEG_3_AS_INTEGER,SQLITE_PARITY_11210_CAST_INT_NEG_3_AS_INTEGER.rs,P0,memory,SQL_CAST,1368320,4691512,3.428666,-242.866581,true,3
1520,01083,INDEX_SCHEMA_PRAGMA_016,SQLITE_PARITY_1083_INDEX_SCHEMA_PRAGMA_016.rs,P2,memory,GEN_SQL_INDEX_PRAGMA,1685340,5777438,3.428055,-242.805487,true,3
1521,11515,DATETIME_DATE_EPOCH_PLUS_3_HOURS,SQLITE_PARITY_11515_DATETIME_DATE_EPOCH_PLUS_3_HOURS.rs,P0,memory,SQL_DATETIME,1329487,4557518,3.428028,-242.802750,true,3
1522,11048,MATH_FLOOR_1_4,SQLITE_PARITY_11048_MATH_FLOOR_1_4.rs,P1,memory,SQL_MATH,1227835,4208207,3.427339,-242.733918,true,3
1523,01040,JSON_EXTRACT_SET_033,SQLITE_PARITY_1040_JSON_EXTRACT_SET_033.rs,P2,memory,GEN_SQL_JSON,1558451,5340029,3.426498,-242.649785,true,3
1524,00826,WINDOW_PARTITION_SUM_039,SQLITE_PARITY_826_WINDOW_PARTITION_SUM_039.rs,P2,memory,GEN_SQL_WINDOW,2058567,7045728,3.422637,-242.263720,true,3
1525,00997,VIEW_TRIGGER_GENERATED_050,SQLITE_PARITY_997_VIEW_TRIGGER_GENERATED_050.rs,P2,memory,GEN_SQL_VIEW_TRIGGER,1697784,5809338,3.421718,-242.171796,true,3
1526,11228,CAST_TEXT_42_AS_BLOB,SQLITE_PARITY_11228_CAST_TEXT_42_AS_BLOB.rs,P0,memory,SQL_CAST,1600239,5473472,3.420409,-242.040908,true,3
1527,00405,DML_WHERE_ORDER_LIMIT_018,SQLITE_PARITY_405_DML_WHERE_ORDER_LIMIT_018.rs,P1,memory,GEN_SQL_DML,1546097,5287651,3.420000,-241.999952,true,3
1528,11036,MATH_COSH_0_0,SQLITE_PARITY_11036_MATH_COSH_0_0.rs,P1,memory,SQL_MATH,1410149,4821388,3.419063,-241.906281,true,3
1529,01087,INDEX_SCHEMA_PRAGMA_020,SQLITE_PARITY_1087_INDEX_SCHEMA_PRAGMA_020.rs,P2,memory,GEN_SQL_INDEX_PRAGMA,1598196,5461941,3.417566,-241.756643,true,3
1530,00355,SCALAR_NULL_COALESCE_032,SQLITE_PARITY_355_SCALAR_NULL_COALESCE_032.rs,P1,memory,GEN_SQL_SCALAR,1364363,4661245,3.416426,-241.642583,true,3
1531,10620,QUOTE_BLOB_HEX_LITERAL,SQLITE_PARITY_10620_QUOTE_BLOB_HEX_LITERAL.rs,P0,memory,SQL_BLOB,1505039,5140081,3.415248,-241.524771,true,3
1532,11092,MATH_PI_NO_ARG,SQLITE_PARITY_11092_MATH_PI_NO_ARG.rs,P1,memory,SQL_MATH,1286996,4388368,3.409776,-240.977594,true,3
1533,00514,AGG_GROUP_HAVING_007,SQLITE_PARITY_514_AGG_GROUP_HAVING_007.rs,P1,memory,GEN_SQL_AGGREGATE,1583658,5397399,3.408185,-240.818472,true,3
1534,00412,DML_WHERE_ORDER_LIMIT_025,SQLITE_PARITY_412_DML_WHERE_ORDER_LIMIT_025.rs,P1,memory,GEN_SQL_DML,1493166,5088023,3.407540,-240.754009,true,3
1535,10138,MODE_TCL_WITH_BLOB,SQLITE_PARITY_10138_MODE_TCL_WITH_BLOB.rs,P0,memory,CLI_OUTPUT_MODE,1480112,5041404,3.406096,-240.609630,true,3
1536,11030,MATH_CEILING_1_4,SQLITE_PARITY_11030_MATH_CEILING_1_4.rs,P1,memory,SQL_MATH,1379231,4695560,3.404477,-240.447684,true,3
1537,11089,MATH_TRUNC_1_6,SQLITE_PARITY_11089_MATH_TRUNC_1_6.rs,P1,memory,SQL_MATH,1332523,4535797,3.403916,-240.391648,true,3
1538,11217,CAST_REAL_3_14_AS_TEXT,SQLITE_PARITY_11217_CAST_REAL_3_14_AS_TEXT.rs,P0,memory,SQL_CAST,1301073,4428514,3.403740,-240.373984,true,3
1539,10346,ON_CONFLICT_DO_UPDATE_NO_OP_VALUES,SQLITE_PARITY_10346_ON_CONFLICT_DO_UPDATE_NO_OP_VALUES.rs,P0,memory,SQL_UPSERT,1398738,4760402,3.403355,-240.335502,true,3
1540,00915,CONSTRAINT_FK_SAVEPOINT_048,SQLITE_PARITY_915_CONSTRAINT_FK_SAVEPOINT_048.rs,P2,memory,GEN_SQL_CONSTRAINT_TX,1616430,5494312,3.399041,-239.904110,true,3
1541,00815,WINDOW_PARTITION_SUM_028,SQLITE_PARITY_815_WINDOW_PARTITION_SUM_028.rs,P2,memory,GEN_SQL_WINDOW,1451377,4925956,3.393988,-239.398792,true,3
1542,11311,AFFINITY_BIGINT_REAL_BIG,SQLITE_PARITY_11311_AFFINITY_BIGINT_REAL_BIG.rs,P0,memory,SQL_TYPE_AFFINITY,1532491,5198481,3.392177,-239.217718,true,3
1543,11331,AFFINITY_DOUBLE_NULL_LIT,SQLITE_PARITY_11331_AFFINITY_DOUBLE_NULL_LIT.rs,P0,memory,SQL_TYPE_AFFINITY,1415149,4799276,3.391357,-239.135738,true,3
1544,00517,AGG_GROUP_HAVING_010,SQLITE_PARITY_517_AGG_GROUP_HAVING_010.rs,P1,memory,GEN_SQL_AGGREGATE,1728362,5859553,3.390235,-239.023480,true,3
1545,00437,DML_WHERE_ORDER_LIMIT_050,SQLITE_PARITY_437_DML_WHERE_ORDER_LIMIT_050.rs,P1,memory,GEN_SQL_DML,1759561,5963620,3.389266,-238.926585,true,3
1546,00803,WINDOW_PARTITION_SUM_016,SQLITE_PARITY_803_WINDOW_PARTITION_SUM_016.rs,P2,memory,GEN_SQL_WINDOW,1460565,4950192,3.389231,-238.923088,true,3
1547,10042,MULTI_COL_ORDER_BY_MIXED_NULLS,SQLITE_PARITY_10042_MULTI_COL_ORDER_BY_MIXED_NULLS.rs,P0,memory,SQL_NULL_ORDER,1401614,4749952,3.388916,-238.891592,true,3
1548,00543,AGG_GROUP_HAVING_036,SQLITE_PARITY_543_AGG_GROUP_HAVING_036.rs,P1,memory,GEN_SQL_AGGREGATE,1760373,5962267,3.386934,-238.693391,true,3
1549,10453,JOIN_SELF,SQLITE_PARITY_10453_JOIN_SELF.rs,P0,memory,SQL_JOIN,1547349,5240030,3.386456,-238.645645,true,3
1550,10227,OPT_STATS,SQLITE_PARITY_10227_OPT_STATS.rs,P0,memory,CLI_OPTION,1454985,4919414,3.381075,-238.107541,true,3
1551,10060,INTPK_EXPLICIT_VALUE_USED,SQLITE_PARITY_10060_INTPK_EXPLICIT_VALUE_USED.rs,P0,memory,SQL_AUTOINCREMENT,1401172,4736807,3.380604,-238.060352,true,3
1552,10512,COUNT_DISTINCT_BASIC,SQLITE_PARITY_10512_COUNT_DISTINCT_BASIC.rs,P0,memory,SQL_AGGREGATE_ADV,1614005,5455328,3.379994,-237.999449,true,3
1553,00951,VIEW_TRIGGER_GENERATED_004,SQLITE_PARITY_951_VIEW_TRIGGER_GENERATED_004.rs,P2,memory,GEN_SQL_VIEW_TRIGGER,1745014,5894921,3.378151,-237.815112,true,3
1554,00473,DML_WHERE_ORDER_LIMIT_086,SQLITE_PARITY_473_DML_WHERE_ORDER_LIMIT_086.rs,P1,memory,GEN_SQL_DML,1560925,5270457,3.376496,-237.649599,true,3
1555,00665,JOIN_SUBQUERY_EXISTS_058,SQLITE_PARITY_665_JOIN_SUBQUERY_EXISTS_058.rs,P1,memory,GEN_SQL_JOIN_SUBQUERY,1692714,5713717,3.375477,-237.547690,true,3
1556,11101,MATH_POW_3_0_2,SQLITE_PARITY_11101_MATH_POW_3_0_2.rs,P1,memory,SQL_MATH,1341360,4526570,3.374612,-237.461233,true,3
1557,00394,DML_WHERE_ORDER_LIMIT_007,SQLITE_PARITY_394_DML_WHERE_ORDER_LIMIT_007.rs,P1,memory,GEN_SQL_DML,1595060,5382110,3.374237,-237.423671,true,3
1558,10629,CAST_BLOB_TO_TEXT,SQLITE_PARITY_10629_CAST_BLOB_TO_TEXT.rs,P0,memory,SQL_BLOB,1436229,4844742,3.373238,-237.323783,true,3
1559,10271,PRAGMA_FOREIGN_KEYS_ON_THEN_READ,SQLITE_PARITY_10271_PRAGMA_FOREIGN_KEYS_ON_THEN_READ.rs,P0,memory,SQL_FOREIGN_KEYS,1320390,4452399,3.372033,-237.203326,true,3
1560,11047,MATH_EXP_2_0,SQLITE_PARITY_11047_MATH_EXP_2_0.rs,P1,memory,SQL_MATH,1340739,4520218,3.371438,-237.143769,true,3
1561,10298,BEGIN_EXCLUSIVE_BASIC,SQLITE_PARITY_10298_BEGIN_EXCLUSIVE_BASIC.rs,P0,memory,SQL_TRANSACTION,1427993,4813894,3.371091,-237.109075,true,3
1562,00857,WINDOW_PARTITION_SUM_070,SQLITE_PARITY_857_WINDOW_PARTITION_SUM_070.rs,P2,memory,GEN_SQL_WINDOW,1477217,4979467,3.370843,-237.084328,true,3
1563,10261,PRAGMA_SCHEMA_VERSION_READ,SQLITE_PARITY_10261_PRAGMA_SCHEMA_VERSION_READ.rs,P0,memory,SQL_PRAGMA,1466557,4937507,3.366734,-236.673379,true,3
1564,10194,DOT_TIMEOUT_100,SQLITE_PARITY_10194_DOT_TIMEOUT_100.rs,P0,memory,CLI_DOT_COMMAND,1270966,4278290,3.366172,-236.617187,true,3
1565,00752,CTE_RECURSIVE_MATRIX_045,SQLITE_PARITY_752_CTE_RECURSIVE_MATRIX_045.rs,P1,memory,GEN_SQL_CTE,1583387,5329650,3.365981,-236.598065,true,3
1566,00407,DML_WHERE_ORDER_LIMIT_020,SQLITE_PARITY_407_DML_WHERE_ORDER_LIMIT_020.rs,P1,memory,GEN_SQL_DML,1405411,4728903,3.364783,-236.478297,true,3
1567,01011,JSON_EXTRACT_SET_004,SQLITE_PARITY_1011_JSON_EXTRACT_SET_004.rs,P2,memory,GEN_SQL_JSON,1602784,5391777,3.364007,-236.400725,true,3
1568,01045,JSON_EXTRACT_SET_038,SQLITE_PARITY_1045_JSON_EXTRACT_SET_038.rs,P2,memory,GEN_SQL_JSON,1535277,5162253,3.362425,-236.242450,true,3
1569,10623,BLOB_INDEX_LOOKUP,SQLITE_PARITY_10623_BLOB_INDEX_LOOKUP.rs,P0,memory,SQL_BLOB,1683877,5652751,3.356986,-235.698569,true,3
1570,00729,CTE_RECURSIVE_MATRIX_022,SQLITE_PARITY_729_CTE_RECURSIVE_MATRIX_022.rs,P1,memory,GEN_SQL_CTE,1305211,4379682,3.355536,-235.553562,true,3
1571,00878,CONSTRAINT_FK_SAVEPOINT_011,SQLITE_PARITY_878_CONSTRAINT_FK_SAVEPOINT_011.rs,P2,memory,GEN_SQL_CONSTRAINT_TX,1654162,5549937,3.355135,-235.513511,true,3
1572,10053,DISTINCT_ALL_NULL_COUNT_ZERO,SQLITE_PARITY_10053_DISTINCT_ALL_NULL_COUNT_ZERO.rs,P0,memory,SQL_AGGREGATE_NULL,1701190,5706323,3.354313,-235.431257,true,3
1573,00385,SCALAR_CAST_TYPEOF_040,SQLITE_PARITY_385_SCALAR_CAST_TYPEOF_040.rs,P1,memory,GEN_SQL_SCALAR,1369323,4590200,3.352167,-235.216746,true,3
1574,00559,AGG_GROUP_HAVING_052,SQLITE_PARITY_559_AGG_GROUP_HAVING_052.rs,P1,memory,GEN_SQL_AGGREGATE,1796672,6021219,3.351318,-235.131788,true,3
1575,00853,WINDOW_PARTITION_SUM_066,SQLITE_PARITY_853_WINDOW_PARTITION_SUM_066.rs,P2,memory,GEN_SQL_WINDOW,1523574,5104093,3.350079,-235.007883,true,3
1576,00875,CONSTRAINT_FK_SAVEPOINT_008,SQLITE_PARITY_875_CONSTRAINT_FK_SAVEPOINT_008.rs,P2,memory,GEN_SQL_CONSTRAINT_TX,1683467,5636371,3.348073,-234.807335,true,3
1577,11010,MATH_ASIN_1_0,SQLITE_PARITY_11010_MATH_ASIN_1_0.rs,P1,memory,SQL_MATH,1336270,4468480,3.343995,-234.399485,true,3
1578,00879,CONSTRAINT_FK_SAVEPOINT_012,SQLITE_PARITY_879_CONSTRAINT_FK_SAVEPOINT_012.rs,P2,memory,GEN_SQL_CONSTRAINT_TX,1756315,5872338,3.343556,-234.355625,true,3
1579,00867,WINDOW_PARTITION_SUM_080,SQLITE_PARITY_867_WINDOW_PARTITION_SUM_080.rs,P2,memory,GEN_SQL_WINDOW,1512994,5058166,3.343150,-234.315007,true,3
1580,00942,CONSTRAINT_FK_SAVEPOINT_075,SQLITE_PARITY_942_CONSTRAINT_FK_SAVEPOINT_075.rs,P2,memory,GEN_SQL_CONSTRAINT_TX,1679420,5612625,3.342002,-234.200200,true,3
1581,00390,DML_WHERE_ORDER_LIMIT_003,SQLITE_PARITY_390_DML_WHERE_ORDER_LIMIT_003.rs,P1,memory,GEN_SQL_DML,1723363,5753643,3.338614,-233.861351,true,3
1582,00308,SCALAR_ARITH_021,SQLITE_PARITY_308_SCALAR_ARITH_021.rs,P1,memory,GEN_SQL_SCALAR,1396714,4662737,3.338362,-233.836204,true,3
1583,11025,MATH_CEIL_1_6,SQLITE_PARITY_11025_MATH_CEIL_1_6.rs,P1,memory,SQL_MATH,1391945,4644923,3.337002,-233.700182,true,3
1584,10401,PRAGMA_FOREIGN_KEY_LIST_TVF,SQLITE_PARITY_10401_PRAGMA_FOREIGN_KEY_LIST_TVF.rs,P0,memory,SQL_SCHEMA_INTROSPECTION,1500621,5007460,3.336925,-233.692518,true,3
1585,00995,VIEW_TRIGGER_GENERATED_048,SQLITE_PARITY_995_VIEW_TRIGGER_GENERATED_048.rs,P2,memory,GEN_SQL_VIEW_TRIGGER,1656486,5524138,3.334853,-233.485342,true,3
1586,11347,AFFINITY_VARCHAR_8_NULL_LIT,SQLITE_PARITY_11347_AFFINITY_VARCHAR_8_NULL_LIT.rs,P0,memory,SQL_TYPE_AFFINITY,1703565,5679232,3.333734,-233.373367,true,3
1587,11411,STRING_UPPER_ABC,SQLITE_PARITY_11411_STRING_UPPER_ABC.rs,P0,memory,SQL_STRING,1299510,4330949,3.332755,-233.275542,true,3
1588,00845,WINDOW_PARTITION_SUM_058,SQLITE_PARITY_845_WINDOW_PARTITION_SUM_058.rs,P2,memory,GEN_SQL_WINDOW,1500311,4999736,3.332466,-233.246640,true,3
1589,00391,DML_WHERE_ORDER_LIMIT_004,SQLITE_PARITY_391_DML_WHERE_ORDER_LIMIT_004.rs,P1,memory,GEN_SQL_DML,1611190,5367853,3.331608,-233.160769,true,3
1590,00781,CTE_RECURSIVE_MATRIX_074,SQLITE_PARITY_781_CTE_RECURSIVE_MATRIX_074.rs,P1,memory,GEN_SQL_CTE,1425919,4749252,3.330660,-233.066044,true,3
1591,10232,OPT_DOUBLE_DASH_TERMINATOR,SQLITE_PARITY_10232_OPT_DOUBLE_DASH_TERMINATOR.rs,P0,memory,CLI_OPTION,1388830,4625276,3.330340,-233.033993,true,3
1592,01124,INDEX_SCHEMA_PRAGMA_057,SQLITE_PARITY_1124_INDEX_SCHEMA_PRAGMA_057.rs,P2,memory,GEN_SQL_INDEX_PRAGMA,1527592,5085758,3.329265,-232.926462,true,3
1593,10284,FK_UPDATE_SET_NULL_NULLIFIES_CHILD,SQLITE_PARITY_10284_FK_UPDATE_SET_NULL_NULLIFIES_CHILD.rs,P0,memory,SQL_FOREIGN_KEYS,1773598,5901974,3.327684,-232.768418,true,3
1594,00647,JOIN_SUBQUERY_EXISTS_040,SQLITE_PARITY_647_JOIN_SUBQUERY_EXISTS_040.rs,P1,memory,GEN_SQL_JOIN_SUBQUERY,1833742,6098976,3.325973,-232.597279,true,3
1595,10107,STRICT_TEXT_UPDATE_REJECTS_BLOB,SQLITE_PARITY_10107_STRICT_TEXT_UPDATE_REJECTS_BLOB.rs,P0,memory,SQL_STRICT_TABLES,1329627,4420900,3.324917,-232.491744,true,3
1596,00415,DML_WHERE_ORDER_LIMIT_028,SQLITE_PARITY_415_DML_WHERE_ORDER_LIMIT_028.rs,P1,memory,GEN_SQL_DML,1543662,5131725,3.324384,-232.438384,true,3
1597,00953,VIEW_TRIGGER_GENERATED_006,SQLITE_PARITY_953_VIEW_TRIGGER_GENERATED_006.rs,P2,memory,GEN_SQL_VIEW_TRIGGER,1710639,5685333,3.323514,-232.351420,true,3
1598,00227,OPT_UNSAFE_TESTING_CATALOG,SQLITE_PARITY_227_OPT_UNSAFE_TESTING_CATALOG.rs,P4,catalog,CLI_OPTION_CATALOG,1328274,4412634,3.322081,-232.208114,true,3
1599,10132,MODE_HTML_HEADERS_ON,SQLITE_PARITY_10132_MODE_HTML_HEADERS_ON.rs,P0,memory,CLI_OUTPUT_MODE,1341089,4453953,3.321146,-232.114647,true,3
1600,00785,CTE_RECURSIVE_MATRIX_078,SQLITE_PARITY_785_CTE_RECURSIVE_MATRIX_078.rs,P1,memory,GEN_SQL_CTE,1467739,4874158,3.320862,-232.086154,true,3
1601,10148,MODE_MARKDOWN_HEADERS_OFF_IGNORED,SQLITE_PARITY_10148_MODE_MARKDOWN_HEADERS_OFF_IGNORED.rs,P0,memory,CLI_OUTPUT_MODE,1505460,4999204,3.320715,-232.071526,true,3
1602,10437,REC_MUTUAL_REFERENCE_NON_RECURSIVE,SQLITE_PARITY_10437_REC_MUTUAL_REFERENCE_NON_RECURSIVE.rs,P0,memory,SQL_RECURSIVE_CTE,1287929,4272088,3.317021,-231.702136,true,3
1603,10312,ROLLBACK_ERASES_ALL_WRITES,SQLITE_PARITY_10312_ROLLBACK_ERASES_ALL_WRITES.rs,P0,memory,SQL_TRANSACTION,1305451,4328355,3.315601,-231.560127,true,3
1604,00483,DML_WHERE_ORDER_LIMIT_096,SQLITE_PARITY_483_DML_WHERE_ORDER_LIMIT_096.rs,P1,memory,GEN_SQL_DML,1602123,5311747,3.315443,-231.544270,true,3
1605,00443,DML_WHERE_ORDER_LIMIT_056,SQLITE_PARITY_443_DML_WHERE_ORDER_LIMIT_056.rs,P1,memory,GEN_SQL_DML,1594259,5284084,3.314445,-231.444514,true,3
1606,10603,GLOB_WITH_NULL,SQLITE_PARITY_10603_GLOB_WITH_NULL.rs,P0,memory,SQL_PATTERN,1493738,4947496,3.312158,-231.215782,true,3
1607,00322,SCALAR_STRING_024,SQLITE_PARITY_322_SCALAR_STRING_024.rs,P1,memory,GEN_SQL_SCALAR,1565754,5185988,3.312135,-231.213460,true,3
1608,11020,MATH_ATANH_0_0,SQLITE_PARITY_11020_MATH_ATANH_0_0.rs,P1,memory,SQL_MATH,1296314,4293208,3.311858,-231.185808,true,3
1609,10426,REC_SIMPLE_COUNTER_UNION_ALL,SQLITE_PARITY_10426_REC_SIMPLE_COUNTER_UNION_ALL.rs,P0,memory,SQL_RECURSIVE_CTE,1332743,4413636,3.311693,-231.169325,true,3
1610,00849,WINDOW_PARTITION_SUM_062,SQLITE_PARITY_849_WINDOW_PARTITION_SUM_062.rs,P2,memory,GEN_SQL_WINDOW,1563620,5174537,3.309332,-230.933155,true,3
1611,00828,WINDOW_PARTITION_SUM_041,SQLITE_PARITY_828_WINDOW_PARTITION_SUM_041.rs,P2,memory,GEN_SQL_WINDOW,1657779,5485736,3.309088,-230.908764,true,3
1612,10382,PRAGMA_DATABASE_LIST_ATTACHED,SQLITE_PARITY_10382_PRAGMA_DATABASE_LIST_ATTACHED.rs,P0,memory,SQL_ATTACH,1312084,4332101,3.301695,-230.169486,true,3
1613,11226,CAST_TEXT_42_AS_REAL,SQLITE_PARITY_11226_CAST_TEXT_42_AS_REAL.rs,P0,memory,SQL_CAST,1567789,5175708,3.301278,-230.127842,true,3
1614,00372,SCALAR_ARITH_037,SQLITE_PARITY_372_SCALAR_ARITH_037.rs,P1,memory,GEN_SQL_SCALAR,1284642,4240007,3.300536,-230.053587,true,3
1615,10120,MODE_COLUMN_WIDTH_10_8_4,SQLITE_PARITY_10120_MODE_COLUMN_WIDTH_10_8_4.rs,P0,memory,CLI_OUTPUT_MODE,1274603,4206634,3.300348,-230.034842,true,3
1616,00477,DML_WHERE_ORDER_LIMIT_090,SQLITE_PARITY_477_DML_WHERE_ORDER_LIMIT_090.rs,P1,memory,GEN_SQL_DML,1677626,5536211,3.300027,-230.002694,true,3
1617,10325,DO_UPDATE_WHERE_MATCH,SQLITE_PARITY_10325_DO_UPDATE_WHERE_MATCH.rs,P0,memory,SQL_UPSERT,1356117,4473429,3.298704,-229.870432,true,3
1618,10315,MULTI_PHASE_TXN_STATE_VISIBILITY,SQLITE_PARITY_10315_MULTI_PHASE_TXN_STATE_VISIBILITY.rs,P0,memory,SQL_TRANSACTION,1430549,4714275,3.295431,-229.543064,true,3
1619,11068,MATH_SIN_0_0,SQLITE_PARITY_11068_MATH_SIN_0_0.rs,P1,memory,SQL_MATH,1434706,4722550,3.291650,-229.165000,true,3
1620,01010,JSON_EXTRACT_SET_003,SQLITE_PARITY_1010_JSON_EXTRACT_SET_003.rs,P2,memory,GEN_SQL_JSON,1540516,5070790,3.291618,-229.161787,true,3
1621,10161,DOT_MODE_CSV_AFTER_LIST,SQLITE_PARITY_10161_DOT_MODE_CSV_AFTER_LIST.rs,P0,memory,CLI_DOT_COMMAND,1269925,4178250,3.290155,-229.015493,true,3
1622,11019,MATH_ATAN_10_0,SQLITE_PARITY_11019_MATH_ATAN_10_0.rs,P1,memory,SQL_MATH,1354744,4456748,3.289734,-228.973444,true,3
1623,11056,MATH_LOG10_1_0,SQLITE_PARITY_11056_MATH_LOG10_1_0.rs,P1,memory,SQL_MATH,1443443,4743600,3.286309,-228.630919,true,3
1624,00602,AGG_GROUP_HAVING_095,SQLITE_PARITY_602_AGG_GROUP_HAVING_095.rs,P1,memory,GEN_SQL_AGGREGATE,1693797,5565847,3.286018,-228.601775,true,3
1625,00365,SCALAR_CAST_TYPEOF_035,SQLITE_PARITY_365_SCALAR_CAST_TYPEOF_035.rs,P1,memory,GEN_SQL_SCALAR,1261297,4144266,3.285718,-228.571780,true,3
1626,11235,CAST_TEXT_BARE_AS_INTEGER,SQLITE_PARITY_11235_CAST_TEXT_BARE_AS_INTEGER.rs,P0,memory,SQL_CAST,1698857,5576588,3.282553,-228.255292,true,3
1627,11059,MATH_LOG10_0_1,SQLITE_PARITY_11059_MATH_LOG10_0_1.rs,P1,memory,SQL_MATH,1336661,4384380,3.280099,-228.009869,true,3
1628,11934,WIN_MIN_RANGE_UNBND_PREC_CURRENT,SQLITE_PARITY_11934_WIN_MIN_RANGE_UNBND_PREC_CURRENT.rs,P0,memory,SQL_WINDOW,1686272,5528306,3.278419,-227.841890,true,3
1629,00898,CONSTRAINT_FK_SAVEPOINT_031,SQLITE_PARITY_898_CONSTRAINT_FK_SAVEPOINT_031.rs,P2,memory,GEN_SQL_CONSTRAINT_TX,1736377,5689932,3.276899,-227.689897,true,3
1630,10314,ROLLBACK_OF_SAVEPOINT_PRESERVES_OUTER,SQLITE_PARITY_10314_ROLLBACK_OF_SAVEPOINT_PRESERVES_OUTER.rs,P0,memory,SQL_TRANSACTION,1530567,5012038,3.274628,-227.462829,true,3
1631,10441,REC_FACTORIAL,SQLITE_PARITY_10441_REC_FACTORIAL.rs,P0,memory,SQL_RECURSIVE_CTE,1421240,4653770,3.274443,-227.444344,true,3
1632,00374,SCALAR_STRING_037,SQLITE_PARITY_374_SCALAR_STRING_037.rs,P1,memory,GEN_SQL_SCALAR,1464923,4796701,3.274371,-227.437073,true,3
1633,01064,JSON_EXTRACT_SET_057,SQLITE_PARITY_1064_JSON_EXTRACT_SET_057.rs,P2,memory,GEN_SQL_JSON,1537711,5033690,3.273495,-227.349547,true,3
1634,00928,CONSTRAINT_FK_SAVEPOINT_061,SQLITE_PARITY_928_CONSTRAINT_FK_SAVEPOINT_061.rs,P2,memory,GEN_SQL_CONSTRAINT_TX,1512754,4951133,3.272927,-227.292673,true,3
1635,00474,DML_WHERE_ORDER_LIMIT_087,SQLITE_PARITY_474_DML_WHERE_ORDER_LIMIT_087.rs,P1,memory,GEN_SQL_DML,1773788,5803487,3.271804,-227.180418,true,3
1636,00880,CONSTRAINT_FK_SAVEPOINT_013,SQLITE_PARITY_880_CONSTRAINT_FK_SAVEPOINT_013.rs,P2,memory,GEN_SQL_CONSTRAINT_TX,1574781,5152134,3.271651,-227.165111,true,3
1637,00540,AGG_GROUP_HAVING_033,SQLITE_PARITY_540_AGG_GROUP_HAVING_033.rs,P1,memory,GEN_SQL_AGGREGATE,1484881,4851936,3.267559,-226.755881,true,3
1638,00863,WINDOW_PARTITION_SUM_076,SQLITE_PARITY_863_WINDOW_PARTITION_SUM_076.rs,P2,memory,GEN_SQL_WINDOW,1461637,4775581,3.267283,-226.728251,true,3
1639,00347,SCALAR_NULL_COALESCE_030,SQLITE_PARITY_347_SCALAR_NULL_COALESCE_030.rs,P1,memory,GEN_SQL_SCALAR,1292386,4222033,3.266851,-226.685139,true,3
1640,01032,JSON_EXTRACT_SET_025,SQLITE_PARITY_1032_JSON_EXTRACT_SET_025.rs,P2,memory,GEN_SQL_JSON,1402776,4580321,3.265183,-226.518346,true,3
1641,00586,AGG_GROUP_HAVING_079,SQLITE_PARITY_586_AGG_GROUP_HAVING_079.rs,P1,memory,GEN_SQL_AGGREGATE,1772175,5782678,3.263040,-226.304005,true,3
1642,10330,DO_UPDATE_MIXED_EXISTING_AND_EXCLUDED,SQLITE_PARITY_10330_DO_UPDATE_MIXED_EXISTING_AND_EXCLUDED.rs,P0,memory,SQL_UPSERT,1322584,4314277,3.262006,-226.200604,true,3
1643,00537,AGG_GROUP_HAVING_030,SQLITE_PARITY_537_AGG_GROUP_HAVING_030.rs,P1,memory,GEN_SQL_AGGREGATE,1532652,4997861,3.260924,-226.092355,true,3
1644,00774,CTE_RECURSIVE_MATRIX_067,SQLITE_PARITY_774_CTE_RECURSIVE_MATRIX_067.rs,P1,memory,GEN_SQL_CTE,1401914,4564392,3.255829,-225.582882,true,3
1645,00605,AGG_GROUP_HAVING_098,SQLITE_PARITY_605_AGG_GROUP_HAVING_098.rs,P1,memory,GEN_SQL_AGGREGATE,1658440,5398270,3.255029,-225.502882,true,3
1646,10345,ON_CONFLICT_NO_TARGET_DO_NOTHING_MIXED_BATCH,SQLITE_PARITY_10345_ON_CONFLICT_NO_TARGET_DO_NOTHING_MIXED_BATCH.rs,P0,memory,SQL_UPSERT,1445477,4701852,3.252803,-225.280305,true,3
1647,00520,AGG_GROUP_HAVING_013,SQLITE_PARITY_520_AGG_GROUP_HAVING_013.rs,P1,memory,GEN_SQL_AGGREGATE,1982252,6443469,3.250580,-225.058015,true,3
1648,10516,FILTER_COUNT_STAR_PREDICATE,SQLITE_PARITY_10516_FILTER_COUNT_STAR_PREDICATE.rs,P0,memory,SQL_AGGREGATE_ADV,1480363,4811749,3.250385,-225.038453,true,3
1649,01041,JSON_EXTRACT_SET_034,SQLITE_PARITY_1041_JSON_EXTRACT_SET_034.rs,P2,memory,GEN_SQL_JSON,1695009,5509410,3.250372,-225.037212,true,3
1650,10404,PRAGMA_COLLATION_LIST,SQLITE_PARITY_10404_PRAGMA_COLLATION_LIST.rs,P0,memory,SQL_SCHEMA_INTROSPECTION,1445888,4699527,3.250270,-225.027042,true,3
1651,00561,AGG_GROUP_HAVING_054,SQLITE_PARITY_561_AGG_GROUP_HAVING_054.rs,P1,memory,GEN_SQL_AGGREGATE,1572507,5110234,3.249737,-224.973689,true,3
1652,00238,SCALAR_STRING_003,SQLITE_PARITY_238_SCALAR_STRING_003.rs,P1,memory,GEN_SQL_SCALAR,1544454,5015786,3.247611,-224.761113,true,3
1653,00193,OPT_READONLY_TEMPFILE,SQLITE_PARITY_193_OPT_READONLY_TEMPFILE.rs,P2,tempfile,CLI_OPTION_TEMPFILE,6677091,21681878,3.247204,-224.720421,false,3
1654,11318,AFFINITY_REAL_REAL_HALF,SQLITE_PARITY_11318_AFFINITY_REAL_REAL_HALF.rs,P0,memory,SQL_TYPE_AFFINITY,1531830,4969838,3.244380,-224.437960,true,3
1655,00707,JOIN_SUBQUERY_EXISTS_100,SQLITE_PARITY_707_JOIN_SUBQUERY_EXISTS_100.rs,P1,memory,GEN_SQL_JOIN_SUBQUERY,1742809,5652702,3.243443,-224.344320,true,3
1656,10349,ON_CONFLICT_DO_UPDATE_PRESERVES_ROWID,SQLITE_PARITY_10349_ON_CONFLICT_DO_UPDATE_PRESERVES_ROWID.rs,P0,memory,SQL_UPSERT,1491404,4836656,3.243022,-224.302201,true,3
1657,10606,LIKE_ON_INDEXED_COLUMN,SQLITE_PARITY_10606_LIKE_ON_INDEXED_COLUMN.rs,P0,memory,SQL_PATTERN,1552108,5032818,3.242569,-224.256946,true,3
1658,10127,MODE_TABS_BASIC,SQLITE_PARITY_10127_MODE_TABS_BASIC.rs,P0,memory,CLI_OUTPUT_MODE,1387257,4496954,3.241616,-224.161565,true,3
1659,00333,SCALAR_CAST_TYPEOF_027,SQLITE_PARITY_333_SCALAR_CAST_TYPEOF_027.rs,P1,memory,GEN_SQL_SCALAR,1390542,4506842,3.241069,-224.106859,true,3
1660,00358,SCALAR_STRING_033,SQLITE_PARITY_358_SCALAR_STRING_033.rs,P1,memory,GEN_SQL_SCALAR,1450847,4701500,3.240521,-224.052088,true,3
1661,11040,MATH_DEGREES_0_0,SQLITE_PARITY_11040_MATH_DEGREES_0_0.rs,P1,memory,SQL_MATH,1435538,4651867,3.240504,-224.050426,true,3
1662,00998,VIEW_TRIGGER_GENERATED_051,SQLITE_PARITY_998_VIEW_TRIGGER_GENERATED_051.rs,P2,memory,GEN_SQL_VIEW_TRIGGER,1796681,5819216,3.238870,-223.886989,true,3
1663,00861,WINDOW_PARTITION_SUM_074,SQLITE_PARITY_861_WINDOW_PARTITION_SUM_074.rs,P2,memory,GEN_SQL_WINDOW,1578729,5110175,3.236892,-223.689183,true,3
1664,10195,DOT_INDEXES_NAMED_INDEX,SQLITE_PARITY_10195_DOT_INDEXES_NAMED_INDEX.rs,P0,memory,CLI_DOT_COMMAND,1542480,4992171,3.236458,-223.645752,true,3
1665,00593,AGG_GROUP_HAVING_086,SQLITE_PARITY_593_AGG_GROUP_HAVING_086.rs,P1,memory,GEN_SQL_AGGREGATE,1471165,4761174,3.236329,-223.632903,true,3
1666,11042,MATH_DEGREES_1_5707963267949,SQLITE_PARITY_11042_MATH_DEGREES_1_5707963267949.rs,P1,memory,SQL_MATH,1238745,4006154,3.234043,-223.404252,true,3
1667,01024,JSON_EXTRACT_SET_017,SQLITE_PARITY_1024_JSON_EXTRACT_SET_017.rs,P2,memory,GEN_SQL_JSON,1685300,5444607,3.230646,-223.064558,true,3
1668,10430,REC_MULTI_TWO_RECURSIVE_CTES,SQLITE_PARITY_10430_REC_MULTI_TWO_RECURSIVE_CTES.rs,P0,memory,SQL_RECURSIVE_CTE,1584910,5119872,3.230387,-223.038658,true,3
1669,00548,AGG_GROUP_HAVING_041,SQLITE_PARITY_548_AGG_GROUP_HAVING_041.rs,P1,memory,GEN_SQL_AGGREGATE,1738331,5615401,3.230340,-223.034048,true,3
1670,00865,WINDOW_PARTITION_SUM_078,SQLITE_PARITY_865_WINDOW_PARTITION_SUM_078.rs,P2,memory,GEN_SQL_WINDOW,1391234,4492275,3.228986,-222.898592,true,3
1671,11359,AFFINITY_NUMERIC_REAL_BIG,SQLITE_PARITY_11359_AFFINITY_NUMERIC_REAL_BIG.rs,P0,memory,SQL_TYPE_AFFINITY,1537591,4961223,3.226621,-222.662073,true,3
1672,00375,SCALAR_NULL_COALESCE_037,SQLITE_PARITY_375_SCALAR_NULL_COALESCE_037.rs,P1,memory,GEN_SQL_SCALAR,1339325,4317744,3.223821,-222.382095,true,3
1673,10140,MODE_QUOTE_WITH_BLOB,SQLITE_PARITY_10140_MODE_QUOTE_WITH_BLOB.rs,P0,memory,CLI_OUTPUT_MODE,1494099,4813773,3.221857,-222.185678,true,3
1674,10336,ON_CONFLICT_RETURNING_UPDATED,SQLITE_PARITY_10336_ON_CONFLICT_RETURNING_UPDATED.rs,P0,memory,SQL_UPSERT,1444785,4653340,3.220784,-222.078372,true,3
1675,10457,JOIN_COALESCE_ON_JOIN_COL,SQLITE_PARITY_10457_JOIN_COALESCE_ON_JOIN_COL.rs,P0,memory,SQL_JOIN,1582105,5095196,3.220517,-222.051697,true,3
1676,01097,INDEX_SCHEMA_PRAGMA_030,SQLITE_PARITY_1097_INDEX_SCHEMA_PRAGMA_030.rs,P2,memory,GEN_SQL_INDEX_PRAGMA,1554833,5006178,3.219753,-221.975286,true,3
1677,00782,CTE_RECURSIVE_MATRIX_075,SQLITE_PARITY_782_CTE_RECURSIVE_MATRIX_075.rs,P1,memory,GEN_SQL_CTE,1416652,4560995,3.219559,-221.955921,true,3
1678,10061,INTPK_NEXT_AUTO_ABOVE_EXPLICIT,SQLITE_PARITY_10061_INTPK_NEXT_AUTO_ABOVE_EXPLICIT.rs,P0,memory,SQL_AUTOINCREMENT,1451348,4671384,3.218652,-221.865190,true,3
1679,10266,PRAGMA_QUICK_CHECK_OK,SQLITE_PARITY_10266_PRAGMA_QUICK_CHECK_OK.rs,P0,memory,SQL_PRAGMA,1259655,4050599,3.215642,-221.564158,true,3
1680,00748,CTE_RECURSIVE_MATRIX_041,SQLITE_PARITY_748_CTE_RECURSIVE_MATRIX_041.rs,P1,memory,GEN_SQL_CTE,1536959,4937658,3.212615,-221.261530,true,3
1681,10604,NOT_LIKE_PRESERVES_NULL,SQLITE_PARITY_10604_NOT_LIKE_PRESERVES_NULL.rs,P0,memory,SQL_PATTERN,1570984,5046775,3.212493,-221.249293,true,3
1682,10323,ON_CONFLICT_COL_DO_NOTHING,SQLITE_PARITY_10323_ON_CONFLICT_COL_DO_NOTHING.rs,P0,memory,SQL_UPSERT,1395442,4481314,3.211394,-221.139395,true,3
1683,00598,AGG_GROUP_HAVING_091,SQLITE_PARITY_598_AGG_GROUP_HAVING_091.rs,P1,memory,GEN_SQL_AGGREGATE,1639053,5262403,3.210636,-221.063626,true,3
1684,00812,WINDOW_PARTITION_SUM_025,SQLITE_PARITY_812_WINDOW_PARTITION_SUM_025.rs,P2,memory,GEN_SQL_WINDOW,1441610,4627851,3.210196,-221.019624,true,3
1685,10153,CLI_FLAG_BOX,SQLITE_PARITY_10153_CLI_FLAG_BOX.rs,P0,memory,CLI_OUTPUT_MODE,1502555,4821659,3.208973,-220.897338,true,3
1686,10155,CLI_FLAG_MARKDOWN,SQLITE_PARITY_10155_CLI_FLAG_MARKDOWN.rs,P0,memory,CLI_OUTPUT_MODE,1304309,4183931,3.207776,-220.777592,true,3
1687,00732,CTE_RECURSIVE_MATRIX_025,SQLITE_PARITY_732_CTE_RECURSIVE_MATRIX_025.rs,P1,memory,GEN_SQL_CTE,1576404,5056533,3.207638,-220.763776,true,3
1688,01016,JSON_EXTRACT_SET_009,SQLITE_PARITY_1016_JSON_EXTRACT_SET_009.rs,P2,memory,GEN_SQL_JSON,2009995,6446955,3.207448,-220.744828,true,3
1689,00877,CONSTRAINT_FK_SAVEPOINT_010,SQLITE_PARITY_877_CONSTRAINT_FK_SAVEPOINT_010.rs,P2,memory,GEN_SQL_CONSTRAINT_TX,1545436,4956503,3.207187,-220.718749,true,3
1690,11304,AFFINITY_INTEGER_TEXT_NUM,SQLITE_PARITY_11304_AFFINITY_INTEGER_TEXT_NUM.rs,P0,memory,SQL_TYPE_AFFINITY,1380383,4426881,3.206995,-220.699473,true,3
1691,00808,WINDOW_PARTITION_SUM_021,SQLITE_PARITY_808_WINDOW_PARTITION_SUM_021.rs,P2,memory,GEN_SQL_WINDOW,1457600,4673548,3.206331,-220.633095,true,3
1692,10136,MODE_TCL_BASIC,SQLITE_PARITY_10136_MODE_TCL_BASIC.rs,P0,memory,CLI_OUTPUT_MODE,1575984,5052936,3.206210,-220.621022,true,3
1693,10129,MODE_LINE_BASIC,SQLITE_PARITY_10129_MODE_LINE_BASIC.rs,P0,memory,CLI_OUTPUT_MODE,1469753,4711931,3.205934,-220.593392,true,3
1694,10622,BLOB_GROUP_BY,SQLITE_PARITY_10622_BLOB_GROUP_BY.rs,P0,memory,SQL_BLOB,1382287,4430838,3.205440,-220.543997,true,3
1695,10440,REC_FIBONACCI,SQLITE_PARITY_10440_REC_FIBONACCI.rs,P0,memory,SQL_RECURSIVE_CTE,1461657,4680251,3.202017,-220.201730,true,3
1696,00578,AGG_GROUP_HAVING_071,SQLITE_PARITY_578_AGG_GROUP_HAVING_071.rs,P1,memory,GEN_SQL_AGGREGATE,1819375,5823725,3.200948,-220.094813,true,3
1697,00359,SCALAR_NULL_COALESCE_033,SQLITE_PARITY_359_SCALAR_NULL_COALESCE_033.rs,P1,memory,GEN_SQL_SCALAR,1317014,4212625,3.198618,-219.861824,true,3
1698,00657,JOIN_SUBQUERY_EXISTS_050,SQLITE_PARITY_657_JOIN_SUBQUERY_EXISTS_050.rs,P1,memory,GEN_SQL_JOIN_SUBQUERY,1489891,4763999,3.197549,-219.754868,true,3
1699,00699,JOIN_SUBQUERY_EXISTS_092,SQLITE_PARITY_699_JOIN_SUBQUERY_EXISTS_092.rs,P1,memory,GEN_SQL_JOIN_SUBQUERY,1862105,5953270,3.197065,-219.706461,true,3
1700,10057,AVG_TYPEOF_REAL_WITH_NULLS,SQLITE_PARITY_10057_AVG_TYPEOF_REAL_WITH_NULLS.rs,P0,memory,SQL_AGGREGATE_NULL,1488508,4758760,3.197000,-219.699995,true,3
1701,10432,REC_MATERIALIZED_HINT,SQLITE_PARITY_10432_REC_MATERIALIZED_HINT.rs,P0,memory,SQL_RECURSIVE_CTE,1490531,4762346,3.195067,-219.506672,true,3
1702,11405,STRING_OCTET_LENGTH_,SQLITE_PARITY_11405_STRING_OCTET_LENGTH_.rs,P0,memory,SQL_STRING,1247712,3986237,3.194837,-219.483743,true,3
1703,00363,SCALAR_NULL_COALESCE_034,SQLITE_PARITY_363_SCALAR_NULL_COALESCE_034.rs,P1,memory,GEN_SQL_SCALAR,1407665,4494729,3.193039,-219.303883,true,3
1704,00340,SCALAR_ARITH_029,SQLITE_PARITY_340_SCALAR_ARITH_029.rs,P1,memory,GEN_SQL_SCALAR,1254585,4004862,3.192181,-219.218068,true,3
1705,00544,AGG_GROUP_HAVING_037,SQLITE_PARITY_544_AGG_GROUP_HAVING_037.rs,P1,memory,GEN_SQL_AGGREGATE,1546448,4934091,3.190596,-219.059613,true,3
1706,11096,MATH_ATAN2_1_0_1_0,SQLITE_PARITY_11096_MATH_ATAN2_1_0_1_0.rs,P1,memory,SQL_MATH,1326351,4230459,3.189547,-218.954711,true,3
1707,01037,JSON_EXTRACT_SET_030,SQLITE_PARITY_1037_JSON_EXTRACT_SET_030.rs,P2,memory,GEN_SQL_JSON,1709837,5453515,3.189494,-218.949409,true,3
1708,00856,WINDOW_PARTITION_SUM_069,SQLITE_PARITY_856_WINDOW_PARTITION_SUM_069.rs,P2,memory,GEN_SQL_WINDOW,1714946,5469184,3.189129,-218.912899,true,3
1709,10517,FILTER_SUM_X_IS_NOT_NULL,SQLITE_PARITY_10517_FILTER_SUM_X_IS_NOT_NULL.rs,P0,memory,SQL_AGGREGATE_ADV,1420359,4527592,3.187639,-218.763918,true,3
1710,10112,MODE_LIST_HEADERS_ON,SQLITE_PARITY_10112_MODE_LIST_HEADERS_ON.rs,P0,memory,CLI_OUTPUT_MODE,1439485,4587825,3.187129,-218.712942,true,3
1711,10156,CLI_FLAG_TABLE,SQLITE_PARITY_10156_CLI_FLAG_TABLE.rs,P0,memory,CLI_OUTPUT_MODE,1372869,4367688,3.181431,-218.143100,true,3
1712,00711,CTE_RECURSIVE_MATRIX_004,SQLITE_PARITY_711_CTE_RECURSIVE_MATRIX_004.rs,P1,memory,GEN_SQL_CTE,1561086,4965531,3.180818,-218.081835,true,3
1713,11315,AFFINITY_BIGINT_NULL_LIT,SQLITE_PARITY_11315_AFFINITY_BIGINT_NULL_LIT.rs,P0,memory,SQL_TYPE_AFFINITY,1421932,4522001,3.180181,-218.018091,true,3
1714,01120,INDEX_SCHEMA_PRAGMA_053,SQLITE_PARITY_1120_INDEX_SCHEMA_PRAGMA_053.rs,P2,memory,GEN_SQL_INDEX_PRAGMA,1597234,5077062,3.178659,-217.865886,true,3
1715,00392,DML_WHERE_ORDER_LIMIT_005,SQLITE_PARITY_392_DML_WHERE_ORDER_LIMIT_005.rs,P1,memory,GEN_SQL_DML,1573079,4998102,3.177273,-217.727336,true,3
1716,10131,MODE_HTML_BASIC,SQLITE_PARITY_10131_MODE_HTML_BASIC.rs,P0,memory,CLI_OUTPUT_MODE,1624736,5161963,3.177109,-217.710877,true,3
1717,01042,JSON_EXTRACT_SET_035,SQLITE_PARITY_1042_JSON_EXTRACT_SET_035.rs,P2,memory,GEN_SQL_JSON,1676363,5325682,3.176926,-217.692648,true,3
1718,10071,REPLACE_INTO_KEEPS_PK_RESETS_ROWID,SQLITE_PARITY_10071_REPLACE_INTO_KEEPS_PK_RESETS_ROWID.rs,P0,memory,SQL_AUTOINCREMENT,1338865,4253272,3.176774,-217.677436,true,3
1719,00527,AGG_GROUP_HAVING_020,SQLITE_PARITY_527_AGG_GROUP_HAVING_020.rs,P1,memory,GEN_SQL_AGGREGATE,1564461,4969859,3.176723,-217.672285,true,3
1720,10594,GLOB_STAR_WILDCARD,SQLITE_PARITY_10594_GLOB_STAR_WILDCARD.rs,P0,memory,SQL_PATTERN,1370415,4351247,3.175131,-217.513089,true,3
1721,10045,SUM_AVG_IGNORE_NULL,SQLITE_PARITY_10045_SUM_AVG_IGNORE_NULL.rs,P0,memory,SQL_AGGREGATE_NULL,1390102,4412073,3.173920,-217.392033,true,3
1722,00899,CONSTRAINT_FK_SAVEPOINT_032,SQLITE_PARITY_899_CONSTRAINT_FK_SAVEPOINT_032.rs,P2,memory,GEN_SQL_CONSTRAINT_TX,1531049,4856555,3.172044,-217.204413,true,3
1723,00786,CTE_RECURSIVE_MATRIX_079,SQLITE_PARITY_786_CTE_RECURSIVE_MATRIX_079.rs,P1,memory,GEN_SQL_CTE,1569591,4977994,3.171523,-217.152303,true,3
1724,00794,WINDOW_PARTITION_SUM_007,SQLITE_PARITY_794_WINDOW_PARTITION_SUM_007.rs,P2,memory,GEN_SQL_WINDOW,1640245,5201377,3.171098,-217.109761,true,3
1725,00901,CONSTRAINT_FK_SAVEPOINT_034,SQLITE_PARITY_901_CONSTRAINT_FK_SAVEPOINT_034.rs,P2,memory,GEN_SQL_CONSTRAINT_TX,1506963,4778376,3.170865,-217.086485,true,3
1726,00749,CTE_RECURSIVE_MATRIX_042,SQLITE_PARITY_749_CTE_RECURSIVE_MATRIX_042.rs,P1,memory,GEN_SQL_CTE,1476084,4679399,3.170144,-217.014411,true,3
1727,10273,FK_REFS_UNIQUE_HAPPY,SQLITE_PARITY_10273_FK_REFS_UNIQUE_HAPPY.rs,P0,memory,SQL_FOREIGN_KEYS,1483639,4700178,3.168007,-216.800650,true,3
1728,00332,SCALAR_ARITH_027,SQLITE_PARITY_332_SCALAR_ARITH_027.rs,P1,memory,GEN_SQL_SCALAR,1318146,4174032,3.166593,-216.659308,true,3
1729,10119,MODE_COLUMN_HEADERS_OFF,SQLITE_PARITY_10119_MODE_COLUMN_HEADERS_OFF.rs,P0,memory,CLI_OUTPUT_MODE,1445076,4575603,3.166341,-216.634073,true,3
1730,01063,JSON_EXTRACT_SET_056,SQLITE_PARITY_1063_JSON_EXTRACT_SET_056.rs,P2,memory,GEN_SQL_JSON,1372208,4342201,3.164390,-216.438980,true,3
1731,11043,MATH_DEGREES_3_14159265358979,SQLITE_PARITY_11043_MATH_DEGREES_3_14159265358979.rs,P1,memory,SQL_MATH,1308968,4141801,3.164173,-216.417284,true,3
1732,11077,MATH_SQRT_1_0,SQLITE_PARITY_11077_MATH_SQRT_1_0.rs,P1,memory,SQL_MATH,1253583,3963063,3.161389,-216.138860,true,3
1733,11094,MATH_ATAN2_0_0_1_0,SQLITE_PARITY_11094_MATH_ATAN2_0_0_1_0.rs,P1,memory,SQL_MATH,1298979,4105562,3.160607,-216.060691,true,3
1734,11091,MATH_TRUNC_1_6,SQLITE_PARITY_11091_MATH_TRUNC_1_6.rs,P1,memory,SQL_MATH,1366888,4319017,3.159745,-215.974462,true,3
1735,11203,CAST_NULL_AS_BLOB,SQLITE_PARITY_11203_CAST_NULL_AS_BLOB.rs,P0,memory,SQL_CAST,1300362,4106855,3.158240,-215.823978,true,3
1736,00524,AGG_GROUP_HAVING_017,SQLITE_PARITY_524_AGG_GROUP_HAVING_017.rs,P1,memory,GEN_SQL_AGGREGATE,1490762,4706570,3.157157,-215.715721,true,3
1737,00904,CONSTRAINT_FK_SAVEPOINT_037,SQLITE_PARITY_904_CONSTRAINT_FK_SAVEPOINT_037.rs,P2,memory,GEN_SQL_CONSTRAINT_TX,1641017,5178594,3.155722,-215.572234,true,3
1738,00728,CTE_RECURSIVE_MATRIX_021,SQLITE_PARITY_728_CTE_RECURSIVE_MATRIX_021.rs,P1,memory,GEN_SQL_CTE,1579981,4982764,3.153686,-215.368603,true,3
1739,10043,UNION_ALL_ORDER_BY_ASC_NULL_FIRST,SQLITE_PARITY_10043_UNION_ALL_ORDER_BY_ASC_NULL_FIRST.rs,P0,memory,SQL_NULL_ORDER,1597715,5038549,3.153597,-215.359686,true,3
1740,00577,AGG_GROUP_HAVING_070,SQLITE_PARITY_577_AGG_GROUP_HAVING_070.rs,P1,memory,GEN_SQL_AGGREGATE,1689158,5326564,3.153384,-215.338411,true,3
1741,11202,CAST_NULL_AS_TEXT,SQLITE_PARITY_11202_CAST_NULL_AS_TEXT.rs,P0,memory,SQL_CAST,1254014,3950499,3.150283,-215.028301,true,3
1742,00369,SCALAR_CAST_TYPEOF_036,SQLITE_PARITY_369_SCALAR_CAST_TYPEOF_036.rs,P1,memory,GEN_SQL_SCALAR,1305642,4112405,3.149719,-214.971868,true,3
1743,11060,MATH_LOG2_1_0,SQLITE_PARITY_11060_MATH_LOG2_1_0.rs,P1,memory,SQL_MATH,1477777,4653489,3.148979,-214.897918,true,3
1744,00487,DML_WHERE_ORDER_LIMIT_100,SQLITE_PARITY_487_DML_WHERE_ORDER_LIMIT_100.rs,P1,memory,GEN_SQL_DML,1628553,5127818,3.148696,-214.869581,true,3
1745,00516,AGG_GROUP_HAVING_009,SQLITE_PARITY_516_AGG_GROUP_HAVING_009.rs,P1,memory,GEN_SQL_AGGREGATE,1640386,5164477,3.148330,-214.833033,true,3
1746,11105,MATH_POWER_3_0_2,SQLITE_PARITY_11105_MATH_POWER_3_0_2.rs,P1,memory,SQL_MATH,1350707,4250567,3.146920,-214.692009,true,3
1747,01104,INDEX_SCHEMA_PRAGMA_037,SQLITE_PARITY_1104_INDEX_SCHEMA_PRAGMA_037.rs,P2,memory,GEN_SQL_INDEX_PRAGMA,1755844,5525020,3.146646,-214.664629,true,3
1748,11014,MATH_ASINH_1_0,SQLITE_PARITY_11014_MATH_ASINH_1_0.rs,P1,memory,SQL_MATH,1410059,4435357,3.145512,-214.551164,true,3
1749,10262,PRAGMA_SCHEMA_VERSION_INCREMENTS_ON_DDL,SQLITE_PARITY_10262_PRAGMA_SCHEMA_VERSION_INCREMENTS_ON_DDL.rs,P0,memory,SQL_PRAGMA,1703495,5354036,3.142971,-214.297136,true,3
1750,11307,AFFINITY_INTEGER_NULL_LIT,SQLITE_PARITY_11307_AFFINITY_INTEGER_NULL_LIT.rs,P0,memory,SQL_TYPE_AFFINITY,1468570,4615357,3.142756,-214.275588,true,3
1751,00750,CTE_RECURSIVE_MATRIX_043,SQLITE_PARITY_750_CTE_RECURSIVE_MATRIX_043.rs,P1,memory,GEN_SQL_CTE,1533693,4817621,3.141190,-214.118993,true,3
1752,00827,WINDOW_PARTITION_SUM_040,SQLITE_PARITY_827_WINDOW_PARTITION_SUM_040.rs,P2,memory,GEN_SQL_WINDOW,1714005,5383131,3.140674,-214.067404,true,3
1753,01122,INDEX_SCHEMA_PRAGMA_055,SQLITE_PARITY_1122_INDEX_SCHEMA_PRAGMA_055.rs,P2,memory,GEN_SQL_INDEX_PRAGMA,1727921,5425953,3.140163,-214.016266,true,3
1754,00925,CONSTRAINT_FK_SAVEPOINT_058,SQLITE_PARITY_925_CONSTRAINT_FK_SAVEPOINT_058.rs,P2,memory,GEN_SQL_CONSTRAINT_TX,1682355,5281259,3.139206,-213.920605,true,3
1755,00469,DML_WHERE_ORDER_LIMIT_082,SQLITE_PARITY_469_DML_WHERE_ORDER_LIMIT_082.rs,P1,memory,GEN_SQL_DML,1673048,5245701,3.135416,-213.541572,true,3
1756,00417,DML_WHERE_ORDER_LIMIT_030,SQLITE_PARITY_417_DML_WHERE_ORDER_LIMIT_030.rs,P1,memory,GEN_SQL_DML,1496784,4689118,3.132795,-213.279538,true,3
1757,10243,PRAGMA_RECURSIVE_TRIGGERS_DEFAULT,SQLITE_PARITY_10243_PRAGMA_RECURSIVE_TRIGGERS_DEFAULT.rs,P0,memory,SQL_PRAGMA,1174112,3676751,3.131516,-213.151641,true,3
1758,00843,WINDOW_PARTITION_SUM_056,SQLITE_PARITY_843_WINDOW_PARTITION_SUM_056.rs,P2,memory,GEN_SQL_WINDOW,1555485,4865601,3.128028,-212.802824,true,3
1759,10615,BLOB_CONCAT_OPERATOR,SQLITE_PARITY_10615_BLOB_CONCAT_OPERATOR.rs,P0,memory,SQL_BLOB,1343794,4202587,3.127404,-212.740420,true,3
1760,01071,INDEX_SCHEMA_PRAGMA_004,SQLITE_PARITY_1071_INDEX_SCHEMA_PRAGMA_004.rs,P2,memory,GEN_SQL_INDEX_PRAGMA,1832599,5731050,3.127280,-212.727989,true,3
1761,11208,CAST_INT_5_AS_BLOB,SQLITE_PARITY_11208_CAST_INT_5_AS_BLOB.rs,P0,memory,SQL_CAST,1288319,4026102,3.125082,-212.508160,true,3
1762,10023,NOT_NULL_DEFAULT_ACCEPTED,SQLITE_PARITY_10023_NOT_NULL_DEFAULT_ACCEPTED.rs,P0,memory,SQL_NULL_SEMANTICS,1501353,4691111,3.124589,-212.458895,true,3
1763,00723,CTE_RECURSIVE_MATRIX_016,SQLITE_PARITY_723_CTE_RECURSIVE_MATRIX_016.rs,P1,memory,GEN_SQL_CTE,1509007,4711319,3.122132,-212.213197,true,3
1764,00727,CTE_RECURSIVE_MATRIX_020,SQLITE_PARITY_727_CTE_RECURSIVE_MATRIX_020.rs,P1,memory,GEN_SQL_CTE,1573579,4911118,3.120986,-212.098598,true,3
1765,10027,ORDER_BY_DESC_NULL_LAST_DEFAULT,SQLITE_PARITY_10027_ORDER_BY_DESC_NULL_LAST_DEFAULT.rs,P0,memory,SQL_NULL_ORDER,1570874,4901930,3.120511,-212.051126,true,3
1766,01044,JSON_EXTRACT_SET_037,SQLITE_PARITY_1044_JSON_EXTRACT_SET_037.rs,P2,memory,GEN_SQL_JSON,1514027,4721789,3.118695,-211.869537,true,3
1767,10185,DOT_QUIT_TERMINATES,SQLITE_PARITY_10185_DOT_QUIT_TERMINATES.rs,P0,memory,CLI_DOT_COMMAND,1322324,4118718,3.114757,-211.475705,true,3
1768,00886,CONSTRAINT_FK_SAVEPOINT_019,SQLITE_PARITY_886_CONSTRAINT_FK_SAVEPOINT_019.rs,P2,memory,GEN_SQL_CONSTRAINT_TX,1708785,5322206,3.114614,-211.461418,true,3
1769,00768,CTE_RECURSIVE_MATRIX_061,SQLITE_PARITY_768_CTE_RECURSIVE_MATRIX_061.rs,P1,memory,GEN_SQL_CTE,1378179,4282989,3.107716,-210.771605,true,3
1770,00903,CONSTRAINT_FK_SAVEPOINT_036,SQLITE_PARITY_903_CONSTRAINT_FK_SAVEPOINT_036.rs,P2,memory,GEN_SQL_CONSTRAINT_TX,1733331,5385726,3.107154,-210.715380,true,3
1771,00911,CONSTRAINT_FK_SAVEPOINT_044,SQLITE_PARITY_911_CONSTRAINT_FK_SAVEPOINT_044.rs,P2,memory,GEN_SQL_CONSTRAINT_TX,1587856,4932728,3.106534,-210.653359,true,3
1772,11325,AFFINITY_DOUBLE_INT_BIG,SQLITE_PARITY_11325_AFFINITY_DOUBLE_INT_BIG.rs,P0,memory,SQL_TYPE_AFFINITY,1536258,4770301,3.105143,-210.514315,true,3
1773,10001,NULL_EQ_NULL_IS_NULL,SQLITE_PARITY_10001_NULL_EQ_NULL_IS_NULL.rs,P0,memory,SQL_NULL_SEMANTICS,1651447,5127507,3.104857,-210.485713,true,3
1774,10090,STRICT_TEXT_COERCES_INTEGER,SQLITE_PARITY_10090_STRICT_TEXT_COERCES_INTEGER.rs,P0,memory,SQL_STRICT_TABLES,1362309,4222093,3.099218,-209.921831,true,3
1775,11070,MATH_SIN_3_14159265358979,SQLITE_PARITY_11070_MATH_SIN_3_14159265358979.rs,P1,memory,SQL_MATH,1459152,4517322,3.095854,-209.585430,true,3
1776,11231,CAST_TEXT_NUM_AS_REAL,SQLITE_PARITY_11231_CAST_TEXT_NUM_AS_REAL.rs,P0,memory,SQL_CAST,1237974,3832245,3.095578,-209.557794,true,3
1777,10595,GLOB_QUESTION_WILDCARD,SQLITE_PARITY_10595_GLOB_QUESTION_WILDCARD.rs,P0,memory,SQL_PATTERN,1412925,4373099,3.095068,-209.506803,true,3
1778,01089,INDEX_SCHEMA_PRAGMA_022,SQLITE_PARITY_1089_INDEX_SCHEMA_PRAGMA_022.rs,P2,memory,GEN_SQL_INDEX_PRAGMA,1772065,5482870,3.094057,-209.405693,true,3
1779,11303,AFFINITY_INTEGER_REAL_BIG,SQLITE_PARITY_11303_AFFINITY_INTEGER_REAL_BIG.rs,P0,memory,SQL_TYPE_AFFINITY,1434185,4437411,3.094030,-209.402971,true,3
1780,00401,DML_WHERE_ORDER_LIMIT_014,SQLITE_PARITY_401_DML_WHERE_ORDER_LIMIT_014.rs,P1,memory,GEN_SQL_DML,1584790,4898183,3.090746,-209.074578,true,3
1781,11097,MATH_LOG_10_0_100_0,SQLITE_PARITY_11097_MATH_LOG_10_0_100_0.rs,P1,memory,SQL_MATH,1387707,4288939,3.090666,-209.066611,true,3
1782,00816,WINDOW_PARTITION_SUM_029,SQLITE_PARITY_816_WINDOW_PARTITION_SUM_029.rs,P2,memory,GEN_SQL_WINDOW,1594709,4922098,3.086518,-208.651798,true,3
1783,10152,CLI_FLAG_HTML,SQLITE_PARITY_10152_CLI_FLAG_HTML.rs,P0,memory,CLI_OUTPUT_MODE,1373590,4238103,3.085421,-208.542069,true,3
1784,10110,MODE_LIST_SEP_COMMA,SQLITE_PARITY_10110_MODE_LIST_SEP_COMMA.rs,P0,memory,CLI_OUTPUT_MODE,1355136,4180103,3.084637,-208.463726,true,3
1785,00833,WINDOW_PARTITION_SUM_046,SQLITE_PARITY_833_WINDOW_PARTITION_SUM_046.rs,P2,memory,GEN_SQL_WINDOW,1530468,4719665,3.083805,-208.380508,true,3
1786,00470,DML_WHERE_ORDER_LIMIT_083,SQLITE_PARITY_470_DML_WHERE_ORDER_LIMIT_083.rs,P1,memory,GEN_SQL_DML,1692895,5219532,3.083199,-208.319890,true,3
1787,00819,WINDOW_PARTITION_SUM_032,SQLITE_PARITY_819_WINDOW_PARTITION_SUM_032.rs,P2,memory,GEN_SQL_WINDOW,1476907,4551187,3.081566,-208.156641,true,3
1788,10086,STRICT_INT_REJECTS_BLOB,SQLITE_PARITY_10086_STRICT_INT_REJECTS_BLOB.rs,P0,memory,SQL_STRICT_TABLES,1266367,3902277,3.081474,-208.147401,true,3
1789,00476,DML_WHERE_ORDER_LIMIT_089,SQLITE_PARITY_476_DML_WHERE_ORDER_LIMIT_089.rs,P1,memory,GEN_SQL_DML,1549323,4772264,3.080225,-208.022536,true,3
1790,11079,MATH_SQRT_0_25,SQLITE_PARITY_11079_MATH_SQRT_0_25.rs,P1,memory,SQL_MATH,1273912,3923137,3.079598,-207.959812,true,3
1791,01115,INDEX_SCHEMA_PRAGMA_048,SQLITE_PARITY_1115_INDEX_SCHEMA_PRAGMA_048.rs,P2,memory,GEN_SQL_INDEX_PRAGMA,1472819,4533463,3.078086,-207.808563,true,3
1792,11332,AFFINITY_TEXT_INT_1,SQLITE_PARITY_11332_AFFINITY_TEXT_INT_1.rs,P0,memory,SQL_TYPE_AFFINITY,1432051,4403035,3.074636,-207.463561,true,3
1793,10305,SAVEPOINT_DEPTH_4_RELEASE,SQLITE_PARITY_10305_SAVEPOINT_DEPTH_4_RELEASE.rs,P0,memory,SQL_TRANSACTION,1531259,4700830,3.069912,-206.991175,true,3
1794,10354,INSERT_MULTI_ROW_RETURNING,SQLITE_PARITY_10354_INSERT_MULTI_ROW_RETURNING.rs,P0,memory,SQL_RETURNING,1447250,4442341,3.069505,-206.950492,true,3
1795,11021,MATH_ATANH_0_5,SQLITE_PARITY_11021_MATH_ATANH_0_5.rs,P1,memory,SQL_MATH,1303688,4001405,3.069296,-206.929649,true,3
1796,10263,PRAGMA_USER_VERSION_DEFAULT,SQLITE_PARITY_10263_PRAGMA_USER_VERSION_DEFAULT.rs,P0,memory,SQL_PRAGMA,1366868,4194240,3.068504,-206.850405,true,3
1797,00464,DML_WHERE_ORDER_LIMIT_077,SQLITE_PARITY_464_DML_WHERE_ORDER_LIMIT_077.rs,P1,memory,GEN_SQL_DML,1522603,4671935,3.068387,-206.838683,true,3
1798,00596,AGG_GROUP_HAVING_089,SQLITE_PARITY_596_AGG_GROUP_HAVING_089.rs,P1,memory,GEN_SQL_AGGREGATE,1826438,5604190,3.068371,-206.837133,true,3
1799,00743,CTE_RECURSIVE_MATRIX_036,SQLITE_PARITY_743_CTE_RECURSIVE_MATRIX_036.rs,P1,memory,GEN_SQL_CTE,1553632,4765892,3.067581,-206.758100,true,3
1800,10102,STRICT_MISMATCHED_DEFAULT_REJECTED_ON_INSERT,SQLITE_PARITY_10102_STRICT_MISMATCHED_DEFAULT_REJECTED_ON_INSERT.rs,P0,memory,SQL_STRICT_TABLES,1356098,4159324,3.067126,-206.712642,true,3
1801,00203,OPT_ARCHIVE_A_TEMPFILE_OPTIONAL,SQLITE_PARITY_203_OPT_ARCHIVE_A_TEMPFILE_OPTIONAL.rs,P4,tempfile,CLI_OPTION_TEMPFILE_OPTIONAL,1917290,5880062,3.066861,-206.686104,true,3
1802,00370,SCALAR_STRING_036,SQLITE_PARITY_370_SCALAR_STRING_036.rs,P1,memory,GEN_SQL_SCALAR,1524807,4676022,3.066632,-206.663204,true,3
1803,00801,WINDOW_PARTITION_SUM_014,SQLITE_PARITY_801_WINDOW_PARTITION_SUM_014.rs,P2,memory,GEN_SQL_WINDOW,1536559,4710488,3.065608,-206.560828,true,3
1804,10391,SQLITE_MASTER_AFTER_CREATE_INDEX,SQLITE_PARITY_10391_SQLITE_MASTER_AFTER_CREATE_INDEX.rs,P0,memory,SQL_SCHEMA_INTROSPECTION,1357490,4160868,3.065119,-206.511871,true,3
1805,00753,CTE_RECURSIVE_MATRIX_046,SQLITE_PARITY_753_CTE_RECURSIVE_MATRIX_046.rs,P1,memory,GEN_SQL_CTE,1522672,4665693,3.064148,-206.414842,true,3
1806,10077,AUTOINCREMENT_WITHOUT_ROWID_REJECTED,SQLITE_PARITY_10077_AUTOINCREMENT_WITHOUT_ROWID_REJECTED.rs,P0,memory,SQL_AUTOINCREMENT,1317945,4038045,3.063895,-206.389493,true,3
1807,00739,CTE_RECURSIVE_MATRIX_032,SQLITE_PARITY_739_CTE_RECURSIVE_MATRIX_032.rs,P1,memory,GEN_SQL_CTE,1515890,4644483,3.063865,-206.386545,true,3
1808,11404,STRING_OCTET_LENGTH_ABC,SQLITE_PARITY_11404_STRING_OCTET_LENGTH_ABC.rs,P0,memory,SQL_STRING,1424156,4361708,3.062662,-206.266167,true,3
1809,01100,INDEX_SCHEMA_PRAGMA_033,SQLITE_PARITY_1100_INDEX_SCHEMA_PRAGMA_033.rs,P2,memory,GEN_SQL_INDEX_PRAGMA,1550655,4745263,3.060167,-206.016683,true,3
1810,11075,MATH_SINH_2_0,SQLITE_PARITY_11075_MATH_SINH_2_0.rs,P1,memory,SQL_MATH,1375775,4206584,3.057610,-205.761044,true,3
1811,11034,MATH_COS_3_14159265358979,SQLITE_PARITY_11034_MATH_COS_3_14159265358979.rs,P1,memory,SQL_MATH,1396864,4268311,3.055638,-205.563820,true,3
1812,10438,REC_PIVOT_STYLE_STRING_AGG,SQLITE_PARITY_10438_REC_PIVOT_STYLE_STRING_AGG.rs,P0,memory,SQL_RECURSIVE_CTE,1664481,5086009,3.055613,-205.561253,true,3
1813,00420,DML_WHERE_ORDER_LIMIT_033,SQLITE_PARITY_420_DML_WHERE_ORDER_LIMIT_033.rs,P1,memory,GEN_SQL_DML,1633753,4991239,3.055076,-205.507564,true,3
1814,10084,STRICT_INT_REJECTS_NON_WHOLE_REAL,SQLITE_PARITY_10084_STRICT_INT_REJECTS_NON_WHOLE_REAL.rs,P0,memory,SQL_STRICT_TABLES,1312034,4006705,3.053812,-205.381187,true,3
1815,00500,DML_WHERE_ORDER_LIMIT_113,SQLITE_PARITY_500_DML_WHERE_ORDER_LIMIT_113.rs,P1,memory,GEN_SQL_DML,1430819,4368210,3.052944,-205.294380,true,3
1816,00399,DML_WHERE_ORDER_LIMIT_012,SQLITE_PARITY_399_DML_WHERE_ORDER_LIMIT_012.rs,P1,memory,GEN_SQL_DML,1520659,4641267,3.052142,-205.214187,true,3
1817,10347,ON_CONFLICT_DO_UPDATE_RETURNING_STAR,SQLITE_PARITY_10347_ON_CONFLICT_DO_UPDATE_RETURNING_STAR.rs,P0,memory,SQL_UPSERT,1479792,4509036,3.047074,-204.707418,true,3
1818,10361,DELETE_ALL_RETURNING,SQLITE_PARITY_10361_DELETE_ALL_RETURNING.rs,P0,memory,SQL_RETURNING,1415479,4312935,3.046979,-204.697915,true,3
1819,00921,CONSTRAINT_FK_SAVEPOINT_054,SQLITE_PARITY_921_CONSTRAINT_FK_SAVEPOINT_054.rs,P2,memory,GEN_SQL_CONSTRAINT_TX,1580913,4816258,3.046504,-204.650414,true,3
1820,01106,INDEX_SCHEMA_PRAGMA_039,SQLITE_PARITY_1106_INDEX_SCHEMA_PRAGMA_039.rs,P2,memory,GEN_SQL_INDEX_PRAGMA,1547791,4710968,3.043672,-204.367192,true,3
1821,00603,AGG_GROUP_HAVING_096,SQLITE_PARITY_603_AGG_GROUP_HAVING_096.rs,P1,memory,GEN_SQL_AGGREGATE,1869349,5684812,3.041065,-204.106510,true,3
1822,10392,SQLITE_MASTER_AFTER_CREATE_VIEW,SQLITE_PARITY_10392_SQLITE_MASTER_AFTER_CREATE_VIEW.rs,P0,memory,SQL_SCHEMA_INTROSPECTION,1435838,4363241,3.038811,-203.881148,true,3
1823,10074,NO_SQLITE_SEQUENCE_WITHOUT_AUTOINCREMENT,SQLITE_PARITY_10074_NO_SQLITE_SEQUENCE_WITHOUT_AUTOINCREMENT.rs,P0,memory,SQL_AUTOINCREMENT,1418365,4304158,3.034591,-203.459124,true,3
1824,00814,WINDOW_PARTITION_SUM_027,SQLITE_PARITY_814_WINDOW_PARTITION_SUM_027.rs,P2,memory,GEN_SQL_WINDOW,1522703,4619445,3.033714,-203.371373,true,3
1825,11090,MATH_TRUNC_1_4,SQLITE_PARITY_11090_MATH_TRUNC_1_4.rs,P1,memory,SQL_MATH,1421932,4311312,3.032010,-203.200997,true,3
1826,00501,DML_WHERE_ORDER_LIMIT_114,SQLITE_PARITY_501_DML_WHERE_ORDER_LIMIT_114.rs,P1,memory,GEN_SQL_DML,1430338,4336380,3.031717,-203.171698,true,3
1827,00790,WINDOW_PARTITION_SUM_003,SQLITE_PARITY_790_WINDOW_PARTITION_SUM_003.rs,P2,memory,GEN_SQL_WINDOW,1646868,4990007,3.029998,-202.999815,true,3
1828,10455,JOIN_SUBQUERY_AS_TABLE_SOURCE,SQLITE_PARITY_10455_JOIN_SUBQUERY_AS_TABLE_SOURCE.rs,P0,memory,SQL_JOIN,1609337,4875871,3.029739,-202.973895,true,3
1829,00389,DML_WHERE_ORDER_LIMIT_002,SQLITE_PARITY_389_DML_WHERE_ORDER_LIMIT_002.rs,P1,memory,GEN_SQL_DML,1528514,4629054,3.028467,-202.846686,true,3
1830,00909,CONSTRAINT_FK_SAVEPOINT_042,SQLITE_PARITY_909_CONSTRAINT_FK_SAVEPOINT_042.rs,P2,memory,GEN_SQL_CONSTRAINT_TX,1619366,4903744,3.028188,-202.818757,true,3
1831,11095,MATH_ATAN2_1_0_1_0,SQLITE_PARITY_11095_MATH_ATAN2_1_0_1_0.rs,P1,memory,SQL_MATH,1319398,3993931,3.027086,-202.708584,true,3
1832,10602,LIKE_WITH_NULL_PATTERN_VALUE,SQLITE_PARITY_10602_LIKE_WITH_NULL_PATTERN_VALUE.rs,P0,memory,SQL_PATTERN,1553972,4702974,3.026421,-202.642133,true,3
1833,11536,DATETIME_TIME_EPOCH_START_OF_MONTH,SQLITE_PARITY_11536_DATETIME_TIME_EPOCH_START_OF_MONTH.rs,P0,memory,SQL_DATETIME,1350346,4084263,3.024605,-202.460480,true,3
1834,10278,FK_DELETE_CASCADE_REMOVES_CHILD,SQLITE_PARITY_10278_FK_DELETE_CASCADE_REMOVES_CHILD.rs,P0,memory,SQL_FOREIGN_KEYS,1543272,4663969,3.022130,-202.213025,true,3
1835,01112,INDEX_SCHEMA_PRAGMA_045,SQLITE_PARITY_1112_INDEX_SCHEMA_PRAGMA_045.rs,P2,memory,GEN_SQL_INDEX_PRAGMA,1670352,5039451,3.016999,-201.699941,true,3
1836,10433,REC_NOT_MATERIALIZED_HINT,SQLITE_PARITY_10433_REC_NOT_MATERIALIZED_HINT.rs,P0,memory,SQL_RECURSIVE_CTE,1235198,3722387,3.013595,-201.359539,true,3
1837,11308,AFFINITY_BIGINT_INT_1,SQLITE_PARITY_11308_AFFINITY_BIGINT_INT_1.rs,P0,memory,SQL_TYPE_AFFINITY,1432993,4312174,3.009208,-200.920800,true,3
1838,01116,INDEX_SCHEMA_PRAGMA_049,SQLITE_PARITY_1116_INDEX_SCHEMA_PRAGMA_049.rs,P2,memory,GEN_SQL_INDEX_PRAGMA,1556576,4678267,3.005486,-200.548576,true,3
1839,00422,DML_WHERE_ORDER_LIMIT_035,SQLITE_PARITY_422_DML_WHERE_ORDER_LIMIT_035.rs,P1,memory,GEN_SQL_DML,1611201,4838651,3.003133,-200.313307,true,3
1840,10123,MODE_CSV_BASIC,SQLITE_PARITY_10123_MODE_CSV_BASIC.rs,P0,memory,CLI_OUTPUT_MODE,1326160,3981638,3.002381,-200.238131,true,3
1841,10005,NULL_CONCAT_TEXT_IS_NULL,SQLITE_PARITY_10005_NULL_CONCAT_TEXT_IS_NULL.rs,P0,memory,SQL_NULL_SEMANTICS,1530988,4593696,3.000478,-200.047812,true,3
1842,11046,MATH_EXP_1_0,SQLITE_PARITY_11046_MATH_EXP_1_0.rs,P1,memory,SQL_MATH,1400371,4199381,2.998763,-199.876318,true,3
1843,00463,DML_WHERE_ORDER_LIMIT_076,SQLITE_PARITY_463_DML_WHERE_ORDER_LIMIT_076.rs,P1,memory,GEN_SQL_DML,1576274,4725116,2.997649,-199.764889,true,3
1844,00832,WINDOW_PARTITION_SUM_045,SQLITE_PARITY_832_WINDOW_PARTITION_SUM_045.rs,P2,memory,GEN_SQL_WINDOW,1449033,4341038,2.995817,-199.581721,true,3
1845,00418,DML_WHERE_ORDER_LIMIT_031,SQLITE_PARITY_418_DML_WHERE_ORDER_LIMIT_031.rs,P1,memory,GEN_SQL_DML,1581564,4736668,2.994927,-199.492654,true,3
1846,10448,JOIN_RIGHT_BASIC,SQLITE_PARITY_10448_JOIN_RIGHT_BASIC.rs,P0,memory,SQL_JOIN,1642520,4918422,2.994437,-199.443660,true,3
1847,01048,JSON_EXTRACT_SET_041,SQLITE_PARITY_1048_JSON_EXTRACT_SET_041.rs,P2,memory,GEN_SQL_JSON,1525398,4567537,2.994325,-199.432476,true,3
1848,00725,CTE_RECURSIVE_MATRIX_018,SQLITE_PARITY_725_CTE_RECURSIVE_MATRIX_018.rs,P1,memory,GEN_SQL_CTE,1451377,4345777,2.994244,-199.424409,true,3
1849,00503,DML_WHERE_ORDER_LIMIT_116,SQLITE_PARITY_503_DML_WHERE_ORDER_LIMIT_116.rs,P1,memory,GEN_SQL_DML,1568699,4696852,2.994107,-199.410658,true,3
1850,01109,INDEX_SCHEMA_PRAGMA_042,SQLITE_PARITY_1109_INDEX_SCHEMA_PRAGMA_042.rs,P2,memory,GEN_SQL_INDEX_PRAGMA,1666955,4990578,2.993829,-199.382887,true,3
1851,00668,JOIN_SUBQUERY_EXISTS_061,SQLITE_PARITY_668_JOIN_SUBQUERY_EXISTS_061.rs,P1,memory,GEN_SQL_JOIN_SUBQUERY,1907621,5709108,2.992789,-199.278945,true,3
1852,00902,CONSTRAINT_FK_SAVEPOINT_035,SQLITE_PARITY_902_CONSTRAINT_FK_SAVEPOINT_035.rs,P2,memory,GEN_SQL_CONSTRAINT_TX,1631559,4871102,2.985551,-198.555063,true,3
1853,11216,CAST_REAL_3_14_AS_REAL,SQLITE_PARITY_11216_CAST_REAL_3_14_AS_REAL.rs,P0,memory,SQL_CAST,1265586,3777712,2.984951,-198.495084,true,3
1854,10376,SCHEMA_ISOLATION_SAME_NAME,SQLITE_PARITY_10376_SCHEMA_ISOLATION_SAME_NAME.rs,P0,memory,SQL_ATTACH,1462549,4363551,2.983525,-198.352465,true,3
1855,00800,WINDOW_PARTITION_SUM_013,SQLITE_PARITY_800_WINDOW_PARTITION_SUM_013.rs,P2,memory,GEN_SQL_WINDOW,1561958,4659141,2.982885,-198.288494,true,3
1856,00587,AGG_GROUP_HAVING_080,SQLITE_PARITY_587_AGG_GROUP_HAVING_080.rs,P1,memory,GEN_SQL_AGGREGATE,1635105,4876993,2.982679,-198.267879,true,3
1857,10058,INTPK_ALIAS_ROWID_NULL_AUTOFILL,SQLITE_PARITY_10058_INTPK_ALIAS_ROWID_NULL_AUTOFILL.rs,P0,memory,SQL_AUTOINCREMENT,1518034,4525808,2.981361,-198.136142,true,3
1858,00938,CONSTRAINT_FK_SAVEPOINT_071,SQLITE_PARITY_938_CONSTRAINT_FK_SAVEPOINT_071.rs,P2,memory,GEN_SQL_CONSTRAINT_TX,1717452,5116577,2.979167,-197.916739,true,3
1859,10313,COMMIT_AFTER_ONLY_SELECTS,SQLITE_PARITY_10313_COMMIT_AFTER_ONLY_SELECTS.rs,P0,memory,SQL_TRANSACTION,1378370,4105813,2.978745,-197.874518,true,3
1860,00556,AGG_GROUP_HAVING_049,SQLITE_PARITY_556_AGG_GROUP_HAVING_049.rs,P1,memory,GEN_SQL_AGGREGATE,1794587,5345260,2.978546,-197.854604,true,3
1861,00675,JOIN_SUBQUERY_EXISTS_068,SQLITE_PARITY_675_JOIN_SUBQUERY_EXISTS_068.rs,P1,memory,GEN_SQL_JOIN_SUBQUERY,1603476,4773447,2.976937,-197.693698,true,3
1862,10147,MODE_MARKDOWN_BASIC,SQLITE_PARITY_10147_MODE_MARKDOWN_BASIC.rs,P0,memory,CLI_OUTPUT_MODE,1622762,4830585,2.976767,-197.676739,true,3
1863,00756,CTE_RECURSIVE_MATRIX_049,SQLITE_PARITY_756_CTE_RECURSIVE_MATRIX_049.rs,P1,memory,GEN_SQL_CTE,1466276,4364623,2.976672,-197.667220,true,3
1864,10193,DOT_BAIL_OFF_NOOP,SQLITE_PARITY_10193_DOT_BAIL_OFF_NOOP.rs,P0,memory,CLI_DOT_COMMAND,1494409,4447941,2.976388,-197.638799,true,3
1865,10350,INSERT_RETURNING_STAR,SQLITE_PARITY_10350_INSERT_RETURNING_STAR.rs,P0,memory,SQL_RETURNING,1389240,4131922,2.974232,-197.423195,true,3
1866,00745,CTE_RECURSIVE_MATRIX_038,SQLITE_PARITY_745_CTE_RECURSIVE_MATRIX_038.rs,P1,memory,GEN_SQL_CTE,1444696,4294540,2.972625,-197.262538,true,3
1867,10272,FK_REFS_PK_HAPPY,SQLITE_PARITY_10272_FK_REFS_PK_HAPPY.rs,P0,memory,SQL_FOREIGN_KEYS,1477708,4392606,2.972581,-197.258051,true,3
1868,01126,INDEX_SCHEMA_PRAGMA_059,SQLITE_PARITY_1126_INDEX_SCHEMA_PRAGMA_059.rs,P2,memory,GEN_SQL_INDEX_PRAGMA,1511011,4490280,2.971706,-197.170570,true,3
1869,11341,AFFINITY_VARCHAR_8_INT_BIG,SQLITE_PARITY_11341_AFFINITY_VARCHAR_8_INT_BIG.rs,P0,memory,SQL_TYPE_AFFINITY,1429736,4247661,2.970941,-197.094079,true,3
1870,00758,CTE_RECURSIVE_MATRIX_051,SQLITE_PARITY_758_CTE_RECURSIVE_MATRIX_051.rs,P1,memory,GEN_SQL_CTE,1620158,4812642,2.970477,-197.047695,true,3
1871,10106,STRICT_INSERT_SELECT_REJECTS_WRONG_TYPE,SQLITE_PARITY_10106_STRICT_INSERT_SELECT_REJECTS_WRONG_TYPE.rs,P0,memory,SQL_STRICT_TABLES,1529986,4544373,2.970206,-197.020561,true,3
1872,00905,CONSTRAINT_FK_SAVEPOINT_038,SQLITE_PARITY_905_CONSTRAINT_FK_SAVEPOINT_038.rs,P2,memory,GEN_SQL_CONSTRAINT_TX,1737830,5158236,2.968205,-196.820518,true,3
1873,00822,WINDOW_PARTITION_SUM_035,SQLITE_PARITY_822_WINDOW_PARTITION_SUM_035.rs,P2,memory,GEN_SQL_WINDOW,1493458,4432412,2.967885,-196.788527,true,3
1874,11225,CAST_TEXT_42_AS_INTEGER,SQLITE_PARITY_11225_CAST_TEXT_42_AS_INTEGER.rs,P0,memory,SQL_CAST,1473079,4370785,2.967108,-196.710835,true,3
1875,10458,JOIN_ORDER_INDEPENDENCE,SQLITE_PARITY_10458_JOIN_ORDER_INDEPENDENCE.rs,P0,memory,SQL_JOIN,1499939,4450195,2.966917,-196.691732,true,3
1876,10092,STRICT_TEXT_REJECTS_BLOB,SQLITE_PARITY_10092_STRICT_TEXT_REJECTS_BLOB.rs,P0,memory,SQL_STRICT_TABLES,1267690,3759808,2.965873,-196.587336,true,3
1877,00526,AGG_GROUP_HAVING_019,SQLITE_PARITY_526_AGG_GROUP_HAVING_019.rs,P1,memory,GEN_SQL_AGGREGATE,1707322,5060460,2.963975,-196.397516,true,3
1878,10424,ADD_COLUMN_DEFAULT_FILLS_EXISTING_ROWS,SQLITE_PARITY_10424_ADD_COLUMN_DEFAULT_FILLS_EXISTING_ROWS.rs,P0,memory,SQL_ALTER,1368471,4056049,2.963928,-196.392762,true,3
1879,00334,SCALAR_STRING_027,SQLITE_PARITY_334_SCALAR_STRING_027.rs,P1,memory,GEN_SQL_SCALAR,1339947,3970287,2.963018,-196.301794,true,3
1880,10362,UPSERT_RETURNING_UPDATE_PATH,SQLITE_PARITY_10362_UPSERT_RETURNING_UPDATE_PATH.rs,P0,memory,SQL_RETURNING,1555415,4608495,2.962872,-196.287165,true,3
1881,00855,WINDOW_PARTITION_SUM_068,SQLITE_PARITY_855_WINDOW_PARTITION_SUM_068.rs,P2,memory,GEN_SQL_WINDOW,1621961,4805026,2.962479,-196.247937,true,3
1882,10116,MODE_LIST_NULLVALUE_NA,SQLITE_PARITY_10116_MODE_LIST_NULLVALUE_NA.rs,P0,memory,CLI_OUTPUT_MODE,1365014,4042103,2.961217,-196.121725,true,3
1883,10307,ROLLBACK_TO_SAVEPOINT_INNER,SQLITE_PARITY_10307_ROLLBACK_TO_SAVEPOINT_INNER.rs,P0,memory,SQL_TRANSACTION,1367409,4048064,2.960390,-196.039005,true,3
1884,00528,AGG_GROUP_HAVING_021,SQLITE_PARITY_528_AGG_GROUP_HAVING_021.rs,P1,memory,GEN_SQL_AGGREGATE,1484650,4394519,2.959970,-195.996969,true,3
1885,00772,CTE_RECURSIVE_MATRIX_065,SQLITE_PARITY_772_CTE_RECURSIVE_MATRIX_065.rs,P1,memory,GEN_SQL_CTE,1404990,4158523,2.959824,-195.982391,true,3
1886,10248,PRAGMA_TRUSTED_SCHEMA_DEFAULT,SQLITE_PARITY_10248_PRAGMA_TRUSTED_SCHEMA_DEFAULT.rs,P0,memory,SQL_PRAGMA,1398527,4137974,2.958809,-195.880880,true,3
1887,11086,MATH_TANH_1_0,SQLITE_PARITY_11086_MATH_TANH_1_0.rs,P1,memory,SQL_MATH,1322433,3911565,2.957855,-195.785495,true,3
1888,00438,DML_WHERE_ORDER_LIMIT_051,SQLITE_PARITY_438_DML_WHERE_ORDER_LIMIT_051.rs,P1,memory,GEN_SQL_DML,1564492,4627019,2.957522,-195.752167,true,3
1889,10175,DOT_SCHEMA_INDENT,SQLITE_PARITY_10175_DOT_SCHEMA_INDENT.rs,P0,memory,CLI_DOT_COMMAND,1404349,4149586,2.954811,-195.481109,true,3
1890,00996,VIEW_TRIGGER_GENERATED_049,SQLITE_PARITY_996_VIEW_TRIGGER_GENERATED_049.rs,P2,memory,GEN_SQL_VIEW_TRIGGER,1659492,4899595,2.952467,-195.246678,true,3
1891,00672,JOIN_SUBQUERY_EXISTS_065,SQLITE_PARITY_672_JOIN_SUBQUERY_EXISTS_065.rs,P1,memory,GEN_SQL_JOIN_SUBQUERY,1683858,4970791,2.952025,-195.202505,true,3
1892,00525,AGG_GROUP_HAVING_018,SQLITE_PARITY_525_AGG_GROUP_HAVING_018.rs,P1,memory,GEN_SQL_AGGREGATE,1611221,4754210,2.950688,-195.068771,true,3
1893,11050,MATH_FLOOR_1_4,SQLITE_PARITY_11050_MATH_FLOOR_1_4.rs,P1,memory,SQL_MATH,1251549,3688443,2.947102,-194.710235,true,3
1894,00829,WINDOW_PARTITION_SUM_042,SQLITE_PARITY_829_WINDOW_PARTITION_SUM_042.rs,P2,memory,GEN_SQL_WINDOW,1456898,4293237,2.946834,-194.683430,true,3
1895,00851,WINDOW_PARTITION_SUM_064,SQLITE_PARITY_851_WINDOW_PARTITION_SUM_064.rs,P2,memory,GEN_SQL_WINDOW,1634094,4813583,2.945720,-194.571977,true,3
1896,00421,DML_WHERE_ORDER_LIMIT_034,SQLITE_PARITY_421_DML_WHERE_ORDER_LIMIT_034.rs,P1,memory,GEN_SQL_DML,1619486,4767526,2.943851,-194.385132,true,3
1897,01114,INDEX_SCHEMA_PRAGMA_047,SQLITE_PARITY_1114_INDEX_SCHEMA_PRAGMA_047.rs,P2,memory,GEN_SQL_INDEX_PRAGMA,1847287,5436583,2.943009,-194.300940,true,3
1898,11312,AFFINITY_BIGINT_TEXT_NUM,SQLITE_PARITY_11312_AFFINITY_BIGINT_TEXT_NUM.rs,P0,memory,SQL_TYPE_AFFINITY,1463882,4305501,2.941153,-194.115304,true,3
1899,00795,WINDOW_PARTITION_SUM_008,SQLITE_PARITY_795_WINDOW_PARTITION_SUM_008.rs,P2,memory,GEN_SQL_WINDOW,1514978,4455004,2.940639,-194.063940,true,3
1900,01054,JSON_EXTRACT_SET_047,SQLITE_PARITY_1054_JSON_EXTRACT_SET_047.rs,P2,memory,GEN_SQL_JSON,1573679,4624154,2.938435,-193.843535,true,3
1901,00864,WINDOW_PARTITION_SUM_077,SQLITE_PARITY_864_WINDOW_PARTITION_SUM_077.rs,P2,memory,GEN_SQL_WINDOW,1379712,4052863,2.937470,-193.747028,true,3
1902,10421,ALTER_ADD_COLUMN_ON_STRICT_TABLE,SQLITE_PARITY_10421_ALTER_ADD_COLUMN_ON_STRICT_TABLE.rs,P0,memory,SQL_ALTER,1677777,4919924,2.932406,-193.240639,true,3
1903,01049,JSON_EXTRACT_SET_042,SQLITE_PARITY_1049_JSON_EXTRACT_SET_042.rs,P2,memory,GEN_SQL_JSON,1508195,4422302,2.932182,-193.218185,true,3
1904,10364,RETURNING_WITH_SCALAR_SUBQUERY,SQLITE_PARITY_10364_RETURNING_WITH_SCALAR_SUBQUERY.rs,P0,memory,SQL_RETURNING,1391886,4080535,2.931659,-193.165891,true,3
1905,00869,CONSTRAINT_FK_SAVEPOINT_002,SQLITE_PARITY_869_CONSTRAINT_FK_SAVEPOINT_002.rs,P2,memory,GEN_SQL_CONSTRAINT_TX,1603425,4700519,2.931549,-193.154903,true,3
1906,00566,AGG_GROUP_HAVING_059,SQLITE_PARITY_566_AGG_GROUP_HAVING_059.rs,P1,memory,GEN_SQL_AGGREGATE,1619015,4739302,2.927275,-192.727492,true,3
1907,10012,NULL_IN_LIST,SQLITE_PARITY_10012_NULL_IN_LIST.rs,P0,memory,SQL_NULL_SEMANTICS,1483860,4341359,2.925720,-192.572008,true,3
1908,00346,SCALAR_STRING_030,SQLITE_PARITY_346_SCALAR_STRING_030.rs,P1,memory,GEN_SQL_SCALAR,1271657,3720243,2.925508,-192.550821,true,3
1909,00600,AGG_GROUP_HAVING_093,SQLITE_PARITY_600_AGG_GROUP_HAVING_093.rs,P1,memory,GEN_SQL_AGGREGATE,1647619,4818993,2.924822,-192.482243,true,3
1910,00584,AGG_GROUP_HAVING_077,SQLITE_PARITY_584_AGG_GROUP_HAVING_077.rs,P1,memory,GEN_SQL_AGGREGATE,1730977,5058387,2.922273,-192.227280,true,3
1911,00776,CTE_RECURSIVE_MATRIX_069,SQLITE_PARITY_776_CTE_RECURSIVE_MATRIX_069.rs,P1,memory,GEN_SQL_CTE,1562438,4561245,2.919313,-191.931264,true,3
1912,10463,JOIN_THREE_WAY_INNER,SQLITE_PARITY_10463_JOIN_THREE_WAY_INNER.rs,P0,memory,SQL_JOIN,1686944,4919303,2.916103,-191.610332,true,3
1913,11526,DATETIME_TIME_EPOCH_PLUS_10_SECONDS,SQLITE_PARITY_11526_DATETIME_TIME_EPOCH_PLUS_10_SECONDS.rs,P0,memory,SQL_DATETIME,1336460,3894503,2.914044,-191.404382,true,3
1914,01068,INDEX_SCHEMA_PRAGMA_001,SQLITE_PARITY_1068_INDEX_SCHEMA_PRAGMA_001.rs,P2,memory,GEN_SQL_INDEX_PRAGMA,1744181,5076822,2.910720,-191.071970,true,3
1915,00278,SCALAR_STRING_013,SQLITE_PARITY_278_SCALAR_STRING_013.rs,P1,memory,GEN_SQL_SCALAR,1576996,4589438,2.910241,-191.024074,true,3
1916,10100,STRICT_NOT_NULL_REJECTS_NULL,SQLITE_PARITY_10100_STRICT_NOT_NULL_REJECTS_NULL.rs,P0,memory,SQL_STRICT_TABLES,1277328,3714271,2.907844,-190.784434,true,3
1917,10353,INSERT_RETURNING_MULTI_COL,SQLITE_PARITY_10353_INSERT_RETURNING_MULTI_COL.rs,P0,memory,SQL_RETURNING,1508155,4384080,2.906916,-190.691607,true,3
1918,11099,MATH_LOG_2_0_1_0,SQLITE_PARITY_11099_MATH_LOG_2_0_1_0.rs,P1,memory,SQL_MATH,1259514,3659979,2.905866,-190.586607,true,3
1919,00539,AGG_GROUP_HAVING_032,SQLITE_PARITY_539_AGG_GROUP_HAVING_032.rs,P1,memory,GEN_SQL_AGGREGATE,1801060,5228749,2.903151,-190.315092,true,3
1920,00799,WINDOW_PARTITION_SUM_012,SQLITE_PARITY_799_WINDOW_PARTITION_SUM_012.rs,P2,memory,GEN_SQL_WINDOW,1417814,4116043,2.903091,-190.309096,true,3
1921,11520,DATETIME_DATE_EPOCH_PLUS_30_MINUTES,SQLITE_PARITY_11520_DATETIME_DATE_EPOCH_PLUS_30_MINUTES.rs,P0,memory,SQL_DATETIME,1469291,4264172,2.902197,-190.219705,true,3
1922,00499,DML_WHERE_ORDER_LIMIT_112,SQLITE_PARITY_499_DML_WHERE_ORDER_LIMIT_112.rs,P1,memory,GEN_SQL_DML,1483599,4304349,2.901289,-190.128869,true,3
1923,00546,AGG_GROUP_HAVING_039,SQLITE_PARITY_546_AGG_GROUP_HAVING_039.rs,P1,memory,GEN_SQL_AGGREGATE,1569581,4553381,2.901017,-190.101690,true,3
1924,10204,OPT_SEPARATOR_SEMI,SQLITE_PARITY_10204_OPT_SEPARATOR_SEMI.rs,P0,memory,CLI_OPTION,1290854,3744328,2.900660,-190.065956,true,3
1925,11102,MATH_POW_4_0_0_5,SQLITE_PARITY_11102_MATH_POW_4_0_0_5.rs,P1,memory,SQL_MATH,1288679,3737496,2.900254,-190.025367,true,3
1926,11027,MATH_CEIL_1_6,SQLITE_PARITY_11027_MATH_CEIL_1_6.rs,P1,memory,SQL_MATH,1262601,3659999,2.898777,-189.877721,true,3
1927,00594,AGG_GROUP_HAVING_087,SQLITE_PARITY_594_AGG_GROUP_HAVING_087.rs,P1,memory,GEN_SQL_AGGREGATE,1545807,4473799,2.894151,-189.415108,true,3
1928,11213,CAST_INT_NEG_3_AS_BLOB,SQLITE_PARITY_11213_CAST_INT_NEG_3_AS_BLOB.rs,P0,memory,SQL_CAST,1333775,3859927,2.893987,-189.398662,true,3
1929,00881,CONSTRAINT_FK_SAVEPOINT_014,SQLITE_PARITY_881_CONSTRAINT_FK_SAVEPOINT_014.rs,P2,memory,GEN_SQL_CONSTRAINT_TX,1525718,4415259,2.893889,-189.388930,true,3
1930,00505,DML_WHERE_ORDER_LIMIT_118,SQLITE_PARITY_505_DML_WHERE_ORDER_LIMIT_118.rs,P1,memory,GEN_SQL_DML,1538202,4448852,2.892242,-189.224172,true,3
1931,00512,AGG_GROUP_HAVING_005,SQLITE_PARITY_512_AGG_GROUP_HAVING_005.rs,P1,memory,GEN_SQL_AGGREGATE,1460504,4222554,2.891162,-189.116223,true,3
1932,10038,ORDER_BY_COLLATE_NOCASE_ASC_DEFAULT,SQLITE_PARITY_10038_ORDER_BY_COLLATE_NOCASE_ASC_DEFAULT.rs,P0,memory,SQL_NULL_ORDER,1479561,4277468,2.891039,-189.103863,true,3
1933,00694,JOIN_SUBQUERY_EXISTS_087,SQLITE_PARITY_694_JOIN_SUBQUERY_EXISTS_087.rs,P1,memory,GEN_SQL_JOIN_SUBQUERY,1739102,5027137,2.890651,-189.065104,true,3
1934,11820,JSON_JSON_TYPE_D_3,SQLITE_PARITY_11820_JSON_JSON_TYPE_D_3.rs,P0,memory,SQL_JSON,1272850,3670559,2.883733,-188.373257,true,3
1935,00935,CONSTRAINT_FK_SAVEPOINT_068,SQLITE_PARITY_935_CONSTRAINT_FK_SAVEPOINT_068.rs,P2,memory,GEN_SQL_CONSTRAINT_TX,1813263,5227968,2.883182,-188.318242,true,3
1936,11232,CAST_TEXT_NUM_AS_TEXT,SQLITE_PARITY_11232_CAST_TEXT_NUM_AS_TEXT.rs,P0,memory,SQL_CAST,1373000,3958303,2.882959,-188.295921,true,3
1937,10055,GROUP_BY_NULL_KEY_COLLAPSES,SQLITE_PARITY_10055_GROUP_BY_NULL_KEY_COLLAPSES.rs,P0,memory,SQL_AGGREGATE_NULL,1392246,4006826,2.877958,-187.795835,true,3
1938,01035,JSON_EXTRACT_SET_028,SQLITE_PARITY_1035_JSON_EXTRACT_SET_028.rs,P2,memory,GEN_SQL_JSON,1558982,4486494,2.877836,-187.783566,true,3
1939,00571,AGG_GROUP_HAVING_064,SQLITE_PARITY_571_AGG_GROUP_HAVING_064.rs,P1,memory,GEN_SQL_AGGREGATE,1546818,4451247,2.877680,-187.767986,true,3
1940,10403,PRAGMA_FUNCTION_LIST_FILTERED,SQLITE_PARITY_10403_PRAGMA_FUNCTION_LIST_FILTERED.rs,P0,memory,SQL_SCHEMA_INTROSPECTION,1561747,4486944,2.873029,-187.302873,true,3
1941,00859,WINDOW_PARTITION_SUM_072,SQLITE_PARITY_859_WINDOW_PARTITION_SUM_072.rs,P2,memory,GEN_SQL_WINDOW,1456889,4183399,2.871460,-187.146035,true,3
1942,11057,MATH_LOG10_10_0,SQLITE_PARITY_11057_MATH_LOG10_10_0.rs,P1,memory,SQL_MATH,1510599,4336550,2.870749,-187.074862,true,3
1943,10145,MODE_JSON_WITH_BLOB,SQLITE_PARITY_10145_MODE_JSON_WITH_BLOB.rs,P0,memory,CLI_OUTPUT_MODE,1591623,4567948,2.869994,-186.999371,true,3
1944,00896,CONSTRAINT_FK_SAVEPOINT_029,SQLITE_PARITY_896_CONSTRAINT_FK_SAVEPOINT_029.rs,P2,memory,GEN_SQL_CONSTRAINT_TX,1597735,4583948,2.869029,-186.902897,true,3
1945,01020,JSON_EXTRACT_SET_013,SQLITE_PARITY_1020_JSON_EXTRACT_SET_013.rs,P2,memory,GEN_SQL_JSON,1527963,4380233,2.866714,-186.671405,true,3
1946,10039,ORDER_BY_COLLATE_NOCASE_NULLS_LAST,SQLITE_PARITY_10039_ORDER_BY_COLLATE_NOCASE_NULLS_LAST.rs,P0,memory,SQL_NULL_ORDER,1434246,4109791,2.865471,-186.547147,true,3
1947,00731,CTE_RECURSIVE_MATRIX_024,SQLITE_PARITY_731_CTE_RECURSIVE_MATRIX_024.rs,P1,memory,GEN_SQL_CTE,1486795,4257560,2.863582,-186.358240,true,3
1948,01102,INDEX_SCHEMA_PRAGMA_035,SQLITE_PARITY_1102_INDEX_SCHEMA_PRAGMA_035.rs,P2,memory,GEN_SQL_INDEX_PRAGMA,1692574,4846756,2.863542,-186.354156,true,3
1949,00894,CONSTRAINT_FK_SAVEPOINT_027,SQLITE_PARITY_894_CONSTRAINT_FK_SAVEPOINT_027.rs,P2,memory,GEN_SQL_CONSTRAINT_TX,1894286,5423468,2.863067,-186.306714,true,3
1950,00810,WINDOW_PARTITION_SUM_023,SQLITE_PARITY_810_WINDOW_PARTITION_SUM_023.rs,P2,memory,GEN_SQL_WINDOW,1623594,4642248,2.859242,-185.924190,true,3
1951,00366,SCALAR_STRING_035,SQLITE_PARITY_366_SCALAR_STRING_035.rs,P1,memory,GEN_SQL_SCALAR,1289501,3684735,2.857489,-185.748906,true,3
1952,10309,RELEASE_UNKNOWN_SAVEPOINT_REJECTED,SQLITE_PARITY_10309_RELEASE_UNKNOWN_SAVEPOINT_REJECTED.rs,P0,memory,SQL_TRANSACTION,1318456,3766871,2.857032,-185.703201,true,3
1953,00876,CONSTRAINT_FK_SAVEPOINT_009,SQLITE_PARITY_876_CONSTRAINT_FK_SAVEPOINT_009.rs,P2,memory,GEN_SQL_CONSTRAINT_TX,1571115,4485131,2.854744,-185.474392,true,3
1954,00797,WINDOW_PARTITION_SUM_010,SQLITE_PARITY_797_WINDOW_PARTITION_SUM_010.rs,P2,memory,GEN_SQL_WINDOW,1556707,4439916,2.852121,-185.212053,true,3
1955,10022,UNIQUE_ALLOWS_MULTIPLE_NULLS,SQLITE_PARITY_10022_UNIQUE_ALLOWS_MULTIPLE_NULLS.rs,P0,memory,SQL_NULL_SEMANTICS,1426461,4063853,2.848906,-184.890579,true,3
1956,00791,WINDOW_PARTITION_SUM_004,SQLITE_PARITY_791_WINDOW_PARTITION_SUM_004.rs,P2,memory,GEN_SQL_WINDOW,1584701,4510620,2.846354,-184.635398,true,3
1957,00882,CONSTRAINT_FK_SAVEPOINT_015,SQLITE_PARITY_882_CONSTRAINT_FK_SAVEPOINT_015.rs,P2,memory,GEN_SQL_CONSTRAINT_TX,1611451,4586724,2.846332,-184.633166,true,3
1958,10128,MODE_TABS_HEADERS_ON,SQLITE_PARITY_10128_MODE_TABS_HEADERS_ON.rs,P0,memory,CLI_OUTPUT_MODE,1370474,3899813,2.845594,-184.559430,true,3
1959,00805,WINDOW_PARTITION_SUM_018,SQLITE_PARITY_805_WINDOW_PARTITION_SUM_018.rs,P2,memory,GEN_SQL_WINDOW,1509477,4291775,2.843220,-184.321987,true,3
1960,10320,ROLLBACK_TO_OUTER_DROPS_INNER_WRITES,SQLITE_PARITY_10320_ROLLBACK_TO_OUTER_DROPS_INNER_WRITES.rs,P0,memory,SQL_TRANSACTION,1461888,4152101,2.840232,-184.023195,true,3
1961,10393,SQLITE_MASTER_AFTER_CREATE_TRIGGER,SQLITE_PARITY_10393_SQLITE_MASTER_AFTER_CREATE_TRIGGER.rs,P0,memory,SQL_SCHEMA_INTROSPECTION,1360767,3863053,2.838879,-183.887910,true,3
1962,10365,INSERT_SELECT_RETURNING,SQLITE_PARITY_10365_INSERT_SELECT_RETURNING.rs,P0,memory,SQL_RETURNING,1553351,4409708,2.838836,-183.883552,true,3
1963,10338,MULTIPLE_ON_CONFLICT_CLAUSES,SQLITE_PARITY_10338_MULTIPLE_ON_CONFLICT_CLAUSES.rs,P0,memory,SQL_UPSERT,1361197,3864085,2.838740,-183.874046,true,3
1964,11093,MATH_ATAN2_1_0_0_0,SQLITE_PARITY_11093_MATH_ATAN2_1_0_0_0.rs,P1,memory,SQL_MATH,1340017,3803832,2.838645,-183.864458,true,3
1965,00934,CONSTRAINT_FK_SAVEPOINT_067,SQLITE_PARITY_934_CONSTRAINT_FK_SAVEPOINT_067.rs,P2,memory,GEN_SQL_CONSTRAINT_TX,1628683,4623233,2.838633,-183.863281,true,3
1966,10443,REC_SUM_TO_N_VIA_FOLD,SQLITE_PARITY_10443_REC_SUM_TO_N_VIA_FOLD.rs,P0,memory,SQL_RECURSIVE_CTE,1373851,3895335,2.835340,-183.534022,true,3
1967,00778,CTE_RECURSIVE_MATRIX_071,SQLITE_PARITY_778_CTE_RECURSIVE_MATRIX_071.rs,P1,memory,GEN_SQL_CTE,1350056,3825743,2.833766,-183.376615,true,3
1968,11534,DATETIME_STRFTIME_ISO_EPOCH_START_OF_DAY,SQLITE_PARITY_11534_DATETIME_STRFTIME_ISO_EPOCH_START_OF_DAY.rs,P0,memory,SQL_DATETIME,1361137,3851532,2.829643,-182.964316,true,3
1969,00607,AGG_GROUP_HAVING_100,SQLITE_PARITY_607_AGG_GROUP_HAVING_100.rs,P1,memory,GEN_SQL_AGGREGATE,1549784,4385112,2.829499,-182.949882,true,3
1970,11309,AFFINITY_BIGINT_INT_BIG,SQLITE_PARITY_11309_AFFINITY_BIGINT_INT_BIG.rs,P0,memory,SQL_TYPE_AFFINITY,1349194,3816856,2.828990,-182.898975,true,3
1971,11960,WIN_LAST_VALUE_ROWS_UNBND_PREC_CURRENT,SQLITE_PARITY_11960_WIN_LAST_VALUE_ROWS_UNBND_PREC_CURRENT.rs,P0,memory,SQL_WINDOW,1453602,4111163,2.828259,-182.825904,true,3
1972,10399,PRAGMA_INDEX_LIST_TVF,SQLITE_PARITY_10399_PRAGMA_INDEX_LIST_TVF.rs,P0,memory,SQL_SCHEMA_INTROSPECTION,1424837,4028336,2.827226,-182.722585,true,3
1973,11711,DATETIME_TIME_UNIX_WEEKDAY_0,SQLITE_PARITY_11711_DATETIME_TIME_UNIX_WEEKDAY_0.rs,P0,memory,SQL_DATETIME,1219699,3447817,2.826777,-182.677693,true,3
1974,10326,DO_UPDATE_WHERE_FILTERED_OUT,SQLITE_PARITY_10326_DO_UPDATE_WHERE_FILTERED_OUT.rs,P0,memory,SQL_UPSERT,1388939,3924880,2.825812,-182.581164,true,3
1975,10435,REC_WITH_LIMIT_PUSHED_DOWN,SQLITE_PARITY_10435_REC_WITH_LIMIT_PUSHED_DOWN.rs,P0,memory,SQL_RECURSIVE_CTE,1484520,4193179,2.824603,-182.460257,true,3
1976,00538,AGG_GROUP_HAVING_031,SQLITE_PARITY_538_AGG_GROUP_HAVING_031.rs,P1,memory,GEN_SQL_AGGREGATE,1681073,4747478,2.824076,-182.407605,true,3
1977,00652,JOIN_SUBQUERY_EXISTS_045,SQLITE_PARITY_652_JOIN_SUBQUERY_EXISTS_045.rs,P1,memory,GEN_SQL_JOIN_SUBQUERY,1687665,4765983,2.824010,-182.401010,true,3
1978,00410,DML_WHERE_ORDER_LIMIT_023,SQLITE_PARITY_410_DML_WHERE_ORDER_LIMIT_023.rs,P1,memory,GEN_SQL_DML,1650295,4659872,2.823660,-182.366001,true,3
1979,10188,DOT_ECHO_ON,SQLITE_PARITY_10188_DOT_ECHO_ON.rs,P0,memory,CLI_DOT_COMMAND,1326771,3742184,2.820520,-182.051989,true,3
1980,11533,DATETIME_JULIANDAY_EPOCH_START_OF_DAY,SQLITE_PARITY_11533_DATETIME_JULIANDAY_EPOCH_START_OF_DAY.rs,P0,memory,SQL_DATETIME,1389811,3919550,2.820204,-182.020361,true,3
1981,11206,CAST_INT_5_AS_REAL,SQLITE_PARITY_11206_CAST_INT_5_AS_REAL.rs,P0,memory,SQL_CAST,1271627,3582231,2.817045,-181.704541,true,3
1982,00895,CONSTRAINT_FK_SAVEPOINT_028,SQLITE_PARITY_895_CONSTRAINT_FK_SAVEPOINT_028.rs,P2,memory,GEN_SQL_CONSTRAINT_TX,1488087,4190213,2.815839,-181.583872,true,3
1983,01078,INDEX_SCHEMA_PRAGMA_011,SQLITE_PARITY_1078_INDEX_SCHEMA_PRAGMA_011.rs,P2,memory,GEN_SQL_INDEX_PRAGMA,1658470,4668128,2.814720,-181.471959,true,3
1984,01127,INDEX_SCHEMA_PRAGMA_060,SQLITE_PARITY_1127_INDEX_SCHEMA_PRAGMA_060.rs,P2,memory,GEN_SQL_INDEX_PRAGMA,1594919,4487996,2.813933,-181.393350,true,3
1985,01119,INDEX_SCHEMA_PRAGMA_052,SQLITE_PARITY_1119_INDEX_SCHEMA_PRAGMA_052.rs,P2,memory,GEN_SQL_INDEX_PRAGMA,1734113,4879197,2.813656,-181.365574,true,3
1986,00535,AGG_GROUP_HAVING_028,SQLITE_PARITY_535_AGG_GROUP_HAVING_028.rs,P1,memory,GEN_SQL_AGGREGATE,1574150,4427863,2.812860,-181.285964,true,3
1987,00508,AGG_GROUP_HAVING_001,SQLITE_PARITY_508_AGG_GROUP_HAVING_001.rs,P1,memory,GEN_SQL_AGGREGATE,1666926,4687644,2.812149,-181.214883,true,3
1988,01113,INDEX_SCHEMA_PRAGMA_046,SQLITE_PARITY_1113_INDEX_SCHEMA_PRAGMA_046.rs,P2,memory,GEN_SQL_INDEX_PRAGMA,1579731,4441638,2.811642,-181.164198,true,3
1989,10375,QUALIFIED_TABLE_REF,SQLITE_PARITY_10375_QUALIFIED_TABLE_REF.rs,P0,memory,SQL_ATTACH,1383580,3889914,2.811485,-181.148470,true,3
1990,11221,CAST_REAL_0_AS_REAL,SQLITE_PARITY_11221_CAST_REAL_0_AS_REAL.rs,P0,memory,SQL_CAST,1313336,3685638,2.806318,-180.631765,true,3
1991,10327,MULTI_COLUMN_CONFLICT_TARGET,SQLITE_PARITY_10327_MULTI_COLUMN_CONFLICT_TARGET.rs,P0,memory,SQL_UPSERT,1412364,3962482,2.805567,-180.556712,true,3
1992,11813,JSON_JSON_TYPE_A,SQLITE_PARITY_11813_JSON_JSON_TYPE_A.rs,P0,memory,SQL_JSON,1298619,3639740,2.802777,-180.277741,true,3
1993,00862,WINDOW_PARTITION_SUM_075,SQLITE_PARITY_862_WINDOW_PARTITION_SUM_075.rs,P2,memory,GEN_SQL_WINDOW,1525047,4270765,2.800415,-180.041533,true,3
1994,10434,REC_DFS_ORDER_TREE,SQLITE_PARITY_10434_REC_DFS_ORDER_TREE.rs,P0,memory,SQL_RECURSIVE_CTE,1524957,4268762,2.799267,-179.926713,true,3
1995,00885,CONSTRAINT_FK_SAVEPOINT_018,SQLITE_PARITY_885_CONSTRAINT_FK_SAVEPOINT_018.rs,P2,memory,GEN_SQL_CONSTRAINT_TX,1546477,4326631,2.797734,-179.773382,true,3
1996,00858,WINDOW_PARTITION_SUM_071,SQLITE_PARITY_858_WINDOW_PARTITION_SUM_071.rs,P2,memory,GEN_SQL_WINDOW,1459343,4082660,2.797601,-179.760139,true,3
1997,11069,MATH_SIN_1_5707963267949,SQLITE_PARITY_11069_MATH_SIN_1_5707963267949.rs,P1,memory,SQL_MATH,1412364,3949547,2.796409,-179.640872,true,3
1998,00579,AGG_GROUP_HAVING_072,SQLITE_PARITY_579_AGG_GROUP_HAVING_072.rs,P1,memory,GEN_SQL_AGGREGATE,1740455,4862996,2.794095,-179.409465,true,3
1999,10368,RETURNING_COMPUTED_FROM_INSERTED_ROW,SQLITE_PARITY_10368_RETURNING_COMPUTED_FROM_INSERTED_ROW.rs,P0,memory,SQL_RETURNING,1359774,3798542,2.793510,-179.350980,true,3
2000,11532,DATETIME_DATETIME_EPOCH_START_OF_DAY,SQLITE_PARITY_11532_DATETIME_DATETIME_EPOCH_START_OF_DAY.rs,P0,memory,SQL_DATETIME,1275965,3563957,2.793146,-179.314636,true,3
2001,00746,CTE_RECURSIVE_MATRIX_039,SQLITE_PARITY_746_CTE_RECURSIVE_MATRIX_039.rs,P1,memory,GEN_SQL_CTE,1552679,4334726,2.791772,-179.177216,true,3
2002,00521,AGG_GROUP_HAVING_014,SQLITE_PARITY_521_AGG_GROUP_HAVING_014.rs,P1,memory,GEN_SQL_AGGREGATE,1729906,4826157,2.789838,-178.983771,true,3
2003,00987,VIEW_TRIGGER_GENERATED_040,SQLITE_PARITY_987_VIEW_TRIGGER_GENERATED_040.rs,P2,memory,GEN_SQL_VIEW_TRIGGER,1703906,4753579,2.789813,-178.981294,true,3
2004,11401,STRING_LENGTH_,SQLITE_PARITY_11401_STRING_LENGTH_.rs,P0,memory,SQL_STRING,1367169,3813219,2.789135,-178.913507,true,3
2005,00891,CONSTRAINT_FK_SAVEPOINT_024,SQLITE_PARITY_891_CONSTRAINT_FK_SAVEPOINT_024.rs,P2,memory,GEN_SQL_CONSTRAINT_TX,1635627,4558349,2.786912,-178.691230,true,3
2006,10101,STRICT_VALID_DEFAULT_APPLIED,SQLITE_PARITY_10101_STRICT_VALID_DEFAULT_APPLIED.rs,P0,memory,SQL_STRICT_TABLES,1497465,4171116,2.785451,-178.545141,true,3
2007,00947,CONSTRAINT_FK_SAVEPOINT_080,SQLITE_PARITY_947_CONSTRAINT_FK_SAVEPOINT_080.rs,P2,memory,GEN_SQL_CONSTRAINT_TX,1653901,4606631,2.785312,-178.531242,true,3
2008,11098,MATH_LOG_2_0_8_0,SQLITE_PARITY_11098_MATH_LOG_2_0_8_0.rs,P1,memory,SQL_MATH,1285804,3578514,2.783094,-178.309447,true,3
2009,00580,AGG_GROUP_HAVING_073,SQLITE_PARITY_580_AGG_GROUP_HAVING_073.rs,P1,memory,GEN_SQL_AGGREGATE,1671104,4638762,2.775867,-177.586673,true,3
2010,00411,DML_WHERE_ORDER_LIMIT_024,SQLITE_PARITY_411_DML_WHERE_ORDER_LIMIT_024.rs,P1,memory,GEN_SQL_DML,1440437,3997829,2.775428,-177.542787,true,3
2011,00545,AGG_GROUP_HAVING_038,SQLITE_PARITY_545_AGG_GROUP_HAVING_038.rs,P1,memory,GEN_SQL_AGGREGATE,1548913,4292216,2.771115,-177.111497,true,3
2012,10444,JOIN_INNER_ON,SQLITE_PARITY_10444_JOIN_INNER_ON.rs,P0,memory,SQL_JOIN,1405180,3893000,2.770464,-177.046357,true,3
2013,10208,OPT_VERSION,SQLITE_PARITY_10208_OPT_VERSION.rs,P0,memory,CLI_OPTION,1099982,3042981,2.766392,-176.639163,true,3
2014,11674,DATETIME_STRFTIME_ISO_UNIX_MINUS_1_MONTH,SQLITE_PARITY_11674_DATETIME_STRFTIME_ISO_UNIX_MINUS_1_MONTH.rs,P0,memory,SQL_DATETIME,1283219,3548698,2.765466,-176.546560,true,3
2015,10335,REPLACE_INTO_LEGACY_FORM,SQLITE_PARITY_10335_REPLACE_INTO_LEGACY_FORM.rs,P0,memory,SQL_UPSERT,1343513,3713520,2.764037,-176.403727,true,3
2016,00408,DML_WHERE_ORDER_LIMIT_021,SQLITE_PARITY_408_DML_WHERE_ORDER_LIMIT_021.rs,P1,memory,GEN_SQL_DML,1651386,4564261,2.763897,-176.389711,true,3
2017,11335,AFFINITY_TEXT_REAL_BIG,SQLITE_PARITY_11335_AFFINITY_TEXT_REAL_BIG.rs,P0,memory,SQL_TYPE_AFFINITY,1404038,3876249,2.760786,-176.078639,true,3
2018,00504,DML_WHERE_ORDER_LIMIT_117,SQLITE_PARITY_504_DML_WHERE_ORDER_LIMIT_117.rs,P1,memory,GEN_SQL_DML,1640746,4527942,2.759685,-175.968492,true,3
2019,11013,MATH_ASINH_0_0,SQLITE_PARITY_11013_MATH_ASINH_0_0.rs,P1,memory,SQL_MATH,1272289,3511077,2.759654,-175.965366,true,3
2020,10146,MODE_JSON_WITH_NEWLINE_AND_QUOTE,SQLITE_PARITY_10146_MODE_JSON_WITH_NEWLINE_AND_QUOTE.rs,P0,memory,CLI_OUTPUT_MODE,1464883,4042042,2.759293,-175.929340,true,3
2021,11531,DATETIME_TIME_EPOCH_START_OF_DAY,SQLITE_PARITY_11531_DATETIME_TIME_EPOCH_START_OF_DAY.rs,P0,memory,SQL_DATETIME,1324758,3655190,2.759138,-175.913790,true,3
2022,11082,MATH_TAN_0_7853981633974483,SQLITE_PARITY_11082_MATH_TAN_0_7853981633974483.rs,P1,memory,SQL_MATH,1341460,3698713,2.757229,-175.722944,true,3
2023,00764,CTE_RECURSIVE_MATRIX_057,SQLITE_PARITY_764_CTE_RECURSIVE_MATRIX_057.rs,P1,memory,GEN_SQL_CTE,1442350,3974134,2.755319,-175.531875,true,3
2024,00792,WINDOW_PARTITION_SUM_005,SQLITE_PARITY_792_WINDOW_PARTITION_SUM_005.rs,P2,memory,GEN_SQL_WINDOW,1491633,4109560,2.755074,-175.507447,true,3
2025,00555,AGG_GROUP_HAVING_048,SQLITE_PARITY_555_AGG_GROUP_HAVING_048.rs,P1,memory,GEN_SQL_AGGREGATE,1566346,4315390,2.755068,-175.506817,true,3
2026,10054,FILTER_WHERE_IS_NOT_NULL,SQLITE_PARITY_10054_FILTER_WHERE_IS_NOT_NULL.rs,P0,memory,SQL_AGGREGATE_NULL,1658660,4569651,2.755026,-175.502574,true,3
2027,01093,INDEX_SCHEMA_PRAGMA_026,SQLITE_PARITY_1093_INDEX_SCHEMA_PRAGMA_026.rs,P2,memory,GEN_SQL_INDEX_PRAGMA,1546758,4260496,2.754468,-175.446838,true,3
2028,10420,LEGACY_ALTER_TABLE_NO_VIEW_REWRITE,SQLITE_PARITY_10420_LEGACY_ALTER_TABLE_NO_VIEW_REWRITE.rs,P0,memory,SQL_ALTER,1765613,4860953,2.753125,-175.312484,true,3
2029,00825,WINDOW_PARTITION_SUM_038,SQLITE_PARITY_825_WINDOW_PARTITION_SUM_038.rs,P2,memory,GEN_SQL_WINDOW,1613645,4439345,2.751129,-175.112866,true,3
2030,00700,JOIN_SUBQUERY_EXISTS_093,SQLITE_PARITY_700_JOIN_SUBQUERY_EXISTS_093.rs,P1,memory,GEN_SQL_JOIN_SUBQUERY,1895458,5210173,2.748767,-174.876732,true,3
2031,10288,PRAGMA_DEFER_FOREIGN_KEYS_FOR_TXN,SQLITE_PARITY_10288_PRAGMA_DEFER_FOREIGN_KEYS_FOR_TXN.rs,P0,memory,SQL_FOREIGN_KEYS,1548151,4253793,2.747660,-174.766027,true,3
2032,01065,JSON_EXTRACT_SET_058,SQLITE_PARITY_1065_JSON_EXTRACT_SET_058.rs,P2,memory,GEN_SQL_JSON,1390012,3819251,2.747639,-174.763887,true,3
2033,00846,WINDOW_PARTITION_SUM_059,SQLITE_PARITY_846_WINDOW_PARTITION_SUM_059.rs,P2,memory,GEN_SQL_WINDOW,1600440,4396744,2.747210,-174.720952,true,3
2034,01061,JSON_EXTRACT_SET_054,SQLITE_PARITY_1061_JSON_EXTRACT_SET_054.rs,P2,memory,GEN_SQL_JSON,1404830,3850951,2.741222,-174.122207,true,3
2035,11076,MATH_SQRT_0_0,SQLITE_PARITY_11076_MATH_SQRT_0_0.rs,P1,memory,SQL_MATH,1244716,3410517,2.739996,-173.999611,true,3
2036,00461,DML_WHERE_ORDER_LIMIT_074,SQLITE_PARITY_461_DML_WHERE_ORDER_LIMIT_074.rs,P1,memory,GEN_SQL_DML,1942388,5321785,2.739816,-173.981563,true,3
2037,01125,INDEX_SCHEMA_PRAGMA_058,SQLITE_PARITY_1125_INDEX_SCHEMA_PRAGMA_058.rs,P2,memory,GEN_SQL_INDEX_PRAGMA,1786231,4893544,2.739592,-173.959191,true,3
2038,00777,CTE_RECURSIVE_MATRIX_070,SQLITE_PARITY_777_CTE_RECURSIVE_MATRIX_070.rs,P1,memory,GEN_SQL_CTE,1556377,4263722,2.739517,-173.951748,true,3
2039,00558,AGG_GROUP_HAVING_051,SQLITE_PARITY_558_AGG_GROUP_HAVING_051.rs,P1,memory,GEN_SQL_AGGREGATE,1669180,4569861,2.737788,-173.778802,true,3
2040,11081,MATH_TAN_0_7853981633974483,SQLITE_PARITY_11081_MATH_TAN_0_7853981633974483.rs,P1,memory,SQL_MATH,1364734,3730242,2.733311,-173.331067,true,3
2041,00766,CTE_RECURSIVE_MATRIX_059,SQLITE_PARITY_766_CTE_RECURSIVE_MATRIX_059.rs,P1,memory,GEN_SQL_CTE,1388980,3789905,2.728553,-172.855261,true,3
2042,10356,UPDATE_RETURNING_BASIC,SQLITE_PARITY_10356_UPDATE_RETURNING_BASIC.rs,P0,memory,SQL_RETURNING,1378199,3759237,2.727645,-172.764456,true,3
2043,10372,ATTACH_FILE_BASIC,SQLITE_PARITY_10372_ATTACH_FILE_BASIC.rs,P0,memory,SQL_ATTACH,1713064,4665613,2.723549,-172.354857,true,3
2044,10083,STRICT_INT_ACCEPTS_WHOLE_REAL,SQLITE_PARITY_10083_STRICT_INT_ACCEPTS_WHOLE_REAL.rs,P0,memory,SQL_STRICT_TABLES,1407785,3833918,2.723369,-172.336898,true,3
2045,00678,JOIN_SUBQUERY_EXISTS_071,SQLITE_PARITY_678_JOIN_SUBQUERY_EXISTS_071.rs,P1,memory,GEN_SQL_JOIN_SUBQUERY,1651547,4496543,2.722625,-172.262491,true,3
2046,00944,CONSTRAINT_FK_SAVEPOINT_077,SQLITE_PARITY_944_CONSTRAINT_FK_SAVEPOINT_077.rs,P2,memory,GEN_SQL_CONSTRAINT_TX,1557839,4239706,2.721530,-172.153027,true,3
2047,11085,MATH_TANH_1_0,SQLITE_PARITY_11085_MATH_TANH_1_0.rs,P1,memory,SQL_MATH,1216803,3310607,2.720742,-172.074198,true,3
2048,00513,AGG_GROUP_HAVING_006,SQLITE_PARITY_513_AGG_GROUP_HAVING_006.rs,P1,memory,GEN_SQL_AGGREGATE,1529966,4158233,2.717860,-171.785974,true,3
2049,00726,CTE_RECURSIVE_MATRIX_019,SQLITE_PARITY_726_CTE_RECURSIVE_MATRIX_019.rs,P1,memory,GEN_SQL_CTE,1593326,4328144,2.716421,-171.642087,true,3
2050,10190,DOT_CHANGES_ON,SQLITE_PARITY_10190_DOT_CHANGES_ON.rs,P0,memory,CLI_DOT_COMMAND,1518034,4117906,2.712657,-171.265729,true,3
2051,10276,FK_DELETE_NO_ACTION_REJECTED,SQLITE_PARITY_10276_FK_DELETE_NO_ACTION_REJECTED.rs,P0,memory,SQL_FOREIGN_KEYS,1495091,4054326,2.711759,-171.175868,true,3
2052,00854,WINDOW_PARTITION_SUM_067,SQLITE_PARITY_854_WINDOW_PARTITION_SUM_067.rs,P2,memory,GEN_SQL_WINDOW,1511040,4097156,2.711481,-171.148083,true,3
2053,11218,CAST_REAL_3_14_AS_BLOB,SQLITE_PARITY_11218_CAST_REAL_3_14_AS_BLOB.rs,P0,memory,SQL_CAST,1473640,3995484,2.711303,-171.130262,true,3
2054,00842,WINDOW_PARTITION_SUM_055,SQLITE_PARITY_842_WINDOW_PARTITION_SUM_055.rs,P2,memory,GEN_SQL_WINDOW,1496433,4052723,2.708256,-170.825557,true,3
2055,11521,DATETIME_TIME_EPOCH_PLUS_30_MINUTES,SQLITE_PARITY_11521_DATETIME_TIME_EPOCH_PLUS_30_MINUTES.rs,P0,memory,SQL_DATETIME,1305842,3533029,2.705556,-170.555626,true,3
2056,00836,WINDOW_PARTITION_SUM_049,SQLITE_PARITY_836_WINDOW_PARTITION_SUM_049.rs,P2,memory,GEN_SQL_WINDOW,1509558,4083881,2.705349,-170.534885,true,3
2057,00870,CONSTRAINT_FK_SAVEPOINT_003,SQLITE_PARITY_870_CONSTRAINT_FK_SAVEPOINT_003.rs,P2,memory,GEN_SQL_CONSTRAINT_TX,1597153,4317965,2.703539,-170.353873,true,3
2058,10139,MODE_QUOTE_BASIC,SQLITE_PARITY_10139_MODE_QUOTE_BASIC.rs,P0,memory,CLI_OUTPUT_MODE,1527381,4127153,2.702111,-170.211100,true,3
2059,00567,AGG_GROUP_HAVING_060,SQLITE_PARITY_567_AGG_GROUP_HAVING_060.rs,P1,memory,GEN_SQL_AGGREGATE,1639654,4428274,2.700737,-170.073686,true,3
2060,11062,MATH_LOG2_8_0,SQLITE_PARITY_11062_MATH_LOG2_8_0.rs,P1,memory,SQL_MATH,1393869,3764277,2.700596,-170.059597,true,3
2061,01036,JSON_EXTRACT_SET_029,SQLITE_PARITY_1036_JSON_EXTRACT_SET_029.rs,P2,memory,GEN_SQL_JSON,1624616,4384090,2.698539,-169.853922,true,3
2062,10224,OPT_PAGECACHE_ZERO,SQLITE_PARITY_10224_OPT_PAGECACHE_ZERO.rs,P0,memory,CLI_OPTION,1379942,3722046,2.697248,-169.724815,true,3
2063,10366,WITH_PREFIX_INSERT_SELECT_RETURNING,SQLITE_PARITY_10366_WITH_PREFIX_INSERT_SELECT_RETURNING.rs,P0,memory,SQL_RETURNING,1482497,3998300,2.697004,-169.700377,true,3
2064,10405,PRAGMA_MODULE_LIST_FILTER,SQLITE_PARITY_10405_PRAGMA_MODULE_LIST_FILTER.rs,P0,memory,SQL_SCHEMA_INTROSPECTION,1244536,3355252,2.695986,-169.598630,true,3
2065,10311,TXN_SEES_OWN_WRITES,SQLITE_PARITY_10311_TXN_SEES_OWN_WRITES.rs,P0,memory,SQL_TRANSACTION,1337452,3599845,2.691569,-169.156949,true,3
2066,11360,AFFINITY_NUMERIC_TEXT_NUM,SQLITE_PARITY_11360_AFFINITY_NUMERIC_TEXT_NUM.rs,P0,memory,SQL_TYPE_AFFINITY,1371677,3690146,2.690244,-169.024413,true,3
2067,00999,VIEW_TRIGGER_GENERATED_052,SQLITE_PARITY_999_VIEW_TRIGGER_GENERATED_052.rs,P2,memory,GEN_SQL_VIEW_TRIGGER,1799948,4837849,2.687772,-168.777154,true,3
2068,00345,SCALAR_CAST_TYPEOF_030,SQLITE_PARITY_345_SCALAR_CAST_TYPEOF_030.rs,P1,memory,GEN_SQL_SCALAR,1407655,3782451,2.687058,-168.705826,true,3
2069,10439,REC_NUMERIC_SERIES_ARITHMETIC,SQLITE_PARITY_10439_REC_NUMERIC_SERIES_ARITHMETIC.rs,P0,memory,SQL_RECURSIVE_CTE,1660263,4457338,2.684718,-168.471802,true,3
2070,00763,CTE_RECURSIVE_MATRIX_056,SQLITE_PARITY_763_CTE_RECURSIVE_MATRIX_056.rs,P1,memory,GEN_SQL_CTE,1430538,3839899,2.684234,-168.423418,true,3
2071,10454,JOIN_MULTI_TABLE_CHAINED_ON,SQLITE_PARITY_10454_JOIN_MULTI_TABLE_CHAINED_ON.rs,P0,memory,SQL_JOIN,1772575,4756535,2.683404,-168.340409,true,3
2072,11024,MATH_CEIL_1_4,SQLITE_PARITY_11024_MATH_CEIL_1_4.rs,P1,memory,SQL_MATH,1313557,3524432,2.683121,-168.312072,true,3
2073,10383,DETACH_NONEXISTENT_ERROR,SQLITE_PARITY_10383_DETACH_NONEXISTENT_ERROR.rs,P0,memory,SQL_ATTACH,1341049,3595256,2.680928,-168.092814,true,3
2074,00844,WINDOW_PARTITION_SUM_057,SQLITE_PARITY_844_WINDOW_PARTITION_SUM_057.rs,P2,memory,GEN_SQL_WINDOW,1549333,4151510,2.679547,-167.954662,true,3
2075,11212,CAST_INT_NEG_3_AS_TEXT,SQLITE_PARITY_11212_CAST_INT_NEG_3_AS_TEXT.rs,P0,memory,SQL_CAST,1246400,3333350,2.674382,-167.438222,true,3
2076,00824,WINDOW_PARTITION_SUM_037,SQLITE_PARITY_824_WINDOW_PARTITION_SUM_037.rs,P2,memory,GEN_SQL_WINDOW,1500020,4007627,2.671716,-167.171571,true,3
2077,11058,MATH_LOG10_100_0,SQLITE_PARITY_11058_MATH_LOG10_100_0.rs,P1,memory,SQL_MATH,1357921,3627557,2.671405,-167.140504,true,3
2078,00868,CONSTRAINT_FK_SAVEPOINT_001,SQLITE_PARITY_868_CONSTRAINT_FK_SAVEPOINT_001.rs,P2,memory,GEN_SQL_CONSTRAINT_TX,1652007,4411442,2.670353,-167.035309,true,3
2079,10429,REC_GRAPH_CYCLE_DETECT_NOT_IN,SQLITE_PARITY_10429_REC_GRAPH_CYCLE_DETECT_NOT_IN.rs,P0,memory,SQL_RECURSIVE_CTE,1650165,4404669,2.669229,-166.922944,true,3
2080,11713,DATETIME_JULIANDAY_UNIX_WEEKDAY_0,SQLITE_PARITY_11713_DATETIME_JULIANDAY_UNIX_WEEKDAY_0.rs,P0,memory,SQL_DATETIME,1372118,3660731,2.667942,-166.794182,true,3
2081,10357,UPDATE_MULTI_ROW_RETURNING,SQLITE_PARITY_10357_UPDATE_MULTI_ROW_RETURNING.rs,P0,memory,SQL_RETURNING,1446940,3859477,2.667337,-166.733728,true,3
2082,01098,INDEX_SCHEMA_PRAGMA_031,SQLITE_PARITY_1098_INDEX_SCHEMA_PRAGMA_031.rs,P2,memory,GEN_SQL_INDEX_PRAGMA,1762336,4698004,2.665782,-166.578223,true,3
2083,11305,AFFINITY_INTEGER_TEXT_BARE,SQLITE_PARITY_11305_AFFINITY_INTEGER_TEXT_BARE.rs,P0,memory,SQL_TYPE_AFFINITY,1344906,3584486,2.665232,-166.523162,true,3
2084,00804,WINDOW_PARTITION_SUM_017,SQLITE_PARITY_804_WINDOW_PARTITION_SUM_017.rs,P2,memory,GEN_SQL_WINDOW,1473369,3925732,2.664459,-166.445948,true,3
2085,00811,WINDOW_PARTITION_SUM_024,SQLITE_PARITY_811_WINDOW_PARTITION_SUM_024.rs,P2,memory,GEN_SQL_WINDOW,1567608,4176026,2.663948,-166.394787,true,3
2086,00948,VIEW_TRIGGER_GENERATED_001,SQLITE_PARITY_948_VIEW_TRIGGER_GENERATED_001.rs,P2,memory,GEN_SQL_VIEW_TRIGGER,1779148,4739513,2.663923,-166.392284,true,3
2087,01084,INDEX_SCHEMA_PRAGMA_017,SQLITE_PARITY_1084_INDEX_SCHEMA_PRAGMA_017.rs,P2,memory,GEN_SQL_INDEX_PRAGMA,1773778,4721889,2.662052,-166.205185,true,3
2088,00837,WINDOW_PARTITION_SUM_050,SQLITE_PARITY_837_WINDOW_PARTITION_SUM_050.rs,P2,memory,GEN_SQL_WINDOW,1448332,3852624,2.660042,-166.004203,true,3
2089,10373,ATTACH_MEMORY_AS_AUX,SQLITE_PARITY_10373_ATTACH_MEMORY_AS_AUX.rs,P0,memory,SQL_ATTACH,1467688,3901786,2.658457,-165.845738,true,3
2090,00848,WINDOW_PARTITION_SUM_061,SQLITE_PARITY_848_WINDOW_PARTITION_SUM_061.rs,P2,memory,GEN_SQL_WINDOW,1537682,4085745,2.657081,-165.708059,true,3
2091,10308,ROLLBACK_TO_SAVEPOINT_DOES_NOT_CLOSE,SQLITE_PARITY_10308_ROLLBACK_TO_SAVEPOINT_DOES_NOT_CLOSE.rs,P0,memory,SQL_TRANSACTION,1478238,3926914,2.656483,-165.648292,true,3
2092,10503,SUBQUERY_GROUP_BY_HAVING_IN_WHERE,SQLITE_PARITY_10503_SUBQUERY_GROUP_BY_HAVING_IN_WHERE.rs,P0,memory,SQL_SUBQUERY,1532421,4069485,2.655592,-165.559203,true,3
2093,00529,AGG_GROUP_HAVING_022,SQLITE_PARITY_529_AGG_GROUP_HAVING_022.rs,P1,memory,GEN_SQL_AGGREGATE,1667237,4425869,2.654613,-165.461299,true,3
2094,10317,PRAGMA_RECURSIVE_TRIGGERS_ON_THEN_READ,SQLITE_PARITY_10317_PRAGMA_RECURSIVE_TRIGGERS_ON_THEN_READ.rs,P0,memory,SQL_TRANSACTION,1161569,3083167,2.654312,-165.431240,true,3
2095,10117,MODE_LIST_HEADERS_OFF_DEFAULT_NULL,SQLITE_PARITY_10117_MODE_LIST_HEADERS_OFF_DEFAULT_NULL.rs,P0,memory,CLI_OUTPUT_MODE,1337031,3548137,2.653743,-165.374326,true,3
2096,00834,WINDOW_PARTITION_SUM_047,SQLITE_PARITY_834_WINDOW_PARTITION_SUM_047.rs,P2,memory,GEN_SQL_WINDOW,1450166,3848326,2.653714,-165.371413,true,3
2097,10398,PRAGMA_TABLE_XINFO_INCLUDES_GENERATED,SQLITE_PARITY_10398_PRAGMA_TABLE_XINFO_INCLUDES_GENERATED.rs,P0,memory,SQL_SCHEMA_INTROSPECTION,1344986,3561983,2.648342,-164.834206,true,3
2098,11063,MATH_LOG2_0_5,SQLITE_PARITY_11063_MATH_LOG2_0_5.rs,P1,memory,SQL_MATH,1321803,3500267,2.648100,-164.810036,true,3
2099,10268,PRAGMA_FOREIGN_KEY_CHECK_FINDS_VIOLATION_WITH_DEFER,SQLITE_PARITY_10268_PRAGMA_FOREIGN_KEY_CHECK_FINDS_VIOLATION_WITH_DEFER.rs,P0,memory,SQL_PRAGMA,1477257,3911445,2.647776,-164.777557,true,3
2100,10431,REC_DEPTH_LIMIT_WHERE,SQLITE_PARITY_10431_REC_DEPTH_LIMIT_WHERE.rs,P0,memory,SQL_RECURSIVE_CTE,1450095,3837966,2.646700,-164.669970,true,3
2101,00831,WINDOW_PARTITION_SUM_044,SQLITE_PARITY_831_WINDOW_PARTITION_SUM_044.rs,P2,memory,GEN_SQL_WINDOW,1475724,3901536,2.643811,-164.381144,true,3
2102,00945,CONSTRAINT_FK_SAVEPOINT_078,SQLITE_PARITY_945_CONSTRAINT_FK_SAVEPOINT_078.rs,P2,memory,GEN_SQL_CONSTRAINT_TX,1664551,4400291,2.643530,-164.353030,true,3
2103,00892,CONSTRAINT_FK_SAVEPOINT_025,SQLITE_PARITY_892_CONSTRAINT_FK_SAVEPOINT_025.rs,P2,memory,GEN_SQL_CONSTRAINT_TX,1476936,3904102,2.643379,-164.337927,true,3
2104,10118,MODE_COLUMN_DEFAULT,SQLITE_PARITY_10118_MODE_COLUMN_DEFAULT.rs,P0,memory,CLI_OUTPUT_MODE,1418345,3743717,2.639497,-163.949674,true,3
2105,11072,MATH_SINH_0_0,SQLITE_PARITY_11072_MATH_SINH_0_0.rs,P1,memory,SQL_MATH,1258192,3320747,2.639301,-163.930068,true,3
2106,10333,INSERT_OR_REPLACE_REPLACES_ROW,SQLITE_PARITY_10333_INSERT_OR_REPLACE_REPLACES_ROW.rs,P0,memory,SQL_UPSERT,1598586,4217535,2.638291,-163.829096,true,3
2107,01077,INDEX_SCHEMA_PRAGMA_010,SQLITE_PARITY_1077_INDEX_SCHEMA_PRAGMA_010.rs,P2,memory,GEN_SQL_INDEX_PRAGMA,1719726,4536208,2.637750,-163.775043,true,3
2108,11733,DATETIME_JULIANDAY_DATE_2024_BASE,SQLITE_PARITY_11733_DATETIME_JULIANDAY_DATE_2024_BASE.rs,P0,memory,SQL_DATETIME,1353443,3569308,2.637206,-163.720600,true,3
2109,00817,WINDOW_PARTITION_SUM_030,SQLITE_PARITY_817_WINDOW_PARTITION_SUM_030.rs,P2,memory,GEN_SQL_WINDOW,1543613,4070216,2.636811,-163.681117,true,3
2110,00531,AGG_GROUP_HAVING_024,SQLITE_PARITY_531_AGG_GROUP_HAVING_024.rs,P1,memory,GEN_SQL_AGGREGATE,1615038,4250958,2.632110,-163.211020,true,3
2111,10360,DELETE_WHERE_RETURNING_FILTERED,SQLITE_PARITY_10360_DELETE_WHERE_RETURNING_FILTERED.rs,P0,memory,SQL_RETURNING,1453923,3823950,2.630091,-163.009114,true,3
2112,01000,VIEW_TRIGGER_GENERATED_053,SQLITE_PARITY_1000_VIEW_TRIGGER_GENERATED_053.rs,P2,memory,GEN_SQL_VIEW_TRIGGER,1831958,4818022,2.629985,-162.998497,true,3
2113,11230,CAST_TEXT_NUM_AS_INTEGER,SQLITE_PARITY_11230_CAST_TEXT_NUM_AS_INTEGER.rs,P0,memory,SQL_CAST,1328565,3492201,2.628551,-162.855111,true,3
2114,00551,AGG_GROUP_HAVING_044,SQLITE_PARITY_551_AGG_GROUP_HAVING_044.rs,P1,memory,GEN_SQL_AGGREGATE,1539995,4044937,2.626591,-162.659100,true,3
2115,01117,INDEX_SCHEMA_PRAGMA_050,SQLITE_PARITY_1117_INDEX_SCHEMA_PRAGMA_050.rs,P2,memory,GEN_SQL_INDEX_PRAGMA,1849241,4852046,2.623804,-162.380404,true,3
2116,10464,JOIN_LEFT_TYPED_NULL_OUTPUT,SQLITE_PARITY_10464_JOIN_LEFT_TYPED_NULL_OUTPUT.rs,P0,memory,SQL_JOIN,1757817,4606300,2.620466,-162.046618,true,3
2117,11215,CAST_REAL_3_14_AS_INTEGER,SQLITE_PARITY_11215_CAST_REAL_3_14_AS_INTEGER.rs,P0,memory,SQL_CAST,1343924,3518912,2.618386,-161.838616,true,3
2118,10168,DOT_SEPARATOR_SEMI,SQLITE_PARITY_10168_DOT_SEPARATOR_SEMI.rs,P0,memory,CLI_DOT_COMMAND,1221503,3198245,2.618287,-161.828665,true,3
2119,10378,CROSS_DB_JOIN,SQLITE_PARITY_10378_CROSS_DB_JOIN.rs,P0,memory,SQL_ATTACH,1571926,4115491,2.618120,-161.812006,true,3
2120,10275,FK_UPDATE_VIOLATION_REJECTED,SQLITE_PARITY_10275_FK_UPDATE_VIOLATION_REJECTED.rs,P0,memory,SQL_FOREIGN_KEYS,1464954,3831504,2.615443,-161.544322,true,3
2121,10133,MODE_INSERT_DEFAULT,SQLITE_PARITY_10133_MODE_INSERT_DEFAULT.rs,P0,memory,CLI_OUTPUT_MODE,1326762,3468125,2.613977,-161.397673,true,3
2122,10196,DOT_PARAMETER_SET_SUBSTITUTES,SQLITE_PARITY_10196_DOT_PARAMETER_SET_SUBSTITUTES.rs,P0,memory,CLI_DOT_COMMAND,1448362,3780196,2.609980,-160.998010,true,3
2123,10171,DOT_NULLVALUE_EMPTY,SQLITE_PARITY_10171_DOT_NULLVALUE_EMPTY.rs,P0,memory,CLI_DOT_COMMAND,1310070,3418312,2.609259,-160.925905,true,3
2124,10093,STRICT_BLOB_ACCEPTS_BLOB,SQLITE_PARITY_10093_STRICT_BLOB_ACCEPTS_BLOB.rs,P0,memory,SQL_STRICT_TABLES,1271347,3312751,2.605702,-160.570167,true,3
2125,01111,INDEX_SCHEMA_PRAGMA_044,SQLITE_PARITY_1111_INDEX_SCHEMA_PRAGMA_044.rs,P2,memory,GEN_SQL_INDEX_PRAGMA,1623012,4229077,2.605697,-160.569669,true,3
2126,10427,REC_COUNTER_UNION_DEDUPES,SQLITE_PARITY_10427_REC_COUNTER_UNION_DEDUPES.rs,P0,memory,SQL_RECURSIVE_CTE,1491804,3885005,2.604233,-160.423286,true,3
2127,00522,AGG_GROUP_HAVING_015,SQLITE_PARITY_522_AGG_GROUP_HAVING_015.rs,P1,memory,GEN_SQL_AGGREGATE,1643511,4272970,2.599903,-159.990350,true,3
2128,00838,WINDOW_PARTITION_SUM_051,SQLITE_PARITY_838_WINDOW_PARTITION_SUM_051.rs,P2,memory,GEN_SQL_WINDOW,1740676,4525528,2.599868,-159.986810,true,3
2129,10390,SQLITE_MASTER_AFTER_CREATE_TABLE,SQLITE_PARITY_10390_SQLITE_MASTER_AFTER_CREATE_TABLE.rs,P0,memory,SQL_SCHEMA_INTROSPECTION,1309980,3405036,2.599304,-159.930381,true,3
2130,10310,ROLLBACK_TO_UNKNOWN_SAVEPOINT_REJECTED,SQLITE_PARITY_10310_ROLLBACK_TO_UNKNOWN_SAVEPOINT_REJECTED.rs,P0,memory,SQL_TRANSACTION,1255678,3262416,2.598131,-159.813105,true,3
2131,11829,JSON_JSON_ARRAY_LENGTH_A_B_1_C,SQLITE_PARITY_11829_JSON_JSON_ARRAY_LENGTH_A_B_1_C.rs,P0,memory,SQL_JSON,1392667,3608512,2.591080,-159.108028,true,3
2132,01099,INDEX_SCHEMA_PRAGMA_032,SQLITE_PARITY_1099_INDEX_SCHEMA_PRAGMA_032.rs,P2,memory,GEN_SQL_INDEX_PRAGMA,1810768,4690400,2.590282,-159.028213,true,3
2133,00893,CONSTRAINT_FK_SAVEPOINT_026,SQLITE_PARITY_893_CONSTRAINT_FK_SAVEPOINT_026.rs,P2,memory,GEN_SQL_CONSTRAINT_TX,1622652,4201104,2.589036,-158.903573,true,3
2134,01008,JSON_EXTRACT_SET_001,SQLITE_PARITY_1008_JSON_EXTRACT_SET_001.rs,P2,memory,GEN_SQL_JSON,1697935,4381154,2.580284,-158.028370,true,3
2135,10447,JOIN_LEFT_WHERE_ON_LEFT_OK,SQLITE_PARITY_10447_JOIN_LEFT_WHERE_ON_LEFT_OK.rs,P0,memory,SQL_JOIN,1597033,4118938,2.579119,-157.911890,true,3
2136,00798,WINDOW_PARTITION_SUM_011,SQLITE_PARITY_798_WINDOW_PARTITION_SUM_011.rs,P2,memory,GEN_SQL_WINDOW,1553050,4002157,2.576966,-157.696597,true,3
2137,11528,DATETIME_JULIANDAY_EPOCH_PLUS_10_SECONDS,SQLITE_PARITY_11528_DATETIME_JULIANDAY_EPOCH_PLUS_10_SECONDS.rs,P0,memory,SQL_DATETIME,1219138,3140927,2.576351,-157.635067,true,3
2138,00775,CTE_RECURSIVE_MATRIX_068,SQLITE_PARITY_775_CTE_RECURSIVE_MATRIX_068.rs,P1,memory,GEN_SQL_CTE,1421310,3660029,2.575110,-157.510958,true,3
2139,10274,FK_INSERT_VIOLATION_REJECTED,SQLITE_PARITY_10274_FK_INSERT_VIOLATION_REJECTED.rs,P0,memory,SQL_FOREIGN_KEYS,1690892,4352400,2.574026,-157.402602,true,3
2140,00597,AGG_GROUP_HAVING_090,SQLITE_PARITY_597_AGG_GROUP_HAVING_090.rs,P1,memory,GEN_SQL_AGGREGATE,1777936,4574811,2.573102,-157.310218,true,3
2141,00821,WINDOW_PARTITION_SUM_034,SQLITE_PARITY_821_WINDOW_PARTITION_SUM_034.rs,P2,memory,GEN_SQL_WINDOW,1436319,3695406,2.572831,-157.283097,true,3
2142,11692,DATETIME_DATETIME_UNIX_PLUS_10_SECONDS,SQLITE_PARITY_11692_DATETIME_DATETIME_UNIX_PLUS_10_SECONDS.rs,P0,memory,SQL_DATETIME,1346229,3463528,2.572763,-157.276288,true,3
2143,01081,INDEX_SCHEMA_PRAGMA_014,SQLITE_PARITY_1081_INDEX_SCHEMA_PRAGMA_014.rs,P2,memory,GEN_SQL_INDEX_PRAGMA,1666655,4285463,2.571296,-157.129580,true,3
2144,11687,DATETIME_DATETIME_UNIX_PLUS_30_MINUTES,SQLITE_PARITY_11687_DATETIME_DATETIME_UNIX_PLUS_30_MINUTES.rs,P0,memory,SQL_DATETIME,1409098,3618701,2.568097,-156.809746,true,3
2145,01101,INDEX_SCHEMA_PRAGMA_034,SQLITE_PARITY_1101_INDEX_SCHEMA_PRAGMA_034.rs,P2,memory,GEN_SQL_INDEX_PRAGMA,1613876,4143254,2.567269,-156.726911,true,3
2146,00761,CTE_RECURSIVE_MATRIX_054,SQLITE_PARITY_761_CTE_RECURSIVE_MATRIX_054.rs,P1,memory,GEN_SQL_CTE,1386776,3555942,2.564179,-156.417907,true,3
2147,00946,CONSTRAINT_FK_SAVEPOINT_079,SQLITE_PARITY_946_CONSTRAINT_FK_SAVEPOINT_079.rs,P2,memory,GEN_SQL_CONSTRAINT_TX,1664120,4267028,2.564135,-156.413480,true,3
2148,11710,DATETIME_DATE_UNIX_WEEKDAY_0,SQLITE_PARITY_11710_DATETIME_DATE_UNIX_WEEKDAY_0.rs,P0,memory,SQL_DATETIME,1314288,3368668,2.563112,-156.311250,true,3
2149,10324,ON_CONFLICT_COL_DO_UPDATE,SQLITE_PARITY_10324_ON_CONFLICT_COL_DO_UPDATE.rs,P0,memory,SQL_UPSERT,1356118,3475349,2.562719,-156.271873,true,3
2150,11972,WIN_DENSE_RANK_PARTITION,SQLITE_PARITY_11972_WIN_DENSE_RANK_PARTITION.rs,P0,memory,SQL_WINDOW,1597324,4091215,2.561293,-156.129314,true,3
2151,10408,RENAME_TABLE_BASIC,SQLITE_PARITY_10408_RENAME_TABLE_BASIC.rs,P0,memory,SQL_ALTER,1752168,4480142,2.556913,-155.691349,true,3
2152,00787,CTE_RECURSIVE_MATRIX_080,SQLITE_PARITY_787_CTE_RECURSIVE_MATRIX_080.rs,P1,memory,GEN_SQL_CTE,1509378,3858034,2.556042,-155.604229,true,3
2153,10370,UPDATE_WITH_EXPR_RETURNING,SQLITE_PARITY_10370_UPDATE_WITH_EXPR_RETURNING.rs,P0,memory,SQL_RETURNING,1430789,3656352,2.555480,-155.547953,true,3
2154,11108,MATH_MOD_7_3,SQLITE_PARITY_11108_MATH_MOD_7_3.rs,P1,memory,SQL_MATH,1339275,3418131,2.552225,-155.222490,true,3
2155,00582,AGG_GROUP_HAVING_075,SQLITE_PARITY_582_AGG_GROUP_HAVING_075.rs,P1,memory,GEN_SQL_AGGREGATE,1717592,4380032,2.550100,-155.010037,true,3
2156,11317,AFFINITY_REAL_INT_BIG,SQLITE_PARITY_11317_AFFINITY_REAL_INT_BIG.rs,P0,memory,SQL_TYPE_AFFINITY,1412254,3596288,2.546488,-154.648810,true,3
2157,10103,STRICT_CHECK_PASSING_AND_FAILING,SQLITE_PARITY_10103_STRICT_CHECK_PASSING_AND_FAILING.rs,P0,memory,SQL_STRICT_TABLES,1319028,3356254,2.544490,-154.449034,true,3
2158,11968,WIN_LAST_VALUE_EXCL_TIES,SQLITE_PARITY_11968_WIN_LAST_VALUE_EXCL_TIES.rs,P0,memory,SQL_WINDOW,1666365,4238434,2.543521,-154.352078,true,3
2159,11083,MATH_TAN_1_0,SQLITE_PARITY_11083_MATH_TAN_1_0.rs,P1,memory,SQL_MATH,1326582,3372555,2.542289,-154.228913,true,3
2160,11720,DATETIME_DATE_EPOCH_BASE,SQLITE_PARITY_11720_DATETIME_DATE_EPOCH_BASE.rs,P0,memory,SQL_DATETIME,1425439,3622127,2.541061,-154.106068,true,3
2161,00769,CTE_RECURSIVE_MATRIX_062,SQLITE_PARITY_769_CTE_RECURSIVE_MATRIX_062.rs,P1,memory,GEN_SQL_CTE,1409919,3578525,2.538107,-153.810680,true,3
2162,10099,STRICT_NULL_ALLOWED_BY_DEFAULT,SQLITE_PARITY_10099_STRICT_NULL_ALLOWED_BY_DEFAULT.rs,P0,memory,SQL_STRICT_TABLES,1373209,3483735,2.536930,-153.692992,true,3
2163,00866,WINDOW_PARTITION_SUM_079,SQLITE_PARITY_866_WINDOW_PARTITION_SUM_079.rs,P2,memory,GEN_SQL_WINDOW,1540677,3906054,2.535284,-153.528416,true,3
2164,00830,WINDOW_PARTITION_SUM_043,SQLITE_PARITY_830_WINDOW_PARTITION_SUM_043.rs,P2,memory,GEN_SQL_WINDOW,1623343,4112275,2.533214,-153.321387,true,3
2165,01094,INDEX_SCHEMA_PRAGMA_027,SQLITE_PARITY_1094_INDEX_SCHEMA_PRAGMA_027.rs,P2,memory,GEN_SQL_INDEX_PRAGMA,1578789,3997187,2.531806,-153.180571,true,3
2166,00773,CTE_RECURSIVE_MATRIX_066,SQLITE_PARITY_773_CTE_RECURSIVE_MATRIX_066.rs,P1,memory,GEN_SQL_CTE,1463541,3702289,2.529679,-152.967905,true,3
2167,00762,CTE_RECURSIVE_MATRIX_055,SQLITE_PARITY_762_CTE_RECURSIVE_MATRIX_055.rs,P1,memory,GEN_SQL_CTE,1343373,3396610,2.528419,-152.841914,true,3
2168,00532,AGG_GROUP_HAVING_025,SQLITE_PARITY_532_AGG_GROUP_HAVING_025.rs,P1,memory,GEN_SQL_AGGREGATE,1699257,4294280,2.527152,-152.715157,true,3
2169,10380,TXN_SPANS_ATTACHED_DBS,SQLITE_PARITY_10380_TXN_SPANS_ATTACHED_DBS.rs,P0,memory,SQL_ATTACH,1512714,3820413,2.525536,-152.553556,true,3
2170,10334,INSERT_OR_IGNORE_SKIPS_ROW,SQLITE_PARITY_10334_INSERT_OR_IGNORE_SKIPS_ROW.rs,P0,memory,SQL_UPSERT,1392185,3515616,2.525251,-152.525060,true,3
2171,11805,JSON_JSON_EXTRACT_A_B_1_C,SQLITE_PARITY_11805_JSON_JSON_EXTRACT_A_B_1_C.rs,P0,memory,SQL_JSON,1425569,3599845,2.525199,-152.519871,true,3
2172,00922,CONSTRAINT_FK_SAVEPOINT_055,SQLITE_PARITY_922_CONSTRAINT_FK_SAVEPOINT_055.rs,P2,memory,GEN_SQL_CONSTRAINT_TX,1467508,3701037,2.521988,-152.198761,true,3
2173,11107,MATH_MOD_10_5_3_0,SQLITE_PARITY_11107_MATH_MOD_10_5_3_0.rs,P1,memory,SQL_MATH,1402525,3532578,2.518727,-151.872730,true,3
2174,00789,WINDOW_PARTITION_SUM_002,SQLITE_PARITY_789_WINDOW_PARTITION_SUM_002.rs,P2,memory,GEN_SQL_WINDOW,1450647,3648557,2.515124,-151.512394,true,3
2175,11850,JSON_DARROW_A_B_0,SQLITE_PARITY_11850_JSON_DARROW_A_B_0.rs,P0,memory,SQL_JSON,1381104,3473637,2.515116,-151.511617,true,3
2176,00788,WINDOW_PARTITION_SUM_001,SQLITE_PARITY_788_WINDOW_PARTITION_SUM_001.rs,P2,memory,GEN_SQL_WINDOW,1581695,3975987,2.513751,-151.375075,true,3
2177,00820,WINDOW_PARTITION_SUM_033,SQLITE_PARITY_820_WINDOW_PARTITION_SUM_033.rs,P2,memory,GEN_SQL_WINDOW,1621360,4072961,2.512065,-151.206456,true,3
2178,10318,RECURSIVE_TRIGGERS_WITH_SAVEPOINTS,SQLITE_PARITY_10318_RECURSIVE_TRIGGERS_WITH_SAVEPOINTS.rs,P0,memory,SQL_TRANSACTION,1380574,3465831,2.510428,-151.042755,true,3
2179,01060,JSON_EXTRACT_SET_053,SQLITE_PARITY_1060_JSON_EXTRACT_SET_053.rs,P2,memory,GEN_SQL_JSON,1557499,3907587,2.508886,-150.888572,true,3
2180,00771,CTE_RECURSIVE_MATRIX_064,SQLITE_PARITY_771_CTE_RECURSIVE_MATRIX_064.rs,P1,memory,GEN_SQL_CTE,1498286,3758335,2.508423,-150.842296,true,3
2181,10174,DOT_SCHEMA_SQLITE_MASTER,SQLITE_PARITY_10174_DOT_SCHEMA_SQLITE_MASTER.rs,P0,memory,CLI_DOT_COMMAND,1609287,4036422,2.508205,-150.820519,true,3
2182,11205,CAST_INT_5_AS_INTEGER,SQLITE_PARITY_11205_CAST_INT_5_AS_INTEGER.rs,P0,memory,SQL_CAST,1398127,3506038,2.507668,-150.766776,true,3
2183,12001,PRAGMA_PAGE_COUNT,SQLITE_PARITY_12001_PRAGMA_PAGE_COUNT.rs,P1,memory,SQL_PRAGMA,1297827,3248380,2.502938,-150.293760,true,3
2184,00929,CONSTRAINT_FK_SAVEPOINT_062,SQLITE_PARITY_929_CONSTRAINT_FK_SAVEPOINT_062.rs,P2,memory,GEN_SQL_CONSTRAINT_TX,1645676,4118788,2.502794,-150.279399,true,3
2185,10428,REC_TREE_TRAVERSAL_PARENT_CHILD,SQLITE_PARITY_10428_REC_TREE_TRAVERSAL_PARENT_CHILD.rs,P0,memory,SQL_RECURSIVE_CTE,1594869,3984072,2.498056,-149.805595,true,3
2186,10094,STRICT_BLOB_REJECTS_INTEGER,SQLITE_PARITY_10094_STRICT_BLOB_REJECTS_INTEGER.rs,P0,memory,SQL_STRICT_TABLES,1271717,3173578,2.495506,-149.550647,true,3
2187,00835,WINDOW_PARTITION_SUM_048,SQLITE_PARITY_835_WINDOW_PARTITION_SUM_048.rs,P2,memory,GEN_SQL_WINDOW,1574772,3929639,2.495370,-149.537012,true,3
2188,10087,STRICT_REAL_COERCES_INTEGER,SQLITE_PARITY_10087_STRICT_REAL_COERCES_INTEGER.rs,P0,memory,SQL_STRICT_TABLES,1416502,3533129,2.494263,-149.426333,true,3
2189,01107,INDEX_SCHEMA_PRAGMA_040,SQLITE_PARITY_1107_INDEX_SCHEMA_PRAGMA_040.rs,P2,memory,GEN_SQL_INDEX_PRAGMA,1569111,3912778,2.493627,-149.362728,true,3
2190,00841,WINDOW_PARTITION_SUM_054,SQLITE_PARITY_841_WINDOW_PARTITION_SUM_054.rs,P2,memory,GEN_SQL_WINDOW,1460054,3636725,2.490815,-149.081541,true,3
2191,11834,JSON_JSON_ARRAY_LENGTH_MISSING,SQLITE_PARITY_11834_JSON_JSON_ARRAY_LENGTH_MISSING.rs,P0,memory,SQL_JSON,1236621,3079570,2.490310,-149.031029,true,3
2192,11825,JSON_JSON_ARRAY_LENGTH_A,SQLITE_PARITY_11825_JSON_JSON_ARRAY_LENGTH_A.rs,P0,memory,SQL_JSON,1376677,3427038,2.489355,-148.935516,true,3
2193,11823,JSON_JSON_TYPE_A_B_99,SQLITE_PARITY_11823_JSON_JSON_TYPE_A_B_99.rs,P0,memory,SQL_JSON,1371226,3412550,2.488685,-148.868531,true,3
2194,00802,WINDOW_PARTITION_SUM_015,SQLITE_PARITY_802_WINDOW_PARTITION_SUM_015.rs,P2,memory,GEN_SQL_WINDOW,1432732,3564829,2.488134,-148.813386,true,3
2195,10351,INSERT_RETURNING_SINGLE_COL,SQLITE_PARITY_10351_INSERT_RETURNING_SINGLE_COL.rs,P0,memory,SQL_RETURNING,1377288,3424894,2.486694,-148.669414,true,3
2196,10149,MODE_TABLE_BASIC,SQLITE_PARITY_10149_MODE_TABLE_BASIC.rs,P0,memory,CLI_OUTPUT_MODE,1381336,3433491,2.485631,-148.563058,true,3
2197,10143,MODE_BOX_HEADERS_OFF,SQLITE_PARITY_10143_MODE_BOX_HEADERS_OFF.rs,P0,memory,CLI_OUTPUT_MODE,1480122,3674497,2.482564,-148.256360,true,3
2198,00759,CTE_RECURSIVE_MATRIX_052,SQLITE_PARITY_759_CTE_RECURSIVE_MATRIX_052.rs,P1,memory,GEN_SQL_CTE,1571555,3895655,2.478854,-147.885375,true,3
2199,00860,WINDOW_PARTITION_SUM_073,SQLITE_PARITY_860_WINDOW_PARTITION_SUM_073.rs,P2,memory,GEN_SQL_WINDOW,1426260,3532097,2.476475,-147.647484,true,3
2200,10377,MAIN_VS_AUX_SQLITE_MASTER,SQLITE_PARITY_10377_MAIN_VS_AUX_SQLITE_MASTER.rs,P0,memory,SQL_ATTACH,1515469,3749689,2.474276,-147.427628,true,3
2201,00818,WINDOW_PARTITION_SUM_031,SQLITE_PARITY_818_WINDOW_PARTITION_SUM_031.rs,P2,memory,GEN_SQL_WINDOW,1481475,3663867,2.473121,-147.312104,true,3
2202,10126,MODE_CSV_COMMA_AND_NEWLINE,SQLITE_PARITY_10126_MODE_CSV_COMMA_AND_NEWLINE.rs,P0,memory,CLI_OUTPUT_MODE,1500210,3710014,2.472996,-147.299645,true,3
2203,00765,CTE_RECURSIVE_MATRIX_058,SQLITE_PARITY_765_CTE_RECURSIVE_MATRIX_058.rs,P1,memory,GEN_SQL_CTE,1473550,3643337,2.472490,-147.248957,true,3
2204,10328,DO_UPDATE_REFERENCES_EXCLUDED,SQLITE_PARITY_10328_DO_UPDATE_REFERENCES_EXCLUDED.rs,P0,memory,SQL_UPSERT,1364543,3367455,2.467826,-146.782622,true,3
2205,10367,RETURNING_ROWID_NO_PK,SQLITE_PARITY_10367_RETURNING_ROWID_NO_PK.rs,P0,memory,SQL_RETURNING,1453652,3583424,2.465118,-146.511820,true,3
2206,10619,BLOB_AFFINITY_TEXT_COLUMN,SQLITE_PARITY_10619_BLOB_AFFINITY_TEXT_COLUMN.rs,P0,memory,SQL_BLOB,1523735,3748988,2.460394,-146.039370,true,3
2207,10158,CLI_FLAG_TABS,SQLITE_PARITY_10158_CLI_FLAG_TABS.rs,P0,memory,CLI_OUTPUT_MODE,1387085,3409915,2.458332,-145.833168,true,3
2208,11969,WIN_LAST_VALUE_EXCL_NO_OTHERS,SQLITE_PARITY_11969_WIN_LAST_VALUE_EXCL_NO_OTHERS.rs,P0,memory,SQL_WINDOW,1531500,3759527,2.454801,-145.480052,true,3
2209,11939,WIN_MIN_EXCL_NO_OTHERS,SQLITE_PARITY_11939_WIN_MIN_EXCL_NO_OTHERS.rs,P0,memory,SQL_WINDOW,1635636,4014621,2.454471,-145.447092,true,3
2210,10113,MODE_LIST_NULLVALUE_NULL,SQLITE_PARITY_10113_MODE_LIST_NULLVALUE_NULL.rs,P0,memory,CLI_OUTPUT_MODE,1384040,3396570,2.454098,-145.409815,true,3
2211,10011,NOT_NULL_IS_NULL,SQLITE_PARITY_10011_NOT_NULL_IS_NULL.rs,P0,memory,SQL_NULL_SEMANTICS,1522793,3735232,2.452882,-145.288230,true,3
2212,00840,WINDOW_PARTITION_SUM_053,SQLITE_PARITY_840_WINDOW_PARTITION_SUM_053.rs,P2,memory,GEN_SQL_WINDOW,1507234,3693092,2.450245,-145.024462,true,3
2213,11681,DATETIME_TIME_UNIX_PLUS_3_HOURS,SQLITE_PARITY_11681_DATETIME_TIME_UNIX_PLUS_3_HOURS.rs,P0,memory,SQL_DATETIME,1403667,3438700,2.449798,-144.979757,true,3
2214,00552,AGG_GROUP_HAVING_045,SQLITE_PARITY_552_AGG_GROUP_HAVING_045.rs,P1,memory,GEN_SQL_AGGREGATE,1647639,4034719,2.448788,-144.878824,true,3
2215,01062,JSON_EXTRACT_SET_055,SQLITE_PARITY_1062_JSON_EXTRACT_SET_055.rs,P2,memory,GEN_SQL_JSON,1483729,3632116,2.447965,-144.796455,true,3
2216,10006,IS_NULL_DEFINITE_BOOL,SQLITE_PARITY_10006_IS_NULL_DEFINITE_BOOL.rs,P0,memory,SQL_NULL_SEMANTICS,1533423,3751092,2.446221,-144.622130,true,3
2217,10363,UPSERT_RETURNING_INSERT_PATH,SQLITE_PARITY_10363_UPSERT_RETURNING_INSERT_PATH.rs,P0,memory,SQL_RETURNING,1388589,3390890,2.441968,-144.196807,true,3
2218,00515,AGG_GROUP_HAVING_008,SQLITE_PARITY_515_AGG_GROUP_HAVING_008.rs,P1,memory,GEN_SQL_AGGREGATE,1714826,4164995,2.428815,-142.881494,true,3
2219,11679,DATETIME_STRFTIME_ISO_UNIX_PLUS_1_YEAR,SQLITE_PARITY_11679_DATETIME_STRFTIME_ISO_UNIX_PLUS_1_YEAR.rs,P0,memory,SQL_DATETIME,1223416,2971175,2.428589,-142.858929,true,3
2220,11965,WIN_LAST_VALUE_GROUPS_1_PREC_CURRENT,SQLITE_PARITY_11965_WIN_LAST_VALUE_GROUPS_1_PREC_CURRENT.rs,P0,memory,SQL_WINDOW,1625206,3943356,2.426373,-142.637303,true,3
2221,11957,WIN_FIRST_VALUE_EXCL_GROUP,SQLITE_PARITY_11957_WIN_FIRST_VALUE_EXCL_GROUP.rs,P0,memory,SQL_WINDOW,1501011,3634510,2.421375,-142.137466,true,3
2222,00779,CTE_RECURSIVE_MATRIX_072,SQLITE_PARITY_779_CTE_RECURSIVE_MATRIX_072.rs,P1,memory,GEN_SQL_CTE,1439395,3481431,2.418677,-141.867660,true,3
2223,11693,DATETIME_JULIANDAY_UNIX_PLUS_10_SECONDS,SQLITE_PARITY_11693_DATETIME_JULIANDAY_UNIX_PLUS_10_SECONDS.rs,P0,memory,SQL_DATETIME,1412244,3414875,2.418049,-141.804886,true,3
2224,10369,INSERT_DEFAULT_KEY_RETURNING,SQLITE_PARITY_10369_INSERT_DEFAULT_KEY_RETURNING.rs,P0,memory,SQL_RETURNING,1499058,3621316,2.415728,-141.572774,true,3
2225,00541,AGG_GROUP_HAVING_034,SQLITE_PARITY_541_AGG_GROUP_HAVING_034.rs,P1,memory,GEN_SQL_AGGREGATE,1611631,3890235,2.413850,-141.384970,true,3
2226,10461,JOIN_INDEXED_BY,SQLITE_PARITY_10461_JOIN_INDEXED_BY.rs,P0,memory,SQL_JOIN,1525689,3682362,2.413573,-141.357315,true,3
2227,10088,STRICT_REAL_REJECTS_NON_NUMERIC_TEXT,SQLITE_PARITY_10088_STRICT_REAL_REJECTS_NON_NUMERIC_TEXT.rs,P0,memory,SQL_STRICT_TABLES,1366246,3291191,2.408930,-140.893002,true,3
2228,11966,WIN_LAST_VALUE_EXCL_CURRENT_ROW,SQLITE_PARITY_11966_WIN_LAST_VALUE_EXCL_CURRENT_ROW.rs,P0,memory,SQL_WINDOW,1535216,3697059,2.408169,-140.816862,true,3
2229,00542,AGG_GROUP_HAVING_035,SQLITE_PARITY_542_AGG_GROUP_HAVING_035.rs,P1,memory,GEN_SQL_AGGREGATE,1627511,3911966,2.403649,-140.364950,true,3
2230,10331,ON_CONFLICT_WHERE_PARTIAL_INDEX_MATCH,SQLITE_PARITY_10331_ON_CONFLICT_WHERE_PARTIAL_INDEX_MATCH.rs,P0,memory,SQL_UPSERT,1530888,3666412,2.394958,-139.495770,true,3
2231,11705,DATETIME_DATE_UNIX_START_OF_YEAR,SQLITE_PARITY_11705_DATETIME_DATE_UNIX_START_OF_YEAR.rs,P0,memory,SQL_DATETIME,1205833,2885392,2.392862,-139.286203,true,3
2232,00807,WINDOW_PARTITION_SUM_020,SQLITE_PARITY_807_WINDOW_PARTITION_SUM_020.rs,P2,memory,GEN_SQL_WINDOW,1591673,3803832,2.389833,-138.983258,true,3
2233,10089,STRICT_REAL_REJECTS_BLOB,SQLITE_PARITY_10089_STRICT_REAL_REJECTS_BLOB.rs,P0,memory,SQL_STRICT_TABLES,1448251,3460682,2.389560,-138.955954,true,3
2234,12005,PRAGMA_CACHE_SPILL,SQLITE_PARITY_12005_PRAGMA_CACHE_SPILL.rs,P1,memory,SQL_PRAGMA,1186877,2833945,2.387733,-138.773268,true,3
2235,11709,DATETIME_STRFTIME_ISO_UNIX_START_OF_YEAR,SQLITE_PARITY_11709_DATETIME_STRFTIME_ISO_UNIX_START_OF_YEAR.rs,P0,memory,SQL_DATETIME,1443242,3441996,2.384906,-138.490565,true,3
2236,00883,CONSTRAINT_FK_SAVEPOINT_016,SQLITE_PARITY_883_CONSTRAINT_FK_SAVEPOINT_016.rs,P2,memory,GEN_SQL_CONSTRAINT_TX,1582356,3749058,2.369289,-136.928858,true,3
2237,10091,STRICT_TEXT_COERCES_REAL,SQLITE_PARITY_10091_STRICT_TEXT_COERCES_REAL.rs,P0,memory,SQL_STRICT_TABLES,1389511,3279318,2.360052,-136.005185,true,3
2238,11677,DATETIME_DATETIME_UNIX_PLUS_1_YEAR,SQLITE_PARITY_11677_DATETIME_DATETIME_UNIX_PLUS_1_YEAR.rs,P0,memory,SQL_DATETIME,1449975,3415446,2.355521,-135.552061,true,3
2239,10508,SUBQUERY_IN_DELETE_WHERE,SQLITE_PARITY_10508_SUBQUERY_IN_DELETE_WHERE.rs,P0,memory,SQL_SUBQUERY,1446218,3388996,2.343351,-134.335073,true,3
2240,12016,PRAGMA_MMAP_SIZE,SQLITE_PARITY_12016_PRAGMA_MMAP_SIZE.rs,P1,memory,SQL_PRAGMA,1363952,3174400,2.327355,-132.735463,true,3
2241,11915,WIN_AVG_GROUPS_1_PREC_CURRENT,SQLITE_PARITY_11915_WIN_AVG_GROUPS_1_PREC_CURRENT.rs,P0,memory,SQL_WINDOW,1583257,3677602,2.322808,-132.280798,true,3
2242,00550,AGG_GROUP_HAVING_043,SQLITE_PARITY_550_AGG_GROUP_HAVING_043.rs,P1,memory,GEN_SQL_AGGREGATE,1688366,3920362,2.321986,-132.198587,true,3
2243,12031,PRAGMA_SET_THREADS_0,SQLITE_PARITY_12031_PRAGMA_SET_THREADS_0.rs,P1,memory,SQL_PRAGMA,1381476,3204687,2.319756,-131.975583,true,3
2244,10386,PRAGMA_MAIN_USER_VERSION_SET,SQLITE_PARITY_10386_PRAGMA_MAIN_USER_VERSION_SET.rs,P0,memory,SQL_ATTACH,1222153,2816763,2.304755,-130.475481,true,3
2245,11848,JSON_DARROW_A_B,SQLITE_PARITY_11848_JSON_DARROW_A_B.rs,P0,memory,SQL_JSON,1235479,2844065,2.301994,-130.199380,true,3
2246,10104,STRICT_INTEGER_PK_ALIAS,SQLITE_PARITY_10104_STRICT_INTEGER_PK_ALIAS.rs,P0,memory,SQL_STRICT_TABLES,1428014,3284759,2.300229,-130.022885,true,3
2247,10151,CLI_FLAG_JSON,SQLITE_PARITY_10151_CLI_FLAG_JSON.rs,P0,memory,CLI_OUTPUT_MODE,1455315,3335634,2.292036,-129.203574,true,3
2248,11668,DATETIME_JULIANDAY_UNIX_PLUS_5_DAYS,SQLITE_PARITY_11668_DATETIME_JULIANDAY_UNIX_PLUS_5_DAYS.rs,P0,memory,SQL_DATETIME,1313908,2995872,2.280123,-128.012311,true,3
2249,12015,PRAGMA_SECURE_DELETE,SQLITE_PARITY_12015_PRAGMA_SECURE_DELETE.rs,P1,memory,SQL_PRAGMA,1332814,3020869,2.266535,-126.653457,true,3
2250,11669,DATETIME_STRFTIME_ISO_UNIX_PLUS_5_DAYS,SQLITE_PARITY_11669_DATETIME_STRFTIME_ISO_UNIX_PLUS_5_DAYS.rs,P0,memory,SQL_DATETIME,1233255,2789602,2.261983,-126.198313,true,3
2251,01110,INDEX_SCHEMA_PRAGMA_043,SQLITE_PARITY_1110_INDEX_SCHEMA_PRAGMA_043.rs,P2,memory,GEN_SQL_INDEX_PRAGMA,1614928,3645621,2.257451,-125.745111,true,3
2252,11907,WIN_SUM_EXCL_GROUP,SQLITE_PARITY_11907_WIN_SUM_EXCL_GROUP.rs,P0,memory,SQL_WINDOW,1397296,3153110,2.256580,-125.657985,true,3
2253,11931,WIN_MIN_ROWS_CURRENT_UNBND_FOLL,SQLITE_PARITY_11931_WIN_MIN_ROWS_CURRENT_UNBND_FOLL.rs,P0,memory,SQL_WINDOW,1690019,3809022,2.253834,-125.383383,true,3
2254,10337,ON_CONFLICT_RETURNING_INSERTED_ON_FRESH,SQLITE_PARITY_10337_ON_CONFLICT_RETURNING_INSERTED_ON_FRESH.rs,P0,memory,SQL_UPSERT,1375844,3097774,2.251545,-125.154451,true,3
2255,01096,INDEX_SCHEMA_PRAGMA_029,SQLITE_PARITY_1096_INDEX_SCHEMA_PRAGMA_029.rs,P2,memory,GEN_SQL_INDEX_PRAGMA,1734504,3899482,2.248183,-124.818277,true,3
2256,01091,INDEX_SCHEMA_PRAGMA_024,SQLITE_PARITY_1091_INDEX_SCHEMA_PRAGMA_024.rs,P2,memory,GEN_SQL_INDEX_PRAGMA,1610308,3616908,2.246097,-124.609702,true,3
2257,00557,AGG_GROUP_HAVING_050,SQLITE_PARITY_557_AGG_GROUP_HAVING_050.rs,P1,memory,GEN_SQL_AGGREGATE,1774029,3936222,2.218804,-121.880364,true,3
2258,11698,DATETIME_JULIANDAY_UNIX_START_OF_DAY,SQLITE_PARITY_11698_DATETIME_JULIANDAY_UNIX_START_OF_DAY.rs,P0,memory,SQL_DATETIME,1304731,2894329,2.218334,-121.833389,true,3
2259,11691,DATETIME_TIME_UNIX_PLUS_10_SECONDS,SQLITE_PARITY_11691_DATETIME_TIME_UNIX_PLUS_10_SECONDS.rs,P0,memory,SQL_DATETIME,1388618,3077557,2.216273,-121.627330,true,3
2260,11930,WIN_MIN_ROWS_UNBND_PREC_CURRENT,SQLITE_PARITY_11930_WIN_MIN_ROWS_UNBND_PREC_CURRENT.rs,P0,memory,SQL_WINDOW,1660854,3675960,2.213295,-121.329509,true,3
2261,11722,DATETIME_DATETIME_EPOCH_BASE,SQLITE_PARITY_11722_DATETIME_DATETIME_EPOCH_BASE.rs,P0,memory,SQL_DATETIME,1338744,2945727,2.200366,-120.036616,true,3
2262,01103,INDEX_SCHEMA_PRAGMA_036,SQLITE_PARITY_1103_INDEX_SCHEMA_PRAGMA_036.rs,P2,memory,GEN_SQL_INDEX_PRAGMA,1728242,3794724,2.195713,-119.571333,true,3
2263,11714,DATETIME_STRFTIME_ISO_UNIX_WEEKDAY_0,SQLITE_PARITY_11714_DATETIME_STRFTIME_ISO_UNIX_WEEKDAY_0.rs,P0,memory,SQL_DATETIME,1378510,3003696,2.178944,-117.894393,true,3
2264,11836,JSON_VALID_DOC,SQLITE_PARITY_11836_JSON_VALID_DOC.rs,P0,memory,SQL_JSON,1394761,3029576,2.172111,-117.211121,true,3
2265,11956,WIN_FIRST_VALUE_EXCL_CURRENT_ROW,SQLITE_PARITY_11956_WIN_FIRST_VALUE_EXCL_CURRENT_ROW.rs,P0,memory,SQL_WINDOW,1868748,4053955,2.169343,-116.934279,true,3
2266,11695,DATETIME_DATE_UNIX_START_OF_DAY,SQLITE_PARITY_11695_DATETIME_DATE_UNIX_START_OF_DAY.rs,P0,memory,SQL_DATETIME,1355457,2935808,2.165917,-116.591747,true,3
2267,12027,PRAGMA_SET_MMAP_SIZE_0,SQLITE_PARITY_12027_PRAGMA_SET_MMAP_SIZE_0.rs,P1,memory,SQL_PRAGMA,1223486,2633906,2.152788,-115.278802,true,3
2268,11811,JSON_JSON_EXTRACT_A_B_99,SQLITE_PARITY_11811_JSON_JSON_EXTRACT_A_B_99.rs,P0,memory,SQL_JSON,1296615,2747261,2.118795,-111.879471,true,3
2269,11678,DATETIME_JULIANDAY_UNIX_PLUS_1_YEAR,SQLITE_PARITY_11678_DATETIME_JULIANDAY_UNIX_PLUS_1_YEAR.rs,P0,memory,SQL_DATETIME,1469211,3106581,2.114455,-111.445531,true,3
2270,11838,JSON_ARRAY_LENGTH_DOC_ARRAY,SQLITE_PARITY_11838_JSON_ARRAY_LENGTH_DOC_ARRAY.rs,P0,memory,SQL_JSON,1398387,2944846,2.105888,-110.588771,true,3
2271,11865,JSON_ARROW_A_B_99,SQLITE_PARITY_11865_JSON_ARROW_A_B_99.rs,P0,memory,SQL_JSON,1402815,2944575,2.099047,-109.904727,true,3
2272,11962,WIN_LAST_VALUE_ROWS_1_PREC_1_FOLL,SQLITE_PARITY_11962_WIN_LAST_VALUE_ROWS_1_PREC_1_FOLL.rs,P0,memory,SQL_WINDOW,1787424,3745281,2.095351,-109.535119,true,3
2273,11704,DATETIME_STRFTIME_ISO_UNIX_START_OF_MONTH,SQLITE_PARITY_11704_DATETIME_STRFTIME_ISO_UNIX_START_OF_MONTH.rs,P0,memory,SQL_DATETIME,1393579,2919607,2.095042,-109.504233,true,3
2274,11853,JSON_ARROW_A_B_1_C,SQLITE_PARITY_11853_JSON_ARROW_A_B_1_C.rs,P0,memory,SQL_JSON,1400642,2915249,2.081366,-108.136626,true,3
2275,11682,DATETIME_DATETIME_UNIX_PLUS_3_HOURS,SQLITE_PARITY_11682_DATETIME_DATETIME_UNIX_PLUS_3_HOURS.rs,P0,memory,SQL_DATETIME,1321862,2746018,2.077386,-107.738629,true,3
2276,11804,JSON_JSON_EXTRACT_A_B_1,SQLITE_PARITY_11804_JSON_JSON_EXTRACT_A_B_1.rs,P0,memory,SQL_JSON,1404779,2909919,2.071443,-107.144255,true,3
2277,12000,PRAGMA_FREELIST_COUNT,SQLITE_PARITY_12000_PRAGMA_FREELIST_COUNT.rs,P1,memory,SQL_PRAGMA,1185655,2433948,2.052830,-105.282987,true,3
2278,10422,ALTER_ADD_COLUMN_ON_WITHOUT_ROWID,SQLITE_PARITY_10422_ALTER_ADD_COLUMN_ON_WITHOUT_ROWID.rs,P0,memory,SQL_ALTER,1535658,3150264,2.051410,-105.140988,true,3
2279,11712,DATETIME_DATETIME_UNIX_WEEKDAY_0,SQLITE_PARITY_11712_DATETIME_DATETIME_UNIX_WEEKDAY_0.rs,P0,memory,SQL_DATETIME,1446188,2965665,2.050677,-105.067737,true,3
2280,11715,DATETIME_DATE_UNIX_UTC,SQLITE_PARITY_11715_DATETIME_DATE_UNIX_UTC.rs,P0,memory,SQL_DATETIME,1365886,2800272,2.050151,-105.015060,true,3
2281,11909,WIN_SUM_EXCL_NO_OTHERS,SQLITE_PARITY_11909_WIN_SUM_EXCL_NO_OTHERS.rs,P0,memory,SQL_WINDOW,1532922,3131379,2.042752,-104.275169,true,3
2282,11802,JSON_JSON_EXTRACT_A_B,SQLITE_PARITY_11802_JSON_JSON_EXTRACT_A_B.rs,P0,memory,SQL_JSON,1403567,2857891,2.036163,-103.616286,true,3
2283,11830,JSON_JSON_ARRAY_LENGTH_D,SQLITE_PARITY_11830_JSON_JSON_ARRAY_LENGTH_D.rs,P0,memory,SQL_JSON,1396424,2827633,2.024910,-102.491006,true,3
2284,11828,JSON_JSON_ARRAY_LENGTH_A_B_1,SQLITE_PARITY_11828_JSON_JSON_ARRAY_LENGTH_A_B_1.rs,P0,memory,SQL_JSON,1305231,2636010,2.019574,-101.957355,true,3
2285,10409,RENAME_COLUMN_BASIC,SQLITE_PARITY_10409_RENAME_COLUMN_BASIC.rs,P0,memory,SQL_ALTER,1818413,3655600,2.010324,-101.032439,true,3
2286,11667,DATETIME_DATETIME_UNIX_PLUS_5_DAYS,SQLITE_PARITY_11667_DATETIME_DATETIME_UNIX_PLUS_5_DAYS.rs,P0,memory,SQL_DATETIME,1431620,2863331,2.000064,-100.006356,true,3
2287,12032,PRAGMA_SET_ANALYSIS_LIMIT_100,SQLITE_PARITY_12032_PRAGMA_SET_ANALYSIS_LIMIT_100.rs,P1,memory,SQL_PRAGMA,1266148,2518658,1.989229,-98.922875,true,3
2288,11718,DATETIME_JULIANDAY_UNIX_UTC,SQLITE_PARITY_11718_DATETIME_JULIANDAY_UNIX_UTC.rs,P0,memory,SQL_DATETIME,1367349,2718857,1.988415,-98.841481,true,3
2289,11673,DATETIME_JULIANDAY_UNIX_MINUS_1_MONTH,SQLITE_PARITY_11673_DATETIME_JULIANDAY_UNIX_MINUS_1_MONTH.rs,P0,memory,SQL_DATETIME,1380123,2740838,1.985937,-98.593749,true,3
2290,11920,WIN_COUNT_ROWS_UNBND_PREC_CURRENT,SQLITE_PARITY_11920_WIN_COUNT_ROWS_UNBND_PREC_CURRENT.rs,P0,memory,SQL_WINDOW,1571605,3117632,1.983725,-98.372492,true,3
2291,11717,DATETIME_DATETIME_UNIX_UTC,SQLITE_PARITY_11717_DATETIME_DATETIME_UNIX_UTC.rs,P0,memory,SQL_DATETIME,1378189,2729277,1.980336,-98.033579,true,3
2292,11683,DATETIME_JULIANDAY_UNIX_PLUS_3_HOURS,SQLITE_PARITY_11683_DATETIME_JULIANDAY_UNIX_PLUS_3_HOURS.rs,P0,memory,SQL_DATETIME,1438784,2819317,1.959514,-95.951373,true,3
2293,11842,JSON_QUOTE_REAL,SQLITE_PARITY_11842_JSON_QUOTE_REAL.rs,P0,memory,SQL_JSON,1430509,2769533,1.936047,-93.604724,true,3
2294,12022,PRAGMA_STATS,SQLITE_PARITY_12022_PRAGMA_STATS.rs,P1,memory,SQL_PRAGMA,1293448,2501536,1.934006,-93.400585,true,3
2295,11932,WIN_MIN_ROWS_1_PREC_1_FOLL,SQLITE_PARITY_11932_WIN_MIN_ROWS_1_PREC_1_FOLL.rs,P0,memory,SQL_WINDOW,1648341,3185751,1.932701,-93.270143,true,3
2296,11903,WIN_SUM_ROWS_2_PREC_CURRENT,SQLITE_PARITY_11903_WIN_SUM_ROWS_2_PREC_CURRENT.rs,P0,memory,SQL_WINDOW,1703876,3290910,1.931426,-93.142576,true,3
2297,12020,PRAGMA_AUTOMATIC_INDEX,SQLITE_PARITY_12020_PRAGMA_AUTOMATIC_INDEX.rs,P1,memory,SQL_PRAGMA,1343373,2555658,1.902419,-90.241876,true,3
2298,10114,MODE_LIST_NULLVALUE_EMPTY,SQLITE_PARITY_10114_MODE_LIST_NULLVALUE_EMPTY.rs,P0,memory,CLI_OUTPUT_MODE,2497859,4661915,1.866364,-86.636435,true,3
2299,11851,JSON_ARROW_A_B_1,SQLITE_PARITY_11851_JSON_ARROW_A_B_1.rs,P0,memory,SQL_JSON,1497545,2785514,1.860054,-86.005362,true,3
2300,00165,DOT_INTCK_CATALOG,SQLITE_PARITY_165_DOT_INTCK_CATALOG.rs,P4,catalog,CLI_CATALOG,4203708,7703634,1.832581,-83.258066,false,3
2301,12014,PRAGMA_TRUSTED_SCHEMA,SQLITE_PARITY_12014_PRAGMA_TRUSTED_SCHEMA.rs,P1,memory,SQL_PRAGMA,1462498,2655527,1.815747,-81.574744,true,3
2302,11933,WIN_MIN_ROWS_2_PREC_CURRENT,SQLITE_PARITY_11933_WIN_MIN_ROWS_2_PREC_CURRENT.rs,P0,memory,SQL_WINDOW,1808193,3180872,1.759144,-75.914407,true,3
2303,10419,SCHEMA_VERSION_INCREMENTS_ON_ALTER,SQLITE_PARITY_10419_SCHEMA_VERSION_INCREMENTS_ON_ALTER.rs,P0,memory,SQL_ALTER,1920556,3353308,1.746009,-74.600897,true,3
2304,00160,DOT_EXCEL_EXTERNAL_APP,SQLITE_PARITY_160_DOT_EXCEL_EXTERNAL_APP.rs,P4,external_app,CLI_EXTERNAL_APP,25356213,15109455,0.595888,40.411232,false,3
2305,00161,DOT_WWW_EXTERNAL_APP,SQLITE_PARITY_161_DOT_WWW_EXTERNAL_APP.rs,P4,external_app,CLI_EXTERNAL_APP,24662870,9587651,0.388748,61.125161,false,3
