rank,case_id,name,case_file,priority,profile,category,sqlite_median_ns,redline_median_ns,latency_ratio,gap_pct_raw,below_resolution,samples
1,00192,OPT_INIT_TEMPFILE,SQLITE_PARITY_192_OPT_INIT_TEMPFILE.rs,P2,tempfile,CLI_OPTION_TEMPFILE,1331681,11057704,8.303568,-730.356820,true,3
2,00138,DOT_VFSNAME_LIST_INFO,SQLITE_PARITY_138_DOT_VFSNAME_LIST_INFO.rs,P3,memory,CLI_DOT_COMMAND_DIAGNOSTIC,1115262,8502006,7.623326,-662.332618,true,3
3,00180,OPT_BOX_MODE,SQLITE_PARITY_180_OPT_BOX_MODE.rs,P2,memory,CLI_OPTION,1398708,10123235,7.237561,-623.756138,true,3
4,00694,JOIN_SUBQUERY_EXISTS_087,SQLITE_PARITY_694_JOIN_SUBQUERY_EXISTS_087.rs,P1,memory,GEN_SQL_JOIN_SUBQUERY,1791101,11935998,6.664056,-566.405635,true,3
5,00001,SELECT_CORE_EXPRESSIONS,SQLITE_PARITY_001_SELECT_CORE_EXPRESSIONS.rs,P0,memory,SQL_SELECT,1425940,9219093,6.465274,-546.527413,true,3
6,11729,DATETIME_STRFTIME_ISO_Y2K_BASE,SQLITE_PARITY_11729_DATETIME_STRFTIME_ISO_Y2K_BASE.rs,P0,memory,SQL_DATETIME,1254856,7955281,6.339597,-533.959673,true,3
7,00038,CREATE_TRIGGER_AFTER,SQLITE_PARITY_038_CREATE_TRIGGER_AFTER.rs,P0,memory,SQL_TRIGGER,1483468,9375479,6.319974,-531.997387,true,3
8,10019,CASE_WHEN_NULL_MATCH,SQLITE_PARITY_10019_CASE_WHEN_NULL_MATCH.rs,P0,memory,SQL_NULL_SEMANTICS,1186697,7128786,6.007250,-500.725038,true,3
9,10011,NOT_NULL_IS_NULL,SQLITE_PARITY_10011_NOT_NULL_IS_NULL.rs,P0,memory,SQL_NULL_SEMANTICS,1333013,7978825,5.985557,-498.555678,true,3
10,01049,JSON_EXTRACT_SET_042,SQLITE_PARITY_1049_JSON_EXTRACT_SET_042.rs,P2,memory,GEN_SQL_JSON,1393818,8249959,5.918964,-491.896431,true,3
11,10464,JOIN_LEFT_TYPED_NULL_OUTPUT,SQLITE_PARITY_10464_JOIN_LEFT_TYPED_NULL_OUTPUT.rs,P0,memory,SQL_JOIN,1429557,8350669,5.841438,-484.143829,true,3
12,11363,AFFINITY_NUMERIC_NULL_LIT,SQLITE_PARITY_11363_AFFINITY_NUMERIC_NULL_LIT.rs,P0,memory,SQL_TYPE_AFFINITY,1363251,7825325,5.740194,-474.019385,true,3
13,00374,SCALAR_STRING_037,SQLITE_PARITY_374_SCALAR_STRING_037.rs,P1,memory,GEN_SQL_SCALAR,1197717,6839298,5.710279,-471.027881,true,3
14,00924,CONSTRAINT_FK_SAVEPOINT_057,SQLITE_PARITY_924_CONSTRAINT_FK_SAVEPOINT_057.rs,P2,memory,GEN_SQL_CONSTRAINT_TX,1439796,8151573,5.661617,-466.161665,true,3
15,00715,CTE_RECURSIVE_MATRIX_008,SQLITE_PARITY_715_CTE_RECURSIVE_MATRIX_008.rs,P1,memory,GEN_SQL_CTE,1375293,7610058,5.533409,-453.340852,true,3
16,11724,DATETIME_STRFTIME_ISO_EPOCH_BASE,SQLITE_PARITY_11724_DATETIME_STRFTIME_ISO_EPOCH_BASE.rs,P0,memory,SQL_DATETIME,1424456,7802552,5.477566,-447.756617,true,3
17,00175,OPT_QUOTE_MODE,SQLITE_PARITY_175_OPT_QUOTE_MODE.rs,P1,memory,CLI_OPTION,1286555,7032895,5.466455,-446.645499,true,3
18,11619,DATETIME_STRFTIME_ISO_DATE_2024_MINUS_1_MONTH,SQLITE_PARITY_11619_DATETIME_STRFTIME_ISO_DATE_2024_MINUS_1_MONTH.rs,P0,memory,SQL_DATETIME,1338394,7306713,5.459314,-445.931392,true,3
19,11862,JSON_DARROW_E,SQLITE_PARITY_11862_JSON_DARROW_E.rs,P0,memory,SQL_JSON,1333886,7263431,5.445316,-444.531617,true,3
20,11587,DATETIME_DATETIME_Y2K_START_OF_DAY,SQLITE_PARITY_11587_DATETIME_DATETIME_Y2K_START_OF_DAY.rs,P0,memory,SQL_DATETIME,1222014,6631515,5.426710,-442.670951,true,3
21,00304,SCALAR_ARITH_020,SQLITE_PARITY_304_SCALAR_ARITH_020.rs,P1,memory,GEN_SQL_SCALAR,1361258,7368700,5.413155,-441.315460,true,3
22,00163,DOT_FILECTRL_CATALOG,SQLITE_PARITY_163_DOT_FILECTRL_CATALOG.rs,P4,catalog,CLI_CATALOG,1314468,7036141,5.352843,-435.284313,true,3
23,11342,AFFINITY_VARCHAR_8_REAL_HALF,SQLITE_PARITY_11342_AFFINITY_VARCHAR_8_REAL_HALF.rs,P0,memory,SQL_TYPE_AFFINITY,1505009,8045451,5.345783,-434.578265,true,3
24,10544,AGGREGATE_IN_SUBQUERY_IN_SELECT_LIST,SQLITE_PARITY_10544_AGGREGATE_IN_SUBQUERY_IN_SELECT_LIST.rs,P0,memory,SQL_AGGREGATE_ADV,1569361,8379865,5.339667,-433.966691,true,3
25,10004,NULL_PLUS_INT_IS_NULL,SQLITE_PARITY_10004_NULL_PLUS_INT_IS_NULL.rs,P0,memory,SQL_NULL_SEMANTICS,1378590,7295432,5.291952,-429.195192,true,3
26,10151,CLI_FLAG_JSON,SQLITE_PARITY_10151_CLI_FLAG_JSON.rs,P0,memory,CLI_OUTPUT_MODE,1519396,8040493,5.291901,-429.190086,true,3
27,00467,DML_WHERE_ORDER_LIMIT_080,SQLITE_PARITY_467_DML_WHERE_ORDER_LIMIT_080.rs,P1,memory,GEN_SQL_DML,1457850,7703765,5.284333,-428.433309,true,3
28,00027,FOREIGN_KEY_FAILURE,SQLITE_PARITY_027_FOREIGN_KEY_FAILURE.rs,P0,memory,SQL_FOREIGN_KEYS_NEGATIVE,1574280,8301246,5.273043,-427.304291,true,3
29,11717,DATETIME_DATETIME_UNIX_UTC,SQLITE_PARITY_11717_DATETIME_DATETIME_UNIX_UTC.rs,P0,memory,SQL_DATETIME,1363261,7175765,5.263677,-426.367658,true,3
30,01044,JSON_EXTRACT_SET_037,SQLITE_PARITY_1044_JSON_EXTRACT_SET_037.rs,P2,memory,GEN_SQL_JSON,1534806,8027217,5.230118,-423.011833,true,3
31,00416,DML_WHERE_ORDER_LIMIT_029,SQLITE_PARITY_416_DML_WHERE_ORDER_LIMIT_029.rs,P1,memory,GEN_SQL_DML,1414839,7358391,5.200868,-420.086808,true,3
32,00077,COMMENTS_AND_CLI_TERMINATORS,SQLITE_PARITY_077_COMMENTS_AND_CLI_TERMINATORS.rs,P0,memory,CLI_SQL_INPUT,1424948,7280363,5.109213,-410.921311,true,3
33,00097,CLI_GENERATE_SERIES_OPTIONAL,SQLITE_PARITY_097_CLI_GENERATE_SERIES_OPTIONAL.rs,P2,memory,CLI_EXTENSION_OPTIONAL,1475514,7513615,5.092202,-409.220177,true,3
34,00026,FOREIGN_KEYS_CASCADE,SQLITE_PARITY_026_FOREIGN_KEYS_CASCADE.rs,P0,memory,SQL_FOREIGN_KEYS,1666044,8479003,5.089303,-408.930316,true,3
35,00070,LIKE_GLOB_MATCH_ESCAPE,SQLITE_PARITY_070_LIKE_GLOB_MATCH_ESCAPE.rs,P0,memory,SQL_OPERATORS,1374452,6966529,5.068587,-406.858661,true,3
36,10308,ROLLBACK_TO_SAVEPOINT_DOES_NOT_CLOSE,SQLITE_PARITY_10308_ROLLBACK_TO_SAVEPOINT_DOES_NOT_CLOSE.rs,P0,memory,SQL_TRANSACTION,1486243,7508395,5.051930,-405.192960,true,3
37,10067,AUTOINCREMENT_EXPLICIT_BUMPS_SEQ,SQLITE_PARITY_10067_AUTOINCREMENT_EXPLICIT_BUMPS_SEQ.rs,P0,memory,SQL_AUTOINCREMENT,1400241,7035750,5.024671,-402.467075,true,3
38,00938,CONSTRAINT_FK_SAVEPOINT_071,SQLITE_PARITY_938_CONSTRAINT_FK_SAVEPOINT_071.rs,P2,memory,GEN_SQL_CONSTRAINT_TX,1757197,8777718,4.995295,-399.529535,true,3
39,00360,SCALAR_ARITH_034,SQLITE_PARITY_360_SCALAR_ARITH_034.rs,P1,memory,GEN_SQL_SCALAR,1349084,6721575,4.982325,-398.232504,true,3
40,10110,MODE_LIST_SEP_COMMA,SQLITE_PARITY_10110_MODE_LIST_SEP_COMMA.rs,P0,memory,CLI_OUTPUT_MODE,1449154,7210531,4.975683,-397.568305,true,3
41,00113,DOT_NULLVALUE,SQLITE_PARITY_113_DOT_NULLVALUE.rs,P0,memory,CLI_DOT_COMMAND,1480253,7334646,4.954995,-395.499486,true,3
42,10372,ATTACH_FILE_BASIC,SQLITE_PARITY_10372_ATTACH_FILE_BASIC.rs,P0,memory,SQL_ATTACH,1971182,9720492,4.931301,-393.130112,true,3
43,11638,DATETIME_JULIANDAY_DATE_2024_PLUS_10_SECONDS,SQLITE_PARITY_11638_DATETIME_JULIANDAY_DATE_2024_PLUS_10_SECONDS.rs,P0,memory,SQL_DATETIME,1411682,6948955,4.922465,-392.246483,true,3
44,00102,WITH_MATERIALIZED_HINTS,SQLITE_PARITY_102_WITH_MATERIALIZED_HINTS.rs,P0,memory,SQL_CTE,1387917,6816996,4.911674,-391.167411,true,3
45,00103,WINDOW_NAMED_WINDOW,SQLITE_PARITY_103_WINDOW_NAMED_WINDOW.rs,P0,memory,SQL_WINDOW,1419056,6959977,4.904653,-390.465281,true,3
46,00151,DOT_SAVE_RESTORE_TEMPFILE,SQLITE_PARITY_151_DOT_SAVE_RESTORE_TEMPFILE.rs,P1,tempfile,CLI_TEMPFILE,1984217,9716355,4.896821,-389.682076,true,3
47,00185,OPT_SEPARATOR,SQLITE_PARITY_185_OPT_SEPARATOR.rs,P1,memory,CLI_OPTION,1354995,6622978,4.887825,-388.782468,true,3
48,11831,JSON_JSON_ARRAY_LENGTH_D_0,SQLITE_PARITY_11831_JSON_JSON_ARRAY_LENGTH_D_0.rs,P0,memory,SQL_JSON,1535267,7486814,4.876555,-387.655502,true,3
49,11821,JSON_JSON_TYPE_E,SQLITE_PARITY_11821_JSON_JSON_TYPE_E.rs,P0,memory,SQL_JSON,1398498,6801757,4.863616,-386.361582,true,3
50,00187,OPT_NULLVALUE,SQLITE_PARITY_187_OPT_NULLVALUE.rs,P1,memory,CLI_OPTION,1376235,6653987,4.834921,-383.492063,true,3
51,11620,DATETIME_DATE_DATE_2024_PLUS_1_YEAR,SQLITE_PARITY_11620_DATETIME_DATE_DATE_2024_PLUS_1_YEAR.rs,P0,memory,SQL_DATETIME,1394540,6726335,4.823336,-382.333601,true,3
52,11599,DATETIME_STRFTIME_ISO_Y2K_START_OF_YEAR,SQLITE_PARITY_11599_DATETIME_STRFTIME_ISO_Y2K_START_OF_YEAR.rs,P0,memory,SQL_DATETIME,1381686,6628980,4.797747,-379.774710,true,3
53,00682,JOIN_SUBQUERY_EXISTS_075,SQLITE_PARITY_682_JOIN_SUBQUERY_EXISTS_075.rs,P1,memory,GEN_SQL_JOIN_SUBQUERY,1723333,8255159,4.790229,-379.022859,true,3
54,11423,STRING_HEX_,SQLITE_PARITY_11423_STRING_HEX_.rs,P0,memory,SQL_STRING,1386224,6599575,4.760829,-376.082870,true,3
55,00399,DML_WHERE_ORDER_LIMIT_012,SQLITE_PARITY_399_DML_WHERE_ORDER_LIMIT_012.rs,P1,memory,GEN_SQL_DML,1645606,7780580,4.728094,-372.809409,true,3
56,11936,WIN_MIN_EXCL_CURRENT_ROW,SQLITE_PARITY_11936_WIN_MIN_EXCL_CURRENT_ROW.rs,P0,memory,SQL_WINDOW,1670463,7896139,4.726916,-372.691643,true,3
57,00325,SCALAR_CAST_TYPEOF_025,SQLITE_PARITY_325_SCALAR_CAST_TYPEOF_025.rs,P1,memory,GEN_SQL_SCALAR,1430558,6761080,4.726184,-372.618377,true,3
58,11653,DATETIME_JULIANDAY_DATE_2024_START_OF_YEAR,SQLITE_PARITY_11653_DATETIME_JULIANDAY_DATE_2024_START_OF_YEAR.rs,P0,memory,SQL_DATETIME,1415360,6595196,4.659730,-365.973039,true,3
59,00083,CORE_NUMERIC_FUNCTIONS,SQLITE_PARITY_083_CORE_NUMERIC_FUNCTIONS.rs,P0,memory,SQL_FUNCTIONS,1492796,6940600,4.649396,-364.939617,true,3
60,00547,AGG_GROUP_HAVING_040,SQLITE_PARITY_547_AGG_GROUP_HAVING_040.rs,P1,memory,GEN_SQL_AGGREGATE,1763118,8163385,4.630084,-363.008432,true,3
61,01072,INDEX_SCHEMA_PRAGMA_005,SQLITE_PARITY_1072_INDEX_SCHEMA_PRAGMA_005.rs,P2,memory,GEN_SQL_INDEX_PRAGMA,1676844,7708163,4.596828,-359.682773,true,3
62,00264,SCALAR_ARITH_010,SQLITE_PARITY_264_SCALAR_ARITH_010.rs,P1,memory,GEN_SQL_SCALAR,1376325,6322319,4.593624,-359.362360,true,3
63,11970,WIN_ROW_NUMBER_PARTITION,SQLITE_PARITY_11970_WIN_ROW_NUMBER_PARTITION.rs,P0,memory,SQL_WINDOW,1632681,7481885,4.582576,-358.257614,true,3
64,00808,WINDOW_PARTITION_SUM_021,SQLITE_PARITY_808_WINDOW_PARTITION_SUM_021.rs,P2,memory,GEN_SQL_WINDOW,1691652,7746636,4.579332,-357.933192,true,3
65,01110,INDEX_SCHEMA_PRAGMA_043,SQLITE_PARITY_1110_INDEX_SCHEMA_PRAGMA_043.rs,P2,memory,GEN_SQL_INDEX_PRAGMA,1643331,7474350,4.548292,-354.829246,true,3
66,00678,JOIN_SUBQUERY_EXISTS_071,SQLITE_PARITY_678_JOIN_SUBQUERY_EXISTS_071.rs,P1,memory,GEN_SQL_JOIN_SUBQUERY,1745374,7929211,4.542987,-354.298678,true,3
67,10455,JOIN_SUBQUERY_AS_TABLE_SOURCE,SQLITE_PARITY_10455_JOIN_SUBQUERY_AS_TABLE_SOURCE.rs,P0,memory,SQL_JOIN,1785060,8085998,4.529819,-352.981861,true,3
68,00656,JOIN_SUBQUERY_EXISTS_049,SQLITE_PARITY_656_JOIN_SUBQUERY_EXISTS_049.rs,P1,memory,GEN_SQL_JOIN_SUBQUERY,1728653,7793445,4.508392,-350.839179,true,3
69,00647,JOIN_SUBQUERY_EXISTS_040,SQLITE_PARITY_647_JOIN_SUBQUERY_EXISTS_040.rs,P1,memory,GEN_SQL_JOIN_SUBQUERY,1857477,8274295,4.454588,-345.458813,true,3
70,00196,OPT_MMAP,SQLITE_PARITY_196_OPT_MMAP.rs,P3,memory,CLI_OPTION,1459172,6482563,4.442631,-344.263116,true,3
71,00489,DML_WHERE_ORDER_LIMIT_102,SQLITE_PARITY_489_DML_WHERE_ORDER_LIMIT_102.rs,P1,memory,GEN_SQL_DML,1746747,7725576,4.422836,-342.283628,true,3
72,00904,CONSTRAINT_FK_SAVEPOINT_037,SQLITE_PARITY_904_CONSTRAINT_FK_SAVEPOINT_037.rs,P2,memory,GEN_SQL_CONSTRAINT_TX,1698686,7491613,4.410240,-341.024003,true,3
73,12020,PRAGMA_AUTOMATIC_INDEX,SQLITE_PARITY_12020_PRAGMA_AUTOMATIC_INDEX.rs,P1,memory,SQL_PRAGMA,1259345,5538856,4.398204,-339.820383,true,3
74,00245,SCALAR_CAST_TYPEOF_005,SQLITE_PARITY_245_SCALAR_CAST_TYPEOF_005.rs,P1,memory,GEN_SQL_SCALAR,1468570,6431005,4.379093,-337.909327,true,3
75,00996,VIEW_TRIGGER_GENERATED_049,SQLITE_PARITY_996_VIEW_TRIGGER_GENERATED_049.rs,P2,memory,GEN_SQL_VIEW_TRIGGER,1787214,7804986,4.367124,-336.712447,true,3
76,10125,MODE_CSV_HEADERS_OFF,SQLITE_PARITY_10125_MODE_CSV_HEADERS_OFF.rs,P0,memory,CLI_OUTPUT_MODE,1610459,6974153,4.330537,-333.053744,true,3
77,00676,JOIN_SUBQUERY_EXISTS_069,SQLITE_PARITY_676_JOIN_SUBQUERY_EXISTS_069.rs,P1,memory,GEN_SQL_JOIN_SUBQUERY,1713825,7401582,4.318750,-331.875016,true,3
78,00869,CONSTRAINT_FK_SAVEPOINT_002,SQLITE_PARITY_869_CONSTRAINT_FK_SAVEPOINT_002.rs,P2,memory,GEN_SQL_CONSTRAINT_TX,1738441,7472337,4.298298,-329.829773,true,3
79,00878,CONSTRAINT_FK_SAVEPOINT_011,SQLITE_PARITY_878_CONSTRAINT_FK_SAVEPOINT_011.rs,P2,memory,GEN_SQL_CONSTRAINT_TX,1821228,7790438,4.277574,-327.757425,true,3
80,00302,SCALAR_STRING_019,SQLITE_PARITY_302_SCALAR_STRING_019.rs,P1,memory,GEN_SQL_SCALAR,1325930,5544127,4.181312,-318.131198,true,3
81,10051,GROUP_CONCAT_ALL_NULL_RETURNS_NULL,SQLITE_PARITY_10051_GROUP_CONCAT_ALL_NULL_RETURNS_NULL.rs,P0,memory,SQL_AGGREGATE_NULL,1382587,5710130,4.130033,-313.003305,true,3
82,00321,SCALAR_CAST_TYPEOF_024,SQLITE_PARITY_321_SCALAR_CAST_TYPEOF_024.rs,P1,memory,GEN_SQL_SCALAR,1710779,6855559,4.007273,-300.727329,true,3
83,11051,MATH_FLOOR_1_6,SQLITE_PARITY_11051_MATH_FLOOR_1_6.rs,P1,memory,SQL_MATH,1609467,6406910,3.980765,-298.076506,true,3
84,10399,PRAGMA_INDEX_LIST_TVF,SQLITE_PARITY_10399_PRAGMA_INDEX_LIST_TVF.rs,P0,memory,SQL_SCHEMA_INTROSPECTION,1421441,5635970,3.964969,-296.496935,true,3
85,00093,CREATE_VIRTUAL_TABLE_FTS5_OPTIONAL,SQLITE_PARITY_093_CREATE_VIRTUAL_TABLE_FTS5_OPTIONAL.rs,P1,memory,SQL_VIRTUAL_TABLE_OPTIONAL,1817180,7060627,3.885486,-288.548575,true,3
86,00248,SCALAR_ARITH_006,SQLITE_PARITY_248_SCALAR_ARITH_006.rs,P1,memory,GEN_SQL_SCALAR,1520539,5771376,3.795612,-279.561195,true,3
87,00514,AGG_GROUP_HAVING_007,SQLITE_PARITY_514_AGG_GROUP_HAVING_007.rs,P1,memory,GEN_SQL_AGGREGATE,1862106,6923117,3.717896,-271.789630,true,3
88,10338,MULTIPLE_ON_CONFLICT_CLAUSES,SQLITE_PARITY_10338_MULTIPLE_ON_CONFLICT_CLAUSES.rs,P0,memory,SQL_UPSERT,1483699,5231344,3.525880,-252.587958,true,3
89,00409,DML_WHERE_ORDER_LIMIT_022,SQLITE_PARITY_409_DML_WHERE_ORDER_LIMIT_022.rs,P1,memory,GEN_SQL_DML,1459463,4483679,3.072143,-207.214297,true,3
90,00737,CTE_RECURSIVE_MATRIX_030,SQLITE_PARITY_737_CTE_RECURSIVE_MATRIX_030.rs,P1,memory,GEN_SQL_CTE,1354705,4143775,3.058802,-205.880247,true,3
91,00463,DML_WHERE_ORDER_LIMIT_076,SQLITE_PARITY_463_DML_WHERE_ORDER_LIMIT_076.rs,P1,memory,GEN_SQL_DML,1427813,4320179,3.025732,-202.573166,true,3
92,00402,DML_WHERE_ORDER_LIMIT_015,SQLITE_PARITY_402_DML_WHERE_ORDER_LIMIT_015.rs,P1,memory,GEN_SQL_DML,1420830,4289050,3.018693,-201.869330,true,3
93,11312,AFFINITY_BIGINT_TEXT_NUM,SQLITE_PARITY_11312_AFFINITY_BIGINT_TEXT_NUM.rs,P0,memory,SQL_TYPE_AFFINITY,1300743,3915232,3.009997,-200.999659,true,3
94,00939,CONSTRAINT_FK_SAVEPOINT_072,SQLITE_PARITY_939_CONSTRAINT_FK_SAVEPOINT_072.rs,P2,memory,GEN_SQL_CONSTRAINT_TX,1586854,4740335,2.987253,-198.725340,true,3
95,01055,JSON_EXTRACT_SET_048,SQLITE_PARITY_1055_JSON_EXTRACT_SET_048.rs,P2,memory,GEN_SQL_JSON,1461718,4363731,2.985344,-198.534396,true,3
96,10017,NULLIF_BASIC,SQLITE_PARITY_10017_NULLIF_BASIC.rs,P0,memory,SQL_NULL_SEMANTICS,1230970,3664478,2.976903,-197.690277,true,3
97,10206,OPT_INIT_FILE,SQLITE_PARITY_10206_OPT_INIT_FILE.rs,P0,memory,CLI_OPTION,1279432,3797550,2.968153,-196.815306,true,3
98,10073,REPLACE_WITH_AUTOINCREMENT,SQLITE_PARITY_10073_REPLACE_WITH_AUTOINCREMENT.rs,P0,memory,SQL_AUTOINCREMENT,1268030,3729090,2.940853,-194.085313,true,3
99,11345,AFFINITY_VARCHAR_8_TEXT_BARE,SQLITE_PARITY_11345_AFFINITY_VARCHAR_8_TEXT_BARE.rs,P0,memory,SQL_TYPE_AFFINITY,1305932,3821064,2.925929,-192.592876,true,3
100,10127,MODE_TABS_BASIC,SQLITE_PARITY_10127_MODE_TABS_BASIC.rs,P0,memory,CLI_OUTPUT_MODE,1224358,3578485,2.922744,-192.274400,true,3
101,10600,REGEXP_POSITIVE,SQLITE_PARITY_10600_REGEXP_POSITIVE.rs,P0,memory,SQL_PATTERN,1413686,4120922,2.915019,-191.501932,true,3
102,00064,CTE_NON_RECURSIVE,SQLITE_PARITY_064_CTE_NON_RECURSIVE.rs,P0,memory,SQL_CTE,1305822,3792199,2.904070,-190.407039,true,3
103,00899,CONSTRAINT_FK_SAVEPOINT_032,SQLITE_PARITY_899_CONSTRAINT_FK_SAVEPOINT_032.rs,P2,memory,GEN_SQL_CONSTRAINT_TX,1489059,4323776,2.903697,-190.369690,true,3
104,10621,UNHEX_INVALID_RETURNS_NULL,SQLITE_PARITY_10621_UNHEX_INVALID_RETURNS_NULL.rs,P0,memory,SQL_BLOB,1192398,3460491,2.902127,-190.212748,true,3
105,00338,SCALAR_STRING_028,SQLITE_PARITY_338_SCALAR_STRING_028.rs,P1,memory,GEN_SQL_SCALAR,1296766,3756322,2.896685,-189.668452,true,3
106,01024,JSON_EXTRACT_SET_017,SQLITE_PARITY_1024_JSON_EXTRACT_SET_017.rs,P2,memory,GEN_SQL_JSON,1384932,4008599,2.894437,-189.443742,true,3
107,01088,INDEX_SCHEMA_PRAGMA_021,SQLITE_PARITY_1088_INDEX_SCHEMA_PRAGMA_021.rs,P2,memory,GEN_SQL_INDEX_PRAGMA,1415720,4086657,2.886628,-188.662801,true,3
108,11809,JSON_JSON_EXTRACT_E,SQLITE_PARITY_11809_JSON_JSON_EXTRACT_E.rs,P0,memory,SQL_JSON,1345768,3882139,2.884702,-188.470152,true,3
109,10318,RECURSIVE_TRIGGERS_WITH_SAVEPOINTS,SQLITE_PARITY_10318_RECURSIVE_TRIGGERS_WITH_SAVEPOINTS.rs,P0,memory,SQL_TRANSACTION,1352291,3899272,2.883456,-188.345630,true,3
110,10112,MODE_LIST_HEADERS_ON,SQLITE_PARITY_10112_MODE_LIST_HEADERS_ON.rs,P0,memory,CLI_OUTPUT_MODE,1290073,3715875,2.880360,-188.036026,true,3
111,00337,SCALAR_CAST_TYPEOF_028,SQLITE_PARITY_337_SCALAR_CAST_TYPEOF_028.rs,P1,memory,GEN_SQL_SCALAR,1221552,3516898,2.879041,-187.904076,true,3
112,11228,CAST_TEXT_42_AS_BLOB,SQLITE_PARITY_11228_CAST_TEXT_42_AS_BLOB.rs,P0,memory,SQL_CAST,1240439,3569047,2.877245,-187.724507,true,3
113,00459,DML_WHERE_ORDER_LIMIT_072,SQLITE_PARITY_459_DML_WHERE_ORDER_LIMIT_072.rs,P1,memory,GEN_SQL_DML,1552820,4457780,2.870764,-187.076416,true,3
114,11065,MATH_RADIANS_90_0,SQLITE_PARITY_11065_MATH_RADIANS_90_0.rs,P1,memory,SQL_MATH,1245949,3563717,2.860243,-186.024308,true,3
115,10045,SUM_AVG_IGNORE_NULL,SQLITE_PARITY_10045_SUM_AVG_IGNORE_NULL.rs,P0,memory,SQL_AGGREGATE_NULL,1301013,3717948,2.857733,-185.773317,true,3
116,10491,EXISTS_SUBQUERY_RETURNS_0_OR_1,SQLITE_PARITY_10491_EXISTS_SUBQUERY_RETURNS_0_OR_1.rs,P0,memory,SQL_SUBQUERY,1230439,3502251,2.846343,-184.634265,true,3
117,10538,MIN_MAX_OVER_BLOBS_BYTEWISE,SQLITE_PARITY_10538_MIN_MAX_OVER_BLOBS_BYTEWISE.rs,P0,memory,SQL_AGGREGATE_ADV,1316573,3743968,2.843722,-184.372230,true,3
118,10312,ROLLBACK_ERASES_ALL_WRITES,SQLITE_PARITY_10312_ROLLBACK_ERASES_ALL_WRITES.rs,P0,memory,SQL_TRANSACTION,1308658,3712458,2.836844,-183.684355,true,3
119,00271,SCALAR_NULL_COALESCE_011,SQLITE_PARITY_271_SCALAR_NULL_COALESCE_011.rs,P1,memory,GEN_SQL_SCALAR,1312976,3722328,2.835031,-183.503126,true,3
120,00479,DML_WHERE_ORDER_LIMIT_092,SQLITE_PARITY_479_DML_WHERE_ORDER_LIMIT_092.rs,P1,memory,GEN_SQL_DML,1530247,4332783,2.831427,-183.142721,true,3
121,00355,SCALAR_NULL_COALESCE_032,SQLITE_PARITY_355_SCALAR_NULL_COALESCE_032.rs,P1,memory,GEN_SQL_SCALAR,1244055,3515386,2.825748,-182.574806,true,3
122,00397,DML_WHERE_ORDER_LIMIT_010,SQLITE_PARITY_397_DML_WHERE_ORDER_LIMIT_010.rs,P1,memory,GEN_SQL_DML,1444876,4076849,2.821591,-182.159092,true,3
123,10063,INTPK_NULL_PK_AFTER_DELETE_ALL,SQLITE_PARITY_10063_INTPK_NULL_PK_AFTER_DELETE_ALL.rs,P0,memory,SQL_AUTOINCREMENT,1315210,3707348,2.818826,-181.882589,true,3
124,11361,AFFINITY_NUMERIC_TEXT_BARE,SQLITE_PARITY_11361_AFFINITY_NUMERIC_TEXT_BARE.rs,P0,memory,SQL_TYPE_AFFINITY,1223136,3442387,2.814394,-181.439431,true,3
125,00003,CREATE_TABLE_INSERT_SELECT,SQLITE_PARITY_003_CREATE_TABLE_INSERT_SELECT.rs,P0,memory,SQL_DDL_DML,1425248,4006876,2.811354,-181.135353,true,3
126,01018,JSON_EXTRACT_SET_011,SQLITE_PARITY_1018_JSON_EXTRACT_SET_011.rs,P2,memory,GEN_SQL_JSON,1519507,4263431,2.805799,-180.579885,true,3
127,00279,SCALAR_NULL_COALESCE_013,SQLITE_PARITY_279_SCALAR_NULL_COALESCE_013.rs,P1,memory,GEN_SQL_SCALAR,1257812,3527989,2.804862,-180.486193,true,3
128,11006,MATH_ACOSH_10_0,SQLITE_PARITY_11006_MATH_ACOSH_10_0.rs,P1,memory,SQL_MATH,1265947,3549960,2.804193,-180.419322,true,3
129,00620,JOIN_SUBQUERY_EXISTS_013,SQLITE_PARITY_620_JOIN_SUBQUERY_EXISTS_013.rs,P1,memory,GEN_SQL_JOIN_SUBQUERY,1656567,4620006,2.788904,-178.890380,true,3
130,10023,NOT_NULL_DEFAULT_ACCEPTED,SQLITE_PARITY_10023_NOT_NULL_DEFAULT_ACCEPTED.rs,P0,memory,SQL_NULL_SEMANTICS,1327042,3694364,2.783909,-178.390887,true,3
131,11664,DATETIME_STRFTIME_ISO_DATE_2024_UTC,SQLITE_PARITY_11664_DATETIME_STRFTIME_ISO_DATE_2024_UTC.rs,P0,memory,SQL_DATETIME,1219438,3389226,2.779334,-177.933441,true,3
132,11727,DATETIME_DATETIME_Y2K_BASE,SQLITE_PARITY_11727_DATETIME_DATETIME_Y2K_BASE.rs,P0,memory,SQL_DATETIME,1232814,3425084,2.778265,-177.826501,true,3
133,00949,VIEW_TRIGGER_GENERATED_002,SQLITE_PARITY_949_VIEW_TRIGGER_GENERATED_002.rs,P2,memory,GEN_SQL_VIEW_TRIGGER,1560444,4334927,2.778009,-177.800869,true,3
134,00455,DML_WHERE_ORDER_LIMIT_068,SQLITE_PARITY_455_DML_WHERE_ORDER_LIMIT_068.rs,P1,memory,GEN_SQL_DML,1555034,4315520,2.775193,-177.519334,true,3
135,00277,SCALAR_CAST_TYPEOF_013,SQLITE_PARITY_277_SCALAR_CAST_TYPEOF_013.rs,P1,memory,GEN_SQL_SCALAR,1356387,3763775,2.774853,-177.485334,true,3
136,00266,SCALAR_STRING_010,SQLITE_PARITY_266_SCALAR_STRING_010.rs,P1,memory,GEN_SQL_SCALAR,1417253,3927896,2.771485,-177.148540,true,3
137,11048,MATH_FLOOR_1_4,SQLITE_PARITY_11048_MATH_FLOOR_1_4.rs,P1,memory,SQL_MATH,1505731,4171858,2.770653,-177.065293,true,3
138,00306,SCALAR_STRING_020,SQLITE_PARITY_306_SCALAR_STRING_020.rs,P1,memory,GEN_SQL_SCALAR,1369072,3788252,2.767022,-176.702175,true,3
139,00232,SCALAR_ARITH_002,SQLITE_PARITY_232_SCALAR_ARITH_002.rs,P1,memory,GEN_SQL_SCALAR,1190824,3293966,2.766123,-176.612329,true,3
140,00044,ANALYZE_SQLITE_STAT1,SQLITE_PARITY_044_ANALYZE_SQLITE_STAT1.rs,P0,memory,SQL_ANALYZE,1435568,3969034,2.764783,-176.478300,true,3
141,10080,STRICT_FIVE_TYPES_TYPEOF,SQLITE_PARITY_10080_STRICT_FIVE_TYPES_TYPEOF.rs,P0,memory,SQL_STRICT_TABLES,1401624,3873674,2.763704,-176.370410,true,3
142,10239,OPT_HEADER_COLUMN_COMBO,SQLITE_PARITY_10239_OPT_HEADER_COLUMN_COMBO.rs,P0,memory,CLI_OPTION,1177960,3248249,2.757521,-175.752063,true,3
143,10129,MODE_LINE_BASIC,SQLITE_PARITY_10129_MODE_LINE_BASIC.rs,P0,memory,CLI_OUTPUT_MODE,1243324,3419774,2.750509,-175.050912,true,3
144,11563,DATETIME_JULIANDAY_Y2K_MINUS_1_MONTH,SQLITE_PARITY_11563_DATETIME_JULIANDAY_Y2K_MINUS_1_MONTH.rs,P0,memory,SQL_DATETIME,1255537,3452987,2.750207,-175.020728,true,3
145,11679,DATETIME_STRFTIME_ISO_UNIX_PLUS_1_YEAR,SQLITE_PARITY_11679_DATETIME_STRFTIME_ISO_UNIX_PLUS_1_YEAR.rs,P0,memory,SQL_DATETIME,1191316,3274088,2.748295,-174.829516,true,3
146,10168,DOT_SEPARATOR_SEMI,SQLITE_PARITY_10168_DOT_SEPARATOR_SEMI.rs,P0,memory,CLI_DOT_COMMAND,1212385,3331958,2.748267,-174.826726,true,3
147,00101,SCHEMA_SQLITE_MASTER_ALIAS,SQLITE_PARITY_101_SCHEMA_SQLITE_MASTER_ALIAS.rs,P0,memory,SQL_SCHEMA,1281506,3509334,2.738445,-173.844524,true,3
148,10039,ORDER_BY_COLLATE_NOCASE_NULLS_LAST,SQLITE_PARITY_10039_ORDER_BY_COLLATE_NOCASE_NULLS_LAST.rs,P0,memory,SQL_NULL_ORDER,1419407,3885355,2.737309,-173.730861,true,3
149,00462,DML_WHERE_ORDER_LIMIT_075,SQLITE_PARITY_462_DML_WHERE_ORDER_LIMIT_075.rs,P1,memory,GEN_SQL_DML,1518164,4151319,2.734434,-173.443383,true,3
150,00223,OPT_NOHEADER,SQLITE_PARITY_223_OPT_NOHEADER.rs,P2,memory,CLI_OPTION,1232864,3369489,2.733058,-173.305815,true,3
151,10138,MODE_TCL_WITH_BLOB,SQLITE_PARITY_10138_MODE_TCL_WITH_BLOB.rs,P0,memory,CLI_OUTPUT_MODE,1306133,3569046,2.732529,-173.252877,true,3
152,00130,DOT_OPEN_MEMORY,SQLITE_PARITY_130_DOT_OPEN_MEMORY.rs,P0,memory,CLI_DOT_COMMAND,1393468,3807208,2.732182,-173.218187,true,3
153,11814,JSON_JSON_TYPE_A_B,SQLITE_PARITY_11814_JSON_JSON_TYPE_A_B.rs,P0,memory,SQL_JSON,1263112,3450782,2.731968,-173.196834,true,3
154,11444,STRING_INSTR_ABCDEF_CD,SQLITE_PARITY_11444_STRING_INSTR_ABCDEF_CD.rs,P0,memory,SQL_STRING,1242072,3391500,2.730518,-173.051804,true,3
155,00072,ORDER_BY_NULLS_FIRST_LAST,SQLITE_PARITY_072_ORDER_BY_NULLS_FIRST_LAST.rs,P0,memory,SQL_SELECT,1318647,3598914,2.729247,-172.924748,true,3
156,00926,CONSTRAINT_FK_SAVEPOINT_059,SQLITE_PARITY_926_CONSTRAINT_FK_SAVEPOINT_059.rs,P2,memory,GEN_SQL_CONSTRAINT_TX,1550505,4231220,2.728930,-172.893025,true,3
157,10293,FK_SELF_REFERENTIAL_CASCADE,SQLITE_PARITY_10293_FK_SELF_REFERENTIAL_CASCADE.rs,P0,memory,SQL_FOREIGN_KEYS,1524727,4159886,2.728283,-172.828251,true,3
158,10137,MODE_TCL_WITH_NEWLINE,SQLITE_PARITY_10137_MODE_TCL_WITH_NEWLINE.rs,P0,memory,CLI_OUTPUT_MODE,1374732,3749348,2.727330,-172.733013,true,3
159,10033,CREATE_INDEX_DESC_DEFAULT_OK,SQLITE_PARITY_10033_CREATE_INDEX_DESC_DEFAULT_OK.rs,P0,memory,SQL_NULL_ORDER,1415330,3856160,2.724566,-172.456600,true,3
160,00086,DATE_TIME_FUNCTIONS,SQLITE_PARITY_086_DATE_TIME_FUNCTIONS.rs,P0,memory,SQL_FUNCTIONS,1245217,3392021,2.724040,-172.404007,true,3
161,11919,WIN_AVG_EXCL_NO_OTHERS,SQLITE_PARITY_11919_WIN_AVG_EXCL_NO_OTHERS.rs,P0,memory,SQL_WINDOW,1330569,3624402,2.723949,-172.394893,true,3
162,10169,DOT_SEPARATOR_TAB,SQLITE_PARITY_10169_DOT_SEPARATOR_TAB.rs,P0,memory,CLI_DOT_COMMAND,1231070,3353308,2.723897,-172.389710,true,3
163,00754,CTE_RECURSIVE_MATRIX_047,SQLITE_PARITY_754_CTE_RECURSIVE_MATRIX_047.rs,P1,memory,GEN_SQL_CTE,1456227,3965006,2.722794,-172.279391,true,3
164,10071,REPLACE_INTO_KEEPS_PK_RESETS_ROWID,SQLITE_PARITY_10071_REPLACE_INTO_KEEPS_PK_RESETS_ROWID.rs,P0,memory,SQL_AUTOINCREMENT,1365205,3710254,2.717727,-171.772664,true,3
165,00874,CONSTRAINT_FK_SAVEPOINT_007,SQLITE_PARITY_874_CONSTRAINT_FK_SAVEPOINT_007.rs,P2,memory,GEN_SQL_CONSTRAINT_TX,1533082,4166317,2.717609,-171.760871,true,3
166,00404,DML_WHERE_ORDER_LIMIT_017,SQLITE_PARITY_404_DML_WHERE_ORDER_LIMIT_017.rs,P1,memory,GEN_SQL_DML,1511522,4106966,2.717106,-171.710633,true,3
167,00740,CTE_RECURSIVE_MATRIX_033,SQLITE_PARITY_740_CTE_RECURSIVE_MATRIX_033.rs,P1,memory,GEN_SQL_CTE,1309890,3557505,2.715881,-171.588072,true,3
168,10376,SCHEMA_ISOLATION_SAME_NAME,SQLITE_PARITY_10376_SCHEMA_ISOLATION_SAME_NAME.rs,P0,memory,SQL_ATTACH,1471997,3997228,2.715514,-171.551369,true,3
169,01025,JSON_EXTRACT_SET_018,SQLITE_PARITY_1025_JSON_EXTRACT_SET_018.rs,P2,memory,GEN_SQL_JSON,1417463,3848566,2.715109,-171.510861,true,3
170,10432,REC_MATERIALIZED_HINT,SQLITE_PARITY_10432_REC_MATERIALIZED_HINT.rs,P0,memory,SQL_RECURSIVE_CTE,1324377,3593873,2.713633,-171.363290,true,3
171,00375,SCALAR_NULL_COALESCE_037,SQLITE_PARITY_375_SCALAR_NULL_COALESCE_037.rs,P1,memory,GEN_SQL_SCALAR,1304430,3539561,2.713492,-171.349248,true,3
172,00966,VIEW_TRIGGER_GENERATED_019,SQLITE_PARITY_966_VIEW_TRIGGER_GENERATED_019.rs,P2,memory,GEN_SQL_VIEW_TRIGGER,1527602,4143254,2.712260,-171.226013,true,3
173,00316,SCALAR_ARITH_023,SQLITE_PARITY_316_SCALAR_ARITH_023.rs,P1,memory,GEN_SQL_SCALAR,1381145,3742635,2.709806,-170.980599,true,3
174,11646,DATETIME_TIME_DATE_2024_START_OF_MONTH,SQLITE_PARITY_11646_DATETIME_TIME_DATE_2024_START_OF_MONTH.rs,P0,memory,SQL_DATETIME,1266628,3429603,2.707664,-170.766397,true,3
175,00295,SCALAR_NULL_COALESCE_017,SQLITE_PARITY_295_SCALAR_NULL_COALESCE_017.rs,P1,memory,GEN_SQL_SCALAR,1342982,3632957,2.705142,-170.514199,true,3
176,10116,MODE_LIST_NULLVALUE_NA,SQLITE_PARITY_10116_MODE_LIST_NULLVALUE_NA.rs,P0,memory,CLI_OUTPUT_MODE,1224358,3310407,2.703790,-170.379007,true,3
177,00991,VIEW_TRIGGER_GENERATED_044,SQLITE_PARITY_991_VIEW_TRIGGER_GENERATED_044.rs,P2,memory,GEN_SQL_VIEW_TRIGGER,1565283,4231682,2.703461,-170.346129,true,3
178,00642,JOIN_SUBQUERY_EXISTS_035,SQLITE_PARITY_642_JOIN_SUBQUERY_EXISTS_035.rs,P1,memory,GEN_SQL_JOIN_SUBQUERY,1554122,4196355,2.700145,-170.014516,true,3
179,11324,AFFINITY_DOUBLE_INT_1,SQLITE_PARITY_11324_AFFINITY_DOUBLE_INT_1.rs,P0,memory,SQL_TYPE_AFFINITY,1371717,3699594,2.697053,-169.705340,true,3
180,11654,DATETIME_STRFTIME_ISO_DATE_2024_START_OF_YEAR,SQLITE_PARITY_11654_DATETIME_STRFTIME_ISO_DATE_2024_START_OF_YEAR.rs,P0,memory,SQL_DATETIME,1250978,3371472,2.695069,-169.506898,true,3
181,00777,CTE_RECURSIVE_MATRIX_070,SQLITE_PARITY_777_CTE_RECURSIVE_MATRIX_070.rs,P1,memory,GEN_SQL_CTE,1441098,3883782,2.695016,-169.501588,true,3
182,00716,CTE_RECURSIVE_MATRIX_009,SQLITE_PARITY_716_CTE_RECURSIVE_MATRIX_009.rs,P1,memory,GEN_SQL_CTE,1365385,3678153,2.693858,-169.385778,true,3
183,00477,DML_WHERE_ORDER_LIMIT_090,SQLITE_PARITY_477_DML_WHERE_ORDER_LIMIT_090.rs,P1,memory,GEN_SQL_DML,1449704,3902378,2.691845,-169.184468,true,3
184,00983,VIEW_TRIGGER_GENERATED_036,SQLITE_PARITY_983_VIEW_TRIGGER_GENERATED_036.rs,P2,memory,GEN_SQL_VIEW_TRIGGER,1578689,4248623,2.691235,-169.123494,true,3
185,00862,WINDOW_PARTITION_SUM_075,SQLITE_PARITY_862_WINDOW_PARTITION_SUM_075.rs,P2,memory,GEN_SQL_WINDOW,1508215,4054756,2.688447,-168.844694,true,3
186,10471,JOIN_LEFT_EMPTY_RIGHT,SQLITE_PARITY_10471_JOIN_LEFT_EMPTY_RIGHT.rs,P0,memory,SQL_JOIN,1460615,3923137,2.685949,-168.594873,true,3
187,00483,DML_WHERE_ORDER_LIMIT_096,SQLITE_PARITY_483_DML_WHERE_ORDER_LIMIT_096.rs,P1,memory,GEN_SQL_DML,1577677,4236631,2.685360,-168.536018,true,3
188,10608,GLOB_CASE_SENSITIVE_ALWAYS,SQLITE_PARITY_10608_GLOB_CASE_SENSITIVE_ALWAYS.rs,P0,memory,SQL_PATTERN,1285704,3451043,2.684166,-168.416603,true,3
189,00450,DML_WHERE_ORDER_LIMIT_063,SQLITE_PARITY_450_DML_WHERE_ORDER_LIMIT_063.rs,P1,memory,GEN_SQL_DML,1588267,4263040,2.684083,-168.408271,true,3
190,01111,INDEX_SCHEMA_PRAGMA_044,SQLITE_PARITY_1111_INDEX_SCHEMA_PRAGMA_044.rs,P2,memory,GEN_SQL_INDEX_PRAGMA,1571054,4216212,2.683684,-168.368369,true,3
191,00978,VIEW_TRIGGER_GENERATED_031,SQLITE_PARITY_978_VIEW_TRIGGER_GENERATED_031.rs,P2,memory,GEN_SQL_VIEW_TRIGGER,1623373,4354414,2.682325,-168.232501,true,3
192,00499,DML_WHERE_ORDER_LIMIT_112,SQLITE_PARITY_499_DML_WHERE_ORDER_LIMIT_112.rs,P1,memory,GEN_SQL_DML,1617212,4336670,2.681572,-168.157174,true,3
193,00075,EXPLAIN_QUERY_PLAN,SQLITE_PARITY_075_EXPLAIN_QUERY_PLAN.rs,P0,memory,SQL_EXPLAIN,1487536,3987739,2.680768,-168.076806,true,3
194,10219,OPT_MODE_QUOTE,SQLITE_PARITY_10219_OPT_MODE_QUOTE.rs,P0,memory,CLI_OPTION,1198319,3211660,2.680138,-168.013776,true,3
195,00394,DML_WHERE_ORDER_LIMIT_007,SQLITE_PARITY_394_DML_WHERE_ORDER_LIMIT_007.rs,P1,memory,GEN_SQL_DML,1372408,3676571,2.678920,-167.891983,true,3
196,01097,INDEX_SCHEMA_PRAGMA_030,SQLITE_PARITY_1097_INDEX_SCHEMA_PRAGMA_030.rs,P2,memory,GEN_SQL_INDEX_PRAGMA,1493838,3999742,2.677494,-167.749381,true,3
197,10303,SAVEPOINT_DEPTH_2_RELEASE,SQLITE_PARITY_10303_SAVEPOINT_DEPTH_2_RELEASE.rs,P0,memory,SQL_TRANSACTION,1373020,3673996,2.675850,-167.585032,true,3
198,10591,LIKE_CASE_INSENSITIVE_ASCII_DEFAULT,SQLITE_PARITY_10591_LIKE_CASE_INSENSITIVE_ASCII_DEFAULT.rs,P0,memory,SQL_PATTERN,1299721,3477023,2.675207,-167.520722,true,3
199,11810,JSON_JSON_EXTRACT_MISSING,SQLITE_PARITY_11810_JSON_JSON_EXTRACT_MISSING.rs,P0,memory,SQL_JSON,1208869,3233702,2.674981,-167.498133,true,3
200,00948,VIEW_TRIGGER_GENERATED_001,SQLITE_PARITY_948_VIEW_TRIGGER_GENERATED_001.rs,P2,memory,GEN_SQL_VIEW_TRIGGER,1520098,4065316,2.674378,-167.437757,true,3
201,10330,DO_UPDATE_MIXED_EXISTING_AND_EXCLUDED,SQLITE_PARITY_10330_DO_UPDATE_MIXED_EXISTING_AND_EXCLUDED.rs,P0,memory,SQL_UPSERT,1419377,3794955,2.673677,-167.367655,true,3
202,10101,STRICT_VALID_DEFAULT_APPLIED,SQLITE_PARITY_10101_STRICT_VALID_DEFAULT_APPLIED.rs,P0,memory,SQL_STRICT_TABLES,1308648,3498573,2.673426,-167.342555,true,3
203,00438,DML_WHERE_ORDER_LIMIT_051,SQLITE_PARITY_438_DML_WHERE_ORDER_LIMIT_051.rs,P1,memory,GEN_SQL_DML,1501242,4010893,2.671716,-167.171649,true,3
204,10323,ON_CONFLICT_COL_DO_NOTHING,SQLITE_PARITY_10323_ON_CONFLICT_COL_DO_NOTHING.rs,P0,memory,SQL_UPSERT,1309128,3497581,2.671688,-167.168757,true,3
205,00839,WINDOW_PARTITION_SUM_052,SQLITE_PARITY_839_WINDOW_PARTITION_SUM_052.rs,P2,memory,GEN_SQL_WINDOW,2053788,5486928,2.671614,-167.161362,true,3
206,10320,ROLLBACK_TO_OUTER_DROPS_INNER_WRITES,SQLITE_PARITY_10320_ROLLBACK_TO_OUTER_DROPS_INNER_WRITES.rs,P0,memory,SQL_TRANSACTION,1361037,3635543,2.671157,-167.115663,true,3
207,11728,DATETIME_JULIANDAY_Y2K_BASE,SQLITE_PARITY_11728_DATETIME_JULIANDAY_Y2K_BASE.rs,P0,memory,SQL_DATETIME,1244646,3324143,2.670754,-167.075377,true,3
208,11019,MATH_ATAN_10_0,SQLITE_PARITY_11019_MATH_ATAN_10_0.rs,P1,memory,SQL_MATH,1341179,3580568,2.669717,-166.971672,true,3
209,10025,NULL_GLOB_PATTERN,SQLITE_PARITY_10025_NULL_GLOB_PATTERN.rs,P0,memory,SQL_NULL_SEMANTICS,1255597,3351375,2.669149,-166.914862,true,3
210,10501,SCALAR_SUBQUERY_MULTI_ROW_TAKES_FIRST,SQLITE_PARITY_10501_SCALAR_SUBQUERY_MULTI_ROW_TAKES_FIRST.rs,P0,memory,SQL_SUBQUERY,1273281,3398524,2.669108,-166.910760,true,3
211,10611,UNHEX_RECOVERS_BLOB,SQLITE_PARITY_10611_UNHEX_RECOVERS_BLOB.rs,P0,memory,SQL_BLOB,1323135,3530985,2.668651,-166.865059,true,3
212,00319,SCALAR_NULL_COALESCE_023,SQLITE_PARITY_319_SCALAR_NULL_COALESCE_023.rs,P1,memory,GEN_SQL_SCALAR,1310401,3490699,2.663840,-166.384031,true,3
213,00253,SCALAR_CAST_TYPEOF_007,SQLITE_PARITY_253_SCALAR_CAST_TYPEOF_007.rs,P1,memory,GEN_SQL_SCALAR,1404990,3741743,2.663181,-166.318123,true,3
214,00919,CONSTRAINT_FK_SAVEPOINT_052,SQLITE_PARITY_919_CONSTRAINT_FK_SAVEPOINT_052.rs,P2,memory,GEN_SQL_CONSTRAINT_TX,1636759,4358010,2.662585,-166.258502,true,3
215,00236,SCALAR_ARITH_003,SQLITE_PARITY_236_SCALAR_ARITH_003.rs,P1,memory,GEN_SQL_SCALAR,1325970,3529763,2.662023,-166.202327,true,3
216,01099,INDEX_SCHEMA_PRAGMA_032,SQLITE_PARITY_1099_INDEX_SCHEMA_PRAGMA_032.rs,P2,memory,GEN_SQL_INDEX_PRAGMA,1444214,3844238,2.661820,-166.182020,true,3
217,11539,DATETIME_STRFTIME_ISO_EPOCH_START_OF_MONTH,SQLITE_PARITY_11539_DATETIME_STRFTIME_ISO_EPOCH_START_OF_MONTH.rs,P0,memory,SQL_DATETIME,1267911,3374769,2.661677,-166.167657,true,3
218,00705,JOIN_SUBQUERY_EXISTS_098,SQLITE_PARITY_705_JOIN_SUBQUERY_EXISTS_098.rs,P1,memory,GEN_SQL_JOIN_SUBQUERY,1755584,4671003,2.660655,-166.065480,true,3
219,11073,MATH_SINH_1_0,SQLITE_PARITY_11073_MATH_SINH_1_0.rs,P1,memory,SQL_MATH,1228416,3267957,2.660302,-166.030156,true,3
220,00296,SCALAR_ARITH_018,SQLITE_PARITY_296_SCALAR_ARITH_018.rs,P1,memory,GEN_SQL_SCALAR,1378379,3666251,2.659828,-165.982796,true,3
221,10105,STRICT_WITHOUT_ROWID_COMBO,SQLITE_PARITY_10105_STRICT_WITHOUT_ROWID_COMBO.rs,P0,memory,SQL_STRICT_TABLES,1487165,3953174,2.658195,-165.819462,true,3
222,11921,WIN_COUNT_ROWS_CURRENT_UNBND_FOLL,SQLITE_PARITY_11921_WIN_COUNT_ROWS_CURRENT_UNBND_FOLL.rs,P0,memory,SQL_WINDOW,1342311,3566903,2.657285,-165.728509,true,3
223,10146,MODE_JSON_WITH_NEWLINE_AND_QUOTE,SQLITE_PARITY_10146_MODE_JSON_WITH_NEWLINE_AND_QUOTE.rs,P0,memory,CLI_OUTPUT_MODE,1352901,3593623,2.656235,-165.623501,true,3
224,01078,INDEX_SCHEMA_PRAGMA_011,SQLITE_PARITY_1078_INDEX_SCHEMA_PRAGMA_011.rs,P2,memory,GEN_SQL_INDEX_PRAGMA,1587205,4214619,2.655372,-165.537155,true,3
225,11569,DATETIME_STRFTIME_ISO_Y2K_PLUS_1_YEAR,SQLITE_PARITY_11569_DATETIME_STRFTIME_ISO_Y2K_PLUS_1_YEAR.rs,P0,memory,SQL_DATETIME,1242652,3299156,2.654932,-165.493155,true,3
226,11825,JSON_JSON_ARRAY_LENGTH_A,SQLITE_PARITY_11825_JSON_JSON_ARRAY_LENGTH_A.rs,P0,memory,SQL_JSON,1312746,3484657,2.654479,-165.447924,true,3
227,10273,FK_REFS_UNIQUE_HAPPY,SQLITE_PARITY_10273_FK_REFS_UNIQUE_HAPPY.rs,P0,memory,SQL_FOREIGN_KEYS,1468010,3896517,2.654285,-165.428505,true,3
228,11044,MATH_EXP_0_0,SQLITE_PARITY_11044_MATH_EXP_0_0.rs,P1,memory,SQL_MATH,1244626,3303504,2.654214,-165.421420,true,3
229,11957,WIN_FIRST_VALUE_EXCL_GROUP,SQLITE_PARITY_11957_WIN_FIRST_VALUE_EXCL_GROUP.rs,P0,memory,SQL_WINDOW,1472037,3906757,2.653980,-165.398016,true,3
230,10214,OPT_MODE_HTML,SQLITE_PARITY_10214_OPT_MODE_HTML.rs,P0,memory,CLI_OPTION,1208638,3206902,2.653319,-165.331886,true,3
231,00092,PERCENTILE_FUNCTIONS_OPTIONAL,SQLITE_PARITY_092_PERCENTILE_FUNCTIONS_OPTIONAL.rs,P3,memory,SQL_FUNCTIONS_OPTIONAL,1396143,3703953,2.652990,-165.298970,true,3
232,11311,AFFINITY_BIGINT_REAL_BIG,SQLITE_PARITY_11311_AFFINITY_BIGINT_REAL_BIG.rs,P0,memory,SQL_TYPE_AFFINITY,1395912,3701517,2.651684,-165.168363,true,3
233,10201,OPT_HEADER_LIST,SQLITE_PARITY_10201_OPT_HEADER_LIST.rs,P0,memory,CLI_OPTION,1178952,3125958,2.651472,-165.147182,true,3
234,00440,DML_WHERE_ORDER_LIMIT_053,SQLITE_PARITY_440_DML_WHERE_ORDER_LIMIT_053.rs,P1,memory,GEN_SQL_DML,1426782,3782551,2.651106,-165.110648,true,3
235,00809,WINDOW_PARTITION_SUM_022,SQLITE_PARITY_809_WINDOW_PARTITION_SUM_022.rs,P2,memory,GEN_SQL_WINDOW,1515710,4016965,2.650220,-165.022003,true,3
236,00352,SCALAR_ARITH_032,SQLITE_PARITY_352_SCALAR_ARITH_032.rs,P1,memory,GEN_SQL_SCALAR,1259294,3332309,2.646172,-164.617238,true,3
237,00822,WINDOW_PARTITION_SUM_035,SQLITE_PARITY_822_WINDOW_PARTITION_SUM_035.rs,P2,memory,GEN_SQL_WINDOW,1606782,4249606,2.644793,-164.479313,true,3
238,10178,DOT_TABLES_PATTERN,SQLITE_PARITY_10178_DOT_TABLES_PATTERN.rs,P0,memory,CLI_DOT_COMMAND,1375184,3637025,2.644755,-164.475517,true,3
239,00993,VIEW_TRIGGER_GENERATED_046,SQLITE_PARITY_993_VIEW_TRIGGER_GENERATED_046.rs,P2,memory,GEN_SQL_VIEW_TRIGGER,1475714,3899282,2.642302,-164.230196,true,3
240,00333,SCALAR_CAST_TYPEOF_027,SQLITE_PARITY_333_SCALAR_CAST_TYPEOF_027.rs,P1,memory,GEN_SQL_SCALAR,1260125,3329093,2.641875,-164.187521,true,3
241,10001,NULL_EQ_NULL_IS_NULL,SQLITE_PARITY_10001_NULL_EQ_NULL_IS_NULL.rs,P0,memory,SQL_NULL_SEMANTICS,1360315,3592080,2.640624,-164.062368,true,3
242,00540,AGG_GROUP_HAVING_033,SQLITE_PARITY_540_AGG_GROUP_HAVING_033.rs,P1,memory,GEN_SQL_AGGREGATE,1606441,4241560,2.640346,-164.034596,true,3
243,00739,CTE_RECURSIVE_MATRIX_032,SQLITE_PARITY_739_CTE_RECURSIVE_MATRIX_032.rs,P1,memory,GEN_SQL_CTE,1607133,4243103,2.640169,-164.016917,true,3
244,00363,SCALAR_NULL_COALESCE_034,SQLITE_PARITY_363_SCALAR_NULL_COALESCE_034.rs,P1,memory,GEN_SQL_SCALAR,1285053,3392734,2.640151,-164.015103,true,3
245,00433,DML_WHERE_ORDER_LIMIT_046,SQLITE_PARITY_433_DML_WHERE_ORDER_LIMIT_046.rs,P1,memory,GEN_SQL_DML,1491714,3936573,2.638960,-163.895961,true,3
246,10361,DELETE_ALL_RETURNING,SQLITE_PARITY_10361_DELETE_ALL_RETURNING.rs,P0,memory,SQL_RETURNING,1702975,4491944,2.637704,-163.770402,true,3
247,11594,DATETIME_STRFTIME_ISO_Y2K_START_OF_MONTH,SQLITE_PARITY_11594_DATETIME_STRFTIME_ISO_Y2K_START_OF_MONTH.rs,P0,memory,SQL_DATETIME,1271607,3350413,2.634787,-163.478653,true,3
248,11220,CAST_REAL_0_AS_INTEGER,SQLITE_PARITY_11220_CAST_REAL_0_AS_INTEGER.rs,P0,memory,SQL_CAST,1373370,3616667,2.633425,-163.342508,true,3
249,10010,NULL_OR_TRUE_SHORTCIRCUIT,SQLITE_PARITY_10010_NULL_OR_TRUE_SHORTCIRCUIT.rs,P0,memory,SQL_NULL_SEMANTICS,1278601,3366634,2.633061,-163.306067,true,3
250,01071,INDEX_SCHEMA_PRAGMA_004,SQLITE_PARITY_1071_INDEX_SCHEMA_PRAGMA_004.rs,P2,memory,GEN_SQL_INDEX_PRAGMA,1490432,3923398,2.632390,-163.238980,true,3
251,00889,CONSTRAINT_FK_SAVEPOINT_022,SQLITE_PARITY_889_CONSTRAINT_FK_SAVEPOINT_022.rs,P2,memory,GEN_SQL_CONSTRAINT_TX,1614577,4249455,2.631931,-163.193084,true,3
252,01116,INDEX_SCHEMA_PRAGMA_049,SQLITE_PARITY_1116_INDEX_SCHEMA_PRAGMA_049.rs,P2,memory,GEN_SQL_INDEX_PRAGMA,1541328,4056569,2.631866,-163.186616,true,3
253,00312,SCALAR_ARITH_022,SQLITE_PARITY_312_SCALAR_ARITH_022.rs,P1,memory,GEN_SQL_SCALAR,1347901,3546995,2.631495,-163.149519,true,3
254,00592,AGG_GROUP_HAVING_085,SQLITE_PARITY_592_AGG_GROUP_HAVING_085.rs,P1,memory,GEN_SQL_AGGREGATE,1597273,4201795,2.630605,-163.060541,true,3
255,00905,CONSTRAINT_FK_SAVEPOINT_038,SQLITE_PARITY_905_CONSTRAINT_FK_SAVEPOINT_038.rs,P2,memory,GEN_SQL_CONSTRAINT_TX,1469983,3866801,2.630507,-163.050729,true,3
256,11024,MATH_CEIL_1_4,SQLITE_PARITY_11024_MATH_CEIL_1_4.rs,P1,memory,SQL_MATH,1316352,3462285,2.630212,-163.021213,true,3
257,00345,SCALAR_CAST_TYPEOF_030,SQLITE_PARITY_345_SCALAR_CAST_TYPEOF_030.rs,P1,memory,GEN_SQL_SCALAR,1334015,3507360,2.629176,-162.917583,true,3
258,10625,BLOB_VS_TEXT_DIFFERENT_TYPES,SQLITE_PARITY_10625_BLOB_VS_TEXT_DIFFERENT_TYPES.rs,P0,memory,SQL_BLOB,1265976,3328180,2.628944,-162.894399,true,3
259,10018,IIF_NULL_CONDITION,SQLITE_PARITY_10018_IIF_NULL_CONDITION.rs,P0,memory,SQL_NULL_SEMANTICS,1319057,3467104,2.628472,-162.847170,true,3
260,00707,JOIN_SUBQUERY_EXISTS_100,SQLITE_PARITY_707_JOIN_SUBQUERY_EXISTS_100.rs,P1,memory,GEN_SQL_JOIN_SUBQUERY,1516521,3982730,2.626228,-162.622806,true,3
261,00960,VIEW_TRIGGER_GENERATED_013,SQLITE_PARITY_960_VIEW_TRIGGER_GENERATED_013.rs,P2,memory,GEN_SQL_VIEW_TRIGGER,1702864,4467698,2.623638,-162.363759,true,3
262,00238,SCALAR_STRING_003,SQLITE_PARITY_238_SCALAR_STRING_003.rs,P1,memory,GEN_SQL_SCALAR,1372217,3597490,2.621663,-162.166261,true,3
263,11613,DATETIME_JULIANDAY_DATE_2024_PLUS_5_DAYS,SQLITE_PARITY_11613_DATETIME_JULIANDAY_DATE_2024_PLUS_5_DAYS.rs,P0,memory,SQL_DATETIME,1273150,3335885,2.620182,-162.018223,true,3
264,01053,JSON_EXTRACT_SET_046,SQLITE_PARITY_1053_JSON_EXTRACT_SET_046.rs,P2,memory,GEN_SQL_JSON,1390643,3643508,2.620017,-162.001678,true,3
265,00340,SCALAR_ARITH_029,SQLITE_PARITY_340_SCALAR_ARITH_029.rs,P1,memory,GEN_SQL_SCALAR,1439315,3770768,2.619835,-161.983513,true,3
266,00755,CTE_RECURSIVE_MATRIX_048,SQLITE_PARITY_755_CTE_RECURSIVE_MATRIX_048.rs,P1,memory,GEN_SQL_CTE,1556757,4075225,2.617766,-161.776565,true,3
267,11676,DATETIME_TIME_UNIX_PLUS_1_YEAR,SQLITE_PARITY_11676_DATETIME_TIME_UNIX_PLUS_1_YEAR.rs,P0,memory,SQL_DATETIME,1174653,3073348,2.616388,-161.638799,true,3
268,00269,SCALAR_CAST_TYPEOF_011,SQLITE_PARITY_269_SCALAR_CAST_TYPEOF_011.rs,P1,memory,GEN_SQL_SCALAR,1362049,3560972,2.614423,-161.442283,true,3
269,00270,SCALAR_STRING_011,SQLITE_PARITY_270_SCALAR_STRING_011.rs,P1,memory,GEN_SQL_SCALAR,1360896,3557375,2.613995,-161.399475,true,3
270,01039,JSON_EXTRACT_SET_032,SQLITE_PARITY_1039_JSON_EXTRACT_SET_032.rs,P2,memory,GEN_SQL_JSON,1533483,4007407,2.613271,-161.327123,true,3
271,01009,JSON_EXTRACT_SET_002,SQLITE_PARITY_1009_JSON_EXTRACT_SET_002.rs,P2,memory,GEN_SQL_JSON,1448222,3783383,2.612433,-161.243304,true,3
272,00564,AGG_GROUP_HAVING_057,SQLITE_PARITY_564_AGG_GROUP_HAVING_057.rs,P1,memory,GEN_SQL_AGGREGATE,1511452,3948455,2.612359,-161.235884,true,3
273,11053,MATH_LN_2_0,SQLITE_PARITY_11053_MATH_LN_2_0.rs,P1,memory,SQL_MATH,1496453,3908740,2.612003,-161.200318,true,3
274,11575,DATETIME_DATE_Y2K_PLUS_30_MINUTES,SQLITE_PARITY_11575_DATETIME_DATE_Y2K_PLUS_30_MINUTES.rs,P0,memory,SQL_DATETIME,1384822,3615645,2.610910,-161.090956,true,3
275,01060,JSON_EXTRACT_SET_053,SQLITE_PARITY_1060_JSON_EXTRACT_SET_053.rs,P2,memory,GEN_SQL_JSON,1377728,3596329,2.610333,-161.033310,true,3
276,00251,SCALAR_NULL_COALESCE_006,SQLITE_PARITY_251_SCALAR_NULL_COALESCE_006.rs,P1,memory,GEN_SQL_SCALAR,1510069,3941272,2.609995,-160.999464,true,3
277,00148,DOT_OUTPUT_TEMPFILE,SQLITE_PARITY_148_DOT_OUTPUT_TEMPFILE.rs,P1,tempfile,CLI_TEMPFILE,1482627,3868433,2.609175,-160.917480,true,3
278,10453,JOIN_SELF,SQLITE_PARITY_10453_JOIN_SELF.rs,P0,memory,SQL_JOIN,1367249,3567324,2.609125,-160.912533,true,3
279,10014,NULL_LIKE_PATTERN,SQLITE_PARITY_10014_NULL_LIKE_PATTERN.rs,P0,memory,SQL_NULL_SEMANTICS,1257530,3280271,2.608503,-160.850318,true,3
280,00722,CTE_RECURSIVE_MATRIX_015,SQLITE_PARITY_722_CTE_RECURSIVE_MATRIX_015.rs,P1,memory,GEN_SQL_CTE,1441549,3760269,2.608492,-160.849198,true,3
281,00391,DML_WHERE_ORDER_LIMIT_004,SQLITE_PARITY_391_DML_WHERE_ORDER_LIMIT_004.rs,P1,memory,GEN_SQL_DML,1445286,3766772,2.606247,-160.624679,true,3
282,00303,SCALAR_NULL_COALESCE_019,SQLITE_PARITY_303_SCALAR_NULL_COALESCE_019.rs,P1,memory,GEN_SQL_SCALAR,1390713,3621716,2.604215,-160.421525,true,3
283,10050,GROUP_CONCAT_SKIPS_NULL,SQLITE_PARITY_10050_GROUP_CONCAT_SKIPS_NULL.rs,P0,memory,SQL_AGGREGATE_NULL,1286365,3348930,2.603406,-160.340572,true,3
284,00050,PRAGMA_TABLE_INFO_FUNCTION,SQLITE_PARITY_050_PRAGMA_TABLE_INFO_FUNCTION.rs,P0,memory,SQL_PRAGMA,1392266,3624542,2.603340,-160.334017,true,3
285,00770,CTE_RECURSIVE_MATRIX_063,SQLITE_PARITY_770_CTE_RECURSIVE_MATRIX_063.rs,P1,memory,GEN_SQL_CTE,1550134,4034438,2.602638,-160.263822,true,3
286,00309,SCALAR_CAST_TYPEOF_021,SQLITE_PARITY_309_SCALAR_CAST_TYPEOF_021.rs,P1,memory,GEN_SQL_SCALAR,1328495,3457436,2.602521,-160.252090,true,3
287,01093,INDEX_SCHEMA_PRAGMA_026,SQLITE_PARITY_1093_INDEX_SCHEMA_PRAGMA_026.rs,P2,memory,GEN_SQL_INDEX_PRAGMA,1583768,4121052,2.602055,-160.205535,true,3
288,11406,STRING_OCTET_LENGTH_H_LLO,SQLITE_PARITY_11406_STRING_OCTET_LENGTH_H_LLO.rs,P0,memory,SQL_STRING,1187117,3086583,2.600066,-160.006638,true,3
289,10478,COMPOUND_LIMIT,SQLITE_PARITY_10478_COMPOUND_LIMIT.rs,P0,memory,SQL_COMPOUND,1356558,3525875,2.599133,-159.913325,true,3
290,00987,VIEW_TRIGGER_GENERATED_040,SQLITE_PARITY_987_VIEW_TRIGGER_GENERATED_040.rs,P2,memory,GEN_SQL_VIEW_TRIGGER,1630658,4232373,2.595500,-159.550010,true,3
291,11045,MATH_EXP_1_0,SQLITE_PARITY_11045_MATH_EXP_1_0.rs,P1,memory,SQL_MATH,1394080,3617799,2.595116,-159.511578,true,3
292,00566,AGG_GROUP_HAVING_059,SQLITE_PARITY_566_AGG_GROUP_HAVING_059.rs,P1,memory,GEN_SQL_AGGREGATE,1546017,4012006,2.595059,-159.505943,true,3
293,00387,SCALAR_NULL_COALESCE_040,SQLITE_PARITY_387_SCALAR_NULL_COALESCE_040.rs,P1,memory,GEN_SQL_SCALAR,1441569,3739099,2.593770,-159.377040,true,3
294,01026,JSON_EXTRACT_SET_019,SQLITE_PARITY_1026_JSON_EXTRACT_SET_019.rs,P2,memory,GEN_SQL_JSON,1547479,4013197,2.593377,-159.337736,true,3
295,11343,AFFINITY_VARCHAR_8_REAL_BIG,SQLITE_PARITY_11343_AFFINITY_VARCHAR_8_REAL_BIG.rs,P0,memory,SQL_TYPE_AFFINITY,1442891,3741213,2.592859,-159.285906,true,3
296,10117,MODE_LIST_HEADERS_OFF_DEFAULT_NULL,SQLITE_PARITY_10117_MODE_LIST_HEADERS_OFF_DEFAULT_NULL.rs,P0,memory,CLI_OUTPUT_MODE,1352420,3506568,2.592810,-159.280993,true,3
297,11626,DATETIME_TIME_DATE_2024_PLUS_3_HOURS,SQLITE_PARITY_11626_DATETIME_TIME_DATE_2024_PLUS_3_HOURS.rs,P0,memory,SQL_DATETIME,1261929,3271914,2.592788,-159.278771,true,3
298,01037,JSON_EXTRACT_SET_030,SQLITE_PARITY_1037_JSON_EXTRACT_SET_030.rs,P2,memory,GEN_SQL_JSON,1398488,3625414,2.592381,-159.238120,true,3
299,00367,SCALAR_NULL_COALESCE_035,SQLITE_PARITY_367_SCALAR_NULL_COALESCE_035.rs,P1,memory,GEN_SQL_SCALAR,1327463,3440072,2.591464,-159.146357,true,3
300,00743,CTE_RECURSIVE_MATRIX_036,SQLITE_PARITY_743_CTE_RECURSIVE_MATRIX_036.rs,P1,memory,GEN_SQL_CTE,1481805,3839399,2.591029,-159.102851,true,3
301,00292,SCALAR_ARITH_017,SQLITE_PARITY_292_SCALAR_ARITH_017.rs,P1,memory,GEN_SQL_SCALAR,1348964,3494896,2.590800,-159.080005,true,3
302,00902,CONSTRAINT_FK_SAVEPOINT_035,SQLITE_PARITY_902_CONSTRAINT_FK_SAVEPOINT_035.rs,P2,memory,GEN_SQL_CONSTRAINT_TX,1530237,3964526,2.590792,-159.079215,true,3
303,00474,DML_WHERE_ORDER_LIMIT_087,SQLITE_PARITY_474_DML_WHERE_ORDER_LIMIT_087.rs,P1,memory,GEN_SQL_DML,1570012,4067300,2.590617,-159.061714,true,3
304,10176,DOT_SCHEMA_NOSYS,SQLITE_PARITY_10176_DOT_SCHEMA_NOSYS.rs,P0,memory,CLI_DOT_COMMAND,1532912,3970647,2.590264,-159.026415,true,3
305,00621,JOIN_SUBQUERY_EXISTS_014,SQLITE_PARITY_621_JOIN_SUBQUERY_EXISTS_014.rs,P1,memory,GEN_SQL_JOIN_SUBQUERY,1573740,4074164,2.588842,-158.884187,true,3
306,11085,MATH_TANH_1_0,SQLITE_PARITY_11085_MATH_TANH_1_0.rs,P1,memory,SQL_MATH,1373721,3556333,2.588832,-158.883208,true,3
307,00658,JOIN_SUBQUERY_EXISTS_051,SQLITE_PARITY_658_JOIN_SUBQUERY_EXISTS_051.rs,P1,memory,GEN_SQL_JOIN_SUBQUERY,1452049,3758916,2.588698,-158.869776,true,3
308,11972,WIN_DENSE_RANK_PARTITION,SQLITE_PARITY_11972_WIN_DENSE_RANK_PARTITION.rs,P0,memory,SQL_WINDOW,1480282,3831453,2.588326,-158.832641,true,3
309,10588,LIKE_UNDERSCORE_WILDCARD,SQLITE_PARITY_10588_LIKE_UNDERSCORE_WILDCARD.rs,P0,memory,SQL_PATTERN,1245467,3221439,2.586531,-158.653100,true,3
310,00254,SCALAR_STRING_007,SQLITE_PARITY_254_SCALAR_STRING_007.rs,P1,memory,GEN_SQL_SCALAR,1384572,3580989,2.586351,-158.635087,true,3
311,10349,ON_CONFLICT_DO_UPDATE_PRESERVES_ROWID,SQLITE_PARITY_10349_ON_CONFLICT_DO_UPDATE_PRESERVES_ROWID.rs,P0,memory,SQL_UPSERT,1535768,3971048,2.585708,-158.570826,true,3
312,10149,MODE_TABLE_BASIC,SQLITE_PARITY_10149_MODE_TABLE_BASIC.rs,P0,memory,CLI_OUTPUT_MODE,1242261,3212101,2.585689,-158.568932,true,3
313,00786,CTE_RECURSIVE_MATRIX_079,SQLITE_PARITY_786_CTE_RECURSIVE_MATRIX_079.rs,P1,memory,GEN_SQL_CTE,1538572,3977159,2.584968,-158.496775,true,3
314,00594,AGG_GROUP_HAVING_087,SQLITE_PARITY_594_AGG_GROUP_HAVING_087.rs,P1,memory,GEN_SQL_AGGREGATE,1603375,4143374,2.584158,-158.415779,true,3
315,10231,OPT_NONCE_WITH_SAFE,SQLITE_PARITY_10231_OPT_NONCE_WITH_SAFE.rs,P0,memory,CLI_OPTION,1188159,3067747,2.581933,-158.193306,true,3
316,00357,SCALAR_CAST_TYPEOF_033,SQLITE_PARITY_357_SCALAR_CAST_TYPEOF_033.rs,P1,memory,GEN_SQL_SCALAR,1218978,3146928,2.581612,-158.161181,true,3
317,01007,VIEW_TRIGGER_GENERATED_060,SQLITE_PARITY_1007_VIEW_TRIGGER_GENERATED_060.rs,P2,memory,GEN_SQL_VIEW_TRIGGER,1580031,4078982,2.581584,-158.158353,true,3
318,00116,DOT_DATABASES,SQLITE_PARITY_116_DOT_DATABASES.rs,P0,memory,CLI_DOT_COMMAND,1157180,2985973,2.580388,-158.038767,true,3
319,00559,AGG_GROUP_HAVING_052,SQLITE_PARITY_559_AGG_GROUP_HAVING_052.rs,P1,memory,GEN_SQL_AGGREGATE,1571535,4053394,2.579258,-157.925786,true,3
320,01082,INDEX_SCHEMA_PRAGMA_015,SQLITE_PARITY_1082_INDEX_SCHEMA_PRAGMA_015.rs,P2,memory,GEN_SQL_INDEX_PRAGMA,1607564,4146290,2.579238,-157.923790,true,3
321,11592,DATETIME_DATETIME_Y2K_START_OF_MONTH,SQLITE_PARITY_11592_DATETIME_DATETIME_Y2K_START_OF_MONTH.rs,P0,memory,SQL_DATETIME,1312715,3384207,2.578021,-157.802112,true,3
322,10542,TOTAL_EMPTY_RETURNS_ZERO_REAL,SQLITE_PARITY_10542_TOTAL_EMPTY_RETURNS_ZERO_REAL.rs,P0,memory,SQL_AGGREGATE_ADV,1382368,3563547,2.577857,-157.785698,true,3
323,10532,AGGREGATE_OVER_CTE,SQLITE_PARITY_10532_AGGREGATE_OVER_CTE.rs,P0,memory,SQL_AGGREGATE_ADV,1429417,3683734,2.577088,-157.708842,true,3
324,00760,CTE_RECURSIVE_MATRIX_053,SQLITE_PARITY_760_CTE_RECURSIVE_MATRIX_053.rs,P1,memory,GEN_SQL_CTE,1556136,4010162,2.577000,-157.699970,true,3
325,00909,CONSTRAINT_FK_SAVEPOINT_042,SQLITE_PARITY_909_CONSTRAINT_FK_SAVEPOINT_042.rs,P2,memory,GEN_SQL_CONSTRAINT_TX,1609858,4146821,2.575892,-157.589241,true,3
326,01065,JSON_EXTRACT_SET_058,SQLITE_PARITY_1065_JSON_EXTRACT_SET_058.rs,P2,memory,GEN_SQL_JSON,1472799,3793422,2.575655,-157.565493,true,3
327,00816,WINDOW_PARTITION_SUM_029,SQLITE_PARITY_816_WINDOW_PARTITION_SUM_029.rs,P2,memory,GEN_SQL_WINDOW,1607964,4141400,2.575555,-157.555517,true,3
328,00753,CTE_RECURSIVE_MATRIX_046,SQLITE_PARITY_753_CTE_RECURSIVE_MATRIX_046.rs,P1,memory,GEN_SQL_CTE,1464142,3769537,2.574571,-157.457064,true,3
329,11004,MATH_ACOSH_1_0,SQLITE_PARITY_11004_MATH_ACOSH_1_0.rs,P1,memory,SQL_MATH,1402255,3609774,2.574264,-157.426360,true,3
330,10543,TOTAL_ALL_NULL_RETURNS_ZERO_REAL,SQLITE_PARITY_10543_TOTAL_ALL_NULL_RETURNS_ZERO_REAL.rs,P0,memory,SQL_AGGREGATE_ADV,1323696,3407421,2.574172,-157.417186,true,3
331,10571,RAISE_ROLLBACK_IN_TRIGGER,SQLITE_PARITY_10571_RAISE_ROLLBACK_IN_TRIGGER.rs,P0,memory,SQL_ERROR_MESSAGES,1521019,3913680,2.573065,-157.306450,true,3
332,00460,DML_WHERE_ORDER_LIMIT_073,SQLITE_PARITY_460_DML_WHERE_ORDER_LIMIT_073.rs,P1,memory,GEN_SQL_DML,1616481,4159094,2.572931,-157.293095,true,3
333,00597,AGG_GROUP_HAVING_090,SQLITE_PARITY_597_AGG_GROUP_HAVING_090.rs,P1,memory,GEN_SQL_AGGREGATE,1535066,3948385,2.572127,-157.212719,true,3
334,10400,PRAGMA_INDEX_INFO_TVF,SQLITE_PARITY_10400_PRAGMA_INDEX_INFO_TVF.rs,P0,memory,SQL_SCHEMA_INTROSPECTION,1500982,3857403,2.569920,-156.991956,true,3
335,11105,MATH_POWER_3_0_2,SQLITE_PARITY_11105_MATH_POWER_3_0_2.rs,P1,memory,SQL_MATH,1349285,3467374,2.569786,-156.978622,true,3
336,10345,ON_CONFLICT_NO_TARGET_DO_NOTHING_MIXED_BATCH,SQLITE_PARITY_10345_ON_CONFLICT_NO_TARGET_DO_NOTHING_MIXED_BATCH.rs,P0,memory,SQL_UPSERT,1409178,3620615,2.569310,-156.930991,true,3
337,01058,JSON_EXTRACT_SET_051,SQLITE_PARITY_1058_JSON_EXTRACT_SET_051.rs,P2,memory,GEN_SQL_JSON,1346560,3459640,2.569243,-156.924311,true,3
338,00212,SQL_VACUUM_INTO_TEMPFILE,SQLITE_PARITY_212_SQL_VACUUM_INTO_TEMPFILE.rs,P2,tempfile,SQL_TEMPFILE,2195657,5640999,2.569162,-156.916221,true,3
339,00681,JOIN_SUBQUERY_EXISTS_074,SQLITE_PARITY_681_JOIN_SUBQUERY_EXISTS_074.rs,P1,memory,GEN_SQL_JOIN_SUBQUERY,1705328,4380153,2.568511,-156.851057,true,3
340,11680,DATETIME_DATE_UNIX_PLUS_3_HOURS,SQLITE_PARITY_11680_DATETIME_DATE_UNIX_PLUS_3_HOURS.rs,P0,memory,SQL_DATETIME,1251650,3210879,2.565317,-156.531698,true,3
341,00527,AGG_GROUP_HAVING_020,SQLITE_PARITY_527_AGG_GROUP_HAVING_020.rs,P1,memory,GEN_SQL_AGGREGATE,1706530,4377788,2.565316,-156.531558,true,3
342,00300,SCALAR_ARITH_019,SQLITE_PARITY_300_SCALAR_ARITH_019.rs,P1,memory,GEN_SQL_SCALAR,1389491,3564479,2.565313,-156.531277,true,3
343,10540,GROUPBY_EMPTY_VS_NO_GROUPBY_EMPTY,SQLITE_PARITY_10540_GROUPBY_EMPTY_VS_NO_GROUPBY_EMPTY.rs,P0,memory,SQL_AGGREGATE_ADV,1575051,4040489,2.565307,-156.530677,true,3
344,11693,DATETIME_JULIANDAY_UNIX_PLUS_10_SECONDS,SQLITE_PARITY_11693_DATETIME_JULIANDAY_UNIX_PLUS_10_SECONDS.rs,P0,memory,SQL_DATETIME,1243575,3188556,2.564024,-156.402388,true,3
345,10152,CLI_FLAG_HTML,SQLITE_PARITY_10152_CLI_FLAG_HTML.rs,P0,memory,CLI_OUTPUT_MODE,1311573,3362536,2.563743,-156.374293,true,3
346,00605,AGG_GROUP_HAVING_098,SQLITE_PARITY_605_AGG_GROUP_HAVING_098.rs,P1,memory,GEN_SQL_AGGREGATE,1659442,4253162,2.563007,-156.300732,true,3
347,00687,JOIN_SUBQUERY_EXISTS_080,SQLITE_PARITY_687_JOIN_SUBQUERY_EXISTS_080.rs,P1,memory,GEN_SQL_JOIN_SUBQUERY,1751946,4489670,2.562676,-156.267602,true,3
348,00965,VIEW_TRIGGER_GENERATED_018,SQLITE_PARITY_965_VIEW_TRIGGER_GENERATED_018.rs,P2,memory,GEN_SQL_VIEW_TRIGGER,1591493,4077108,2.561813,-156.181334,true,3
349,00927,CONSTRAINT_FK_SAVEPOINT_060,SQLITE_PARITY_927_CONSTRAINT_FK_SAVEPOINT_060.rs,P2,memory,GEN_SQL_CONSTRAINT_TX,1555354,3983692,2.561277,-156.127673,true,3
350,00745,CTE_RECURSIVE_MATRIX_038,SQLITE_PARITY_745_CTE_RECURSIVE_MATRIX_038.rs,P1,memory,GEN_SQL_CTE,1315540,3369208,2.561084,-156.108366,true,3
351,00224,OPT_STATS,SQLITE_PARITY_224_OPT_STATS.rs,P3,memory,CLI_OPTION_DIAGNOSTIC,1314909,3365863,2.559769,-155.976877,true,3
352,00882,CONSTRAINT_FK_SAVEPOINT_015,SQLITE_PARITY_882_CONSTRAINT_FK_SAVEPOINT_015.rs,P2,memory,GEN_SQL_CONSTRAINT_TX,1553441,3976068,2.559523,-155.952302,true,3
353,11808,JSON_JSON_EXTRACT_D_3,SQLITE_PARITY_11808_JSON_JSON_EXTRACT_D_3.rs,P0,memory,SQL_JSON,1202466,3077657,2.559454,-155.945449,true,3
354,00088,JSON_SCALAR_FUNCTIONS,SQLITE_PARITY_088_JSON_SCALAR_FUNCTIONS.rs,P0,memory,SQL_JSON,1451818,3715825,2.559429,-155.942894,true,3
355,01021,JSON_EXTRACT_SET_014,SQLITE_PARITY_1021_JSON_EXTRACT_SET_014.rs,P2,memory,GEN_SQL_JSON,1500621,3840611,2.559348,-155.934776,true,3
356,00452,DML_WHERE_ORDER_LIMIT_065,SQLITE_PARITY_452_DML_WHERE_ORDER_LIMIT_065.rs,P1,memory,GEN_SQL_DML,1497094,3829580,2.558009,-155.800905,true,3
357,00033,PARTIAL_INDEX,SQLITE_PARITY_033_PARTIAL_INDEX.rs,P0,memory,SQL_INDEX,1448091,3703983,2.557839,-155.783856,true,3
358,10597,GLOB_CHAR_RANGE,SQLITE_PARITY_10597_GLOB_CHAR_RANGE.rs,P0,memory,SQL_PATTERN,1361197,3480790,2.557154,-155.715374,true,3
359,01032,JSON_EXTRACT_SET_025,SQLITE_PARITY_1032_JSON_EXTRACT_SET_025.rs,P2,memory,GEN_SQL_JSON,1365796,3491731,2.556554,-155.655383,true,3
360,01092,INDEX_SCHEMA_PRAGMA_025,SQLITE_PARITY_1092_INDEX_SCHEMA_PRAGMA_025.rs,P2,memory,GEN_SQL_INDEX_PRAGMA,1666425,4259314,2.555959,-155.595901,true,3
361,11431,STRING_UNICODE_,SQLITE_PARITY_11431_STRING_UNICODE_.rs,P0,memory,SQL_STRING,1174574,3000090,2.554194,-155.419412,true,3
362,00045,REINDEX_COMMAND,SQLITE_PARITY_045_REINDEX_COMMAND.rs,P0,memory,SQL_REINDEX,1344956,3435073,2.554041,-155.404117,true,3
363,11514,DATETIME_STRFTIME_ISO_EPOCH_PLUS_1_YEAR,SQLITE_PARITY_11514_DATETIME_STRFTIME_ISO_EPOCH_PLUS_1_YEAR.rs,P0,memory,SQL_DATETIME,1220150,3115157,2.553093,-155.309347,true,3
364,00890,CONSTRAINT_FK_SAVEPOINT_023,SQLITE_PARITY_890_CONSTRAINT_FK_SAVEPOINT_023.rs,P2,memory,GEN_SQL_CONSTRAINT_TX,1615859,4124218,2.552338,-155.233780,true,3
365,11433,STRING_CHAR_97,SQLITE_PARITY_11433_STRING_CHAR_97.rs,P0,memory,SQL_STRING,1253794,3200088,2.552324,-155.232359,true,3
366,10594,GLOB_STAR_WILDCARD,SQLITE_PARITY_10594_GLOB_STAR_WILDCARD.rs,P0,memory,SQL_PATTERN,1446930,3692520,2.551969,-155.196865,true,3
367,00368,SCALAR_ARITH_036,SQLITE_PARITY_368_SCALAR_ARITH_036.rs,P1,memory,GEN_SQL_SCALAR,1365024,3483375,2.551878,-155.187821,true,3
368,00420,DML_WHERE_ORDER_LIMIT_033,SQLITE_PARITY_420_DML_WHERE_ORDER_LIMIT_033.rs,P1,memory,GEN_SQL_DML,1513525,3862102,2.551727,-155.172660,true,3
369,00435,DML_WHERE_ORDER_LIMIT_048,SQLITE_PARITY_435_DML_WHERE_ORDER_LIMIT_048.rs,P1,memory,GEN_SQL_DML,1616139,4123717,2.551586,-155.158560,true,3
370,10577,ORDER_BY_OUT_OF_RANGE,SQLITE_PARITY_10577_ORDER_BY_OUT_OF_RANGE.rs,P0,memory,SQL_ERROR_MESSAGES,1309960,3342247,2.551411,-155.141149,true,3
371,11926,WIN_COUNT_EXCL_CURRENT_ROW,SQLITE_PARITY_11926_WIN_COUNT_EXCL_CURRENT_ROW.rs,P0,memory,SQL_WINDOW,1418135,3618000,2.551238,-155.123807,true,3
372,11420,STRING_TRIM_HI,SQLITE_PARITY_11420_STRING_TRIM_HI.rs,P0,memory,SQL_STRING,1263462,3221339,2.549613,-154.961289,true,3
373,01033,JSON_EXTRACT_SET_026,SQLITE_PARITY_1033_JSON_EXTRACT_SET_026.rs,P2,memory,GEN_SQL_JSON,1379352,3516357,2.549282,-154.928184,true,3
374,00048,PRAGMA_USER_VERSION,SQLITE_PARITY_048_PRAGMA_USER_VERSION.rs,P0,memory,SQL_PRAGMA,1222234,3115017,2.548626,-154.862571,true,3
375,00022,TRANSACTION_COMMIT,SQLITE_PARITY_022_TRANSACTION_COMMIT.rs,P0,memory,SQL_TRANSACTION,1424627,3627958,2.546602,-154.660202,true,3
376,10590,LIKE_ESCAPE_PERCENT,SQLITE_PARITY_10590_LIKE_ESCAPE_PERCENT.rs,P0,memory,SQL_PATTERN,1273321,3241737,2.545891,-154.589141,true,3
377,11734,DATETIME_STRFTIME_ISO_DATE_2024_BASE,SQLITE_PARITY_11734_DATETIME_STRFTIME_ISO_DATE_2024_BASE.rs,P0,memory,SQL_DATETIME,1294371,3294798,2.545482,-154.548194,true,3
378,00883,CONSTRAINT_FK_SAVEPOINT_016,SQLITE_PARITY_883_CONSTRAINT_FK_SAVEPOINT_016.rs,P2,memory,GEN_SQL_CONSTRAINT_TX,1607032,4090534,2.545397,-154.539673,true,3
379,10172,DOT_NULLVALUE_ANGLE,SQLITE_PARITY_10172_DOT_NULLVALUE_ANGLE.rs,P0,memory,CLI_DOT_COMMAND,1228335,3125417,2.544434,-154.443373,true,3
380,00015,UPDATE_BASIC,SQLITE_PARITY_015_UPDATE_BASIC.rs,P0,memory,SQL_UPDATE,1462298,3720003,2.543943,-154.394316,true,3
381,11005,MATH_ACOSH_2_0,SQLITE_PARITY_11005_MATH_ACOSH_2_0.rs,P1,memory,SQL_MATH,1291084,3284028,2.543621,-154.362071,true,3
382,11612,DATETIME_DATETIME_DATE_2024_PLUS_5_DAYS,SQLITE_PARITY_11612_DATETIME_DATETIME_DATE_2024_PLUS_5_DAYS.rs,P0,memory,SQL_DATETIME,1319268,3355443,2.543413,-154.341271,true,3
383,10623,BLOB_INDEX_LOOKUP,SQLITE_PARITY_10623_BLOB_INDEX_LOOKUP.rs,P0,memory,SQL_BLOB,1496683,3805575,2.542673,-154.267270,true,3
384,00490,DML_WHERE_ORDER_LIMIT_103,SQLITE_PARITY_490_DML_WHERE_ORDER_LIMIT_103.rs,P1,memory,GEN_SQL_DML,1581765,4020322,2.541668,-154.166833,true,3
385,00422,DML_WHERE_ORDER_LIMIT_035,SQLITE_PARITY_422_DML_WHERE_ORDER_LIMIT_035.rs,P1,memory,GEN_SQL_DML,1506702,3829210,2.541451,-154.145146,true,3
386,10614,ZEROBLOB_TYPEOF_AND_HEX,SQLITE_PARITY_10614_ZEROBLOB_TYPEOF_AND_HEX.rs,P0,memory,SQL_BLOB,1525418,3875136,2.540376,-154.037647,true,3
387,11916,WIN_AVG_EXCL_CURRENT_ROW,SQLITE_PARITY_11916_WIN_AVG_EXCL_CURRENT_ROW.rs,P0,memory,SQL_WINDOW,1483499,3768645,2.540376,-154.037583,true,3
388,10177,DOT_TABLES_NO_ARG,SQLITE_PARITY_10177_DOT_TABLES_NO_ARG.rs,P0,memory,CLI_DOT_COMMAND,1377628,3499545,2.540268,-154.026849,true,3
389,00750,CTE_RECURSIVE_MATRIX_043,SQLITE_PARITY_750_CTE_RECURSIVE_MATRIX_043.rs,P1,memory,GEN_SQL_CTE,1445918,3670619,2.538608,-153.860800,true,3
390,00501,DML_WHERE_ORDER_LIMIT_114,SQLITE_PARITY_501_DML_WHERE_ORDER_LIMIT_114.rs,P1,memory,GEN_SQL_DML,1638663,4158994,2.538041,-153.804107,true,3
391,00074,NOT_INDEXED,SQLITE_PARITY_074_NOT_INDEXED.rs,P0,memory,SQL_INDEX,1503246,3815173,2.537957,-153.795653,true,3
392,00962,VIEW_TRIGGER_GENERATED_015,SQLITE_PARITY_962_VIEW_TRIGGER_GENERATED_015.rs,P2,memory,GEN_SQL_VIEW_TRIGGER,1631047,4137683,2.536826,-153.682635,true,3
393,10170,DOT_NULLVALUE_NULL,SQLITE_PARITY_10170_DOT_NULLVALUE_NULL.rs,P0,memory,CLI_DOT_COMMAND,1345357,3412801,2.536725,-153.672520,true,3
394,00913,CONSTRAINT_FK_SAVEPOINT_046,SQLITE_PARITY_913_CONSTRAINT_FK_SAVEPOINT_046.rs,P2,memory,GEN_SQL_CONSTRAINT_TX,1616460,4099522,2.536111,-153.611101,true,3
395,00332,SCALAR_ARITH_027,SQLITE_PARITY_332_SCALAR_ARITH_027.rs,P1,memory,GEN_SQL_SCALAR,1348183,3418031,2.535287,-153.528712,true,3
396,10188,DOT_ECHO_ON,SQLITE_PARITY_10188_DOT_ECHO_ON.rs,P0,memory,CLI_DOT_COMMAND,1265696,3208294,2.534806,-153.480615,true,3
397,10382,PRAGMA_DATABASE_LIST_ATTACHED,SQLITE_PARITY_10382_PRAGMA_DATABASE_LIST_ATTACHED.rs,P0,memory,SQL_ATTACH,1466476,3717047,2.534680,-153.467974,true,3
398,00135,DOT_PROGRESS,SQLITE_PARITY_135_DOT_PROGRESS.rs,P0,memory,CLI_DOT_COMMAND,1211022,3068639,2.533925,-153.392506,true,3
399,11101,MATH_POW_3_0_2,SQLITE_PARITY_11101_MATH_POW_3_0_2.rs,P1,memory,SQL_MATH,1241841,3144764,2.532340,-153.234029,true,3
400,00714,CTE_RECURSIVE_MATRIX_007,SQLITE_PARITY_714_CTE_RECURSIVE_MATRIX_007.rs,P1,memory,GEN_SQL_CTE,1456267,3686921,2.531762,-153.176169,true,3
401,00215,TRANSACTION_SYNONYMS_END_COMMIT_TRANSACTION,SQLITE_PARITY_215_TRANSACTION_SYNONYMS_END_COMMIT_TRANSACTION.rs,P0,memory,SQL_TRANSACTION,1547169,3916925,2.531672,-153.167236,true,3
402,00012,INSERT_DEFAULT_VALUES,SQLITE_PARITY_012_INSERT_DEFAULT_VALUES.rs,P0,memory,SQL_INSERT,1488829,3768234,2.531005,-153.100524,true,3
403,11554,DATETIME_STRFTIME_ISO_EPOCH_UTC,SQLITE_PARITY_11554_DATETIME_STRFTIME_ISO_EPOCH_UTC.rs,P0,memory,SQL_DATETIME,1281125,3242018,2.530602,-153.060240,true,3
404,12014,PRAGMA_TRUSTED_SCHEMA,SQLITE_PARITY_12014_PRAGMA_TRUSTED_SCHEMA.rs,P1,memory,SQL_PRAGMA,1286226,3254471,2.530248,-153.024818,true,3
405,00914,CONSTRAINT_FK_SAVEPOINT_047,SQLITE_PARITY_914_CONSTRAINT_FK_SAVEPOINT_047.rs,P2,memory,GEN_SQL_CONSTRAINT_TX,1522092,3850940,2.530031,-153.003104,true,3
406,11095,MATH_ATAN2_1_0_1_0,SQLITE_PARITY_11095_MATH_ATAN2_1_0_1_0.rs,P1,memory,SQL_MATH,1374352,3477133,2.530016,-153.001633,true,3
407,00024,SAVEPOINT_ROLLBACK_RELEASE,SQLITE_PARITY_024_SAVEPOINT_ROLLBACK_RELEASE.rs,P0,memory,SQL_SAVEPOINT,1332893,3372014,2.529846,-152.984598,true,3
408,00568,AGG_GROUP_HAVING_061,SQLITE_PARITY_568_AGG_GROUP_HAVING_061.rs,P1,memory,GEN_SQL_AGGREGATE,1731679,4380614,2.529692,-152.969170,true,3
409,11690,DATETIME_DATE_UNIX_PLUS_10_SECONDS,SQLITE_PARITY_11690_DATETIME_DATE_UNIX_PLUS_10_SECONDS.rs,P0,memory,SQL_DATETIME,1234588,3123123,2.529688,-152.968845,true,3
410,00732,CTE_RECURSIVE_MATRIX_025,SQLITE_PARITY_732_CTE_RECURSIVE_MATRIX_025.rs,P1,memory,GEN_SQL_CTE,1473429,3727066,2.529519,-152.951856,true,3
411,00731,CTE_RECURSIVE_MATRIX_024,SQLITE_PARITY_731_CTE_RECURSIVE_MATRIX_024.rs,P1,memory,GEN_SQL_CTE,1397206,3533169,2.528739,-152.873878,true,3
412,10187,DOT_PRINT_MESSAGE,SQLITE_PARITY_10187_DOT_PRINT_MESSAGE.rs,P0,memory,CLI_DOT_COMMAND,1096436,2771978,2.528171,-152.817127,true,3
413,00336,SCALAR_ARITH_028,SQLITE_PARITY_336_SCALAR_ARITH_028.rs,P1,memory,GEN_SQL_SCALAR,1404690,3550922,2.527904,-152.790438,true,3
414,11557,DATETIME_DATETIME_Y2K_PLUS_5_DAYS,SQLITE_PARITY_11557_DATETIME_DATETIME_Y2K_PLUS_5_DAYS.rs,P0,memory,SQL_DATETIME,1247481,3152228,2.526875,-152.687456,true,3
415,00386,SCALAR_STRING_040,SQLITE_PARITY_386_SCALAR_STRING_040.rs,P1,memory,GEN_SQL_SCALAR,1352160,3414755,2.525407,-152.540750,true,3
416,01117,INDEX_SCHEMA_PRAGMA_050,SQLITE_PARITY_1117_INDEX_SCHEMA_PRAGMA_050.rs,P2,memory,GEN_SQL_INDEX_PRAGMA,1454864,3673875,2.525236,-152.523604,true,3
417,00730,CTE_RECURSIVE_MATRIX_023,SQLITE_PARITY_730_CTE_RECURSIVE_MATRIX_023.rs,P1,memory,GEN_SQL_CTE,1515018,3825773,2.525233,-152.523270,true,3
418,00596,AGG_GROUP_HAVING_089,SQLITE_PARITY_596_AGG_GROUP_HAVING_089.rs,P1,memory,GEN_SQL_AGGREGATE,1592144,4020131,2.524980,-152.497952,true,3
419,11429,STRING_QUOTE_1_5,SQLITE_PARITY_11429_STRING_QUOTE_1_5.rs,P0,memory,SQL_STRING,1371206,3460492,2.523685,-152.368499,true,3
420,00464,DML_WHERE_ORDER_LIMIT_077,SQLITE_PARITY_464_DML_WHERE_ORDER_LIMIT_077.rs,P1,memory,GEN_SQL_DML,1676324,4230489,2.523670,-152.367025,true,3
421,00396,DML_WHERE_ORDER_LIMIT_009,SQLITE_PARITY_396_DML_WHERE_ORDER_LIMIT_009.rs,P1,memory,GEN_SQL_DML,1481845,3739249,2.523374,-152.337390,true,3
422,00487,DML_WHERE_ORDER_LIMIT_100,SQLITE_PARITY_487_DML_WHERE_ORDER_LIMIT_100.rs,P1,memory,GEN_SQL_DML,1663299,4196154,2.522790,-152.278995,true,3
423,10118,MODE_COLUMN_DEFAULT,SQLITE_PARITY_10118_MODE_COLUMN_DEFAULT.rs,P0,memory,CLI_OUTPUT_MODE,1312926,3311349,2.522114,-152.211397,true,3
424,00945,CONSTRAINT_FK_SAVEPOINT_078,SQLITE_PARITY_945_CONSTRAINT_FK_SAVEPOINT_078.rs,P2,memory,GEN_SQL_CONSTRAINT_TX,1652148,4166859,2.522086,-152.208579,true,3
425,10373,ATTACH_MEMORY_AS_AUX,SQLITE_PARITY_10373_ATTACH_MEMORY_AS_AUX.rs,P0,memory,SQL_ATTACH,1512644,3814973,2.522056,-152.205608,true,3
426,11624,DATETIME_STRFTIME_ISO_DATE_2024_PLUS_1_YEAR,SQLITE_PARITY_11624_DATETIME_STRFTIME_ISO_DATE_2024_PLUS_1_YEAR.rs,P0,memory,SQL_DATETIME,1313867,3313363,2.521840,-152.184049,true,3
427,00408,DML_WHERE_ORDER_LIMIT_021,SQLITE_PARITY_408_DML_WHERE_ORDER_LIMIT_021.rs,P1,memory,GEN_SQL_DML,1523794,3842755,2.521834,-152.183366,true,3
428,00225,OPT_NONCE_SAFE_MODE,SQLITE_PARITY_225_OPT_NONCE_SAFE_MODE.rs,P2,memory,CLI_OPTION,1211373,3054392,2.521430,-152.142982,true,3
429,10428,REC_TREE_TRAVERSAL_PARENT_CHILD,SQLITE_PARITY_10428_REC_TREE_TRAVERSAL_PARENT_CHILD.rs,P0,memory,SQL_RECURSIVE_CTE,1572467,3964426,2.521151,-152.115052,true,3
430,00741,CTE_RECURSIVE_MATRIX_034,SQLITE_PARITY_741_CTE_RECURSIVE_MATRIX_034.rs,P1,memory,GEN_SQL_CTE,1567147,3950559,2.520861,-152.086052,true,3
431,00751,CTE_RECURSIVE_MATRIX_044,SQLITE_PARITY_751_CTE_RECURSIVE_MATRIX_044.rs,P1,memory,GEN_SQL_CTE,1408537,3549560,2.520033,-152.003320,true,3
432,00275,SCALAR_NULL_COALESCE_012,SQLITE_PARITY_275_SCALAR_NULL_COALESCE_012.rs,P1,memory,GEN_SQL_SCALAR,1444224,3638188,2.519130,-151.913000,true,3
433,01070,INDEX_SCHEMA_PRAGMA_003,SQLITE_PARITY_1070_INDEX_SCHEMA_PRAGMA_003.rs,P2,memory,GEN_SQL_INDEX_PRAGMA,1721830,4336309,2.518430,-151.843039,true,3
434,00782,CTE_RECURSIVE_MATRIX_075,SQLITE_PARITY_782_CTE_RECURSIVE_MATRIX_075.rs,P1,memory,GEN_SQL_CTE,1467839,3696389,2.518252,-151.825234,true,3
435,10296,BEGIN_DEFERRED_BASIC,SQLITE_PARITY_10296_BEGIN_DEFERRED_BASIC.rs,P0,memory,SQL_TRANSACTION,1427052,3593042,2.517807,-151.780734,true,3
436,00429,DML_WHERE_ORDER_LIMIT_042,SQLITE_PARITY_429_DML_WHERE_ORDER_LIMIT_042.rs,P1,memory,GEN_SQL_DML,1752197,4409938,2.516805,-151.680490,true,3
437,00871,CONSTRAINT_FK_SAVEPOINT_004,SQLITE_PARITY_871_CONSTRAINT_FK_SAVEPOINT_004.rs,P2,memory,GEN_SQL_CONSTRAINT_TX,1655525,4166308,2.516608,-151.660833,true,3
438,11703,DATETIME_JULIANDAY_UNIX_START_OF_MONTH,SQLITE_PARITY_11703_DATETIME_JULIANDAY_UNIX_START_OF_MONTH.rs,P0,memory,SQL_DATETIME,1203318,3028083,2.516445,-151.644453,true,3
439,10521,GROUP_BY_HAVING_AGGREGATE,SQLITE_PARITY_10521_GROUP_BY_HAVING_AGGREGATE.rs,P0,memory,SQL_AGGREGATE_ADV,1376105,3462786,2.516368,-151.636757,true,3
440,11063,MATH_LOG2_0_5,SQLITE_PARITY_11063_MATH_LOG2_0_5.rs,P1,memory,SQL_MATH,1441539,3627116,2.516141,-151.614143,true,3
441,11015,MATH_ASINH_10_0,SQLITE_PARITY_11015_MATH_ASINH_10_0.rs,P1,memory,SQL_MATH,1281566,3224394,2.515980,-151.597967,true,3
442,11696,DATETIME_TIME_UNIX_START_OF_DAY,SQLITE_PARITY_11696_DATETIME_TIME_UNIX_START_OF_DAY.rs,P0,memory,SQL_DATETIME,1232143,3099548,2.515575,-151.557490,true,3
443,00614,JOIN_SUBQUERY_EXISTS_007,SQLITE_PARITY_614_JOIN_SUBQUERY_EXISTS_007.rs,P1,memory,GEN_SQL_JOIN_SUBQUERY,1690891,4252611,2.515012,-151.501191,true,3
444,00458,DML_WHERE_ORDER_LIMIT_071,SQLITE_PARITY_458_DML_WHERE_ORDER_LIMIT_071.rs,P1,memory,GEN_SQL_DML,1755623,4415329,2.514964,-151.496420,true,3
445,00573,AGG_GROUP_HAVING_066,SQLITE_PARITY_573_AGG_GROUP_HAVING_066.rs,P1,memory,GEN_SQL_AGGREGATE,1821548,4580792,2.514780,-151.477974,true,3
446,10589,LIKE_ESCAPE_UNDERSCORE,SQLITE_PARITY_10589_LIKE_ESCAPE_UNDERSCORE.rs,P0,memory,SQL_PATTERN,1393969,3505266,2.514594,-151.459394,true,3
447,11544,DATETIME_STRFTIME_ISO_EPOCH_START_OF_YEAR,SQLITE_PARITY_11544_DATETIME_STRFTIME_ISO_EPOCH_START_OF_YEAR.rs,P0,memory,SQL_DATETIME,1327383,3336347,2.513477,-151.347727,true,3
448,01042,JSON_EXTRACT_SET_035,SQLITE_PARITY_1042_JSON_EXTRACT_SET_035.rs,P2,memory,GEN_SQL_JSON,1431400,3597240,2.513092,-151.309208,true,3
449,10440,REC_FIBONACCI,SQLITE_PARITY_10440_REC_FIBONACCI.rs,P0,memory,SQL_RECURSIVE_CTE,1439284,3617017,2.513067,-151.306691,true,3
450,00454,DML_WHERE_ORDER_LIMIT_067,SQLITE_PARITY_454_DML_WHERE_ORDER_LIMIT_067.rs,P1,memory,GEN_SQL_DML,1558410,3916094,2.512878,-151.287787,true,3
451,11001,MATH_ACOS_0_0,SQLITE_PARITY_11001_MATH_ACOS_0_0.rs,P1,memory,SQL_MATH,1238605,3111962,2.512473,-151.247331,true,3
452,00166,DOT_SESSION_CATALOG,SQLITE_PARITY_166_DOT_SESSION_CATALOG.rs,P4,catalog,CLI_CATALOG,1135970,2854033,2.512419,-151.241934,true,3
453,10193,DOT_BAIL_OFF_NOOP,SQLITE_PARITY_10193_DOT_BAIL_OFF_NOOP.rs,P0,memory,CLI_DOT_COMMAND,1412134,3547566,2.512202,-151.220210,true,3
454,10294,BEGIN_COMMIT_BASIC,SQLITE_PARITY_10294_BEGIN_COMMIT_BASIC.rs,P0,memory,SQL_TRANSACTION,1421311,3570139,2.511863,-151.186334,true,3
455,11657,DATETIME_DATETIME_DATE_2024_WEEKDAY_0,SQLITE_PARITY_11657_DATETIME_DATETIME_DATE_2024_WEEKDAY_0.rs,P0,memory,SQL_DATETIME,1264253,3175491,2.511753,-151.175279,true,3
456,00985,VIEW_TRIGGER_GENERATED_038,SQLITE_PARITY_985_VIEW_TRIGGER_GENERATED_038.rs,P2,memory,GEN_SQL_VIEW_TRIGGER,1520168,3818179,2.511682,-151.168226,true,3
457,00933,CONSTRAINT_FK_SAVEPOINT_066,SQLITE_PARITY_933_CONSTRAINT_FK_SAVEPOINT_066.rs,P2,memory,GEN_SQL_CONSTRAINT_TX,1684500,4229287,2.510708,-151.070763,true,3
458,00780,CTE_RECURSIVE_MATRIX_073,SQLITE_PARITY_780_CTE_RECURSIVE_MATRIX_073.rs,P1,memory,GEN_SQL_CTE,1684138,4225620,2.509070,-150.906992,true,3
459,11681,DATETIME_TIME_UNIX_PLUS_3_HOURS,SQLITE_PARITY_11681_DATETIME_TIME_UNIX_PLUS_3_HOURS.rs,P0,memory,SQL_DATETIME,1188219,2981314,2.509061,-150.906104,true,3
460,11823,JSON_JSON_TYPE_A_B_99,SQLITE_PARITY_11823_JSON_JSON_TYPE_A_B_99.rs,P0,memory,SQL_JSON,1258533,3157638,2.508983,-150.898308,true,3
461,00068,CAST_AND_TYPE_AFFINITY,SQLITE_PARITY_068_CAST_AND_TYPE_AFFINITY.rs,P0,memory,SQL_EXPRESSIONS,1355967,3401329,2.508416,-150.841577,true,3
462,11357,AFFINITY_NUMERIC_INT_BIG,SQLITE_PARITY_11357_AFFINITY_NUMERIC_INT_BIG.rs,P0,memory,SQL_TYPE_AFFINITY,1326231,3326458,2.508204,-150.820408,true,3
463,00932,CONSTRAINT_FK_SAVEPOINT_065,SQLITE_PARITY_932_CONSTRAINT_FK_SAVEPOINT_065.rs,P2,memory,GEN_SQL_CONSTRAINT_TX,1651227,4141350,2.508044,-150.804402,true,3
464,11611,DATETIME_TIME_DATE_2024_PLUS_5_DAYS,SQLITE_PARITY_11611_DATETIME_TIME_DATE_2024_PLUS_5_DAYS.rs,P0,memory,SQL_DATETIME,1244807,3121240,2.507409,-150.740878,true,3
465,00502,DML_WHERE_ORDER_LIMIT_115,SQLITE_PARITY_502_DML_WHERE_ORDER_LIMIT_115.rs,P1,memory,GEN_SQL_DML,1627291,4080135,2.507317,-150.731738,true,3
466,00668,JOIN_SUBQUERY_EXISTS_061,SQLITE_PARITY_668_JOIN_SUBQUERY_EXISTS_061.rs,P1,memory,GEN_SQL_JOIN_SUBQUERY,1712222,4292998,2.507267,-150.726717,true,3
467,00181,OPT_TABLE_MODE,SQLITE_PARITY_181_OPT_TABLE_MODE.rs,P2,memory,CLI_OPTION,1394971,3497431,2.507171,-150.717112,true,3
468,00918,CONSTRAINT_FK_SAVEPOINT_051,SQLITE_PARITY_918_CONSTRAINT_FK_SAVEPOINT_051.rs,P2,memory,GEN_SQL_CONSTRAINT_TX,1595160,3999161,2.507059,-150.705948,true,3
469,10173,DOT_SCHEMA_NO_ARG,SQLITE_PARITY_10173_DOT_SCHEMA_NO_ARG.rs,P0,memory,CLI_DOT_COMMAND,1374392,3445172,2.506688,-150.668805,true,3
470,10347,ON_CONFLICT_DO_UPDATE_RETURNING_STAR,SQLITE_PARITY_10347_ON_CONFLICT_DO_UPDATE_RETURNING_STAR.rs,P0,memory,SQL_UPSERT,1439786,3608853,2.506520,-150.652041,true,3
471,01115,INDEX_SCHEMA_PRAGMA_048,SQLITE_PARITY_1115_INDEX_SCHEMA_PRAGMA_048.rs,P2,memory,GEN_SQL_INDEX_PRAGMA,1698055,4255547,2.506130,-150.613025,true,3
472,00660,JOIN_SUBQUERY_EXISTS_053,SQLITE_PARITY_660_JOIN_SUBQUERY_EXISTS_053.rs,P1,memory,GEN_SQL_JOIN_SUBQUERY,1640656,4111033,2.505725,-150.572515,true,3
473,01083,INDEX_SCHEMA_PRAGMA_016,SQLITE_PARITY_1083_INDEX_SCHEMA_PRAGMA_016.rs,P2,memory,GEN_SQL_INDEX_PRAGMA,1533904,3843286,2.505558,-150.555837,true,3
474,00482,DML_WHERE_ORDER_LIMIT_095,SQLITE_PARITY_482_DML_WHERE_ORDER_LIMIT_095.rs,P1,memory,GEN_SQL_DML,1671184,4186616,2.505180,-150.517956,true,3
475,00631,JOIN_SUBQUERY_EXISTS_024,SQLITE_PARITY_631_JOIN_SUBQUERY_EXISTS_024.rs,P1,memory,GEN_SQL_JOIN_SUBQUERY,1624646,4069374,2.504776,-150.477581,true,3
476,00609,JOIN_SUBQUERY_EXISTS_002,SQLITE_PARITY_609_JOIN_SUBQUERY_EXISTS_002.rs,P1,memory,GEN_SQL_JOIN_SUBQUERY,1671404,4183891,2.503219,-150.321945,true,3
477,10072,INSERT_OR_REPLACE_OVERWRITES,SQLITE_PARITY_10072_INSERT_OR_REPLACE_OVERWRITES.rs,P0,memory,SQL_AUTOINCREMENT,1477016,3697259,2.503195,-150.319496,true,3
478,01047,JSON_EXTRACT_SET_040,SQLITE_PARITY_1047_JSON_EXTRACT_SET_040.rs,P2,memory,GEN_SQL_JSON,1572497,3935731,2.502854,-150.285438,true,3
479,10167,DOT_SEPARATOR_PIPE,SQLITE_PARITY_10167_DOT_SEPARATOR_PIPE.rs,P0,memory,CLI_DOT_COMMAND,1303598,3262536,2.502716,-150.271633,true,3
480,00814,WINDOW_PARTITION_SUM_027,SQLITE_PARITY_814_WINDOW_PARTITION_SUM_027.rs,P2,memory,GEN_SQL_WINDOW,1580472,3953575,2.501515,-150.151537,true,3
481,10286,FK_DEFERRED_PASSES_INSIDE_TXN,SQLITE_PARITY_10286_FK_DEFERRED_PASSES_INSIDE_TXN.rs,P0,memory,SQL_FOREIGN_KEYS,1512634,3782100,2.500340,-150.034047,true,3
482,10311,TXN_SEES_OWN_WRITES,SQLITE_PARITY_10311_TXN_SEES_OWN_WRITES.rs,P0,memory,SQL_TRANSACTION,1508035,3769677,2.499728,-149.972779,true,3
483,00706,JOIN_SUBQUERY_EXISTS_099,SQLITE_PARITY_706_JOIN_SUBQUERY_EXISTS_099.rs,P1,memory,GEN_SQL_JOIN_SUBQUERY,1616290,4040049,2.499582,-149.958176,true,3
484,00250,SCALAR_STRING_006,SQLITE_PARITY_250_SCALAR_STRING_006.rs,P1,memory,GEN_SQL_SCALAR,1324497,3310307,2.499294,-149.929369,true,3
485,00504,DML_WHERE_ORDER_LIMIT_117,SQLITE_PARITY_504_DML_WHERE_ORDER_LIMIT_117.rs,P1,memory,GEN_SQL_DML,1757036,4390953,2.499068,-149.906832,true,3
486,10058,INTPK_ALIAS_ROWID_NULL_AUTOFILL,SQLITE_PARITY_10058_INTPK_ALIAS_ROWID_NULL_AUTOFILL.rs,P0,memory,SQL_AUTOINCREMENT,1429716,3572453,2.498715,-149.871513,true,3
487,10057,AVG_TYPEOF_REAL_WITH_NULLS,SQLITE_PARITY_10057_AVG_TYPEOF_REAL_WITH_NULLS.rs,P0,memory,SQL_AGGREGATE_NULL,1264133,3158309,2.498399,-149.839930,true,3
488,11555,DATETIME_DATE_Y2K_PLUS_5_DAYS,SQLITE_PARITY_11555_DATETIME_DATE_Y2K_PLUS_5_DAYS.rs,P0,memory,SQL_DATETIME,1280775,3199387,2.498009,-149.800863,true,3
489,11029,MATH_CEILING_1_6,SQLITE_PARITY_11029_MATH_CEILING_1_6.rs,P1,memory,SQL_MATH,1363131,3404977,2.497909,-149.790886,true,3
490,00120,DOT_EXPLAIN,SQLITE_PARITY_120_DOT_EXPLAIN.rs,P0,memory,CLI_DOT_COMMAND,1325700,3310288,2.497011,-149.701139,true,3
491,00887,CONSTRAINT_FK_SAVEPOINT_020,SQLITE_PARITY_887_CONSTRAINT_FK_SAVEPOINT_020.rs,P2,memory,GEN_SQL_CONSTRAINT_TX,1540256,3845780,2.496845,-149.684468,true,3
492,00385,SCALAR_CAST_TYPEOF_040,SQLITE_PARITY_385_SCALAR_CAST_TYPEOF_040.rs,P1,memory,GEN_SQL_SCALAR,1266628,3161275,2.495820,-149.581961,true,3
493,00177,OPT_JSON_MODE,SQLITE_PARITY_177_OPT_JSON_MODE.rs,P1,memory,CLI_OPTION,1411292,3521778,2.495428,-149.542830,true,3
494,11333,AFFINITY_TEXT_INT_BIG,SQLITE_PARITY_11333_AFFINITY_TEXT_INT_BIG.rs,P0,memory,SQL_TYPE_AFFINITY,1323476,3302482,2.495309,-149.530932,true,3
495,10128,MODE_TABS_HEADERS_ON,SQLITE_PARITY_10128_MODE_TABS_HEADERS_ON.rs,P0,memory,CLI_OUTPUT_MODE,1430358,3569067,2.495226,-149.522637,true,3
496,00249,SCALAR_CAST_TYPEOF_006,SQLITE_PARITY_249_SCALAR_CAST_TYPEOF_006.rs,P1,memory,GEN_SQL_SCALAR,1482015,3697610,2.494988,-149.498824,true,3
497,00674,JOIN_SUBQUERY_EXISTS_067,SQLITE_PARITY_674_JOIN_SUBQUERY_EXISTS_067.rs,P1,memory,GEN_SQL_JOIN_SUBQUERY,1726148,4306062,2.494608,-149.460765,true,3
498,00505,DML_WHERE_ORDER_LIMIT_118,SQLITE_PARITY_505_DML_WHERE_ORDER_LIMIT_118.rs,P1,memory,GEN_SQL_DML,1616831,4032835,2.494284,-149.428357,true,3
499,11350,AFFINITY_BLOB_REAL_HALF,SQLITE_PARITY_11350_AFFINITY_BLOB_REAL_HALF.rs,P0,memory,SQL_TYPE_AFFINITY,1292647,3222791,2.493172,-149.317176,true,3
500,01008,JSON_EXTRACT_SET_001,SQLITE_PARITY_1008_JSON_EXTRACT_SET_001.rs,P2,memory,GEN_SQL_JSON,1464723,3651433,2.492917,-149.291709,true,3
501,11901,WIN_SUM_ROWS_CURRENT_UNBND_FOLL,SQLITE_PARITY_11901_WIN_SUM_ROWS_CURRENT_UNBND_FOLL.rs,P0,memory,SQL_WINDOW,1448342,3609814,2.492377,-149.237680,true,3
502,11636,DATETIME_TIME_DATE_2024_PLUS_10_SECONDS,SQLITE_PARITY_11636_DATETIME_TIME_DATE_2024_PLUS_10_SECONDS.rs,P0,memory,SQL_DATETIME,1386495,3454169,2.491296,-149.129568,true,3
503,00648,JOIN_SUBQUERY_EXISTS_041,SQLITE_PARITY_648_JOIN_SUBQUERY_EXISTS_041.rs,P1,memory,GEN_SQL_JOIN_SUBQUERY,1740194,4335278,2.491261,-149.126132,true,3
504,00574,AGG_GROUP_HAVING_067,SQLITE_PARITY_574_AGG_GROUP_HAVING_067.rs,P1,memory,GEN_SQL_AGGREGATE,1599669,3985025,2.491156,-149.115598,true,3
505,11815,JSON_JSON_TYPE_A_B_0,SQLITE_PARITY_11815_JSON_JSON_TYPE_A_B_0.rs,P0,memory,SQL_JSON,1339476,3336296,2.490747,-149.074713,true,3
506,01122,INDEX_SCHEMA_PRAGMA_055,SQLITE_PARITY_1122_INDEX_SCHEMA_PRAGMA_055.rs,P2,memory,GEN_SQL_INDEX_PRAGMA,1525478,3799313,2.490572,-149.057214,true,3
507,10055,GROUP_BY_NULL_KEY_COLLAPSES,SQLITE_PARITY_10055_GROUP_BY_NULL_KEY_COLLAPSES.rs,P0,memory,SQL_AGGREGATE_NULL,1316242,3277706,2.490200,-149.020013,true,3
508,00710,CTE_RECURSIVE_MATRIX_003,SQLITE_PARITY_710_CTE_RECURSIVE_MATRIX_003.rs,P1,memory,GEN_SQL_CTE,1585222,3946802,2.489747,-148.974718,true,3
509,11313,AFFINITY_BIGINT_TEXT_BARE,SQLITE_PARITY_11313_AFFINITY_BIGINT_TEXT_BARE.rs,P0,memory,SQL_TYPE_AFFINITY,1341599,3339302,2.489046,-148.904628,true,3
510,00811,WINDOW_PARTITION_SUM_024,SQLITE_PARITY_811_WINDOW_PARTITION_SUM_024.rs,P2,memory,GEN_SQL_WINDOW,1646036,4095223,2.487930,-148.793040,true,3
511,01102,INDEX_SCHEMA_PRAGMA_035,SQLITE_PARITY_1102_INDEX_SCHEMA_PRAGMA_035.rs,P2,memory,GEN_SQL_INDEX_PRAGMA,1581674,3935010,2.487877,-148.787677,true,3
512,11511,DATETIME_TIME_EPOCH_PLUS_1_YEAR,SQLITE_PARITY_11511_DATETIME_TIME_EPOCH_PLUS_1_YEAR.rs,P0,memory,SQL_DATETIME,1428444,3553788,2.487874,-148.787352,true,3
513,00441,DML_WHERE_ORDER_LIMIT_054,SQLITE_PARITY_441_DML_WHERE_ORDER_LIMIT_054.rs,P1,memory,GEN_SQL_DML,1536568,3822728,2.487835,-148.783523,true,3
514,01052,JSON_EXTRACT_SET_045,SQLITE_PARITY_1052_JSON_EXTRACT_SET_045.rs,P2,memory,GEN_SQL_JSON,1498026,3726185,2.487397,-148.739675,true,3
515,00284,SCALAR_ARITH_015,SQLITE_PARITY_284_SCALAR_ARITH_015.rs,P1,memory,GEN_SQL_SCALAR,1371366,3410487,2.486927,-148.692690,true,3
516,10221,OPT_MODE_TABS,SQLITE_PARITY_10221_OPT_MODE_TABS.rs,P0,memory,CLI_OPTION,1232273,3064291,2.486698,-148.669816,true,3
517,00127,DOT_LIMIT,SQLITE_PARITY_127_DOT_LIMIT.rs,P0,memory,CLI_DOT_COMMAND,1164244,2894670,2.486309,-148.630871,true,3
518,10405,PRAGMA_MODULE_LIST_FILTER,SQLITE_PARITY_10405_PRAGMA_MODULE_LIST_FILTER.rs,P0,memory,SQL_SCHEMA_INTROSPECTION,1311694,3260542,2.485749,-148.574896,true,3
519,10396,SQLITE_STAT1_AFTER_ANALYZE,SQLITE_PARITY_10396_SQLITE_STAT1_AFTER_ANALYZE.rs,P0,memory,SQL_SCHEMA_INTROSPECTION,1504078,3738527,2.485594,-148.559383,true,3
520,11016,MATH_ATAN_1_0,SQLITE_PARITY_11016_MATH_ATAN_1_0.rs,P1,memory,SQL_MATH,1319087,3278407,2.485361,-148.536071,true,3
521,11500,DATETIME_DATE_EPOCH_PLUS_5_DAYS,SQLITE_PARITY_11500_DATETIME_DATE_EPOCH_PLUS_5_DAYS.rs,P0,memory,SQL_DATETIME,1236942,3074110,2.485250,-148.524991,true,3
522,10388,ALIAS_QUALIFIED_UPDATE_DELETE,SQLITE_PARITY_10388_ALIAS_QUALIFIED_UPDATE_DELETE.rs,P0,memory,SQL_ATTACH,1691642,4204019,2.485171,-148.517062,true,3
523,01084,INDEX_SCHEMA_PRAGMA_017,SQLITE_PARITY_1084_INDEX_SCHEMA_PRAGMA_017.rs,P2,memory,GEN_SQL_INDEX_PRAGMA,1545977,3841343,2.484735,-148.473490,true,3
524,00698,JOIN_SUBQUERY_EXISTS_091,SQLITE_PARITY_698_JOIN_SUBQUERY_EXISTS_091.rs,P1,memory,GEN_SQL_JOIN_SUBQUERY,1672777,4155347,2.484101,-148.410099,true,3
525,10487,COMPOUND_THREE_WAY_UNION_ALL,SQLITE_PARITY_10487_COMPOUND_THREE_WAY_UNION_ALL.rs,P0,memory,SQL_COMPOUND,1512072,3755900,2.483943,-148.394256,true,3
526,11686,DATETIME_TIME_UNIX_PLUS_30_MINUTES,SQLITE_PARITY_11686_DATETIME_TIME_UNIX_PLUS_30_MINUTES.rs,P0,memory,SQL_DATETIME,1273241,3162177,2.483565,-148.356517,true,3
527,01108,INDEX_SCHEMA_PRAGMA_041,SQLITE_PARITY_1108_INDEX_SCHEMA_PRAGMA_041.rs,P2,memory,GEN_SQL_INDEX_PRAGMA,1456287,3614884,2.482261,-148.226071,true,3
528,11938,WIN_MIN_EXCL_TIES,SQLITE_PARITY_11938_WIN_MIN_EXCL_TIES.rs,P0,memory,SQL_WINDOW,1494249,3709092,2.482245,-148.224493,true,3
529,11946,WIN_MAX_EXCL_CURRENT_ROW,SQLITE_PARITY_11946_WIN_MAX_EXCL_CURRENT_ROW.rs,P0,memory,SQL_WINDOW,1539505,3820753,2.481806,-148.180616,true,3
530,00108,DOT_MODE_CSV_AND_QUOTE,SQLITE_PARITY_108_DOT_MODE_CSV_AND_QUOTE.rs,P0,memory,CLI_DOT_COMMAND,1493117,3705014,2.481396,-148.139563,true,3
531,10477,COMPOUND_ORDER_BY_FINAL,SQLITE_PARITY_10477_COMPOUND_ORDER_BY_FINAL.rs,P0,memory,SQL_COMPOUND,1299470,3224254,2.481207,-148.120695,true,3
532,00923,CONSTRAINT_FK_SAVEPOINT_056,SQLITE_PARITY_923_CONSTRAINT_FK_SAVEPOINT_056.rs,P2,memory,GEN_SQL_CONSTRAINT_TX,1471667,3651222,2.481011,-148.101099,true,3
533,00307,SCALAR_NULL_COALESCE_020,SQLITE_PARITY_307_SCALAR_NULL_COALESCE_020.rs,P1,memory,GEN_SQL_SCALAR,1381345,3426908,2.480849,-148.084874,true,3
534,11450,STRING_GLOB_A_ABC,SQLITE_PARITY_11450_STRING_GLOB_A_ABC.rs,P0,memory,SQL_STRING,1258963,3123203,2.480774,-148.077426,true,3
535,11541,DATETIME_TIME_EPOCH_START_OF_YEAR,SQLITE_PARITY_11541_DATETIME_TIME_EPOCH_START_OF_YEAR.rs,P0,memory,SQL_DATETIME,1270175,3149242,2.479376,-147.937646,true,3
536,11070,MATH_SIN_3_14159265358979,SQLITE_PARITY_11070_MATH_SIN_3_14159265358979.rs,P1,memory,SQL_MATH,1252030,3103776,2.478995,-147.899491,true,3
537,10126,MODE_CSV_COMMA_AND_NEWLINE,SQLITE_PARITY_10126_MODE_CSV_COMMA_AND_NEWLINE.rs,P0,memory,CLI_OUTPUT_MODE,1433294,3553117,2.478987,-147.898687,true,3
538,00326,SCALAR_STRING_025,SQLITE_PARITY_326_SCALAR_STRING_025.rs,P1,memory,GEN_SQL_SCALAR,1374032,3406018,2.478849,-147.884911,true,3
539,10498,CORRELATED_SUBQUERY_IN_SELECT_LIST,SQLITE_PARITY_10498_CORRELATED_SUBQUERY_IN_SELECT_LIST.rs,P0,memory,SQL_SUBQUERY,1491013,3694995,2.478178,-147.817759,true,3
540,00794,WINDOW_PARTITION_SUM_007,SQLITE_PARITY_794_WINDOW_PARTITION_SUM_007.rs,P2,memory,GEN_SQL_WINDOW,1521531,3770127,2.477851,-147.785093,true,3
541,11336,AFFINITY_TEXT_TEXT_NUM,SQLITE_PARITY_11336_AFFINITY_TEXT_TEXT_NUM.rs,P0,memory,SQL_TYPE_AFFINITY,1418716,3515255,2.477772,-147.777215,true,3
542,10394,SQLITE_SCHEMA_ALIAS,SQLITE_PARITY_10394_SQLITE_SCHEMA_ALIAS.rs,P0,memory,SQL_SCHEMA_INTROSPECTION,1331421,3298916,2.477741,-147.774070,true,3
543,00472,DML_WHERE_ORDER_LIMIT_085,SQLITE_PARITY_472_DML_WHERE_ORDER_LIMIT_085.rs,P1,memory,GEN_SQL_DML,1679049,4159625,2.477370,-147.736963,true,3
544,01080,INDEX_SCHEMA_PRAGMA_013,SQLITE_PARITY_1080_INDEX_SCHEMA_PRAGMA_013.rs,P2,memory,GEN_SQL_INDEX_PRAGMA,1640426,4063343,2.477005,-147.700475,true,3
545,10003,NULL_LT_NUMBER_IS_NULL,SQLITE_PARITY_10003_NULL_LT_NUMBER_IS_NULL.rs,P0,memory,SQL_NULL_SEMANTICS,1321783,3273367,2.476478,-147.647836,true,3
546,10289,PRAGMA_FOREIGN_KEY_LIST_BASIC,SQLITE_PARITY_10289_PRAGMA_FOREIGN_KEY_LIST_BASIC.rs,P0,memory,SQL_FOREIGN_KEYS,1363411,3374559,2.475086,-147.508565,true,3
547,10144,MODE_JSON_BASIC,SQLITE_PARITY_10144_MODE_JSON_BASIC.rs,P0,memory,CLI_OUTPUT_MODE,1272890,3150425,2.475017,-147.501748,true,3
548,11556,DATETIME_TIME_Y2K_PLUS_5_DAYS,SQLITE_PARITY_11556_DATETIME_TIME_Y2K_PLUS_5_DAYS.rs,P0,memory,SQL_DATETIME,1220110,3019707,2.474947,-147.494652,true,3
549,00145,DOT_SCANSTATS,SQLITE_PARITY_145_DOT_SCANSTATS.rs,P3,memory,CLI_DOT_COMMAND_DIAGNOSTIC,1581344,3912447,2.474128,-147.412770,true,3
550,00183,OPT_TABS_MODE,SQLITE_PARITY_183_OPT_TABS_MODE.rs,P2,memory,CLI_OPTION,1382267,3419744,2.474011,-147.401117,true,3
551,00008,STRICT_TABLE,SQLITE_PARITY_008_STRICT_TABLE.rs,P0,memory,SQL_DDL,1329587,3289397,2.473999,-147.399907,true,3
552,00762,CTE_RECURSIVE_MATRIX_055,SQLITE_PARITY_762_CTE_RECURSIVE_MATRIX_055.rs,P1,memory,GEN_SQL_CTE,1415249,3500677,2.473541,-147.354141,true,3
553,10515,GROUP_CONCAT_DISTINCT_BASIC,SQLITE_PARITY_10515_GROUP_CONCAT_DISTINCT_BASIC.rs,P0,memory,SQL_AGGREGATE_ADV,1319769,3263509,2.472788,-147.278804,true,3
554,00879,CONSTRAINT_FK_SAVEPOINT_012,SQLITE_PARITY_879_CONSTRAINT_FK_SAVEPOINT_012.rs,P2,memory,GEN_SQL_CONSTRAINT_TX,1596953,3948234,2.472355,-147.235454,true,3
555,00787,CTE_RECURSIVE_MATRIX_080,SQLITE_PARITY_787_CTE_RECURSIVE_MATRIX_080.rs,P1,memory,GEN_SQL_CTE,1457420,3602120,2.471573,-147.157305,true,3
556,11236,CAST_TEXT_BARE_AS_REAL,SQLITE_PARITY_11236_CAST_TEXT_BARE_AS_REAL.rs,P0,memory,SQL_CAST,1343503,3319845,2.471037,-147.103654,true,3
557,00702,JOIN_SUBQUERY_EXISTS_095,SQLITE_PARITY_702_JOIN_SUBQUERY_EXISTS_095.rs,P1,memory,GEN_SQL_JOIN_SUBQUERY,1736879,4290423,2.470191,-147.019107,true,3
558,01100,INDEX_SCHEMA_PRAGMA_033,SQLITE_PARITY_1100_INDEX_SCHEMA_PRAGMA_033.rs,P2,memory,GEN_SQL_INDEX_PRAGMA,1711279,4226331,2.469691,-146.969138,true,3
559,00576,AGG_GROUP_HAVING_069,SQLITE_PARITY_576_AGG_GROUP_HAVING_069.rs,P1,memory,GEN_SQL_AGGREGATE,1711080,4224929,2.469159,-146.915924,true,3
560,00342,SCALAR_STRING_029,SQLITE_PARITY_342_SCALAR_STRING_029.rs,P1,memory,GEN_SQL_SCALAR,1780411,4395832,2.468998,-146.899845,true,3
561,00888,CONSTRAINT_FK_SAVEPOINT_021,SQLITE_PARITY_888_CONSTRAINT_FK_SAVEPOINT_021.rs,P2,memory,GEN_SQL_CONSTRAINT_TX,1458511,3600546,2.468645,-146.864508,true,3
562,00013,INSERT_SELECT,SQLITE_PARITY_013_INSERT_SELECT.rs,P0,memory,SQL_INSERT,1380844,3408673,2.468543,-146.854315,true,3
563,10255,PRAGMA_SECURE_DELETE_TOGGLE,SQLITE_PARITY_10255_PRAGMA_SECURE_DELETE_TOGGLE.rs,P0,memory,SQL_PRAGMA,1166107,2877889,2.467946,-146.794591,true,3
564,00359,SCALAR_NULL_COALESCE_033,SQLITE_PARITY_359_SCALAR_NULL_COALESCE_033.rs,P1,memory,GEN_SQL_SCALAR,1362380,3361985,2.467729,-146.772927,true,3
565,00244,SCALAR_ARITH_005,SQLITE_PARITY_244_SCALAR_ARITH_005.rs,P1,memory,GEN_SQL_SCALAR,1294921,3195510,2.467726,-146.772583,true,3
566,00142,DOT_EXIT_CODE,SQLITE_PARITY_142_DOT_EXIT_CODE.rs,P0,memory,CLI_DOT_COMMAND,1273131,3141538,2.467569,-146.756854,true,3
567,00761,CTE_RECURSIVE_MATRIX_054,SQLITE_PARITY_761_CTE_RECURSIVE_MATRIX_054.rs,P1,memory,GEN_SQL_CTE,1475554,3640462,2.467183,-146.718317,true,3
568,11650,DATETIME_DATE_DATE_2024_START_OF_YEAR,SQLITE_PARITY_11650_DATETIME_DATE_DATE_2024_START_OF_YEAR.rs,P0,memory,SQL_DATETIME,1224038,3018755,2.466227,-146.622654,true,3
569,00824,WINDOW_PARTITION_SUM_037,SQLITE_PARITY_824_WINDOW_PARTITION_SUM_037.rs,P2,memory,GEN_SQL_WINDOW,1507835,3717939,2.465747,-146.574658,true,3
570,11409,STRING_LOWER_ABC,SQLITE_PARITY_11409_STRING_LOWER_ABC.rs,P0,memory,SQL_STRING,1171448,2888298,2.465579,-146.557935,true,3
571,00217,DETACH_DATABASE_SYNTAX,SQLITE_PARITY_217_DETACH_DATABASE_SYNTAX.rs,P0,memory,SQL_ATTACH,1462389,3605486,2.465477,-146.547670,true,3
572,00894,CONSTRAINT_FK_SAVEPOINT_027,SQLITE_PARITY_894_CONSTRAINT_FK_SAVEPOINT_027.rs,P2,memory,GEN_SQL_CONSTRAINT_TX,1603105,3951391,2.464836,-146.483605,true,3
573,10044,COUNT_STAR_VS_COUNT_COL_WITH_NULLS,SQLITE_PARITY_10044_COUNT_STAR_VS_COUNT_COL_WITH_NULLS.rs,P0,memory,SQL_AGGREGATE_NULL,1465314,3610846,2.464213,-146.421313,true,3
574,01109,INDEX_SCHEMA_PRAGMA_042,SQLITE_PARITY_1109_INDEX_SCHEMA_PRAGMA_042.rs,P2,memory,GEN_SQL_INDEX_PRAGMA,1705258,4201274,2.463718,-146.371751,true,3
575,10331,ON_CONFLICT_WHERE_PARTIAL_INDEX_MATCH,SQLITE_PARITY_10331_ON_CONFLICT_WHERE_PARTIAL_INDEX_MATCH.rs,P0,memory,SQL_UPSERT,1486303,3661532,2.463517,-146.351652,true,3
576,00439,DML_WHERE_ORDER_LIMIT_052,SQLITE_PARITY_439_DML_WHERE_ORDER_LIMIT_052.rs,P1,memory,GEN_SQL_DML,1531840,3773553,2.463412,-146.341198,true,3
577,00812,WINDOW_PARTITION_SUM_025,SQLITE_PARITY_812_WINDOW_PARTITION_SUM_025.rs,P2,memory,GEN_SQL_WINDOW,1487396,3663295,2.462892,-146.289152,true,3
578,10306,SAVEPOINT_DEPTH_5_RELEASE,SQLITE_PARITY_10306_SAVEPOINT_DEPTH_5_RELEASE.rs,P0,memory,SQL_TRANSACTION,1382317,3403934,2.462484,-146.248437,true,3
579,01012,JSON_EXTRACT_SET_005,SQLITE_PARITY_1012_JSON_EXTRACT_SET_005.rs,P2,memory,GEN_SQL_JSON,1459683,3594445,2.462483,-146.248329,true,3
580,10519,GROUP_CONCAT_DELIMITER_ORDER_BY,SQLITE_PARITY_10519_GROUP_CONCAT_DELIMITER_ORDER_BY.rs,P0,memory,SQL_AGGREGATE_ADV,1530016,3767503,2.462395,-146.239451,true,3
581,10048,TOTAL_VS_SUM_ALL_NULL_AND_EMPTY,SQLITE_PARITY_10048_TOTAL_VS_SUM_ALL_NULL_AND_EMPTY.rs,P0,memory,SQL_AGGREGATE_NULL,1418576,3491941,2.461582,-146.158190,true,3
582,11582,DATETIME_DATETIME_Y2K_PLUS_10_SECONDS,SQLITE_PARITY_11582_DATETIME_DATETIME_Y2K_PLUS_10_SECONDS.rs,P0,memory,SQL_DATETIME,1362690,3354110,2.461389,-146.138887,true,3
583,00380,SCALAR_ARITH_039,SQLITE_PARITY_380_SCALAR_ARITH_039.rs,P1,memory,GEN_SQL_SCALAR,1338975,3295399,2.461136,-146.113557,true,3
584,11038,MATH_COSH_1_0,SQLITE_PARITY_11038_MATH_COSH_1_0.rs,P1,memory,SQL_MATH,1437311,3536846,2.460738,-146.073814,true,3
585,00616,JOIN_SUBQUERY_EXISTS_009,SQLITE_PARITY_616_JOIN_SUBQUERY_EXISTS_009.rs,P1,memory,GEN_SQL_JOIN_SUBQUERY,1634354,4021704,2.460730,-146.073005,true,3
586,01056,JSON_EXTRACT_SET_049,SQLITE_PARITY_1056_JSON_EXTRACT_SET_049.rs,P2,memory,GEN_SQL_JSON,1518545,3736254,2.460417,-146.041704,true,3
587,00772,CTE_RECURSIVE_MATRIX_065,SQLITE_PARITY_772_CTE_RECURSIVE_MATRIX_065.rs,P1,memory,GEN_SQL_CTE,1627321,4003840,2.460387,-146.038735,true,3
588,12006,PRAGMA_SYNCHRONOUS,SQLITE_PARITY_12006_PRAGMA_SYNCHRONOUS.rs,P1,memory,SQL_PRAGMA,1263983,3109186,2.459832,-145.983213,true,3
589,00689,JOIN_SUBQUERY_EXISTS_082,SQLITE_PARITY_689_JOIN_SUBQUERY_EXISTS_082.rs,P1,memory,GEN_SQL_JOIN_SUBQUERY,1672066,4112716,2.459661,-145.966128,true,3
590,11835,JSON_JSON_ARRAY_LENGTH_A_B_99,SQLITE_PARITY_11835_JSON_JSON_ARRAY_LENGTH_A_B_99.rs,P0,memory,SQL_JSON,1245418,3063179,2.459559,-145.955896,true,3
591,10489,COMPOUND_INTERSECT_THEN_UNION,SQLITE_PARITY_10489_COMPOUND_INTERSECT_THEN_UNION.rs,P0,memory,SQL_COMPOUND,1528042,3757895,2.459288,-145.928777,true,3
592,11341,AFFINITY_VARCHAR_8_INT_BIG,SQLITE_PARITY_11341_AFFINITY_VARCHAR_8_INT_BIG.rs,P0,memory,SQL_TYPE_AFFINITY,1318576,3242148,2.458825,-145.882528,true,3
593,00109,DOT_MODE_JSON,SQLITE_PARITY_109_DOT_MODE_JSON.rs,P0,memory,CLI_DOT_COMMAND,1333956,3278266,2.457552,-145.755182,true,3
594,00929,CONSTRAINT_FK_SAVEPOINT_062,SQLITE_PARITY_929_CONSTRAINT_FK_SAVEPOINT_062.rs,P2,memory,GEN_SQL_CONSTRAINT_TX,1496633,3678003,2.457518,-145.751831,true,3
595,11231,CAST_TEXT_NUM_AS_REAL,SQLITE_PARITY_11231_CAST_TEXT_NUM_AS_REAL.rs,P0,memory,SQL_CAST,1420609,3490669,2.457164,-145.716379,true,3
596,10233,OPT_CMD_MULTIPLE,SQLITE_PARITY_10233_OPT_CMD_MULTIPLE.rs,P0,memory,CLI_OPTION,1259745,3094498,2.456448,-145.644793,true,3
597,00778,CTE_RECURSIVE_MATRIX_071,SQLITE_PARITY_778_CTE_RECURSIVE_MATRIX_071.rs,P1,memory,GEN_SQL_CTE,1452720,3568515,2.456437,-145.643689,true,3
598,10433,REC_NOT_MATERIALIZED_HINT,SQLITE_PARITY_10433_REC_NOT_MATERIALIZED_HINT.rs,P0,memory,SQL_RECURSIVE_CTE,1480924,3637566,2.456281,-145.628135,true,3
599,11719,DATETIME_STRFTIME_ISO_UNIX_UTC,SQLITE_PARITY_11719_DATETIME_STRFTIME_ISO_UNIX_UTC.rs,P0,memory,SQL_DATETIME,1285533,3157307,2.456030,-145.602952,true,3
600,10467,JOIN_MIXED_INNER_OUTER,SQLITE_PARITY_10467_JOIN_MIXED_INNER_OUTER.rs,P0,memory,SQL_JOIN,1469552,3609012,2.455859,-145.585866,true,3
601,10205,OPT_NEWLINE_AT,SQLITE_PARITY_10205_OPT_NEWLINE_AT.rs,P0,memory,CLI_OPTION,1329537,3263388,2.454530,-145.452966,true,3
602,00488,DML_WHERE_ORDER_LIMIT_101,SQLITE_PARITY_488_DML_WHERE_ORDER_LIMIT_101.rs,P1,memory,GEN_SQL_DML,1498447,3677522,2.454222,-145.422227,true,3
603,00623,JOIN_SUBQUERY_EXISTS_016,SQLITE_PARITY_623_JOIN_SUBQUERY_EXISTS_016.rs,P1,memory,GEN_SQL_JOIN_SUBQUERY,1762216,4324677,2.454113,-145.411289,true,3
604,00768,CTE_RECURSIVE_MATRIX_061,SQLITE_PARITY_768_CTE_RECURSIVE_MATRIX_061.rs,P1,memory,GEN_SQL_CTE,1394350,3421758,2.454017,-145.401657,true,3
605,00746,CTE_RECURSIVE_MATRIX_039,SQLITE_PARITY_746_CTE_RECURSIVE_MATRIX_039.rs,P1,memory,GEN_SQL_CTE,1607212,3942805,2.453195,-145.319535,true,3
606,00981,VIEW_TRIGGER_GENERATED_034,SQLITE_PARITY_981_VIEW_TRIGGER_GENERATED_034.rs,P2,memory,GEN_SQL_VIEW_TRIGGER,1575813,3864677,2.452497,-145.249722,true,3
607,10462,JOIN_NOT_INDEXED_HINT,SQLITE_PARITY_10462_JOIN_NOT_INDEXED_HINT.rs,P0,memory,SQL_JOIN,1603907,3933517,2.452460,-145.245953,true,3
608,10021,TYPEOF_NULL,SQLITE_PARITY_10021_TYPEOF_NULL.rs,P0,memory,SQL_NULL_SEMANTICS,1295573,3177075,2.452255,-145.225472,true,3
609,10364,RETURNING_WITH_SCALAR_SUBQUERY,SQLITE_PARITY_10364_RETURNING_WITH_SCALAR_SUBQUERY.rs,P0,memory,SQL_RETURNING,1594819,3910323,2.451891,-145.189141,true,3
610,01040,JSON_EXTRACT_SET_033,SQLITE_PARITY_1040_JSON_EXTRACT_SET_033.rs,P2,memory,GEN_SQL_JSON,1562548,3830442,2.451408,-145.140757,true,3
611,11531,DATETIME_TIME_EPOCH_START_OF_DAY,SQLITE_PARITY_11531_DATETIME_TIME_EPOCH_START_OF_DAY.rs,P0,memory,SQL_DATETIME,1306033,3200669,2.450680,-145.068004,true,3
612,00567,AGG_GROUP_HAVING_060,SQLITE_PARITY_567_AGG_GROUP_HAVING_060.rs,P1,memory,GEN_SQL_AGGREGATE,1776153,4351969,2.450222,-145.022191,true,3
613,00400,DML_WHERE_ORDER_LIMIT_013,SQLITE_PARITY_400_DML_WHERE_ORDER_LIMIT_013.rs,P1,memory,GEN_SQL_DML,1698586,4160676,2.449494,-144.949387,true,3
614,10370,UPDATE_WITH_EXPR_RETURNING,SQLITE_PARITY_10370_UPDATE_WITH_EXPR_RETURNING.rs,P0,memory,SQL_RETURNING,1562298,3826294,2.449145,-144.914479,true,3
615,11925,WIN_COUNT_GROUPS_1_PREC_CURRENT,SQLITE_PARITY_11925_WIN_COUNT_GROUPS_1_PREC_CURRENT.rs,P0,memory,SQL_WINDOW,1484811,3635803,2.448664,-144.866384,true,3
616,00322,SCALAR_STRING_024,SQLITE_PARITY_322_SCALAR_STRING_024.rs,P1,memory,GEN_SQL_SCALAR,1378360,3375070,2.448613,-144.861284,true,3
617,10099,STRICT_NULL_ALLOWED_BY_DEFAULT,SQLITE_PARITY_10099_STRICT_NULL_ALLOWED_BY_DEFAULT.rs,P0,memory,SQL_STRICT_TABLES,1343444,3288586,2.447877,-144.787725,true,3
618,00324,SCALAR_ARITH_025,SQLITE_PARITY_324_SCALAR_ARITH_025.rs,P1,memory,GEN_SQL_SCALAR,1312945,3213894,2.447851,-144.785120,true,3
619,00840,WINDOW_PARTITION_SUM_053,SQLITE_PARITY_840_WINDOW_PARTITION_SUM_053.rs,P2,memory,GEN_SQL_WINDOW,1755974,4297195,2.447186,-144.718601,true,3
620,10622,BLOB_GROUP_BY,SQLITE_PARITY_10622_BLOB_GROUP_BY.rs,P0,memory,SQL_BLOB,1513836,3703191,2.446230,-144.622997,true,3
621,11008,MATH_ASIN_1_0,SQLITE_PARITY_11008_MATH_ASIN_1_0.rs,P1,memory,SQL_MATH,1252872,3064251,2.445781,-144.578137,true,3
622,10375,QUALIFIED_TABLE_REF,SQLITE_PARITY_10375_QUALIFIED_TABLE_REF.rs,P0,memory,SQL_ATTACH,1567718,3834129,2.445675,-144.567518,true,3
623,00099,CLI_UINT_COLLATION_OPTIONAL,SQLITE_PARITY_099_CLI_UINT_COLLATION_OPTIONAL.rs,P3,memory,CLI_EXTENSION_OPTIONAL,1394500,3410086,2.445383,-144.538257,true,3
624,10482,COMPOUND_VALUES_OPERAND,SQLITE_PARITY_10482_COMPOUND_VALUES_OPERAND.rs,P0,memory,SQL_COMPOUND,1397576,3416929,2.444897,-144.489674,true,3
625,00748,CTE_RECURSIVE_MATRIX_041,SQLITE_PARITY_748_CTE_RECURSIVE_MATRIX_041.rs,P1,memory,GEN_SQL_CTE,1426681,3488074,2.444887,-144.488712,true,3
626,00911,CONSTRAINT_FK_SAVEPOINT_044,SQLITE_PARITY_911_CONSTRAINT_FK_SAVEPOINT_044.rs,P2,memory,GEN_SQL_CONSTRAINT_TX,1600921,3914010,2.444849,-144.484893,true,3
627,00285,SCALAR_CAST_TYPEOF_015,SQLITE_PARITY_285_SCALAR_CAST_TYPEOF_015.rs,P1,memory,GEN_SQL_SCALAR,1495521,3656162,2.444741,-144.474133,true,3
628,11216,CAST_REAL_3_14_AS_REAL,SQLITE_PARITY_11216_CAST_REAL_3_14_AS_REAL.rs,P0,memory,SQL_CAST,1407454,3440524,2.444502,-144.450192,true,3
629,10517,FILTER_SUM_X_IS_NOT_NULL,SQLITE_PARITY_10517_FILTER_SUM_X_IS_NOT_NULL.rs,P0,memory,SQL_AGGREGATE_ADV,1391174,3400658,2.444452,-144.445195,true,3
630,00898,CONSTRAINT_FK_SAVEPOINT_031,SQLITE_PARITY_898_CONSTRAINT_FK_SAVEPOINT_031.rs,P2,memory,GEN_SQL_CONSTRAINT_TX,1565684,3825653,2.443439,-144.343878,true,3
631,11012,MATH_ASINH_1_0,SQLITE_PARITY_11012_MATH_ASINH_1_0.rs,P1,memory,SQL_MATH,1276576,3119195,2.443407,-144.340721,true,3
632,10171,DOT_NULLVALUE_EMPTY,SQLITE_PARITY_10171_DOT_NULLVALUE_EMPTY.rs,P0,memory,CLI_DOT_COMMAND,1283560,3136078,2.443266,-144.326561,true,3
633,00154,DOT_DBINFO_TEMPFILE,SQLITE_PARITY_154_DOT_DBINFO_TEMPFILE.rs,P3,tempfile,CLI_TEMPFILE_DIAGNOSTIC,1640606,4007597,2.442754,-144.275408,true,3
634,11068,MATH_SIN_0_0,SQLITE_PARITY_11068_MATH_SIN_0_0.rs,P1,memory,SQL_MATH,1400862,3421377,2.442337,-144.233693,true,3
635,11819,JSON_JSON_TYPE_D_0,SQLITE_PARITY_11819_JSON_JSON_TYPE_D_0.rs,P0,memory,SQL_JSON,1357350,3315016,2.442271,-144.227060,true,3
636,00495,DML_WHERE_ORDER_LIMIT_108,SQLITE_PARITY_495_DML_WHERE_ORDER_LIMIT_108.rs,P1,memory,GEN_SQL_DML,1704927,4163603,2.442100,-144.210045,true,3
637,00857,WINDOW_PARTITION_SUM_070,SQLITE_PARITY_857_WINDOW_PARTITION_SUM_070.rs,P2,memory,GEN_SQL_WINDOW,1555354,3796768,2.441096,-144.109572,true,3
638,11914,WIN_AVG_RANGE_UNBND_PREC_CURRENT,SQLITE_PARITY_11914_WIN_AVG_RANGE_UNBND_PREC_CURRENT.rs,P0,memory,SQL_WINDOW,1483589,3621236,2.440862,-144.086199,true,3
639,10263,PRAGMA_USER_VERSION_DEFAULT,SQLITE_PARITY_10263_PRAGMA_USER_VERSION_DEFAULT.rs,P0,memory,SQL_PRAGMA,1294811,3160033,2.440536,-144.053611,true,3
640,00436,DML_WHERE_ORDER_LIMIT_049,SQLITE_PARITY_436_DML_WHERE_ORDER_LIMIT_049.rs,P1,memory,GEN_SQL_DML,1553742,3791599,2.440302,-144.030154,true,3
641,00655,JOIN_SUBQUERY_EXISTS_048,SQLITE_PARITY_655_JOIN_SUBQUERY_EXISTS_048.rs,P1,memory,GEN_SQL_JOIN_SUBQUERY,1662237,4056159,2.440181,-144.018091,true,3
642,10245,PRAGMA_CASE_SENSITIVE_LIKE_OFF_AFFECTS_LIKE,SQLITE_PARITY_10245_PRAGMA_CASE_SENSITIVE_LIKE_OFF_AFFECTS_LIKE.rs,P0,memory,SQL_PRAGMA,1429626,3486972,2.439080,-143.907987,true,3
643,10601,LIKE_ON_INTEGER_COERCES,SQLITE_PARITY_10601_LIKE_ON_INTEGER_COERCES.rs,P0,memory,SQL_PATTERN,1427282,3481150,2.439006,-143.900645,true,3
644,10630,JSON_REJECTS_BLOB,SQLITE_PARITY_10630_JSON_REJECTS_BLOB.rs,P0,memory,SQL_BLOB,1285043,3134123,2.438925,-143.892461,true,3
645,11665,DATETIME_DATE_UNIX_PLUS_5_DAYS,SQLITE_PARITY_11665_DATETIME_DATE_UNIX_PLUS_5_DAYS.rs,P0,memory,SQL_DATETIME,1258132,3068269,2.438750,-143.874967,true,3
646,11850,JSON_DARROW_A_B_0,SQLITE_PARITY_11850_JSON_DARROW_A_B_0.rs,P0,memory,SQL_JSON,1294420,3156396,2.438464,-143.846356,true,3
647,10549,FOREIGN_KEY_CONSTRAINT_FAILED,SQLITE_PARITY_10549_FOREIGN_KEY_CONSTRAINT_FAILED.rs,P0,memory,SQL_ERROR_MESSAGES,1401634,3417490,2.438219,-143.821854,true,3
648,11824,JSON_JSON_ARRAY_LENGTH_,SQLITE_PARITY_11824_JSON_JSON_ARRAY_LENGTH_.rs,P0,memory,SQL_JSON,1369563,3338821,2.437873,-143.787325,true,3
649,11353,AFFINITY_BLOB_TEXT_BARE,SQLITE_PARITY_11353_AFFINITY_BLOB_TEXT_BARE.rs,P0,memory,SQL_TYPE_AFFINITY,1355126,3302733,2.437215,-143.721469,true,3
650,11826,JSON_JSON_ARRAY_LENGTH_A_B,SQLITE_PARITY_11826_JSON_JSON_ARRAY_LENGTH_A_B.rs,P0,memory,SQL_JSON,1379982,3362766,2.436819,-143.681874,true,3
651,00921,CONSTRAINT_FK_SAVEPOINT_054,SQLITE_PARITY_921_CONSTRAINT_FK_SAVEPOINT_054.rs,P2,memory,GEN_SQL_CONSTRAINT_TX,1587375,3868093,2.436786,-143.678589,true,3
652,10350,INSERT_RETURNING_STAR,SQLITE_PARITY_10350_INSERT_RETURNING_STAR.rs,P0,memory,SQL_RETURNING,1398528,3407902,2.436778,-143.677781,true,3
653,10603,GLOB_WITH_NULL,SQLITE_PARITY_10603_GLOB_WITH_NULL.rs,P0,memory,SQL_PATTERN,1351098,3292083,2.436598,-143.659823,true,3
654,00389,DML_WHERE_ORDER_LIMIT_002,SQLITE_PARITY_389_DML_WHERE_ORDER_LIMIT_002.rs,P1,memory,GEN_SQL_DML,1657287,4037644,2.436297,-143.629739,true,3
655,00968,VIEW_TRIGGER_GENERATED_021,SQLITE_PARITY_968_VIEW_TRIGGER_GENERATED_021.rs,P2,memory,GEN_SQL_VIEW_TRIGGER,1652328,4025521,2.436272,-143.627234,true,3
656,00272,SCALAR_ARITH_012,SQLITE_PARITY_272_SCALAR_ARITH_012.rs,P1,memory,GEN_SQL_SCALAR,1431781,3487623,2.435863,-143.586345,true,3
657,11084,MATH_TANH_0_0,SQLITE_PARITY_11084_MATH_TANH_0_0.rs,P1,memory,SQL_MATH,1342051,3268828,2.435696,-143.569581,true,3
658,00144,DOT_PROMPT,SQLITE_PARITY_144_DOT_PROMPT.rs,P0,memory,CLI_DOT_COMMAND,1337081,3256244,2.435338,-143.533787,true,3
659,00017,DELETE_BASIC,SQLITE_PARITY_017_DELETE_BASIC.rs,P0,memory,SQL_DELETE,1540486,3751112,2.435019,-143.501856,true,3
660,00785,CTE_RECURSIVE_MATRIX_078,SQLITE_PARITY_785_CTE_RECURSIVE_MATRIX_078.rs,P1,memory,GEN_SQL_CTE,1443372,3514583,2.434981,-143.498073,true,3
661,11617,DATETIME_DATETIME_DATE_2024_MINUS_1_MONTH,SQLITE_PARITY_11617_DATETIME_DATETIME_DATE_2024_MINUS_1_MONTH.rs,P0,memory,SQL_DATETIME,1321522,3217862,2.434967,-143.496665,true,3
662,00708,CTE_RECURSIVE_MATRIX_001,SQLITE_PARITY_708_CTE_RECURSIVE_MATRIX_001.rs,P1,memory,GEN_SQL_CTE,1518505,3697269,2.434809,-143.480858,true,3
663,10343,INSERT_SELECT_UPSERT,SQLITE_PARITY_10343_INSERT_SELECT_UPSERT.rs,P0,memory,SQL_UPSERT,1491935,3632487,2.434749,-143.474883,true,3
664,00711,CTE_RECURSIVE_MATRIX_004,SQLITE_PARITY_711_CTE_RECURSIVE_MATRIX_004.rs,P1,memory,GEN_SQL_CTE,1472297,3583575,2.434003,-143.400279,true,3
665,10474,COMPOUND_INTERSECT,SQLITE_PARITY_10474_COMPOUND_INTERSECT.rs,P0,memory,SQL_COMPOUND,1492105,3631105,2.433545,-143.354523,true,3
666,10093,STRICT_BLOB_ACCEPTS_BLOB,SQLITE_PARITY_10093_STRICT_BLOB_ACCEPTS_BLOB.rs,P0,memory,SQL_STRICT_TABLES,1428414,3476081,2.433525,-143.352487,true,3
667,11584,DATETIME_STRFTIME_ISO_Y2K_PLUS_10_SECONDS,SQLITE_PARITY_11584_DATETIME_STRFTIME_ISO_Y2K_PLUS_10_SECONDS.rs,P0,memory,SQL_DATETIME,1305121,3176043,2.433524,-143.352379,true,3
668,10158,CLI_FLAG_TABS,SQLITE_PARITY_10158_CLI_FLAG_TABS.rs,P0,memory,CLI_OUTPUT_MODE,1324547,3222741,2.433089,-143.308920,true,3
669,10346,ON_CONFLICT_DO_UPDATE_NO_OP_VALUES,SQLITE_PARITY_10346_ON_CONFLICT_DO_UPDATE_NO_OP_VALUES.rs,P0,memory,SQL_UPSERT,1535317,3735061,2.432762,-143.276209,true,3
670,11677,DATETIME_DATETIME_UNIX_PLUS_1_YEAR,SQLITE_PARITY_11677_DATETIME_DATETIME_UNIX_PLUS_1_YEAR.rs,P0,memory,SQL_DATETIME,1318246,3206571,2.432453,-143.245267,true,3
671,10136,MODE_TCL_BASIC,SQLITE_PARITY_10136_MODE_TCL_BASIC.rs,P0,memory,CLI_OUTPUT_MODE,1388829,3377555,2.431944,-143.194447,true,3
672,11003,MATH_ACOS_0_5,SQLITE_PARITY_11003_MATH_ACOS_0_5.rs,P1,memory,SQL_MATH,1465946,3564348,2.431432,-143.143199,true,3
673,00585,AGG_GROUP_HAVING_078,SQLITE_PARITY_585_AGG_GROUP_HAVING_078.rs,P1,memory,GEN_SQL_AGGREGATE,1663059,4043526,2.431379,-143.137856,true,3
674,00468,DML_WHERE_ORDER_LIMIT_081,SQLITE_PARITY_468_DML_WHERE_ORDER_LIMIT_081.rs,P1,memory,GEN_SQL_DML,1667106,4052112,2.430626,-143.062649,true,3
675,11206,CAST_INT_5_AS_REAL,SQLITE_PARITY_11206_CAST_INT_5_AS_REAL.rs,P0,memory,SQL_CAST,1394791,3389427,2.430061,-143.006085,true,3
676,11502,DATETIME_DATETIME_EPOCH_PLUS_5_DAYS,SQLITE_PARITY_11502_DATETIME_DATETIME_EPOCH_PLUS_5_DAYS.rs,P0,memory,SQL_DATETIME,1292687,3140987,2.429812,-142.981248,true,3
677,00578,AGG_GROUP_HAVING_071,SQLITE_PARITY_578_AGG_GROUP_HAVING_071.rs,P1,memory,GEN_SQL_AGGREGATE,1730717,4203088,2.428524,-142.852413,true,3
678,00356,SCALAR_ARITH_033,SQLITE_PARITY_356_SCALAR_ARITH_033.rs,P1,memory,GEN_SQL_SCALAR,1351458,3280170,2.427134,-142.713425,true,3
679,00137,DOT_VERSION,SQLITE_PARITY_137_DOT_VERSION.rs,P2,memory,CLI_DOT_COMMAND_DIAGNOSTIC,1114820,2704911,2.426321,-142.632084,true,3
680,11007,MATH_ACOSH_100_0,SQLITE_PARITY_11007_MATH_ACOSH_100_0.rs,P1,memory,SQL_MATH,1465274,3554429,2.425778,-142.577770,true,3
681,11941,WIN_MAX_ROWS_CURRENT_UNBND_FOLL,SQLITE_PARITY_11941_WIN_MAX_ROWS_CURRENT_UNBND_FOLL.rs,P0,memory,SQL_WINDOW,1463461,3550020,2.425770,-142.577014,true,3
682,11411,STRING_UPPER_ABC,SQLITE_PARITY_11411_STRING_UPPER_ABC.rs,P0,memory,SQL_STRING,1297316,3146347,2.425274,-142.527418,true,3
683,00781,CTE_RECURSIVE_MATRIX_074,SQLITE_PARITY_781_CTE_RECURSIVE_MATRIX_074.rs,P1,memory,GEN_SQL_CTE,1524146,3696327,2.425179,-142.517908,true,3
684,00956,VIEW_TRIGGER_GENERATED_009,SQLITE_PARITY_956_VIEW_TRIGGER_GENERATED_009.rs,P2,memory,GEN_SQL_VIEW_TRIGGER,1670192,4050188,2.424983,-142.498347,true,3
685,11435,STRING_ZEROBLOB_0,SQLITE_PARITY_11435_STRING_ZEROBLOB_0.rs,P0,memory,SQL_STRING,1356699,3289327,2.424508,-142.450757,true,3
686,10313,COMMIT_AFTER_ONLY_SELECTS,SQLITE_PARITY_10313_COMMIT_AFTER_ONLY_SELECTS.rs,P0,memory,SQL_TRANSACTION,1447961,3510365,2.424351,-142.435052,true,3
687,10121,MODE_COLUMN_WIDTH_LARGE,SQLITE_PARITY_10121_MODE_COLUMN_WIDTH_LARGE.rs,P0,memory,CLI_OUTPUT_MODE,1404098,3402882,2.423536,-142.353596,true,3
688,10619,BLOB_AFFINITY_TEXT_COLUMN,SQLITE_PARITY_10619_BLOB_AFFINITY_TEXT_COLUMN.rs,P0,memory,SQL_BLOB,1410550,3417770,2.423005,-142.300521,true,3
689,00513,AGG_GROUP_HAVING_006,SQLITE_PARITY_513_AGG_GROUP_HAVING_006.rs,P1,memory,GEN_SQL_AGGREGATE,1634584,3960438,2.422903,-142.290271,true,3
690,00973,VIEW_TRIGGER_GENERATED_026,SQLITE_PARITY_973_VIEW_TRIGGER_GENERATED_026.rs,P2,memory,GEN_SQL_VIEW_TRIGGER,1420549,3440714,2.422102,-142.210160,true,3
691,00406,DML_WHERE_ORDER_LIMIT_019,SQLITE_PARITY_406_DML_WHERE_ORDER_LIMIT_019.rs,P1,memory,GEN_SQL_DML,1648772,3993290,2.421978,-142.197830,true,3
692,10483,COMPOUND_WHERE_PER_SIDE,SQLITE_PARITY_10483_COMPOUND_WHERE_PER_SIDE.rs,P0,memory,SQL_COMPOUND,1398267,3384908,2.420788,-142.078802,true,3
693,00002,LITERALS_AND_TYPEOF,SQLITE_PARITY_002_LITERALS_AND_TYPEOF.rs,P0,memory,SQL_EXPRESSIONS,1447210,3502971,2.420499,-142.049944,true,3
694,11685,DATETIME_DATE_UNIX_PLUS_30_MINUTES,SQLITE_PARITY_11685_DATETIME_DATE_UNIX_PLUS_30_MINUTES.rs,P0,memory,SQL_DATETIME,1207175,2921511,2.420122,-142.012219,true,3
695,10124,MODE_CSV_HEADERS_ON,SQLITE_PARITY_10124_MODE_CSV_HEADERS_ON.rs,P0,memory,CLI_OUTPUT_MODE,1438092,3478205,2.418625,-141.862482,true,3
696,10465,JOIN_ON_EXPRESSION,SQLITE_PARITY_10465_JOIN_ON_EXPRESSION.rs,P0,memory,SQL_JOIN,1480743,3581090,2.418441,-141.844128,true,3
697,10043,UNION_ALL_ORDER_BY_ASC_NULL_FIRST,SQLITE_PARITY_10043_UNION_ALL_ORDER_BY_ASC_NULL_FIRST.rs,P0,memory,SQL_NULL_ORDER,1580642,3820653,2.417153,-141.715265,true,3
698,10503,SUBQUERY_GROUP_BY_HAVING_IN_WHERE,SQLITE_PARITY_10503_SUBQUERY_GROUP_BY_HAVING_IN_WHERE.rs,P0,memory,SQL_SUBQUERY,1684189,4070786,2.417060,-141.706008,true,3
699,00735,CTE_RECURSIVE_MATRIX_028,SQLITE_PARITY_735_CTE_RECURSIVE_MATRIX_028.rs,P1,memory,GEN_SQL_CTE,1680832,4061479,2.416350,-141.635036,true,3
700,11071,MATH_SIN_1_5707963267949,SQLITE_PARITY_11071_MATH_SIN_1_5707963267949.rs,P1,memory,SQL_MATH,1419538,3429162,2.415689,-141.568877,true,3
701,11949,WIN_MAX_EXCL_NO_OTHERS,SQLITE_PARITY_11949_WIN_MAX_EXCL_NO_OTHERS.rs,P0,memory,SQL_WINDOW,1603065,3871309,2.414942,-141.494200,true,3
702,00500,DML_WHERE_ORDER_LIMIT_113,SQLITE_PARITY_500_DML_WHERE_ORDER_LIMIT_113.rs,P1,memory,GEN_SQL_DML,1716910,4145158,2.414313,-141.431292,true,3
703,10096,STRICT_ANY_PRESERVES_INPUT_TYPES,SQLITE_PARITY_10096_STRICT_ANY_PRESERVES_INPUT_TYPES.rs,P0,memory,SQL_STRICT_TABLES,1501031,3623821,2.414221,-141.422129,true,3
704,10059,INTPK_ALIAS_ROWID_EQUALS_PK,SQLITE_PARITY_10059_INTPK_ALIAS_ROWID_EQUALS_PK.rs,P0,memory,SQL_AUTOINCREMENT,1352761,3265763,2.414146,-141.414633,true,3
705,00941,CONSTRAINT_FK_SAVEPOINT_074,SQLITE_PARITY_941_CONSTRAINT_FK_SAVEPOINT_074.rs,P2,memory,GEN_SQL_CONSTRAINT_TX,1702152,4108669,2.413809,-141.380852,true,3
706,00930,CONSTRAINT_FK_SAVEPOINT_063,SQLITE_PARITY_930_CONSTRAINT_FK_SAVEPOINT_063.rs,P2,memory,GEN_SQL_CONSTRAINT_TX,1613975,3895685,2.413721,-141.372078,true,3
707,00645,JOIN_SUBQUERY_EXISTS_038,SQLITE_PARITY_645_JOIN_SUBQUERY_EXISTS_038.rs,P1,memory,GEN_SQL_JOIN_SUBQUERY,1658911,4003410,2.413276,-141.327594,true,3
708,00895,CONSTRAINT_FK_SAVEPOINT_028,SQLITE_PARITY_895_CONSTRAINT_FK_SAVEPOINT_028.rs,P2,memory,GEN_SQL_CONSTRAINT_TX,1759772,4246149,2.412897,-141.289724,true,3
709,11232,CAST_TEXT_NUM_AS_TEXT,SQLITE_PARITY_11232_CAST_TEXT_NUM_AS_TEXT.rs,P0,memory,SQL_CAST,1404690,3388896,2.412558,-141.255793,true,3
710,10026,ORDER_BY_ASC_NULL_FIRST_DEFAULT,SQLITE_PARITY_10026_ORDER_BY_ASC_NULL_FIRST_DEFAULT.rs,P0,memory,SQL_NULL_ORDER,1521731,3670158,2.411831,-141.183100,true,3
711,00866,WINDOW_PARTITION_SUM_079,SQLITE_PARITY_866_WINDOW_PARTITION_SUM_079.rs,P2,memory,GEN_SQL_WINDOW,1699086,4097868,2.411807,-141.180729,true,3
712,00795,WINDOW_PARTITION_SUM_008,SQLITE_PARITY_795_WINDOW_PARTITION_SUM_008.rs,P2,memory,GEN_SQL_WINDOW,1710519,4125431,2.411801,-141.180075,true,3
713,00799,WINDOW_PARTITION_SUM_012,SQLITE_PARITY_799_WINDOW_PARTITION_SUM_012.rs,P2,memory,GEN_SQL_WINDOW,1737369,4190113,2.411758,-141.175766,true,3
714,11738,DATETIME_JULIANDAY_UNIX_BASE,SQLITE_PARITY_11738_DATETIME_JULIANDAY_UNIX_BASE.rs,P0,memory,SQL_DATETIME,1265967,3052709,2.411365,-141.136538,true,3
715,12032,PRAGMA_SET_ANALYSIS_LIMIT_100,SQLITE_PARITY_12032_PRAGMA_SET_ANALYSIS_LIMIT_100.rs,P1,memory,SQL_PRAGMA,1295733,3124305,2.411226,-141.122592,true,3
716,00178,OPT_HTML_MODE,SQLITE_PARITY_178_OPT_HTML_MODE.rs,P2,memory,CLI_OPTION,1385543,3340795,2.411181,-141.118103,true,3
717,11066,MATH_RADIANS_180_0,SQLITE_PARITY_11066_MATH_RADIANS_180_0.rs,P1,memory,SQL_MATH,1595451,3845821,2.410491,-141.049145,true,3
718,10627,EMPTY_BLOB_ORDER,SQLITE_PARITY_10627_EMPTY_BLOB_ORDER.rs,P0,memory,SQL_BLOB,1319508,3180081,2.410051,-141.005056,true,3
719,11951,WIN_FIRST_VALUE_ROWS_CURRENT_UNBND_FOLL,SQLITE_PARITY_11951_WIN_FIRST_VALUE_ROWS_CURRENT_UNBND_FOLL.rs,P0,memory,SQL_WINDOW,1441709,3474107,2.409714,-140.971444,true,3
720,00052,PRAGMA_INTEGRITY_QUICK_CHECK,SQLITE_PARITY_052_PRAGMA_INTEGRITY_QUICK_CHECK.rs,P0,memory,SQL_PRAGMA,1507464,3628659,2.407128,-140.712813,true,3
721,00263,SCALAR_NULL_COALESCE_009,SQLITE_PARITY_263_SCALAR_NULL_COALESCE_009.rs,P1,memory,GEN_SQL_SCALAR,1311052,3155284,2.406681,-140.668105,true,3
722,11678,DATETIME_JULIANDAY_UNIX_PLUS_1_YEAR,SQLITE_PARITY_11678_DATETIME_JULIANDAY_UNIX_PLUS_1_YEAR.rs,P0,memory,SQL_DATETIME,1295733,3117923,2.406301,-140.630053,true,3
723,12028,PRAGMA_SET_TEMP_STORE_MEMORY,SQLITE_PARITY_12028_PRAGMA_SET_TEMP_STORE_MEMORY.rs,P1,memory,SQL_PRAGMA,1194451,2874021,2.406144,-140.614391,true,3
724,00548,AGG_GROUP_HAVING_041,SQLITE_PARITY_548_AGG_GROUP_HAVING_041.rs,P1,memory,GEN_SQL_AGGREGATE,1663739,4001516,2.405134,-140.513446,true,3
725,01114,INDEX_SCHEMA_PRAGMA_047,SQLITE_PARITY_1114_INDEX_SCHEMA_PRAGMA_047.rs,P2,memory,GEN_SQL_INDEX_PRAGMA,1604828,3858455,2.404279,-140.427946,true,3
726,00280,SCALAR_ARITH_014,SQLITE_PARITY_280_SCALAR_ARITH_014.rs,P1,memory,GEN_SQL_SCALAR,1281667,3078678,2.402089,-140.208884,true,3
727,00724,CTE_RECURSIVE_MATRIX_017,SQLITE_PARITY_724_CTE_RECURSIVE_MATRIX_017.rs,P1,memory,GEN_SQL_CTE,1568550,3766141,2.401033,-140.103344,true,3
728,10006,IS_NULL_DEFINITE_BOOL,SQLITE_PARITY_10006_IS_NULL_DEFINITE_BOOL.rs,P0,memory,SQL_NULL_SEMANTICS,1359344,3262907,2.400354,-140.035414,true,3
729,10297,BEGIN_IMMEDIATE_BASIC,SQLITE_PARITY_10297_BEGIN_IMMEDIATE_BASIC.rs,P0,memory,SQL_TRANSACTION,1484310,3562555,2.400142,-140.014215,true,3
730,10213,OPT_MODE_CSV,SQLITE_PARITY_10213_OPT_MODE_CSV.rs,P0,memory,CLI_OPTION,1255928,3014377,2.400119,-140.011927,true,3
731,01124,INDEX_SCHEMA_PRAGMA_057,SQLITE_PARITY_1124_INDEX_SCHEMA_PRAGMA_057.rs,P2,memory,GEN_SQL_INDEX_PRAGMA,1745985,4189982,2.399781,-139.978121,true,3
732,10190,DOT_CHANGES_ON,SQLITE_PARITY_10190_DOT_CHANGES_ON.rs,P0,memory,CLI_DOT_COMMAND,1414187,3393654,2.399721,-139.972083,true,3
733,11603,DATETIME_JULIANDAY_Y2K_WEEKDAY_0,SQLITE_PARITY_11603_DATETIME_JULIANDAY_Y2K_WEEKDAY_0.rs,P0,memory,SQL_DATETIME,1443012,3462465,2.399471,-139.947069,true,3
734,10111,MODE_LIST_SEP_TAB,SQLITE_PARITY_10111_MODE_LIST_SEP_TAB.rs,P0,memory,CLI_OUTPUT_MODE,1302847,3126078,2.399421,-139.942065,true,3
735,11625,DATETIME_DATE_DATE_2024_PLUS_3_HOURS,SQLITE_PARITY_11625_DATETIME_DATE_DATE_2024_PLUS_3_HOURS.rs,P0,memory,SQL_DATETIME,1394009,3344111,2.398916,-139.891636,true,3
736,10269,PRAGMA_TABLE_INFO_BASIC,SQLITE_PARITY_10269_PRAGMA_TABLE_INFO_BASIC.rs,P0,memory,SQL_PRAGMA,1361507,3264851,2.397969,-139.796857,true,3
737,11441,STRING_SUBSTR_ABCDEF_2,SQLITE_PARITY_11441_STRING_SUBSTR_ABCDEF_2.rs,P0,memory,SQL_STRING,1225951,2939615,2.397824,-139.782422,true,3
738,10181,DOT_OPEN_MEMORY_RESETS,SQLITE_PARITY_10181_DOT_OPEN_MEMORY_RESETS.rs,P0,memory,CLI_DOT_COMMAND,1460405,3501780,2.397814,-139.781430,true,3
739,10304,SAVEPOINT_DEPTH_3_RELEASE,SQLITE_PARITY_10304_SAVEPOINT_DEPTH_3_RELEASE.rs,P0,memory,SQL_TRANSACTION,1519807,3643999,2.397672,-139.767220,true,3
740,11405,STRING_OCTET_LENGTH_,SQLITE_PARITY_11405_STRING_OCTET_LENGTH_.rs,P0,memory,SQL_STRING,1339035,3210398,2.397546,-139.754599,true,3
741,11623,DATETIME_JULIANDAY_DATE_2024_PLUS_1_YEAR,SQLITE_PARITY_11623_DATETIME_JULIANDAY_DATE_2024_PLUS_1_YEAR.rs,P0,memory,SQL_DATETIME,1474512,3535133,2.397494,-139.749354,true,3
742,00252,SCALAR_ARITH_007,SQLITE_PARITY_252_SCALAR_ARITH_007.rs,P1,memory,GEN_SQL_SCALAR,1381145,3311219,2.397445,-139.744487,true,3
743,10302,SAVEPOINT_DEPTH_1_RELEASE,SQLITE_PARITY_10302_SAVEPOINT_DEPTH_1_RELEASE.rs,P0,memory,SQL_TRANSACTION,1562789,3746262,2.397164,-139.716430,true,3
744,00358,SCALAR_STRING_033,SQLITE_PARITY_358_SCALAR_STRING_033.rs,P1,memory,GEN_SQL_SCALAR,1395471,3344953,2.397006,-139.700646,true,3
745,10486,COMPOUND_ORDER_BY_ORDINAL,SQLITE_PARITY_10486_COMPOUND_ORDER_BY_ORDINAL.rs,P0,memory,SQL_COMPOUND,1300622,3117322,2.396793,-139.679323,true,3
746,00665,JOIN_SUBQUERY_EXISTS_058,SQLITE_PARITY_665_JOIN_SUBQUERY_EXISTS_058.rs,P1,memory,GEN_SQL_JOIN_SUBQUERY,1590461,3811997,2.396787,-139.678747,true,3
747,11348,AFFINITY_BLOB_INT_1,SQLITE_PARITY_11348_AFFINITY_BLOB_INT_1.rs,P0,memory,SQL_TYPE_AFFINITY,1518544,3638648,2.396143,-139.614262,true,3
748,10261,PRAGMA_SCHEMA_VERSION_READ,SQLITE_PARITY_10261_PRAGMA_SCHEMA_VERSION_READ.rs,P0,memory,SQL_PRAGMA,1224778,2934576,2.396006,-139.600646,true,3
749,00582,AGG_GROUP_HAVING_075,SQLITE_PARITY_582_AGG_GROUP_HAVING_075.rs,P1,memory,GEN_SQL_AGGREGATE,1783166,4270685,2.395001,-139.500136,true,3
750,01119,INDEX_SCHEMA_PRAGMA_052,SQLITE_PARITY_1119_INDEX_SCHEMA_PRAGMA_052.rs,P2,memory,GEN_SQL_INDEX_PRAGMA,1715808,4109109,2.394854,-139.485362,true,3
751,11647,DATETIME_DATETIME_DATE_2024_START_OF_MONTH,SQLITE_PARITY_11647_DATETIME_DATETIME_DATE_2024_START_OF_MONTH.rs,P0,memory,SQL_DATETIME,1435197,3436406,2.394379,-139.437931,true,3
752,11931,WIN_MIN_ROWS_CURRENT_UNBND_FOLL,SQLITE_PARITY_11931_WIN_MIN_ROWS_CURRENT_UNBND_FOLL.rs,P0,memory,SQL_WINDOW,1508987,3612820,2.394202,-139.420220,true,3
753,00877,CONSTRAINT_FK_SAVEPOINT_010,SQLITE_PARITY_877_CONSTRAINT_FK_SAVEPOINT_010.rs,P2,memory,GEN_SQL_CONSTRAINT_TX,1545767,3699905,2.393572,-139.357225,true,3
754,11550,DATETIME_DATE_EPOCH_UTC,SQLITE_PARITY_11550_DATETIME_DATE_EPOCH_UTC.rs,P0,memory,SQL_DATETIME,1386374,3318162,2.393410,-139.341044,true,3
755,00859,WINDOW_PARTITION_SUM_072,SQLITE_PARITY_859_WINDOW_PARTITION_SUM_072.rs,P2,memory,GEN_SQL_WINDOW,1668438,3992949,2.393226,-139.322588,true,3
756,11562,DATETIME_DATETIME_Y2K_MINUS_1_MONTH,SQLITE_PARITY_11562_DATETIME_DATETIME_Y2K_MINUS_1_MONTH.rs,P0,memory,SQL_DATETIME,1324006,3167085,2.392047,-139.204732,true,3
757,10164,DOT_MODE_MARKDOWN_RESET_SEPARATOR,SQLITE_PARITY_10164_DOT_MODE_MARKDOWN_RESET_SEPARATOR.rs,P0,memory,CLI_DOT_COMMAND,1335559,3194588,2.391948,-139.194824,true,3
758,01098,INDEX_SCHEMA_PRAGMA_031,SQLITE_PARITY_1098_INDEX_SCHEMA_PRAGMA_031.rs,P2,memory,GEN_SQL_INDEX_PRAGMA,1563119,3738688,2.391813,-139.181278,true,3
759,10141,MODE_ASCII_BASIC,SQLITE_PARITY_10141_MODE_ASCII_BASIC.rs,P0,memory,CLI_OUTPUT_MODE,1383168,3307903,2.391541,-139.154101,true,3
760,11304,AFFINITY_INTEGER_TEXT_NUM,SQLITE_PARITY_11304_AFFINITY_INTEGER_TEXT_NUM.rs,P0,memory,SQL_TYPE_AFFINITY,1475894,3529492,2.391426,-139.142648,true,3
761,10305,SAVEPOINT_DEPTH_4_RELEASE,SQLITE_PARITY_10305_SAVEPOINT_DEPTH_4_RELEASE.rs,P0,memory,SQL_TRANSACTION,1575343,3766761,2.391074,-139.107356,true,3
762,00301,SCALAR_CAST_TYPEOF_019,SQLITE_PARITY_301_SCALAR_CAST_TYPEOF_019.rs,P1,memory,GEN_SQL_SCALAR,1335098,3191872,2.390740,-139.073986,true,3
763,00361,SCALAR_CAST_TYPEOF_034,SQLITE_PARITY_361_SCALAR_CAST_TYPEOF_034.rs,P1,memory,GEN_SQL_SCALAR,1463019,3497551,2.390639,-139.063949,true,3
764,00461,DML_WHERE_ORDER_LIMIT_074,SQLITE_PARITY_461_DML_WHERE_ORDER_LIMIT_074.rs,P1,memory,GEN_SQL_DML,1622191,3877922,2.390546,-139.054587,true,3
765,00951,VIEW_TRIGGER_GENERATED_004,SQLITE_PARITY_951_VIEW_TRIGGER_GENERATED_004.rs,P2,memory,GEN_SQL_VIEW_TRIGGER,1782405,4260756,2.390453,-139.045335,true,3
766,11842,JSON_QUOTE_REAL,SQLITE_PARITY_11842_JSON_QUOTE_REAL.rs,P0,memory,SQL_JSON,1343523,3210768,2.389812,-138.981246,true,3
767,11049,MATH_FLOOR_1_6,SQLITE_PARITY_11049_MATH_FLOOR_1_6.rs,P1,memory,SQL_MATH,1435567,3429673,2.389072,-138.907205,true,3
768,11968,WIN_LAST_VALUE_EXCL_TIES,SQLITE_PARITY_11968_WIN_LAST_VALUE_EXCL_TIES.rs,P0,memory,SQL_WINDOW,1573980,3758496,2.387893,-138.789311,true,3
769,10359,DELETE_RETURNING_BASIC,SQLITE_PARITY_10359_DELETE_RETURNING_BASIC.rs,P0,memory,SQL_RETURNING,1664541,3973934,2.387405,-138.740530,true,3
770,10119,MODE_COLUMN_HEADERS_OFF,SQLITE_PARITY_10119_MODE_COLUMN_HEADERS_OFF.rs,P0,memory,CLI_OUTPUT_MODE,1432612,3419944,2.387209,-138.720882,true,3
771,10079,ROWID_COLUMN_AS_PK_INSERT,SQLITE_PARITY_10079_ROWID_COLUMN_AS_PK_INSERT.rs,P0,memory,SQL_AUTOINCREMENT,1372839,3277175,2.387152,-138.715173,true,3
772,00299,SCALAR_NULL_COALESCE_018,SQLITE_PARITY_299_SCALAR_NULL_COALESCE_018.rs,P1,memory,GEN_SQL_SCALAR,1543973,3685527,2.387041,-138.704109,true,3
773,00172,OPT_CMD,SQLITE_PARITY_172_OPT_CMD.rs,P1,memory,CLI_OPTION,1366137,3260854,2.386916,-138.691581,true,3
774,00685,JOIN_SUBQUERY_EXISTS_078,SQLITE_PARITY_685_JOIN_SUBQUERY_EXISTS_078.rs,P1,memory,GEN_SQL_JOIN_SUBQUERY,1717241,4096756,2.385662,-138.566165,true,3
775,10069,LAST_INSERT_ROWID_BASIC,SQLITE_PARITY_10069_LAST_INSERT_ROWID_BASIC.rs,P0,memory,SQL_AUTOINCREMENT,1559823,3721175,2.385639,-138.563927,true,3
776,11307,AFFINITY_INTEGER_NULL_LIT,SQLITE_PARITY_11307_AFFINITY_INTEGER_NULL_LIT.rs,P0,memory,SQL_TYPE_AFFINITY,1411843,3367806,2.385397,-138.539696,true,3
777,10180,DOT_READ_FILE,SQLITE_PARITY_10180_DOT_READ_FILE.rs,P0,memory,CLI_DOT_COMMAND,1522212,3630834,2.385235,-138.523543,true,3
778,00294,SCALAR_STRING_017,SQLITE_PARITY_294_SCALAR_STRING_017.rs,P1,memory,GEN_SQL_SCALAR,1293970,3085292,2.384361,-138.436131,true,3
779,01057,JSON_EXTRACT_SET_050,SQLITE_PARITY_1057_JSON_EXTRACT_SET_050.rs,P2,memory,GEN_SQL_JSON,1413426,3369298,2.383781,-138.378097,true,3
780,11629,DATETIME_STRFTIME_ISO_DATE_2024_PLUS_3_HOURS,SQLITE_PARITY_11629_DATETIME_STRFTIME_ISO_DATE_2024_PLUS_3_HOURS.rs,P0,memory,SQL_DATETIME,1303528,3106501,2.383149,-138.314866,true,3
781,00042,TEMP_TABLE_TEMP_SCHEMA,SQLITE_PARITY_042_TEMP_TABLE_TEMP_SCHEMA.rs,P0,memory,SQL_TEMP,1485312,3539130,2.382752,-138.275191,true,3
782,00783,CTE_RECURSIVE_MATRIX_076,SQLITE_PARITY_783_CTE_RECURSIVE_MATRIX_076.rs,P1,memory,GEN_SQL_CTE,1618063,3854718,2.382304,-138.230403,true,3
783,00311,SCALAR_NULL_COALESCE_021,SQLITE_PARITY_311_SCALAR_NULL_COALESCE_021.rs,P1,memory,GEN_SQL_SCALAR,1402084,3339913,2.382106,-138.210621,true,3
784,10596,GLOB_CHAR_CLASS,SQLITE_PARITY_10596_GLOB_CHAR_CLASS.rs,P0,memory,SQL_PATTERN,1443884,3439111,2.381847,-138.184716,true,3
785,01003,VIEW_TRIGGER_GENERATED_056,SQLITE_PARITY_1003_VIEW_TRIGGER_GENERATED_056.rs,P2,memory,GEN_SQL_VIEW_TRIGGER,1683618,4009932,2.381735,-138.173505,true,3
786,10012,NULL_IN_LIST,SQLITE_PARITY_10012_NULL_IN_LIST.rs,P0,memory,SQL_NULL_SEMANTICS,1442932,3436656,2.381717,-138.171723,true,3
787,01016,JSON_EXTRACT_SET_009,SQLITE_PARITY_1016_JSON_EXTRACT_SET_009.rs,P2,memory,GEN_SQL_JSON,1491073,3551193,2.381636,-138.163591,true,3
788,10165,DOT_HEADERS_ON_THEN_OFF,SQLITE_PARITY_10165_DOT_HEADERS_ON_THEN_OFF.rs,P0,memory,CLI_DOT_COMMAND,1256509,2992135,2.381308,-138.130805,true,3
789,11402,STRING_LENGTH_A_B,SQLITE_PARITY_11402_STRING_LENGTH_A_B.rs,P0,memory,SQL_STRING,1400271,3333802,2.380826,-138.082628,true,3
790,11551,DATETIME_TIME_EPOCH_UTC,SQLITE_PARITY_11551_DATETIME_TIME_EPOCH_UTC.rs,P0,memory,SQL_DATETIME,1248514,2972237,2.380620,-138.061968,true,3
791,00523,AGG_GROUP_HAVING_016,SQLITE_PARITY_523_AGG_GROUP_HAVING_016.rs,P1,memory,GEN_SQL_AGGREGATE,1627902,3875347,2.380578,-138.057758,true,3
792,00473,DML_WHERE_ORDER_LIMIT_086,SQLITE_PARITY_473_DML_WHERE_ORDER_LIMIT_086.rs,P1,memory,GEN_SQL_DML,1601322,3811977,2.380519,-138.051872,true,3
793,00525,AGG_GROUP_HAVING_018,SQLITE_PARITY_525_AGG_GROUP_HAVING_018.rs,P1,memory,GEN_SQL_AGGREGATE,1774790,4224718,2.380404,-138.040444,true,3
794,00865,WINDOW_PARTITION_SUM_078,SQLITE_PARITY_865_WINDOW_PARTITION_SUM_078.rs,P2,memory,GEN_SQL_WINDOW,1563239,3720864,2.380227,-138.022721,true,3
795,10285,FK_UPDATE_SET_DEFAULT_FALLS_BACK,SQLITE_PARITY_10285_FK_UPDATE_SET_DEFAULT_FALLS_BACK.rs,P0,memory,SQL_FOREIGN_KEYS,1378860,3281823,2.380099,-138.009878,true,3
796,11030,MATH_CEILING_1_4,SQLITE_PARITY_11030_MATH_CEILING_1_4.rs,P1,memory,SQL_MATH,1376806,3276933,2.380098,-138.009785,true,3
797,00506,DML_WHERE_ORDER_LIMIT_119,SQLITE_PARITY_506_DML_WHERE_ORDER_LIMIT_119.rs,P1,memory,GEN_SQL_DML,1684740,4009611,2.379958,-137.995833,true,3
798,10615,BLOB_CONCAT_OPERATOR,SQLITE_PARITY_10615_BLOB_CONCAT_OPERATOR.rs,P0,memory,SQL_BLOB,1423064,3386692,2.379859,-137.985923,true,3
799,00700,JOIN_SUBQUERY_EXISTS_093,SQLITE_PARITY_700_JOIN_SUBQUERY_EXISTS_093.rs,P1,memory,GEN_SQL_JOIN_SUBQUERY,1715318,4080896,2.379090,-137.909006,true,3
800,00447,DML_WHERE_ORDER_LIMIT_060,SQLITE_PARITY_447_DML_WHERE_ORDER_LIMIT_060.rs,P1,memory,GEN_SQL_DML,1593056,3788793,2.378318,-137.831752,true,3
801,10009,NULL_AND_FALSE_SHORTCIRCUIT,SQLITE_PARITY_10009_NULL_AND_FALSE_SHORTCIRCUIT.rs,P0,memory,SQL_NULL_SEMANTICS,1286796,3059943,2.377955,-137.795501,true,3
802,00531,AGG_GROUP_HAVING_024,SQLITE_PARITY_531_AGG_GROUP_HAVING_024.rs,P1,memory,GEN_SQL_AGGREGATE,1828933,4348763,2.377760,-137.775960,true,3
803,00744,CTE_RECURSIVE_MATRIX_037,SQLITE_PARITY_744_CTE_RECURSIVE_MATRIX_037.rs,P1,memory,GEN_SQL_CTE,1553190,3692891,2.377617,-137.761703,true,3
804,00384,SCALAR_ARITH_040,SQLITE_PARITY_384_SCALAR_ARITH_040.rs,P1,memory,GEN_SQL_SCALAR,1449213,3445553,2.377534,-137.753388,true,3
805,00006,ROWID_INTEGER_PRIMARY_KEY,SQLITE_PARITY_006_ROWID_INTEGER_PRIMARY_KEY.rs,P0,memory,SQL_ROWID,1506723,3582242,2.377505,-137.750535,true,3
806,00551,AGG_GROUP_HAVING_044,SQLITE_PARITY_551_AGG_GROUP_HAVING_044.rs,P1,memory,GEN_SQL_AGGREGATE,1835004,4362639,2.377455,-137.745476,true,3
807,01010,JSON_EXTRACT_SET_003,SQLITE_PARITY_1010_JSON_EXTRACT_SET_003.rs,P2,memory,GEN_SQL_JSON,1466356,3484977,2.376624,-137.662409,true,3
808,11534,DATETIME_STRFTIME_ISO_EPOCH_START_OF_DAY,SQLITE_PARITY_11534_DATETIME_STRFTIME_ISO_EPOCH_START_OF_DAY.rs,P0,memory,SQL_DATETIME,1411502,3354191,2.376327,-137.632749,true,3
809,00032,UNIQUE_INDEX_FAILURE,SQLITE_PARITY_032_UNIQUE_INDEX_FAILURE.rs,P0,memory,SQL_INDEX_NEGATIVE,1536088,3650131,2.376251,-137.625123,true,3
810,00837,WINDOW_PARTITION_SUM_050,SQLITE_PARITY_837_WINDOW_PARTITION_SUM_050.rs,P2,memory,GEN_SQL_WINDOW,1745184,4146921,2.376208,-137.620847,true,3
811,00975,VIEW_TRIGGER_GENERATED_028,SQLITE_PARITY_975_VIEW_TRIGGER_GENERATED_028.rs,P2,memory,GEN_SQL_VIEW_TRIGGER,1740255,4135028,2.376105,-137.610465,true,3
812,11421,STRING_TRIM_,SQLITE_PARITY_11421_STRING_TRIM_.rs,P0,memory,SQL_STRING,1395082,3314755,2.376029,-137.602879,true,3
813,00967,VIEW_TRIGGER_GENERATED_020,SQLITE_PARITY_967_VIEW_TRIGGER_GENERATED_020.rs,P2,memory,GEN_SQL_VIEW_TRIGGER,1731579,4113978,2.375853,-137.585348,true,3
814,10426,REC_SIMPLE_COUNTER_UNION_ALL,SQLITE_PARITY_10426_REC_SIMPLE_COUNTER_UNION_ALL.rs,P0,memory,SQL_RECURSIVE_CTE,1388329,3298195,2.375658,-137.565808,true,3
815,10333,INSERT_OR_REPLACE_REPLACES_ROW,SQLITE_PARITY_10333_INSERT_OR_REPLACE_REPLACES_ROW.rs,P0,memory,SQL_UPSERT,1375284,3267125,2.375600,-137.560024,true,3
816,10114,MODE_LIST_NULLVALUE_EMPTY,SQLITE_PARITY_10114_MODE_LIST_NULLVALUE_EMPTY.rs,P0,memory,CLI_OUTPUT_MODE,1507884,3581601,2.375250,-137.524969,true,3
817,11234,CAST_TEXT_NUM_AS_NUMERIC,SQLITE_PARITY_11234_CAST_TEXT_NUM_AS_NUMERIC.rs,P0,memory,SQL_CAST,1371136,3255784,2.374516,-137.451573,true,3
818,10041,DISTINCT_ORDER_BY_DESC_NULLS_LAST,SQLITE_PARITY_10041_DISTINCT_ORDER_BY_DESC_NULLS_LAST.rs,P0,memory,SQL_NULL_ORDER,1544003,3666201,2.374478,-137.447790,true,3
819,10518,GROUP_CONCAT_ORDER_BY_DESC,SQLITE_PARITY_10518_GROUP_CONCAT_ORDER_BY_DESC.rs,P0,memory,SQL_AGGREGATE_ADV,1437612,3412040,2.373408,-137.340812,true,3
820,11031,MATH_CEILING_1_6,SQLITE_PARITY_11031_MATH_CEILING_1_6.rs,P1,memory,SQL_MATH,1399119,3320346,2.373169,-137.316912,true,3
821,11848,JSON_DARROW_A_B,SQLITE_PARITY_11848_JSON_DARROW_A_B.rs,P0,memory,SQL_JSON,1306554,3100630,2.373136,-137.313574,true,3
822,00776,CTE_RECURSIVE_MATRIX_069,SQLITE_PARITY_776_CTE_RECURSIVE_MATRIX_069.rs,P1,memory,GEN_SQL_CTE,1550846,3679816,2.372780,-137.277976,true,3
823,10226,OPT_NOFOLLOW,SQLITE_PARITY_10226_OPT_NOFOLLOW.rs,P0,memory,CLI_OPTION,1288680,3057429,2.372528,-137.252770,true,3
824,11039,MATH_COSH_2_0,SQLITE_PARITY_11039_MATH_COSH_2_0.rs,P1,memory,SQL_MATH,1433574,3400859,2.372294,-137.229400,true,3
825,01059,JSON_EXTRACT_SET_052,SQLITE_PARITY_1059_JSON_EXTRACT_SET_052.rs,P2,memory,GEN_SQL_JSON,1468781,3483585,2.371752,-137.175249,true,3
826,00395,DML_WHERE_ORDER_LIMIT_008,SQLITE_PARITY_395_DML_WHERE_ORDER_LIMIT_008.rs,P1,memory,GEN_SQL_DML,1632030,3870157,2.371376,-137.137614,true,3
827,00570,AGG_GROUP_HAVING_063,SQLITE_PARITY_570_AGG_GROUP_HAVING_063.rs,P1,memory,GEN_SQL_AGGREGATE,1727250,4095203,2.370938,-137.093820,true,3
828,00634,JOIN_SUBQUERY_EXISTS_027,SQLITE_PARITY_634_JOIN_SUBQUERY_EXISTS_027.rs,P1,memory,GEN_SQL_JOIN_SUBQUERY,1801911,4272168,2.370910,-137.090955,true,3
829,10054,FILTER_WHERE_IS_NOT_NULL,SQLITE_PARITY_10054_FILTER_WHERE_IS_NOT_NULL.rs,P0,memory,SQL_AGGREGATE_NULL,1482006,3512971,2.370416,-137.041618,true,3
830,11087,MATH_TANH_10_0,SQLITE_PARITY_11087_MATH_TANH_10_0.rs,P1,memory,SQL_MATH,1418806,3362896,2.370230,-137.022962,true,3
831,00530,AGG_GROUP_HAVING_023,SQLITE_PARITY_530_AGG_GROUP_HAVING_023.rs,P1,memory,GEN_SQL_AGGREGATE,1798595,4262811,2.370078,-137.007831,true,3
832,11035,MATH_COS_1_0,SQLITE_PARITY_11035_MATH_COS_1_0.rs,P1,memory,SQL_MATH,1490351,3531846,2.369808,-136.980819,true,3
833,00383,SCALAR_NULL_COALESCE_039,SQLITE_PARITY_383_SCALAR_NULL_COALESCE_039.rs,P1,memory,GEN_SQL_SCALAR,1499710,3553969,2.369771,-136.977082,true,3
834,11559,DATETIME_STRFTIME_ISO_Y2K_PLUS_5_DAYS,SQLITE_PARITY_11559_DATETIME_STRFTIME_ISO_Y2K_PLUS_5_DAYS.rs,P0,memory,SQL_DATETIME,1307776,3098826,2.369539,-136.953882,true,3
835,01006,VIEW_TRIGGER_GENERATED_059,SQLITE_PARITY_1006_VIEW_TRIGGER_GENERATED_059.rs,P2,memory,GEN_SQL_VIEW_TRIGGER,1716469,4066929,2.369358,-136.935768,true,3
836,11857,JSON_ARROW_D_0,SQLITE_PARITY_11857_JSON_ARROW_D_0.rs,P0,memory,SQL_JSON,1313346,3111180,2.368896,-136.889593,true,3
837,11339,AFFINITY_TEXT_NULL_LIT,SQLITE_PARITY_11339_AFFINITY_TEXT_NULL_LIT.rs,P0,memory,SQL_TYPE_AFFINITY,1455595,3447637,2.368541,-136.854139,true,3
838,00415,DML_WHERE_ORDER_LIMIT_028,SQLITE_PARITY_415_DML_WHERE_ORDER_LIMIT_028.rs,P1,memory,GEN_SQL_DML,1504128,3562535,2.368505,-136.850521,true,3
839,00632,JOIN_SUBQUERY_EXISTS_025,SQLITE_PARITY_632_JOIN_SUBQUERY_EXISTS_025.rs,P1,memory,GEN_SQL_JOIN_SUBQUERY,1777966,4211022,2.368449,-136.844912,true,3
840,11434,STRING_CHAR_65_66_67,SQLITE_PARITY_11434_STRING_CHAR_65_66_67.rs,P0,memory,SQL_STRING,1352862,3204056,2.368354,-136.835390,true,3
841,00688,JOIN_SUBQUERY_EXISTS_081,SQLITE_PARITY_688_JOIN_SUBQUERY_EXISTS_081.rs,P1,memory,GEN_SQL_JOIN_SUBQUERY,1682435,3984183,2.368105,-136.810516,true,3
842,10277,FK_DELETE_RESTRICT_REJECTED,SQLITE_PARITY_10277_FK_DELETE_RESTRICT_REJECTED.rs,P0,memory,SQL_FOREIGN_KEYS,1550896,3672312,2.367865,-136.786477,true,3
843,00484,DML_WHERE_ORDER_LIMIT_097,SQLITE_PARITY_484_DML_WHERE_ORDER_LIMIT_097.rs,P1,memory,GEN_SQL_DML,1626219,3850580,2.367811,-136.781147,true,3
844,00541,AGG_GROUP_HAVING_034,SQLITE_PARITY_541_AGG_GROUP_HAVING_034.rs,P1,memory,GEN_SQL_AGGREGATE,1647378,3900644,2.367789,-136.778930,true,3
845,10490,SCALAR_SUBQUERY_SELECT_LIST,SQLITE_PARITY_10490_SCALAR_SUBQUERY_SELECT_LIST.rs,P0,memory,SQL_SUBQUERY,1426481,3377464,2.367689,-136.768944,true,3
846,10535,HAVING_AGG_DIFFERENT_FROM_SELECT_AGG,SQLITE_PARITY_10535_HAVING_AGG_DIFFERENT_FROM_SELECT_AGG.rs,P0,memory,SQL_AGGREGATE_ADV,1663760,3939097,2.367587,-136.758727,true,3
847,11067,MATH_RADIANS_180_0,SQLITE_PARITY_11067_MATH_RADIANS_180_0.rs,P1,memory,SQL_MATH,1315531,3114587,2.367551,-136.755120,true,3
848,10020,EXISTS_WITH_NULL_ROWS,SQLITE_PARITY_10020_EXISTS_WITH_NULL_ROWS.rs,P0,memory,SQL_NULL_SEMANTICS,1440357,3410116,2.367549,-136.754916,true,3
849,11233,CAST_TEXT_NUM_AS_BLOB,SQLITE_PARITY_11233_CAST_TEXT_NUM_AS_BLOB.rs,P0,memory,SQL_CAST,1514287,3583955,2.366761,-136.676073,true,3
850,11689,DATETIME_STRFTIME_ISO_UNIX_PLUS_30_MINUTES,SQLITE_PARITY_11689_DATETIME_STRFTIME_ISO_UNIX_PLUS_30_MINUTES.rs,P0,memory,SQL_DATETIME,1437030,3400989,2.366679,-136.667919,true,3
851,10290,PRAGMA_FOREIGN_KEY_CHECK_ORPHAN,SQLITE_PARITY_10290_PRAGMA_FOREIGN_KEY_CHECK_ORPHAN.rs,P0,memory,SQL_FOREIGN_KEYS,1417233,3353920,2.366527,-136.652689,true,3
852,10319,SAVEPOINT_REUSE_AFTER_RELEASE,SQLITE_PARITY_10319_SAVEPOINT_REUSE_AFTER_RELEASE.rs,P0,memory,SQL_TRANSACTION,1517022,3589075,2.365869,-136.586879,true,3
853,10278,FK_DELETE_CASCADE_REMOVES_CHILD,SQLITE_PARITY_10278_FK_DELETE_CASCADE_REMOVES_CHILD.rs,P0,memory,SQL_FOREIGN_KEYS,1519316,3594044,2.365567,-136.556714,true,3
854,00119,DOT_EQP,SQLITE_PARITY_119_DOT_EQP.rs,P0,memory,CLI_DOT_COMMAND,1576405,3728048,2.364905,-136.490496,true,3
855,10339,MULTIPLE_ON_CONFLICT_PK_BRANCH,SQLITE_PARITY_10339_MULTIPLE_ON_CONFLICT_PK_BRANCH.rs,P0,memory,SQL_UPSERT,1541558,3645391,2.364745,-136.474463,true,3
856,00736,CTE_RECURSIVE_MATRIX_029,SQLITE_PARITY_736_CTE_RECURSIVE_MATRIX_029.rs,P1,memory,GEN_SQL_CTE,1657788,3919881,2.364525,-136.452490,true,3
857,11533,DATETIME_JULIANDAY_EPOCH_START_OF_DAY,SQLITE_PARITY_11533_DATETIME_JULIANDAY_EPOCH_START_OF_DAY.rs,P0,memory,SQL_DATETIME,1333796,3153521,2.364320,-136.432033,true,3
858,11418,STRING_RTRIM_,SQLITE_PARITY_11418_STRING_RTRIM_.rs,P0,memory,SQL_STRING,1260847,2980272,2.363706,-136.370630,true,3
859,00063,WINDOW_EXCLUDE_CURRENT_ROW,SQLITE_PARITY_063_WINDOW_EXCLUDE_CURRENT_ROW.rs,P0,memory,SQL_WINDOW,1466887,3467024,2.363525,-136.352493,true,3
860,10248,PRAGMA_TRUSTED_SCHEMA_DEFAULT,SQLITE_PARITY_10248_PRAGMA_TRUSTED_SCHEMA_DEFAULT.rs,P0,memory,SQL_PRAGMA,1332963,3150384,2.363444,-136.344445,true,3
861,11404,STRING_OCTET_LENGTH_ABC,SQLITE_PARITY_11404_STRING_OCTET_LENGTH_ABC.rs,P0,memory,SQL_STRING,1318797,3116821,2.363382,-136.338193,true,3
862,01096,INDEX_SCHEMA_PRAGMA_029,SQLITE_PARITY_1096_INDEX_SCHEMA_PRAGMA_029.rs,P2,memory,GEN_SQL_INDEX_PRAGMA,1535246,3627588,2.362871,-136.287084,true,3
863,00442,DML_WHERE_ORDER_LIMIT_055,SQLITE_PARITY_442_DML_WHERE_ORDER_LIMIT_055.rs,P1,memory,GEN_SQL_DML,1511691,3571672,2.362700,-136.269978,true,3
864,00602,AGG_GROUP_HAVING_095,SQLITE_PARITY_602_AGG_GROUP_HAVING_095.rs,P1,memory,GEN_SQL_AGGREGATE,1768198,4177529,2.362591,-136.259118,true,3
865,00314,SCALAR_STRING_022,SQLITE_PARITY_314_SCALAR_STRING_022.rs,P1,memory,GEN_SQL_SCALAR,1449664,3424834,2.362502,-136.250193,true,3
866,10175,DOT_SCHEMA_INDENT,SQLITE_PARITY_10175_DOT_SCHEMA_INDENT.rs,P0,memory,CLI_DOT_COMMAND,1475303,3485289,2.362422,-136.242250,true,3
867,11830,JSON_JSON_ARRAY_LENGTH_D,SQLITE_PARITY_11830_JSON_JSON_ARRAY_LENGTH_D.rs,P0,memory,SQL_JSON,1428685,3374238,2.361779,-136.177884,true,3
868,00725,CTE_RECURSIVE_MATRIX_018,SQLITE_PARITY_725_CTE_RECURSIVE_MATRIX_018.rs,P1,memory,GEN_SQL_CTE,1542440,3642345,2.361418,-136.141762,true,3
869,11913,WIN_AVG_ROWS_2_PREC_CURRENT,SQLITE_PARITY_11913_WIN_AVG_ROWS_2_PREC_CURRENT.rs,P0,memory,SQL_WINDOW,1514327,3575880,2.361366,-136.136581,true,3
870,01034,JSON_EXTRACT_SET_027,SQLITE_PARITY_1034_JSON_EXTRACT_SET_027.rs,P2,memory,GEN_SQL_JSON,1452099,3428481,2.361052,-136.105183,true,3
871,11054,MATH_LN_0_5,SQLITE_PARITY_11054_MATH_LN_0_5.rs,P1,memory,SQL_MATH,1540787,3637427,2.360759,-136.075914,true,3
872,10534,MULTIPLE_AGGREGATES_SAME_SELECT,SQLITE_PARITY_10534_MULTIPLE_AGGREGATES_SAME_SELECT.rs,P0,memory,SQL_AGGREGATE_ADV,1408337,3324013,2.360240,-136.023977,true,3
873,00524,AGG_GROUP_HAVING_017,SQLITE_PARITY_524_AGG_GROUP_HAVING_017.rs,P1,memory,GEN_SQL_AGGREGATE,1862355,4393077,2.358883,-135.888270,true,3
874,01020,JSON_EXTRACT_SET_013,SQLITE_PARITY_1020_JSON_EXTRACT_SET_013.rs,P2,memory,GEN_SQL_JSON,1568228,3699022,2.358727,-135.872717,true,3
875,00520,AGG_GROUP_HAVING_013,SQLITE_PARITY_520_AGG_GROUP_HAVING_013.rs,P1,memory,GEN_SQL_AGGREGATE,1689218,3984373,2.358709,-135.870859,true,3
876,10536,AVG_EQUALS_SUM_OVER_COUNT_MANUAL,SQLITE_PARITY_10536_AVG_EQUALS_SUM_OVER_COUNT_MANUAL.rs,P0,memory,SQL_AGGREGATE_ADV,1418054,3343259,2.357639,-135.763871,true,3
877,11911,WIN_AVG_ROWS_CURRENT_UNBND_FOLL,SQLITE_PARITY_11911_WIN_AVG_ROWS_CURRENT_UNBND_FOLL.rs,P0,memory,SQL_WINDOW,1653060,3897048,2.357475,-135.747523,true,3
878,00369,SCALAR_CAST_TYPEOF_036,SQLITE_PARITY_369_SCALAR_CAST_TYPEOF_036.rs,P1,memory,GEN_SQL_SCALAR,1381756,3257116,2.357229,-135.722950,true,3
879,00372,SCALAR_ARITH_037,SQLITE_PARITY_372_SCALAR_ARITH_037.rs,P1,memory,GEN_SQL_SCALAR,1329517,3132981,2.356481,-135.648059,true,3
880,10473,COMPOUND_UNION_DEDUPLICATES,SQLITE_PARITY_10473_COMPOUND_UNION_DEDUPLICATES.rs,P0,memory,SQL_COMPOUND,1450867,3418522,2.356193,-135.619254,true,3
881,11828,JSON_JSON_ARRAY_LENGTH_A_B_1,SQLITE_PARITY_11828_JSON_JSON_ARRAY_LENGTH_A_B_1.rs,P0,memory,SQL_JSON,1349865,3180461,2.356133,-135.613265,true,3
882,10624,BLOB_ORDER_WITH_NULL,SQLITE_PARITY_10624_BLOB_ORDER_WITH_NULL.rs,P0,memory,SQL_BLOB,1527382,3598563,2.356033,-135.603340,true,3
883,11723,DATETIME_JULIANDAY_EPOCH_BASE,SQLITE_PARITY_11723_DATETIME_JULIANDAY_EPOCH_BASE.rs,P0,memory,SQL_DATETIME,1438844,3388245,2.354838,-135.483833,true,3
884,00228,SCALAR_ARITH_001,SQLITE_PARITY_228_SCALAR_ARITH_001.rs,P1,memory,GEN_SQL_SCALAR,1357720,3196922,2.354625,-135.462540,true,3
885,00423,DML_WHERE_ORDER_LIMIT_036,SQLITE_PARITY_423_DML_WHERE_ORDER_LIMIT_036.rs,P1,memory,GEN_SQL_DML,1546027,3640052,2.354456,-135.445565,true,3
886,00058,GROUP_BY_HAVING,SQLITE_PARITY_058_GROUP_BY_HAVING.rs,P0,memory,SQL_AGGREGATE,1525728,3592121,2.354365,-135.436526,true,3
887,11077,MATH_SQRT_1_0,SQLITE_PARITY_11077_MATH_SQRT_1_0.rs,P1,memory,SQL_MATH,1378149,3243541,2.353549,-135.354885,true,3
888,10334,INSERT_OR_IGNORE_SKIPS_ROW,SQLITE_PARITY_10334_INSERT_OR_IGNORE_SKIPS_ROW.rs,P0,memory,SQL_UPSERT,1357500,3194788,2.353435,-135.343499,true,3
889,00683,JOIN_SUBQUERY_EXISTS_076,SQLITE_PARITY_683_JOIN_SUBQUERY_EXISTS_076.rs,P1,memory,GEN_SQL_JOIN_SUBQUERY,1742840,4101334,2.353248,-135.324757,true,3
890,11561,DATETIME_TIME_Y2K_MINUS_1_MONTH,SQLITE_PARITY_11561_DATETIME_TIME_Y2K_MINUS_1_MONTH.rs,P0,memory,SQL_DATETIME,1303658,3067668,2.353123,-135.312329,true,3
891,00628,JOIN_SUBQUERY_EXISTS_021,SQLITE_PARITY_628_JOIN_SUBQUERY_EXISTS_021.rs,P1,memory,GEN_SQL_JOIN_SUBQUERY,1728383,4066298,2.352660,-135.266026,true,3
892,11863,JSON_ARROW_MISSING,SQLITE_PARITY_11863_JSON_ARROW_MISSING.rs,P0,memory,SQL_JSON,1415539,3330275,2.352655,-135.265507,true,3
893,00448,DML_WHERE_ORDER_LIMIT_061,SQLITE_PARITY_448_DML_WHERE_ORDER_LIMIT_061.rs,P1,memory,GEN_SQL_DML,1696682,3990555,2.351976,-135.197580,true,3
894,11069,MATH_SIN_1_5707963267949,SQLITE_PARITY_11069_MATH_SIN_1_5707963267949.rs,P1,memory,SQL_MATH,1299100,3055414,2.351947,-135.194673,true,3
895,10189,DOT_ECHO_OFF,SQLITE_PARITY_10189_DOT_ECHO_OFF.rs,P0,memory,CLI_DOT_COMMAND,1333204,3135506,2.351858,-135.185763,true,3
896,11849,JSON_ARROW_A_B_0,SQLITE_PARITY_11849_JSON_ARROW_A_B_0.rs,P0,memory,SQL_JSON,1286816,3025658,2.351275,-135.127477,true,3
897,00443,DML_WHERE_ORDER_LIMIT_056,SQLITE_PARITY_443_DML_WHERE_ORDER_LIMIT_056.rs,P1,memory,GEN_SQL_DML,1497405,3520385,2.350991,-135.099055,true,3
898,00343,SCALAR_NULL_COALESCE_029,SQLITE_PARITY_343_SCALAR_NULL_COALESCE_029.rs,P1,memory,GEN_SQL_SCALAR,1367129,3213944,2.350871,-135.087106,true,3
899,11325,AFFINITY_DOUBLE_INT_BIG,SQLITE_PARITY_11325_AFFINITY_DOUBLE_INT_BIG.rs,P0,memory,SQL_TYPE_AFFINITY,1457800,3426237,2.350279,-135.027919,true,3
900,00403,DML_WHERE_ORDER_LIMIT_016,SQLITE_PARITY_403_DML_WHERE_ORDER_LIMIT_016.rs,P1,memory,GEN_SQL_DML,1657087,3893572,2.349649,-134.964851,true,3
901,11839,JSON_QUOTE_INT,SQLITE_PARITY_11839_JSON_QUOTE_INT.rs,P0,memory,SQL_JSON,1331340,3127872,2.349416,-134.941638,true,3
902,11540,DATETIME_DATE_EPOCH_START_OF_YEAR,SQLITE_PARITY_11540_DATETIME_DATE_EPOCH_START_OF_YEAR.rs,P0,memory,SQL_DATETIME,1402505,3294918,2.349309,-134.930927,true,3
903,00147,DOT_IMPORT_CSV_TEMPFILE,SQLITE_PARITY_147_DOT_IMPORT_CSV_TEMPFILE.rs,P1,tempfile,CLI_TEMPFILE,1835235,4311092,2.349068,-134.906810,true,3
904,11861,JSON_ARROW_E,SQLITE_PARITY_11861_JSON_ARROW_E.rs,P0,memory,SQL_JSON,1307315,3070363,2.348602,-134.860229,true,3
905,11022,MATH_ATANH_0_5,SQLITE_PARITY_11022_MATH_ATANH_0_5.rs,P1,memory,SQL_MATH,1322694,3106191,2.348382,-134.838217,true,3
906,00542,AGG_GROUP_HAVING_035,SQLITE_PARITY_542_AGG_GROUP_HAVING_035.rs,P1,memory,GEN_SQL_AGGREGATE,1704898,4003129,2.348017,-134.801671,true,3
907,00672,JOIN_SUBQUERY_EXISTS_065,SQLITE_PARITY_672_JOIN_SUBQUERY_EXISTS_065.rs,P1,memory,GEN_SQL_JOIN_SUBQUERY,1751075,4111494,2.347983,-134.798281,true,3
908,10528,AGGREGATE_COMPOSITION_SUM_X_TIMES_Y,SQLITE_PARITY_10528_AGGREGATE_COMPOSITION_SUM_X_TIMES_Y.rs,P0,memory,SQL_AGGREGATE_ADV,1603205,3763675,2.347594,-134.759435,true,3
909,11446,STRING_PRINTF_05D_7,SQLITE_PARITY_11446_STRING_PRINTF_05D_7.rs,P0,memory,SQL_STRING,1271918,2985763,2.347449,-134.744929,true,3
910,11215,CAST_REAL_3_14_AS_INTEGER,SQLITE_PARITY_11215_CAST_REAL_3_14_AS_INTEGER.rs,P0,memory,SQL_CAST,1523605,3576491,2.347387,-134.738728,true,3
911,10211,OPT_MODE_BOX,SQLITE_PARITY_10211_OPT_MODE_BOX.rs,P0,memory,CLI_OPTION,1418055,3327530,2.346545,-134.654509,true,3
912,00720,CTE_RECURSIVE_MATRIX_013,SQLITE_PARITY_720_CTE_RECURSIVE_MATRIX_013.rs,P1,memory,GEN_SQL_CTE,1476916,3465030,2.346125,-134.612530,true,3
913,00188,OPT_HEADER,SQLITE_PARITY_188_OPT_HEADER.rs,P1,memory,CLI_OPTION,1229809,2885102,2.345976,-134.597568,true,3
914,10365,INSERT_SELECT_RETURNING,SQLITE_PARITY_10365_INSERT_SELECT_RETURNING.rs,P0,memory,SQL_RETURNING,1652298,3875868,2.345744,-134.574393,true,3
915,10061,INTPK_NEXT_AUTO_ABOVE_EXPLICIT,SQLITE_PARITY_10061_INTPK_NEXT_AUTO_ABOVE_EXPLICIT.rs,P0,memory,SQL_AUTOINCREMENT,1350126,3166856,2.345600,-134.560034,true,3
916,00493,DML_WHERE_ORDER_LIMIT_106,SQLITE_PARITY_493_DML_WHERE_ORDER_LIMIT_106.rs,P1,memory,GEN_SQL_DML,1707853,4005574,2.345386,-134.538570,true,3
917,11802,JSON_JSON_EXTRACT_A_B,SQLITE_PARITY_11802_JSON_JSON_EXTRACT_A_B.rs,P0,memory,SQL_JSON,1394620,3270882,2.345357,-134.535716,true,3
918,00849,WINDOW_PARTITION_SUM_062,SQLITE_PARITY_849_WINDOW_PARTITION_SUM_062.rs,P2,memory,GEN_SQL_WINDOW,1677456,3933957,2.345192,-134.519236,true,3
919,00418,DML_WHERE_ORDER_LIMIT_031,SQLITE_PARITY_418_DML_WHERE_ORDER_LIMIT_031.rs,P1,memory,GEN_SQL_DML,1624756,3810203,2.345092,-134.509243,true,3
920,10522,GROUP_BY_MULTIPLE_COLUMNS,SQLITE_PARITY_10522_GROUP_BY_MULTIPLE_COLUMNS.rs,P0,memory,SQL_AGGREGATE_ADV,1549353,3633058,2.344887,-134.488719,true,3
921,00709,CTE_RECURSIVE_MATRIX_002,SQLITE_PARITY_709_CTE_RECURSIVE_MATRIX_002.rs,P1,memory,GEN_SQL_CTE,1486524,3485629,2.344819,-134.481852,true,3
922,11011,MATH_ASIN_0_5,SQLITE_PARITY_11011_MATH_ASIN_0_5.rs,P1,memory,SQL_MATH,1449785,3398634,2.344233,-134.423311,true,3
923,00437,DML_WHERE_ORDER_LIMIT_050,SQLITE_PARITY_437_DML_WHERE_ORDER_LIMIT_050.rs,P1,memory,GEN_SQL_DML,1603185,3757484,2.343762,-134.376195,true,3
924,10199,OPT_BATCH_NONINTERACTIVE,SQLITE_PARITY_10199_OPT_BATCH_NONINTERACTIVE.rs,P0,memory,CLI_OPTION,1291204,3026099,2.343626,-134.362579,true,3
925,00202,OPT_APPEND_TEMPFILE,SQLITE_PARITY_202_OPT_APPEND_TEMPFILE.rs,P4,tempfile,CLI_OPTION_TEMPFILE,1506171,3528901,2.342962,-134.296172,true,3
926,11854,JSON_DARROW_A_B_1_C,SQLITE_PARITY_11854_JSON_DARROW_A_B_1_C.rs,P0,memory,SQL_JSON,1427002,3343170,2.342793,-134.279279,true,3
927,00167,DOT_UNMODULE_CATALOG,SQLITE_PARITY_167_DOT_UNMODULE_CATALOG.rs,P4,catalog,CLI_CATALOG,1190794,2789601,2.342639,-134.263945,true,3
928,00041,DROP_TRIGGER,SQLITE_PARITY_041_DROP_TRIGGER.rs,P0,memory,SQL_DROP,1370965,3211510,2.342518,-134.251786,true,3
929,00845,WINDOW_PARTITION_SUM_058,SQLITE_PARITY_845_WINDOW_PARTITION_SUM_058.rs,P2,memory,GEN_SQL_WINDOW,1501653,3517218,2.342231,-134.223086,true,3
930,00098,CLI_REGEXP_OPTIONAL,SQLITE_PARITY_098_CLI_REGEXP_OPTIONAL.rs,P2,memory,CLI_EXTENSION_OPTIONAL,1414308,3312321,2.342008,-134.200825,true,3
931,00398,DML_WHERE_ORDER_LIMIT_011,SQLITE_PARITY_398_DML_WHERE_ORDER_LIMIT_011.rs,P1,memory,GEN_SQL_DML,1600741,3748897,2.341976,-134.197600,true,3
932,10505,SUBQUERY_LIMIT_1_AS_SCALAR,SQLITE_PARITY_10505_SUBQUERY_LIMIT_1_AS_SCALAR.rs,P0,memory,SQL_SUBQUERY,1492385,3493734,2.341041,-134.104068,true,3
933,10435,REC_WITH_LIMIT_PUSHED_DOWN,SQLITE_PARITY_10435_REC_WITH_LIMIT_PUSHED_DOWN.rs,P0,memory,SQL_RECURSIVE_CTE,1435808,3361014,2.340852,-134.085198,true,3
934,10380,TXN_SPANS_ATTACHED_DBS,SQLITE_PARITY_10380_TXN_SPANS_ATTACHED_DBS.rs,P0,memory,SQL_ATTACH,1608115,3764006,2.340632,-134.063236,true,3
935,11658,DATETIME_JULIANDAY_DATE_2024_WEEKDAY_0,SQLITE_PARITY_11658_DATETIME_JULIANDAY_DATE_2024_WEEKDAY_0.rs,P0,memory,SQL_DATETIME,1374242,3216419,2.340504,-134.050407,true,3
936,00650,JOIN_SUBQUERY_EXISTS_043,SQLITE_PARITY_650_JOIN_SUBQUERY_EXISTS_043.rs,P1,memory,GEN_SQL_JOIN_SUBQUERY,1825005,4271196,2.340375,-134.037496,true,3
937,10202,OPT_NOHEADER_LIST,SQLITE_PARITY_10202_OPT_NOHEADER_LIST.rs,P0,memory,CLI_OPTION,1322905,3095791,2.340146,-134.014612,true,3
938,10442,REC_COLLATZ_LIKE,SQLITE_PARITY_10442_REC_COLLATZ_LIKE.rs,P0,memory,SQL_RECURSIVE_CTE,1538683,3600346,2.339888,-133.988807,true,3
939,01067,JSON_EXTRACT_SET_060,SQLITE_PARITY_1067_JSON_EXTRACT_SET_060.rs,P2,memory,GEN_SQL_JSON,1505810,3523390,2.339864,-133.986360,true,3
940,00446,DML_WHERE_ORDER_LIMIT_059,SQLITE_PARITY_446_DML_WHERE_ORDER_LIMIT_059.rs,P1,memory,GEN_SQL_DML,1664852,3894773,2.339411,-133.941095,true,3
941,11860,JSON_DARROW_D_3,SQLITE_PARITY_11860_JSON_DARROW_D_3.rs,P0,memory,SQL_JSON,1332744,3117412,2.339093,-133.909288,true,3
942,11542,DATETIME_DATETIME_EPOCH_START_OF_YEAR,SQLITE_PARITY_11542_DATETIME_DATETIME_EPOCH_START_OF_YEAR.rs,P0,memory,SQL_DATETIME,1326571,3102864,2.339011,-133.901088,true,3
943,00096,DBSTAT_OPTIONAL,SQLITE_PARITY_096_DBSTAT_OPTIONAL.rs,P3,memory,SQL_VIRTUAL_TABLE_OPTIONAL,1587475,3712950,2.338903,-133.890297,true,3
944,00821,WINDOW_PARTITION_SUM_034,SQLITE_PARITY_821_WINDOW_PARTITION_SUM_034.rs,P2,memory,GEN_SQL_WINDOW,1511251,3534421,2.338739,-133.873857,true,3
945,00823,WINDOW_PARTITION_SUM_036,SQLITE_PARITY_823_WINDOW_PARTITION_SUM_036.rs,P2,memory,GEN_SQL_WINDOW,1628373,3807759,2.338383,-133.838255,true,3
946,00274,SCALAR_STRING_012,SQLITE_PARITY_274_SCALAR_STRING_012.rs,P1,memory,GEN_SQL_SCALAR,1448513,3386491,2.337909,-133.790860,true,3
947,11577,DATETIME_DATETIME_Y2K_PLUS_30_MINUTES,SQLITE_PARITY_11577_DATETIME_DATETIME_Y2K_PLUS_30_MINUTES.rs,P0,memory,SQL_DATETIME,1273010,2976005,2.337770,-133.777032,true,3
948,10216,OPT_MODE_LINE,SQLITE_PARITY_10216_OPT_MODE_LINE.rs,P0,memory,CLI_OPTION,1344986,3143661,2.337319,-133.731875,true,3
949,10038,ORDER_BY_COLLATE_NOCASE_ASC_DEFAULT,SQLITE_PARITY_10038_ORDER_BY_COLLATE_NOCASE_ASC_DEFAULT.rs,P0,memory,SQL_NULL_ORDER,1410911,3297513,2.337152,-133.715167,true,3
950,00432,DML_WHERE_ORDER_LIMIT_045,SQLITE_PARITY_432_DML_WHERE_ORDER_LIMIT_045.rs,P1,memory,GEN_SQL_DML,1639434,3831493,2.337083,-133.708280,true,3
951,10070,CHANGES_AND_TOTAL_CHANGES,SQLITE_PARITY_10070_CHANGES_AND_TOTAL_CHANGES.rs,P0,memory,SQL_AUTOINCREMENT,1315962,3075392,2.336991,-133.699149,true,3
952,11443,STRING_REPLACE_AABBAA_B_X,SQLITE_PARITY_11443_STRING_REPLACE_AABBAA_B_X.rs,P0,memory,SQL_STRING,1338173,3127160,2.336888,-133.688768,true,3
953,10153,CLI_FLAG_BOX,SQLITE_PARITY_10153_CLI_FLAG_BOX.rs,P0,memory,CLI_OUTPUT_MODE,1466487,3426217,2.336343,-133.634325,true,3
954,10027,ORDER_BY_DESC_NULL_LAST_DEFAULT,SQLITE_PARITY_10027_ORDER_BY_DESC_NULL_LAST_DEFAULT.rs,P0,memory,SQL_NULL_ORDER,1453622,3396090,2.336295,-133.629513,true,3
955,00990,VIEW_TRIGGER_GENERATED_043,SQLITE_PARITY_990_VIEW_TRIGGER_GENERATED_043.rs,P2,memory,GEN_SQL_VIEW_TRIGGER,1748921,4085114,2.335791,-133.579104,true,3
956,00039,CREATE_TRIGGER_BEFORE,SQLITE_PARITY_039_CREATE_TRIGGER_BEFORE.rs,P0,memory,SQL_TRIGGER,1515629,3540122,2.335744,-133.574443,true,3
957,00586,AGG_GROUP_HAVING_079,SQLITE_PARITY_586_AGG_GROUP_HAVING_079.rs,P1,memory,GEN_SQL_AGGREGATE,1770031,4133365,2.335194,-133.519356,true,3
958,11229,CAST_TEXT_42_AS_NUMERIC,SQLITE_PARITY_11229_CAST_TEXT_42_AS_NUMERIC.rs,P0,memory,SQL_CAST,1451377,3388966,2.335000,-133.500049,true,3
959,10240,PRAGMA_FOREIGN_KEYS_DEFAULT_OFF,SQLITE_PARITY_10240_PRAGMA_FOREIGN_KEYS_DEFAULT_OFF.rs,P0,memory,SQL_PRAGMA,1331601,3107573,2.333712,-133.371183,true,3
960,00131,DOT_TIMEOUT,SQLITE_PARITY_131_DOT_TIMEOUT.rs,P0,memory,CLI_DOT_COMMAND,1345136,3138852,2.333483,-133.348301,true,3
961,01094,INDEX_SCHEMA_PRAGMA_027,SQLITE_PARITY_1094_INDEX_SCHEMA_PRAGMA_027.rs,P2,memory,GEN_SQL_INDEX_PRAGMA,1759821,4106394,2.333416,-133.341573,true,3
962,00580,AGG_GROUP_HAVING_073,SQLITE_PARITY_580_AGG_GROUP_HAVING_073.rs,P1,memory,GEN_SQL_AGGREGATE,1704126,3975526,2.332883,-133.288266,true,3
963,11687,DATETIME_DATETIME_UNIX_PLUS_30_MINUTES,SQLITE_PARITY_11687_DATETIME_DATETIME_UNIX_PLUS_30_MINUTES.rs,P0,memory,SQL_DATETIME,1304419,3042630,2.332556,-133.255572,true,3
964,11675,DATETIME_DATE_UNIX_PLUS_1_YEAR,SQLITE_PARITY_11675_DATETIME_DATE_UNIX_PLUS_1_YEAR.rs,P0,memory,SQL_DATETIME,1408537,3284859,2.332107,-133.210700,true,3
965,00023,TRANSACTION_ROLLBACK,SQLITE_PARITY_023_TRANSACTION_ROLLBACK.rs,P0,memory,SQL_TRANSACTION,1395562,3254591,2.332101,-133.210062,true,3
966,00788,WINDOW_PARTITION_SUM_001,SQLITE_PARITY_788_WINDOW_PARTITION_SUM_001.rs,P2,memory,GEN_SQL_WINDOW,1617282,3771530,2.332018,-133.201755,true,3
967,11310,AFFINITY_BIGINT_REAL_HALF,SQLITE_PARITY_11310_AFFINITY_BIGINT_REAL_HALF.rs,P0,memory,SQL_TYPE_AFFINITY,1488829,3471502,2.331700,-133.169961,true,3
968,00601,AGG_GROUP_HAVING_094,SQLITE_PARITY_601_AGG_GROUP_HAVING_094.rs,P1,memory,GEN_SQL_AGGREGATE,1635387,3811496,2.330639,-133.063856,true,3
969,10437,REC_MUTUAL_REFERENCE_NON_RECURSIVE,SQLITE_PARITY_10437_REC_MUTUAL_REFERENCE_NON_RECURSIVE.rs,P0,memory,SQL_RECURSIVE_CTE,1479010,3446515,2.330285,-133.028512,true,3
970,00959,VIEW_TRIGGER_GENERATED_012,SQLITE_PARITY_959_VIEW_TRIGGER_GENERATED_012.rs,P2,memory,GEN_SQL_VIEW_TRIGGER,1548461,3608291,2.330243,-133.024338,true,3
971,10481,COMPOUND_COLUMN_NAMES_FROM_LEFTMOST,SQLITE_PARITY_10481_COMPOUND_COLUMN_NAMES_FROM_LEFTMOST.rs,P0,memory,SQL_COMPOUND,1240067,2889621,2.330214,-133.021361,true,3
972,11601,DATETIME_TIME_Y2K_WEEKDAY_0,SQLITE_PARITY_11601_DATETIME_TIME_Y2K_WEEKDAY_0.rs,P0,memory,SQL_DATETIME,1536098,3579056,2.329966,-132.996593,true,3
973,00019,REPLACE_INTO,SQLITE_PARITY_019_REPLACE_INTO.rs,P0,memory,SQL_REPLACE,1601091,3730212,2.329794,-132.979387,true,3
974,00379,SCALAR_NULL_COALESCE_038,SQLITE_PARITY_379_SCALAR_NULL_COALESCE_038.rs,P1,memory,GEN_SQL_SCALAR,1434366,3340845,2.329144,-132.914403,true,3
975,11018,MATH_ATAN_1_0,SQLITE_PARITY_11018_MATH_ATAN_1_0.rs,P1,memory,SQL_MATH,1427232,3324193,2.329119,-132.911888,true,3
976,11656,DATETIME_TIME_DATE_2024_WEEKDAY_0,SQLITE_PARITY_11656_DATETIME_TIME_DATE_2024_WEEKDAY_0.rs,P0,memory,SQL_DATETIME,1378129,3208965,2.328494,-132.849392,true,3
977,01074,INDEX_SCHEMA_PRAGMA_007,SQLITE_PARITY_1074_INDEX_SCHEMA_PRAGMA_007.rs,P2,memory,GEN_SQL_INDEX_PRAGMA,1539886,3585348,2.328320,-132.832041,true,3
978,10030,ORDER_BY_ASC_NULLS_FIRST_EXPLICIT,SQLITE_PARITY_10030_ORDER_BY_ASC_NULLS_FIRST_EXPLICIT.rs,P0,memory,SQL_NULL_ORDER,1400031,3259571,2.328213,-132.821345,true,3
979,00606,AGG_GROUP_HAVING_099,SQLITE_PARITY_606_AGG_GROUP_HAVING_099.rs,P1,memory,GEN_SQL_AGGREGATE,1564692,3642716,2.328072,-132.807223,true,3
980,11439,STRING_SOUNDEX_X,SQLITE_PARITY_11439_STRING_SOUNDEX_X.rs,P0,memory,SQL_STRING,1265095,2944334,2.327362,-132.736198,true,3
981,00143,DOT_QUIT,SQLITE_PARITY_143_DOT_QUIT.rs,P0,memory,CLI_DOT_COMMAND,1230149,2862890,2.327271,-132.727092,true,3
982,00989,VIEW_TRIGGER_GENERATED_042,SQLITE_PARITY_989_VIEW_TRIGGER_GENERATED_042.rs,P2,memory,GEN_SQL_VIEW_TRIGGER,1601392,3726184,2.326841,-132.684065,true,3
983,00994,VIEW_TRIGGER_GENERATED_047,SQLITE_PARITY_994_VIEW_TRIGGER_GENERATED_047.rs,P2,memory,GEN_SQL_VIEW_TRIGGER,1720508,4003259,2.326789,-132.678895,true,3
984,11583,DATETIME_JULIANDAY_Y2K_PLUS_10_SECONDS,SQLITE_PARITY_11583_DATETIME_JULIANDAY_Y2K_PLUS_10_SECONDS.rs,P0,memory,SQL_DATETIME,1371035,3189708,2.326496,-132.649641,true,3
985,00235,SCALAR_NULL_COALESCE_002,SQLITE_PARITY_235_SCALAR_NULL_COALESCE_002.rs,P1,memory,GEN_SQL_SCALAR,1353723,3149273,2.326379,-132.637918,true,3
986,10008,IS_NOT_DISTINCT_FROM_BASIC,SQLITE_PARITY_10008_IS_NOT_DISTINCT_FROM_BASIC.rs,P0,memory,SQL_NULL_SEMANTICS,1371646,3190550,2.326074,-132.607393,true,3
987,10085,STRICT_INT_REJECTS_NON_NUMERIC_TEXT,SQLITE_PARITY_10085_STRICT_INT_REJECTS_NON_NUMERIC_TEXT.rs,P0,memory,SQL_STRICT_TABLES,1492886,3471763,2.325538,-132.553792,true,3
988,11344,AFFINITY_VARCHAR_8_TEXT_NUM,SQLITE_PARITY_11344_AFFINITY_VARCHAR_8_TEXT_NUM.rs,P0,memory,SQL_TYPE_AFFINITY,1463651,3402822,2.324886,-132.488619,true,3
989,10475,COMPOUND_EXCEPT,SQLITE_PARITY_10475_COMPOUND_EXCEPT.rs,P0,memory,SQL_COMPOUND,1421291,3304075,2.324700,-132.469987,true,3
990,10391,SQLITE_MASTER_AFTER_CREATE_INDEX,SQLITE_PARITY_10391_SQLITE_MASTER_AFTER_CREATE_INDEX.rs,P0,memory,SQL_SCHEMA_INTROSPECTION,1424567,3311660,2.324678,-132.467831,true,3
991,00833,WINDOW_PARTITION_SUM_046,SQLITE_PARITY_833_WINDOW_PARTITION_SUM_046.rs,P2,memory,GEN_SQL_WINDOW,1586053,3686369,2.324241,-132.424074,true,3
992,11422,STRING_HEX_A,SQLITE_PARITY_11422_STRING_HEX_A.rs,P0,memory,SQL_STRING,1303999,3030708,2.324164,-132.416436,true,3
993,10037,CREATE_INDEX_DESC_NULLS_FIRST_REJECTED,SQLITE_PARITY_10037_CREATE_INDEX_DESC_NULLS_FIRST_REJECTED.rs,P0,memory,SQL_NULL_ORDER,1247882,2900070,2.323994,-132.399378,true,3
994,00009,STRICT_TABLE_TYPE_FAILURE,SQLITE_PARITY_009_STRICT_TABLE_TYPE_FAILURE.rs,P0,memory,SQL_DDL_NEGATIVE,1527853,3550672,2.323962,-132.396179,true,3
995,11043,MATH_DEGREES_3_14159265358979,SQLITE_PARITY_11043_MATH_DEGREES_3_14159265358979.rs,P1,memory,SQL_MATH,1387366,3223663,2.323585,-132.358512,true,3
996,10537,MIN_MAX_OVER_STRINGS_LEXICOGRAPHIC,SQLITE_PARITY_10537_MIN_MAX_OVER_STRINGS_LEXICOGRAPHIC.rs,P0,memory,SQL_AGGREGATE_ADV,1517723,3525404,2.322824,-132.282439,true,3
997,00377,SCALAR_CAST_TYPEOF_038,SQLITE_PARITY_377_SCALAR_CAST_TYPEOF_038.rs,P1,memory,GEN_SQL_SCALAR,1379622,3204416,2.322677,-132.267679,true,3
998,10520,STRING_AGG_ALIAS_OF_GROUP_CONCAT,SQLITE_PARITY_10520_STRING_AGG_ALIAS_OF_GROUP_CONCAT.rs,P0,memory,SQL_AGGREGATE_ADV,1497846,3478776,2.322519,-132.251914,true,3
999,10047,SUM_EMPTY_RETURNS_NULL,SQLITE_PARITY_10047_SUM_EMPTY_RETURNS_NULL.rs,P0,memory,SQL_AGGREGATE_NULL,1411022,3276623,2.322163,-132.216294,true,3
1000,11630,DATETIME_DATE_DATE_2024_PLUS_30_MINUTES,SQLITE_PARITY_11630_DATETIME_DATE_DATE_2024_PLUS_30_MINUTES.rs,P0,memory,SQL_DATETIME,1309539,3040877,2.322097,-132.209732,true,3
1001,00509,AGG_GROUP_HAVING_002,SQLITE_PARITY_509_AGG_GROUP_HAVING_002.rs,P1,memory,GEN_SQL_AGGREGATE,1856985,4311713,2.321889,-132.188898,true,3
1002,01017,JSON_EXTRACT_SET_010,SQLITE_PARITY_1017_JSON_EXTRACT_SET_010.rs,P2,memory,GEN_SQL_JSON,1425629,3309345,2.321323,-132.132273,true,3
1003,00498,DML_WHERE_ORDER_LIMIT_111,SQLITE_PARITY_498_DML_WHERE_ORDER_LIMIT_111.rs,P1,memory,GEN_SQL_DML,1651387,3833228,2.321217,-132.121726,true,3
1004,11674,DATETIME_STRFTIME_ISO_UNIX_MINUS_1_MONTH,SQLITE_PARITY_11674_DATETIME_STRFTIME_ISO_UNIX_MINUS_1_MONTH.rs,P0,memory,SQL_DATETIME,1348323,3128663,2.320411,-132.041061,true,3
1005,11906,WIN_SUM_EXCL_CURRENT_ROW,SQLITE_PARITY_11906_WIN_SUM_EXCL_CURRENT_ROW.rs,P0,memory,SQL_WINDOW,1510820,3505477,2.320248,-132.024794,true,3
1006,00373,SCALAR_CAST_TYPEOF_037,SQLITE_PARITY_373_SCALAR_CAST_TYPEOF_037.rs,P1,memory,GEN_SQL_SCALAR,1439786,3340584,2.320195,-132.019481,true,3
1007,00066,VALUES_STATEMENT,SQLITE_PARITY_066_VALUES_STATEMENT.rs,P0,memory,SQL_VALUES,1291044,2995231,2.320007,-132.000691,true,3
1008,11527,DATETIME_DATETIME_EPOCH_PLUS_10_SECONDS,SQLITE_PARITY_11527_DATETIME_DATETIME_EPOCH_PLUS_10_SECONDS.rs,P0,memory,SQL_DATETIME,1369973,3177866,2.319656,-131.965593,true,3
1009,10529,AGGREGATE_COLLATE_NOCASE_DISTINCT,SQLITE_PARITY_10529_AGGREGATE_COLLATE_NOCASE_DISTINCT.rs,P0,memory,SQL_AGGREGATE_ADV,1504178,3489056,2.319577,-131.957654,true,3
1010,11923,WIN_COUNT_ROWS_2_PREC_CURRENT,SQLITE_PARITY_11923_WIN_COUNT_ROWS_2_PREC_CURRENT.rs,P0,memory,SQL_WINDOW,1487316,3449721,2.319427,-131.942708,true,3
1011,11050,MATH_FLOOR_1_4,SQLITE_PARITY_11050_MATH_FLOOR_1_4.rs,P1,memory,SQL_MATH,1503136,3486200,2.319284,-131.928448,true,3
1012,00764,CTE_RECURSIVE_MATRIX_057,SQLITE_PARITY_764_CTE_RECURSIVE_MATRIX_057.rs,P1,memory,GEN_SQL_CTE,1579190,3662464,2.319204,-131.920415,true,3
1013,10279,FK_DELETE_SET_NULL_NULLIFIES_CHILD,SQLITE_PARITY_10279_FK_DELETE_SET_NULL_NULLIFIES_CHILD.rs,P0,memory,SQL_FOREIGN_KEYS,1487606,3449891,2.319089,-131.908919,true,3
1014,00747,CTE_RECURSIVE_MATRIX_040,SQLITE_PARITY_747_CTE_RECURSIVE_MATRIX_040.rs,P1,memory,GEN_SQL_CTE,1461036,3387343,2.318453,-131.845280,true,3
1015,11032,MATH_COS_0_0,SQLITE_PARITY_11032_MATH_COS_0_0.rs,P1,memory,SQL_MATH,1378409,3195730,2.318419,-131.841928,true,3
1016,00937,CONSTRAINT_FK_SAVEPOINT_070,SQLITE_PARITY_937_CONSTRAINT_FK_SAVEPOINT_070.rs,P2,memory,GEN_SQL_CONSTRAINT_TX,1665173,3860558,2.318413,-131.841256,true,3
1017,00999,VIEW_TRIGGER_GENERATED_052,SQLITE_PARITY_999_VIEW_TRIGGER_GENERATED_052.rs,P2,memory,GEN_SQL_VIEW_TRIGGER,1600570,3710464,2.318214,-131.821414,true,3
1018,11948,WIN_MAX_EXCL_TIES,SQLITE_PARITY_11948_WIN_MAX_EXCL_TIES.rs,P0,memory,SQL_WINDOW,1527602,3540934,2.317969,-131.796895,true,3
1019,10485,COMPOUND_DISTINCT_INSIDE_VS_UNION,SQLITE_PARITY_10485_COMPOUND_DISTINCT_INSIDE_VS_UNION.rs,P0,memory,SQL_COMPOUND,1592886,3692080,2.317856,-131.785577,true,3
1020,01087,INDEX_SCHEMA_PRAGMA_020,SQLITE_PARITY_1087_INDEX_SCHEMA_PRAGMA_020.rs,P2,memory,GEN_SQL_INDEX_PRAGMA,1697905,3934889,2.317497,-131.749656,true,3
1021,11952,WIN_FIRST_VALUE_ROWS_1_PREC_1_FOLL,SQLITE_PARITY_11952_WIN_FIRST_VALUE_ROWS_1_PREC_1_FOLL.rs,P0,memory,SQL_WINDOW,1671795,3874205,2.317392,-131.739238,true,3
1022,00018,DELETE_RETURNING,SQLITE_PARITY_018_DELETE_RETURNING.rs,P0,memory,SQL_DELETE,1544554,3578385,2.316776,-131.677559,true,3
1023,11238,CAST_TEXT_BARE_AS_BLOB,SQLITE_PARITY_11238_CAST_TEXT_BARE_AS_BLOB.rs,P0,memory,SQL_CAST,1437502,3330195,2.316654,-131.665417,true,3
1024,00854,WINDOW_PARTITION_SUM_067,SQLITE_PARITY_854_WINDOW_PARTITION_SUM_067.rs,P2,memory,GEN_SQL_WINDOW,1704597,3948495,2.316380,-131.638035,true,3
1025,00733,CTE_RECURSIVE_MATRIX_026,SQLITE_PARITY_733_CTE_RECURSIVE_MATRIX_026.rs,P1,memory,GEN_SQL_CTE,1583939,3668415,2.316008,-131.600775,true,3
1026,11046,MATH_EXP_1_0,SQLITE_PARITY_11046_MATH_EXP_1_0.rs,P1,memory,SQL_MATH,1520528,3520696,2.315443,-131.544306,true,3
1027,00588,AGG_GROUP_HAVING_081,SQLITE_PARITY_588_AGG_GROUP_HAVING_081.rs,P1,memory,GEN_SQL_AGGREGATE,1796171,4158613,2.315266,-131.526564,true,3
1028,01063,JSON_EXTRACT_SET_056,SQLITE_PARITY_1063_JSON_EXTRACT_SET_056.rs,P2,memory,GEN_SQL_JSON,1546157,3579026,2.314788,-131.478821,true,3
1029,11240,CAST_BLOB_HEX_AS_INTEGER,SQLITE_PARITY_11240_CAST_BLOB_HEX_AS_INTEGER.rs,P0,memory,SQL_CAST,1453402,3364039,2.314596,-131.459637,true,3
1030,10237,OPT_BATCH_BAIL_COMBO,SQLITE_PARITY_10237_OPT_BATCH_BAIL_COMBO.rs,P0,memory,CLI_OPTION,1415239,3275361,2.314352,-131.435185,true,3
1031,00485,DML_WHERE_ORDER_LIMIT_098,SQLITE_PARITY_485_DML_WHERE_ORDER_LIMIT_098.rs,P1,memory,GEN_SQL_DML,1697755,3927706,2.313470,-131.347044,true,3
1032,10321,BEGIN_THEN_DDL_THEN_ROLLBACK,SQLITE_PARITY_10321_BEGIN_THEN_DDL_THEN_ROLLBACK.rs,P0,memory,SQL_TRANSACTION,1511050,3495408,2.313231,-131.323120,true,3
1033,00630,JOIN_SUBQUERY_EXISTS_023,SQLITE_PARITY_630_JOIN_SUBQUERY_EXISTS_023.rs,P1,memory,GEN_SQL_JOIN_SUBQUERY,1774380,4104220,2.313045,-131.304456,true,3
1034,10156,CLI_FLAG_TABLE,SQLITE_PARITY_10156_CLI_FLAG_TABLE.rs,P0,memory,CLI_OUTPUT_MODE,1461677,3380650,2.312857,-131.285708,true,3
1035,11021,MATH_ATANH_0_5,SQLITE_PARITY_11021_MATH_ATANH_0_5.rs,P1,memory,SQL_MATH,1355746,3135215,2.312539,-131.253863,true,3
1036,11426,STRING_QUOTE_1,SQLITE_PARITY_11426_STRING_QUOTE_1.rs,P0,memory,SQL_STRING,1421411,3286511,2.312147,-131.214687,true,3
1037,00663,JOIN_SUBQUERY_EXISTS_056,SQLITE_PARITY_663_JOIN_SUBQUERY_EXISTS_056.rs,P1,memory,GEN_SQL_JOIN_SUBQUERY,1688106,3901396,2.311108,-131.110843,true,3
1038,00364,SCALAR_ARITH_035,SQLITE_PARITY_364_SCALAR_ARITH_035.rs,P1,memory,GEN_SQL_SCALAR,1432172,3309776,2.311019,-131.101851,true,3
1039,00281,SCALAR_CAST_TYPEOF_014,SQLITE_PARITY_281_SCALAR_CAST_TYPEOF_014.rs,P1,memory,GEN_SQL_SCALAR,1397425,3229163,2.310795,-131.079521,true,3
1040,00729,CTE_RECURSIVE_MATRIX_022,SQLITE_PARITY_729_CTE_RECURSIVE_MATRIX_022.rs,P1,memory,GEN_SQL_CTE,1481415,3422910,2.310568,-131.056794,true,3
1041,01081,INDEX_SCHEMA_PRAGMA_014,SQLITE_PARITY_1081_INDEX_SCHEMA_PRAGMA_014.rs,P2,memory,GEN_SQL_INDEX_PRAGMA,1563680,3612630,2.310338,-131.033843,true,3
1042,00931,CONSTRAINT_FK_SAVEPOINT_064,SQLITE_PARITY_931_CONSTRAINT_FK_SAVEPOINT_064.rs,P2,memory,GEN_SQL_CONSTRAINT_TX,1745665,4032684,2.310113,-131.011334,true,3
1043,11595,DATETIME_DATE_Y2K_START_OF_YEAR,SQLITE_PARITY_11595_DATETIME_DATE_Y2K_START_OF_YEAR.rs,P0,memory,SQL_DATETIME,1348383,3114717,2.309965,-130.996460,true,3
1044,00213,SQL_WAL_CHECKPOINT_TEMPFILE,SQLITE_PARITY_213_SQL_WAL_CHECKPOINT_TEMPFILE.rs,P2,tempfile,SQL_TEMPFILE,1986872,4588116,2.309216,-130.921569,true,3
1045,10378,CROSS_DB_JOIN,SQLITE_PARITY_10378_CROSS_DB_JOIN.rs,P0,memory,SQL_ATTACH,1620858,3741985,2.308645,-130.864456,true,3
1046,10387,PRAGMA_AUX_USER_VERSION_ISOLATED,SQLITE_PARITY_10387_PRAGMA_AUX_USER_VERSION_ISOLATED.rs,P0,memory,SQL_ATTACH,1263292,2916482,2.308636,-130.863648,true,3
1047,10238,OPT_INIT_WITH_READ,SQLITE_PARITY_10238_OPT_INIT_WITH_READ.rs,P0,memory,CLI_OPTION,1275926,2943913,2.307276,-130.727566,true,3
1048,11571,DATETIME_TIME_Y2K_PLUS_3_HOURS,SQLITE_PARITY_11571_DATETIME_TIME_Y2K_PLUS_3_HOURS.rs,P0,memory,SQL_DATETIME,1323816,3054403,2.307272,-130.727155,true,3
1049,10363,UPSERT_RETURNING_INSERT_PATH,SQLITE_PARITY_10363_UPSERT_RETURNING_INSERT_PATH.rs,P0,memory,SQL_RETURNING,1504498,3471112,2.307156,-130.715627,true,3
1050,11440,STRING_SUBSTR_ABCDEF_2_3,SQLITE_PARITY_11440_STRING_SUBSTR_ABCDEF_2_3.rs,P0,memory,SQL_STRING,1376857,3176273,2.306901,-130.690115,true,3
1051,01118,INDEX_SCHEMA_PRAGMA_051,SQLITE_PARITY_1118_INDEX_SCHEMA_PRAGMA_051.rs,P2,memory,GEN_SQL_INDEX_PRAGMA,1735185,4001977,2.306369,-130.636906,true,3
1052,11666,DATETIME_TIME_UNIX_PLUS_5_DAYS,SQLITE_PARITY_11666_DATETIME_TIME_UNIX_PLUS_5_DAYS.rs,P0,memory,SQL_DATETIME,1408136,3247668,2.306360,-130.635961,true,3
1053,00657,JOIN_SUBQUERY_EXISTS_050,SQLITE_PARITY_657_JOIN_SUBQUERY_EXISTS_050.rs,P1,memory,GEN_SQL_JOIN_SUBQUERY,1741196,4012948,2.304708,-130.470780,true,3
1054,10629,CAST_BLOB_TO_TEXT,SQLITE_PARITY_10629_CAST_BLOB_TO_TEXT.rs,P0,memory,SQL_BLOB,1383399,3188276,2.304668,-130.466843,true,3
1055,11924,WIN_COUNT_RANGE_UNBND_PREC_CURRENT,SQLITE_PARITY_11924_WIN_COUNT_RANGE_UNBND_PREC_CURRENT.rs,P0,memory,SQL_WINDOW,1421711,3276533,2.304641,-130.464068,true,3
1056,11580,DATETIME_DATE_Y2K_PLUS_10_SECONDS,SQLITE_PARITY_11580_DATETIME_DATE_Y2K_PLUS_10_SECONDS.rs,P0,memory,SQL_DATETIME,1249105,2878219,2.304225,-130.422503,true,3
1057,10209,OPT_CMD_BEFORE_STDIN,SQLITE_PARITY_10209_OPT_CMD_BEFORE_STDIN.rs,P0,memory,CLI_OPTION,1412334,3253860,2.303888,-130.388846,true,3
1058,01066,JSON_EXTRACT_SET_059,SQLITE_PARITY_1066_JSON_EXTRACT_SET_059.rs,P2,memory,GEN_SQL_JSON,1564872,3604735,2.303533,-130.353345,true,3
1059,11351,AFFINITY_BLOB_REAL_BIG,SQLITE_PARITY_11351_AFFINITY_BLOB_REAL_BIG.rs,P0,memory,SQL_TYPE_AFFINITY,1431670,3297352,2.303151,-130.315087,true,3
1060,00043,ATTACH_DETACH_MEMORY,SQLITE_PARITY_043_ATTACH_DETACH_MEMORY.rs,P0,memory,SQL_ATTACH,1545907,3560340,2.303075,-130.307515,true,3
1061,00056,SUBQUERIES_EXISTS_IN,SQLITE_PARITY_056_SUBQUERIES_EXISTS_IN.rs,P0,memory,SQL_SELECT,1631930,3756812,2.302067,-130.206688,true,3
1062,10430,REC_MULTI_TWO_RECURSIVE_CTES,SQLITE_PARITY_10430_REC_MULTI_TWO_RECURSIVE_CTES.rs,P0,memory,SQL_RECURSIVE_CTE,1526651,3514003,2.301772,-130.177231,true,3
1063,10441,REC_FACTORIAL,SQLITE_PARITY_10441_REC_FACTORIAL.rs,P0,memory,SQL_RECURSIVE_CTE,1455365,3349782,2.301678,-130.167827,true,3
1064,10452,JOIN_COMMA_IMPLICIT_CROSS,SQLITE_PARITY_10452_JOIN_COMMA_IMPLICIT_CROSS.rs,P0,memory,SQL_JOIN,1476275,3397472,2.301382,-130.138152,true,3
1065,00562,AGG_GROUP_HAVING_055,SQLITE_PARITY_562_AGG_GROUP_HAVING_055.rs,P1,memory,GEN_SQL_AGGREGATE,1693917,3897399,2.300821,-130.082052,true,3
1066,00600,AGG_GROUP_HAVING_093,SQLITE_PARITY_600_AGG_GROUP_HAVING_093.rs,P1,memory,GEN_SQL_AGGREGATE,1772486,4076277,2.299751,-129.975131,true,3
1067,00977,VIEW_TRIGGER_GENERATED_030,SQLITE_PARITY_977_VIEW_TRIGGER_GENERATED_030.rs,P2,memory,GEN_SQL_VIEW_TRIGGER,1662247,3822256,2.299451,-129.945128,true,3
1068,11856,JSON_DARROW_D,SQLITE_PARITY_11856_JSON_DARROW_D.rs,P0,memory,SQL_JSON,1282127,2948022,2.299321,-129.932136,true,3
1069,11641,DATETIME_TIME_DATE_2024_START_OF_DAY,SQLITE_PARITY_11641_DATETIME_TIME_DATE_2024_START_OF_DAY.rs,P0,memory,SQL_DATETIME,1388879,3192834,2.298857,-129.885685,true,3
1070,10456,JOIN_LATERAL_LIKE_CORRELATED,SQLITE_PARITY_10456_JOIN_LATERAL_LIKE_CORRELATED.rs,P0,memory,SQL_JOIN,1482677,3408442,2.298843,-129.884324,true,3
1071,10256,PRAGMA_ENCODING_DEFAULT,SQLITE_PARITY_10256_PRAGMA_ENCODING_DEFAULT.rs,P0,memory,SQL_PRAGMA,1262270,2901072,2.298298,-129.829751,true,3
1072,01046,JSON_EXTRACT_SET_039,SQLITE_PARITY_1046_JSON_EXTRACT_SET_039.rs,P2,memory,GEN_SQL_JSON,1710639,3931483,2.298254,-129.825404,true,3
1073,11615,DATETIME_DATE_DATE_2024_MINUS_1_MONTH,SQLITE_PARITY_11615_DATETIME_DATE_DATE_2024_MINUS_1_MONTH.rs,P0,memory,SQL_DATETIME,1496283,3438279,2.297880,-129.788015,true,3
1074,00507,DML_WHERE_ORDER_LIMIT_120,SQLITE_PARITY_507_DML_WHERE_ORDER_LIMIT_120.rs,P1,memory,GEN_SQL_DML,1766895,4059626,2.297605,-129.760455,true,3
1075,00350,SCALAR_STRING_031,SQLITE_PARITY_350_SCALAR_STRING_031.rs,P1,memory,GEN_SQL_SCALAR,1530167,3514243,2.296640,-129.664017,true,3
1076,00297,SCALAR_CAST_TYPEOF_018,SQLITE_PARITY_297_SCALAR_CAST_TYPEOF_018.rs,P1,memory,GEN_SQL_SCALAR,1426721,3276603,2.296597,-129.659688,true,3
1077,11684,DATETIME_STRFTIME_ISO_UNIX_PLUS_3_HOURS,SQLITE_PARITY_11684_DATETIME_STRFTIME_ISO_UNIX_PLUS_3_HOURS.rs,P0,memory,SQL_DATETIME,1347781,3095150,2.296478,-129.647843,true,3
1078,11618,DATETIME_JULIANDAY_DATE_2024_MINUS_1_MONTH,SQLITE_PARITY_11618_DATETIME_JULIANDAY_DATE_2024_MINUS_1_MONTH.rs,P0,memory,SQL_DATETIME,1515790,3480950,2.296459,-129.645927,true,3
1079,00997,VIEW_TRIGGER_GENERATED_050,SQLITE_PARITY_997_VIEW_TRIGGER_GENERATED_050.rs,P2,memory,GEN_SQL_VIEW_TRIGGER,1740405,3996216,2.296141,-129.614142,true,3
1080,00936,CONSTRAINT_FK_SAVEPOINT_069,SQLITE_PARITY_936_CONSTRAINT_FK_SAVEPOINT_069.rs,P2,memory,GEN_SQL_CONSTRAINT_TX,1557448,3575970,2.296045,-129.604455,true,3
1081,00025,BEGIN_MODES,SQLITE_PARITY_025_BEGIN_MODES.rs,P0,memory,SQL_TRANSACTION,1311824,3012002,2.296041,-129.604124,true,3
1082,00873,CONSTRAINT_FK_SAVEPOINT_006,SQLITE_PARITY_873_CONSTRAINT_FK_SAVEPOINT_006.rs,P2,memory,GEN_SQL_CONSTRAINT_TX,1818693,4175385,2.295816,-129.581628,true,3
1083,10510,SUBQUERY_WITH_COLLATE,SQLITE_PARITY_10510_SUBQUERY_WITH_COLLATE.rs,P0,memory,SQL_SUBQUERY,1473359,3381512,2.295104,-129.510391,true,3
1084,00413,DML_WHERE_ORDER_LIMIT_026,SQLITE_PARITY_413_DML_WHERE_ORDER_LIMIT_026.rs,P1,memory,GEN_SQL_DML,1590982,3650311,2.294376,-129.437605,true,3
1085,00305,SCALAR_CAST_TYPEOF_020,SQLITE_PARITY_305_SCALAR_CAST_TYPEOF_020.rs,P1,memory,GEN_SQL_SCALAR,1396925,3204978,2.294309,-129.430929,true,3
1086,00153,DOT_CD_TEMPFILE,SQLITE_PARITY_153_DOT_CD_TEMPFILE.rs,P2,tempfile,CLI_TEMPFILE,1130992,2594021,2.293580,-129.358033,true,3
1087,00331,SCALAR_NULL_COALESCE_026,SQLITE_PARITY_331_SCALAR_NULL_COALESCE_026.rs,P1,memory,GEN_SQL_SCALAR,1345777,3085581,2.292788,-129.278774,true,3
1088,00591,AGG_GROUP_HAVING_084,SQLITE_PARITY_591_AGG_GROUP_HAVING_084.rs,P1,memory,GEN_SQL_AGGREGATE,1753009,4019209,2.292749,-129.274864,true,3
1089,00969,VIEW_TRIGGER_GENERATED_022,SQLITE_PARITY_969_VIEW_TRIGGER_GENERATED_022.rs,P2,memory,GEN_SQL_VIEW_TRIGGER,1708604,3916204,2.292049,-129.204895,true,3
1090,10002,NULL_NEQ_NULL_IS_NULL,SQLITE_PARITY_10002_NULL_NEQ_NULL_IS_NULL.rs,P0,memory,SQL_NULL_SEMANTICS,1280625,2935227,2.292027,-129.202694,true,3
1091,00789,WINDOW_PARTITION_SUM_002,SQLITE_PARITY_789_WINDOW_PARTITION_SUM_002.rs,P2,memory,GEN_SQL_WINDOW,1575302,3610315,2.291824,-129.182404,true,3
1092,01095,INDEX_SCHEMA_PRAGMA_028,SQLITE_PARITY_1095_INDEX_SCHEMA_PRAGMA_028.rs,P2,memory,GEN_SQL_INDEX_PRAGMA,1622502,3718319,2.291719,-129.171921,true,3
1093,11614,DATETIME_STRFTIME_ISO_DATE_2024_PLUS_5_DAYS,SQLITE_PARITY_11614_DATETIME_STRFTIME_ISO_DATE_2024_PLUS_5_DAYS.rs,P0,memory,SQL_DATETIME,1443072,3307081,2.291695,-129.169508,true,3
1094,11716,DATETIME_TIME_UNIX_UTC,SQLITE_PARITY_11716_DATETIME_TIME_UNIX_UTC.rs,P0,memory,SQL_DATETIME,1438423,3296170,2.291516,-129.151647,true,3
1095,00186,OPT_NEWLINE,SQLITE_PARITY_186_OPT_NEWLINE.rs,P2,memory,CLI_OPTION,1353943,3102563,2.291502,-129.150193,true,3
1096,00457,DML_WHERE_ORDER_LIMIT_070,SQLITE_PARITY_457_DML_WHERE_ORDER_LIMIT_070.rs,P1,memory,GEN_SQL_DML,1583919,3629391,2.291399,-129.139937,true,3
1097,10315,MULTI_PHASE_TXN_STATE_VISIBILITY,SQLITE_PARITY_10315_MULTI_PHASE_TXN_STATE_VISIBILITY.rs,P0,memory,SQL_TRANSACTION,1496573,3429032,2.291256,-129.125609,true,3
1098,10024,NULL_LITERAL_VS_QUOTED_STRING,SQLITE_PARITY_10024_NULL_LITERAL_VS_QUOTED_STRING.rs,P0,memory,SQL_NULL_SEMANTICS,1372519,3144533,2.291067,-129.106701,true,3
1099,00211,SQL_ATTACH_TEMPFILE_DATABASE,SQLITE_PARITY_211_SQL_ATTACH_TEMPFILE_DATABASE.rs,P1,tempfile,SQL_TEMPFILE,1930975,4423685,2.290907,-129.090744,true,3
1100,11909,WIN_SUM_EXCL_NO_OTHERS,SQLITE_PARITY_11909_WIN_SUM_EXCL_NO_OTHERS.rs,P0,memory,SQL_WINDOW,1600480,3666061,2.290601,-129.060094,true,3
1101,10081,STRICT_INT_ACCEPTS_INT_LITERAL,SQLITE_PARITY_10081_STRICT_INT_ACCEPTS_INT_LITERAL.rs,P0,memory,SQL_STRICT_TABLES,1388199,3179649,2.290485,-129.048501,true,3
1102,00497,DML_WHERE_ORDER_LIMIT_110,SQLITE_PARITY_497_DML_WHERE_ORDER_LIMIT_110.rs,P1,memory,GEN_SQL_DML,1813473,4153483,2.290347,-129.034731,true,3
1103,11585,DATETIME_DATE_Y2K_START_OF_DAY,SQLITE_PARITY_11585_DATETIME_DATE_Y2K_START_OF_DAY.rs,P0,memory,SQL_DATETIME,1381516,3164021,2.290253,-129.025288,true,3
1104,11052,MATH_LN_1_0,SQLITE_PARITY_11052_MATH_LN_1_0.rs,P1,memory,SQL_MATH,1633092,3739840,2.290036,-129.003632,true,3
1105,00060,FILTER_CLAUSE,SQLITE_PARITY_060_FILTER_CLAUSE.rs,P0,memory,SQL_AGGREGATE,1341660,3072036,2.289728,-128.972765,true,3
1106,11688,DATETIME_JULIANDAY_UNIX_PLUS_30_MINUTES,SQLITE_PARITY_11688_DATETIME_JULIANDAY_UNIX_PLUS_30_MINUTES.rs,P0,memory,SQL_DATETIME,1435798,3287564,2.289712,-128.971206,true,3
1107,11633,DATETIME_JULIANDAY_DATE_2024_PLUS_30_MINUTES,SQLITE_PARITY_11633_DATETIME_JULIANDAY_DATE_2024_PLUS_30_MINUTES.rs,P0,memory,SQL_DATETIME,1394330,3191783,2.289116,-128.911592,true,3
1108,11235,CAST_TEXT_BARE_AS_INTEGER,SQLITE_PARITY_11235_CAST_TEXT_BARE_AS_INTEGER.rs,P0,memory,SQL_CAST,1461216,3343950,2.288471,-128.847070,true,3
1109,00428,DML_WHERE_ORDER_LIMIT_041,SQLITE_PARITY_428_DML_WHERE_ORDER_LIMIT_041.rs,P1,memory,GEN_SQL_DML,1623354,3714592,2.288221,-128.822056,true,3
1110,10212,OPT_MODE_COLUMN,SQLITE_PARITY_10212_OPT_MODE_COLUMN.rs,P0,memory,CLI_OPTION,1379401,3156165,2.288069,-128.806924,true,3
1111,11904,WIN_SUM_RANGE_UNBND_PREC_CURRENT,SQLITE_PARITY_11904_WIN_SUM_RANGE_UNBND_PREC_CURRENT.rs,P0,memory,SQL_WINDOW,1658299,3794113,2.287955,-128.795471,true,3
1112,01107,INDEX_SCHEMA_PRAGMA_040,SQLITE_PARITY_1107_INDEX_SCHEMA_PRAGMA_040.rs,P2,memory,GEN_SQL_INDEX_PRAGMA,1639875,3751863,2.287896,-128.789572,true,3
1113,01014,JSON_EXTRACT_SET_007,SQLITE_PARITY_1014_JSON_EXTRACT_SET_007.rs,P2,memory,GEN_SQL_JSON,1561987,3573396,2.287725,-128.772455,true,3
1114,00007,WITHOUT_ROWID_TABLE,SQLITE_PARITY_007_WITHOUT_ROWID_TABLE.rs,P0,memory,SQL_ROWID,1526680,3492552,2.287678,-128.767784,true,3
1115,10488,COMPOUND_EXCEPT_ALL_REMOVED,SQLITE_PARITY_10488_COMPOUND_EXCEPT_ALL_REMOVED.rs,P0,memory,SQL_COMPOUND,1595280,3649439,2.287648,-128.764794,true,3
1116,00298,SCALAR_STRING_018,SQLITE_PARITY_298_SCALAR_STRING_018.rs,P1,memory,GEN_SQL_SCALAR,1447300,3310768,2.287548,-128.754785,true,3
1117,00339,SCALAR_NULL_COALESCE_028,SQLITE_PARITY_339_SCALAR_NULL_COALESCE_028.rs,P1,memory,GEN_SQL_SCALAR,1402355,3207783,2.287426,-128.742579,true,3
1118,00827,WINDOW_PARTITION_SUM_040,SQLITE_PARITY_827_WINDOW_PARTITION_SUM_040.rs,P2,memory,GEN_SQL_WINDOW,1544184,3531555,2.287004,-128.700401,true,3
1119,11609,DATETIME_STRFTIME_ISO_Y2K_UTC,SQLITE_PARITY_11609_DATETIME_STRFTIME_ISO_Y2K_UTC.rs,P0,memory,SQL_DATETIME,1446228,3307452,2.286951,-128.695061,true,3
1120,11637,DATETIME_DATETIME_DATE_2024_PLUS_10_SECONDS,SQLITE_PARITY_11637_DATETIME_DATETIME_DATE_2024_PLUS_10_SECONDS.rs,P0,memory,SQL_DATETIME,1364884,3121380,2.286920,-128.691962,true,3
1121,10264,PRAGMA_APPLICATION_ID_DEFAULT,SQLITE_PARITY_10264_PRAGMA_APPLICATION_ID_DEFAULT.rs,P0,memory,SQL_PRAGMA,1270305,2904558,2.286504,-128.650442,true,3
1122,11622,DATETIME_DATETIME_DATE_2024_PLUS_1_YEAR,SQLITE_PARITY_11622_DATETIME_DATETIME_DATE_2024_PLUS_1_YEAR.rs,P0,memory,SQL_DATETIME,1411292,3226849,2.286450,-128.645029,true,3
1123,01079,INDEX_SCHEMA_PRAGMA_012,SQLITE_PARITY_1079_INDEX_SCHEMA_PRAGMA_012.rs,P2,memory,GEN_SQL_INDEX_PRAGMA,1705508,3899071,2.286164,-128.616401,true,3
1124,00371,SCALAR_NULL_COALESCE_036,SQLITE_PARITY_371_SCALAR_NULL_COALESCE_036.rs,P1,memory,GEN_SQL_SCALAR,1410571,3224695,2.286092,-128.609194,true,3
1125,10325,DO_UPDATE_WHERE_MATCH,SQLITE_PARITY_10325_DO_UPDATE_WHERE_MATCH.rs,P0,memory,SQL_UPSERT,1527182,3490829,2.285798,-128.579763,true,3
1126,10287,FK_DEFERRED_FAILS_AT_COMMIT,SQLITE_PARITY_10287_FK_DEFERRED_FAILS_AT_COMMIT.rs,P0,memory,SQL_FOREIGN_KEYS,1369313,3129495,2.285449,-128.544898,true,3
1127,00766,CTE_RECURSIVE_MATRIX_059,SQLITE_PARITY_766_CTE_RECURSIVE_MATRIX_059.rs,P1,memory,GEN_SQL_CTE,1601572,3659519,2.284954,-128.495441,true,3
1128,11080,MATH_TAN_0_0,SQLITE_PARITY_11080_MATH_TAN_0_0.rs,P1,memory,SQL_MATH,1358272,3103465,2.284863,-128.486268,true,3
1129,10344,ON_CONFLICT_DEFAULTED_COLUMN,SQLITE_PARITY_10344_ON_CONFLICT_DEFAULTED_COLUMN.rs,P0,memory,SQL_UPSERT,1542450,3523650,2.284450,-128.445006,true,3
1130,10220,OPT_MODE_TABLE,SQLITE_PARITY_10220_OPT_MODE_TABLE.rs,P0,memory,CLI_OPTION,1265376,2890362,2.284192,-128.419221,true,3
1131,11512,DATETIME_DATETIME_EPOCH_PLUS_1_YEAR,SQLITE_PARITY_11512_DATETIME_DATETIME_EPOCH_PLUS_1_YEAR.rs,P0,memory,SQL_DATETIME,1393729,3183136,2.283899,-128.389881,true,3
1132,01086,INDEX_SCHEMA_PRAGMA_019,SQLITE_PARITY_1086_INDEX_SCHEMA_PRAGMA_019.rs,P2,memory,GEN_SQL_INDEX_PRAGMA,1591162,3633790,2.283734,-128.373352,true,3
1133,00170,OPT_VERSION,SQLITE_PARITY_170_OPT_VERSION.rs,P1,memory,CLI_OPTION,1098509,2507868,2.282974,-128.297447,true,3
1134,00775,CTE_RECURSIVE_MATRIX_068,SQLITE_PARITY_775_CTE_RECURSIVE_MATRIX_068.rs,P1,memory,GEN_SQL_CTE,1522692,3475440,2.282431,-128.243138,true,3
1135,00362,SCALAR_STRING_034,SQLITE_PARITY_362_SCALAR_STRING_034.rs,P1,memory,GEN_SQL_SCALAR,1519607,3468226,2.282318,-128.231773,true,3
1136,10397,PRAGMA_TABLE_INFO_TVF,SQLITE_PARITY_10397_PRAGMA_TABLE_INFO_TVF.rs,P0,memory,SQL_SCHEMA_INTROSPECTION,1455385,3320937,2.281827,-128.182715,true,3
1137,10192,DOT_BAIL_ON_NOOP,SQLITE_PARITY_10192_DOT_BAIL_ON_NOOP.rs,P0,memory,CLI_DOT_COMMAND,1478138,3372705,2.281725,-128.172539,true,3
1138,00604,AGG_GROUP_HAVING_097,SQLITE_PARITY_604_AGG_GROUP_HAVING_097.rs,P1,memory,GEN_SQL_AGGREGATE,1606622,3664508,2.280878,-128.087752,true,3
1139,00738,CTE_RECURSIVE_MATRIX_031,SQLITE_PARITY_738_CTE_RECURSIVE_MATRIX_031.rs,P1,memory,GEN_SQL_CTE,1656967,3778864,2.280591,-128.059098,true,3
1140,00426,DML_WHERE_ORDER_LIMIT_039,SQLITE_PARITY_426_DML_WHERE_ORDER_LIMIT_039.rs,P1,memory,GEN_SQL_DML,1681343,3834369,2.280539,-128.053943,true,3
1141,00182,OPT_COLUMN_MODE,SQLITE_PARITY_182_OPT_COLUMN_MODE.rs,P2,memory,CLI_OPTION,1409058,3213273,2.280441,-128.044055,true,3
1142,00763,CTE_RECURSIVE_MATRIX_056,SQLITE_PARITY_763_CTE_RECURSIVE_MATRIX_056.rs,P1,memory,GEN_SQL_CTE,1550255,3535203,2.280401,-128.040097,true,3
1143,00082,CORE_STRING_FUNCTIONS,SQLITE_PARITY_082_CORE_STRING_FUNCTIONS.rs,P0,memory,SQL_FUNCTIONS,1336360,3047169,2.280201,-128.020069,true,3
1144,00818,WINDOW_PARTITION_SUM_031,SQLITE_PARITY_818_WINDOW_PARTITION_SUM_031.rs,P2,memory,GEN_SQL_WINDOW,1541108,3514033,2.280199,-128.019905,true,3
1145,00835,WINDOW_PARTITION_SUM_048,SQLITE_PARITY_835_WINDOW_PARTITION_SUM_048.rs,P2,memory,GEN_SQL_WINDOW,1541529,3514744,2.280038,-128.003755,true,3
1146,00635,JOIN_SUBQUERY_EXISTS_028,SQLITE_PARITY_635_JOIN_SUBQUERY_EXISTS_028.rs,P1,memory,GEN_SQL_JOIN_SUBQUERY,1748991,3987098,2.279656,-127.965610,true,3
1147,00268,SCALAR_ARITH_011,SQLITE_PARITY_268_SCALAR_ARITH_011.rs,P1,memory,GEN_SQL_SCALAR,1449735,3304866,2.279635,-127.963455,true,3
1148,10541,HAVING_IS_NULL_FILTER,SQLITE_PARITY_10541_HAVING_IS_NULL_FILTER.rs,P0,memory,SQL_AGGREGATE_ADV,1668378,3803030,2.279477,-127.947743,true,3
1149,11524,DATETIME_STRFTIME_ISO_EPOCH_PLUS_30_MINUTES,SQLITE_PARITY_11524_DATETIME_STRFTIME_ISO_EPOCH_PLUS_30_MINUTES.rs,P0,memory,SQL_DATETIME,1313015,2992846,2.279369,-127.936924,true,3
1150,00376,SCALAR_ARITH_038,SQLITE_PARITY_376_SCALAR_ARITH_038.rs,P1,memory,GEN_SQL_SCALAR,1434025,3268608,2.279324,-127.932428,true,3
1151,11028,MATH_CEILING_1_4,SQLITE_PARITY_11028_MATH_CEILING_1_4.rs,P1,memory,SQL_MATH,1392015,3172597,2.279140,-127.913995,true,3
1152,10147,MODE_MARKDOWN_BASIC,SQLITE_PARITY_10147_MODE_MARKDOWN_BASIC.rs,P0,memory,CLI_OUTPUT_MODE,1480823,3374188,2.278590,-127.858968,true,3
1153,10065,AUTOINCREMENT_MONOTONIC_AFTER_DELETE,SQLITE_PARITY_10065_AUTOINCREMENT_MONOTONIC_AFTER_DELETE.rs,P0,memory,SQL_AUTOINCREMENT,1439836,3280671,2.278503,-127.850325,true,3
1154,00684,JOIN_SUBQUERY_EXISTS_077,SQLITE_PARITY_684_JOIN_SUBQUERY_EXISTS_077.rs,P1,memory,GEN_SQL_JOIN_SUBQUERY,1743521,3972320,2.278332,-127.833218,true,3
1155,00168,DOT_CHECK_CATALOG,SQLITE_PARITY_168_DOT_CHECK_CATALOG.rs,P4,catalog,CLI_CATALOG,1228646,2798899,2.278035,-127.803533,true,3
1156,11648,DATETIME_JULIANDAY_DATE_2024_START_OF_MONTH,SQLITE_PARITY_11648_DATETIME_JULIANDAY_DATE_2024_START_OF_MONTH.rs,P0,memory,SQL_DATETIME,1401363,3192233,2.277949,-127.794868,true,3
1157,11847,JSON_ARROW_A_B,SQLITE_PARITY_11847_JSON_ARROW_A_B.rs,P0,memory,SQL_JSON,1326882,3022563,2.277944,-127.794408,true,3
1158,10102,STRICT_MISMATCHED_DEFAULT_REJECTED_ON_INSERT,SQLITE_PARITY_10102_STRICT_MISMATCHED_DEFAULT_REJECTED_ON_INSERT.rs,P0,memory,SQL_STRICT_TABLES,1322804,3012854,2.277627,-127.762692,true,3
1159,00469,DML_WHERE_ORDER_LIMIT_082,SQLITE_PARITY_469_DML_WHERE_ORDER_LIMIT_082.rs,P1,memory,GEN_SQL_DML,1596483,3635964,2.277484,-127.748369,true,3
1160,00806,WINDOW_PARTITION_SUM_019,SQLITE_PARITY_806_WINDOW_PARTITION_SUM_019.rs,P2,memory,GEN_SQL_WINDOW,1694498,3859006,2.277374,-127.737418,true,3
1161,00640,JOIN_SUBQUERY_EXISTS_033,SQLITE_PARITY_640_JOIN_SUBQUERY_EXISTS_033.rs,P1,memory,GEN_SQL_JOIN_SUBQUERY,1866193,4249926,2.277324,-127.732394,true,3
1162,10412,ADD_COLUMN_WITH_FK_REFERENCE,SQLITE_PARITY_10412_ADD_COLUMN_WITH_FK_REFERENCE.rs,P0,memory,SQL_ALTER,1469202,3345704,2.277225,-127.722532,true,3
1163,10056,HAVING_SUM_NULL_FILTERED,SQLITE_PARITY_10056_HAVING_SUM_NULL_FILTERED.rs,P0,memory,SQL_AGGREGATE_NULL,1458541,3321338,2.277165,-127.716465,true,3
1164,10250,PRAGMA_IGNORE_CHECK_CONSTRAINTS_TOGGLE,SQLITE_PARITY_10250_PRAGMA_IGNORE_CHECK_CONSTRAINTS_TOGGLE.rs,P0,memory,SQL_PRAGMA,1221102,2780404,2.276963,-127.696294,true,3
1165,00286,SCALAR_STRING_015,SQLITE_PARITY_286_SCALAR_STRING_015.rs,P1,memory,GEN_SQL_SCALAR,1380102,3141548,2.276316,-127.631581,true,3
1166,00590,AGG_GROUP_HAVING_083,SQLITE_PARITY_590_AGG_GROUP_HAVING_083.rs,P1,memory,GEN_SQL_AGGREGATE,1853148,4217976,2.276114,-127.611394,true,3
1167,11214,CAST_INT_NEG_3_AS_NUMERIC,SQLITE_PARITY_11214_CAST_INT_NEG_3_AS_NUMERIC.rs,P0,memory,SQL_CAST,1436931,3270492,2.276026,-127.602578,true,3
1168,10371,INSERT_SELECT_RANGE_RETURNING,SQLITE_PARITY_10371_INSERT_SELECT_RANGE_RETURNING.rs,P0,memory,SQL_RETURNING,1584650,3606317,2.275781,-127.578140,true,3
1169,00584,AGG_GROUP_HAVING_077,SQLITE_PARITY_584_AGG_GROUP_HAVING_077.rs,P1,memory,GEN_SQL_AGGREGATE,1810057,4119238,2.275750,-127.575043,true,3
1170,11590,DATETIME_DATE_Y2K_START_OF_MONTH,SQLITE_PARITY_11590_DATETIME_DATE_Y2K_START_OF_MONTH.rs,P0,memory,SQL_DATETIME,1427893,3249141,2.275479,-127.547933,true,3
1171,10052,COUNT_DISTINCT_EXCLUDES_NULL,SQLITE_PARITY_10052_COUNT_DISTINCT_EXCLUDES_NULL.rs,P0,memory,SQL_AGGREGATE_NULL,1564191,3558888,2.275226,-127.522598,true,3
1172,11401,STRING_LENGTH_,SQLITE_PARITY_11401_STRING_LENGTH_.rs,P0,memory,SQL_STRING,1383058,3146076,2.274725,-127.472456,true,3
1173,10082,STRICT_INT_ACCEPTS_NUMERIC_TEXT,SQLITE_PARITY_10082_STRICT_INT_ACCEPTS_NUMERIC_TEXT.rs,P0,memory,SQL_STRICT_TABLES,1539454,3501159,2.274286,-127.428621,true,3
1174,11645,DATETIME_DATE_DATE_2024_START_OF_MONTH,SQLITE_PARITY_11645_DATETIME_DATE_DATE_2024_START_OF_MONTH.rs,P0,memory,SQL_DATETIME,1238645,2816903,2.274181,-127.418106,true,3
1175,01123,INDEX_SCHEMA_PRAGMA_056,SQLITE_PARITY_1123_INDEX_SCHEMA_PRAGMA_056.rs,P2,memory,GEN_SQL_INDEX_PRAGMA,1690280,3843296,2.273763,-127.376293,true,3
1176,00964,VIEW_TRIGGER_GENERATED_017,SQLITE_PARITY_964_VIEW_TRIGGER_GENERATED_017.rs,P2,memory,GEN_SQL_VIEW_TRIGGER,1666244,3788061,2.273413,-127.341314,true,3
1177,00946,CONSTRAINT_FK_SAVEPOINT_079,SQLITE_PARITY_946_CONSTRAINT_FK_SAVEPOINT_079.rs,P2,memory,GEN_SQL_CONSTRAINT_TX,1645716,3740842,2.273079,-127.307871,true,3
1178,01061,JSON_EXTRACT_SET_054,SQLITE_PARITY_1061_JSON_EXTRACT_SET_054.rs,P2,memory,GEN_SQL_JSON,1612853,3663876,2.271674,-127.167386,true,3
1179,10587,LIKE_PCT_WILDCARD,SQLITE_PARITY_10587_LIKE_PCT_WILDCARD.rs,P0,memory,SQL_PATTERN,1448022,3289347,2.271614,-127.161397,true,3
1180,11581,DATETIME_TIME_Y2K_PLUS_10_SECONDS,SQLITE_PARITY_11581_DATETIME_TIME_Y2K_PLUS_10_SECONDS.rs,P0,memory,SQL_DATETIME,1294150,2939294,2.271216,-127.121586,true,3
1181,00848,WINDOW_PARTITION_SUM_061,SQLITE_PARITY_848_WINDOW_PARTITION_SUM_061.rs,P2,memory,GEN_SQL_WINDOW,1742729,3957753,2.271009,-127.100886,true,3
1182,00510,AGG_GROUP_HAVING_003,SQLITE_PARITY_510_AGG_GROUP_HAVING_003.rs,P1,memory,GEN_SQL_AGGREGATE,1718123,3900815,2.270393,-127.039333,true,3
1183,11566,DATETIME_TIME_Y2K_PLUS_1_YEAR,SQLITE_PARITY_11566_DATETIME_TIME_Y2K_PLUS_1_YEAR.rs,P0,memory,SQL_DATETIME,1456217,3305888,2.270189,-127.018913,true,3
1184,11204,CAST_NULL_AS_NUMERIC,SQLITE_PARITY_11204_CAST_NULL_AS_NUMERIC.rs,P0,memory,SQL_CAST,1626800,3693011,2.270108,-127.010757,true,3
1185,00011,CREATE_TABLE_AS_SELECT,SQLITE_PARITY_011_CREATE_TABLE_AS_SELECT.rs,P0,memory,SQL_DDL,1400492,3179209,2.270066,-127.006581,true,3
1186,00563,AGG_GROUP_HAVING_056,SQLITE_PARITY_563_AGG_GROUP_HAVING_056.rs,P1,memory,GEN_SQL_AGGREGATE,1817641,4126001,2.269976,-126.997575,true,3
1187,11424,STRING_HEX_X_01AB,SQLITE_PARITY_11424_STRING_HEX_X_01AB.rs,P0,memory,SQL_STRING,1369373,3107764,2.269480,-126.947954,true,3
1188,11226,CAST_TEXT_42_AS_REAL,SQLITE_PARITY_11226_CAST_TEXT_42_AS_REAL.rs,P0,memory,SQL_CAST,1465384,3325606,2.269443,-126.944337,true,3
1189,00390,DML_WHERE_ORDER_LIMIT_003,SQLITE_PARITY_390_DML_WHERE_ORDER_LIMIT_003.rs,P1,memory,GEN_SQL_DML,1639554,3720694,2.269333,-126.933300,true,3
1190,10616,BLOB_ORDER_BYTEWISE,SQLITE_PARITY_10616_BLOB_ORDER_BYTEWISE.rs,P0,memory,SQL_BLOB,1503016,3410206,2.268909,-126.890865,true,3
1191,11315,AFFINITY_BIGINT_NULL_LIT,SQLITE_PARITY_11315_AFFINITY_BIGINT_NULL_LIT.rs,P0,memory,SQL_TYPE_AFFINITY,1519787,3447738,2.268567,-126.856658,true,3
1192,10351,INSERT_RETURNING_SINGLE_COL,SQLITE_PARITY_10351_INSERT_RETURNING_SINGLE_COL.rs,P0,memory,SQL_RETURNING,1450295,3289738,2.268323,-126.832334,true,3
1193,00819,WINDOW_PARTITION_SUM_032,SQLITE_PARITY_819_WINDOW_PARTITION_SUM_032.rs,P2,memory,GEN_SQL_WINDOW,1495271,3391040,2.267843,-126.784309,true,3
1194,00021,UPSERT_DO_NOTHING,SQLITE_PARITY_021_UPSERT_DO_NOTHING.rs,P0,memory,SQL_UPSERT,1333535,3023654,2.267398,-126.739756,true,3
1195,10539,WHERE_BEFORE_GROUP_BY,SQLITE_PARITY_10539_WHERE_BEFORE_GROUP_BY.rs,P0,memory,SQL_AGGREGATE_ADV,1531910,3473446,2.267396,-126.739560,true,3
1196,11709,DATETIME_STRFTIME_ISO_UNIX_START_OF_YEAR,SQLITE_PARITY_11709_DATETIME_STRFTIME_ISO_UNIX_START_OF_YEAR.rs,P0,memory,SQL_DATETIME,1400782,3175081,2.266649,-126.664891,true,3
1197,01045,JSON_EXTRACT_SET_038,SQLITE_PARITY_1045_JSON_EXTRACT_SET_038.rs,P2,memory,GEN_SQL_JSON,1524125,3454360,2.266455,-126.645452,true,3
1198,10451,JOIN_NATURAL,SQLITE_PARITY_10451_JOIN_NATURAL.rs,P0,memory,SQL_JOIN,1669841,3784435,2.266345,-126.634452,true,3
1199,11347,AFFINITY_VARCHAR_8_NULL_LIT,SQLITE_PARITY_11347_AFFINITY_VARCHAR_8_NULL_LIT.rs,P0,memory,SQL_TYPE_AFFINITY,1510800,3423682,2.266138,-126.613847,true,3
1200,00414,DML_WHERE_ORDER_LIMIT_027,SQLITE_PARITY_414_DML_WHERE_ORDER_LIMIT_027.rs,P1,memory,GEN_SQL_DML,1592115,3607440,2.265816,-126.581623,true,3
1201,10032,CREATE_INDEX_ASC_DEFAULT_OK,SQLITE_PARITY_10032_CREATE_INDEX_ASC_DEFAULT_OK.rs,P0,memory,SQL_NULL_ORDER,1499569,3397412,2.265592,-126.559231,true,3
1202,11635,DATETIME_DATE_DATE_2024_PLUS_10_SECONDS,SQLITE_PARITY_11635_DATETIME_DATE_DATE_2024_PLUS_10_SECONDS.rs,P0,memory,SQL_DATETIME,1408136,3190220,2.265562,-126.556242,true,3
1203,10450,JOIN_CROSS,SQLITE_PARITY_10450_JOIN_CROSS.rs,P0,memory,SQL_JOIN,1520769,3444952,2.265270,-126.526974,true,3
1204,00619,JOIN_SUBQUERY_EXISTS_012,SQLITE_PARITY_619_JOIN_SUBQUERY_EXISTS_012.rs,P1,memory,GEN_SQL_JOIN_SUBQUERY,1800428,4078341,2.265206,-126.520638,true,3
1205,00680,JOIN_SUBQUERY_EXISTS_073,SQLITE_PARITY_680_JOIN_SUBQUERY_EXISTS_073.rs,P1,memory,GEN_SQL_JOIN_SUBQUERY,1712172,3878403,2.265195,-126.519474,true,3
1206,11683,DATETIME_JULIANDAY_UNIX_PLUS_3_HOURS,SQLITE_PARITY_11683_DATETIME_JULIANDAY_UNIX_PLUS_3_HOURS.rs,P0,memory,SQL_DATETIME,1397646,3165833,2.265118,-126.511792,true,3
1207,00111,DOT_HEADERS,SQLITE_PARITY_111_DOT_HEADERS.rs,P0,memory,CLI_DOT_COMMAND,1304059,2953412,2.264784,-126.478403,true,3
1208,11589,DATETIME_STRFTIME_ISO_Y2K_START_OF_DAY,SQLITE_PARITY_11589_DATETIME_STRFTIME_ISO_Y2K_START_OF_DAY.rs,P0,memory,SQL_DATETIME,1486805,3367275,2.264772,-126.477245,true,3
1209,10042,MULTI_COL_ORDER_BY_MIXED_NULLS,SQLITE_PARITY_10042_MULTI_COL_ORDER_BY_MIXED_NULLS.rs,P0,memory,SQL_NULL_ORDER,1487246,3367776,2.264438,-126.443776,true,3
1210,11579,DATETIME_STRFTIME_ISO_Y2K_PLUS_30_MINUTES,SQLITE_PARITY_11579_DATETIME_STRFTIME_ISO_Y2K_PLUS_30_MINUTES.rs,P0,memory,SQL_DATETIME,1349564,3055806,2.264291,-126.429128,true,3
1211,00844,WINDOW_PARTITION_SUM_057,SQLITE_PARITY_844_WINDOW_PARTITION_SUM_057.rs,P2,memory,GEN_SQL_WINDOW,1621790,3672172,2.264271,-126.427096,true,3
1212,10191,DOT_CHANGES_OFF,SQLITE_PARITY_10191_DOT_CHANGES_OFF.rs,P0,memory,CLI_DOT_COMMAND,1441960,3264741,2.264100,-126.409956,true,3
1213,11958,WIN_FIRST_VALUE_EXCL_TIES,SQLITE_PARITY_11958_WIN_FIRST_VALUE_EXCL_TIES.rs,P0,memory,SQL_WINDOW,1597925,3617679,2.263985,-126.398548,true,3
1214,00935,CONSTRAINT_FK_SAVEPOINT_068,SQLITE_PARITY_935_CONSTRAINT_FK_SAVEPOINT_068.rs,P2,memory,GEN_SQL_CONSTRAINT_TX,1673919,3789415,2.263798,-126.379831,true,3
1215,00961,VIEW_TRIGGER_GENERATED_014,SQLITE_PARITY_961_VIEW_TRIGGER_GENERATED_014.rs,P2,memory,GEN_SQL_VIEW_TRIGGER,1578719,3573846,2.263763,-126.376322,true,3
1216,00424,DML_WHERE_ORDER_LIMIT_037,SQLITE_PARITY_424_DML_WHERE_ORDER_LIMIT_037.rs,P1,memory,GEN_SQL_DML,1644793,3723198,2.263627,-126.362709,true,3
1217,00851,WINDOW_PARTITION_SUM_064,SQLITE_PARITY_851_WINDOW_PARTITION_SUM_064.rs,P2,memory,GEN_SQL_WINDOW,1686964,3818349,2.263444,-126.344427,true,3
1218,00257,SCALAR_CAST_TYPEOF_008,SQLITE_PARITY_257_SCALAR_CAST_TYPEOF_008.rs,P1,memory,GEN_SQL_SCALAR,1604638,3631575,2.263174,-126.317400,true,3
1219,00671,JOIN_SUBQUERY_EXISTS_064,SQLITE_PARITY_671_JOIN_SUBQUERY_EXISTS_064.rs,P1,memory,GEN_SQL_JOIN_SUBQUERY,1745895,3950829,2.262925,-126.292475,true,3
1220,00365,SCALAR_CAST_TYPEOF_035,SQLITE_PARITY_365_SCALAR_CAST_TYPEOF_035.rs,P1,memory,GEN_SQL_SCALAR,1373200,3107383,2.262877,-126.287722,true,3
1221,00139,DOT_LINT_FKEY_INDEXES,SQLITE_PARITY_139_DOT_LINT_FKEY_INDEXES.rs,P3,memory,CLI_DOT_COMMAND_DIAGNOSTIC,1727711,3909381,2.262752,-126.275170,true,3
1222,01064,JSON_EXTRACT_SET_057,SQLITE_PARITY_1064_JSON_EXTRACT_SET_057.rs,P2,memory,GEN_SQL_JSON,1469963,3325566,2.262347,-126.234674,true,3
1223,11548,DATETIME_JULIANDAY_EPOCH_WEEKDAY_0,SQLITE_PARITY_11548_DATETIME_JULIANDAY_EPOCH_WEEKDAY_0.rs,P0,memory,SQL_DATETIME,1422033,3217031,2.262276,-126.227591,true,3
1224,00858,WINDOW_PARTITION_SUM_071,SQLITE_PARITY_858_WINDOW_PARTITION_SUM_071.rs,P2,memory,GEN_SQL_WINDOW,1666234,3769376,2.262213,-126.221287,true,3
1225,11061,MATH_LOG2_2_0,SQLITE_PARITY_11061_MATH_LOG2_2_0.rs,P1,memory,SQL_MATH,1393879,3152959,2.262003,-126.200337,true,3
1226,00349,SCALAR_CAST_TYPEOF_031,SQLITE_PARITY_349_SCALAR_CAST_TYPEOF_031.rs,P1,memory,GEN_SQL_SCALAR,1562838,3535013,2.261919,-126.191902,true,3
1227,00995,VIEW_TRIGGER_GENERATED_048,SQLITE_PARITY_995_VIEW_TRIGGER_GENERATED_048.rs,P2,memory,GEN_SQL_VIEW_TRIGGER,1724475,3900615,2.261914,-126.191450,true,3
1228,11660,DATETIME_DATE_DATE_2024_UTC,SQLITE_PARITY_11660_DATETIME_DATE_DATE_2024_UTC.rs,P0,memory,SQL_DATETIME,1293359,2925288,2.261776,-126.177573,true,3
1229,11244,CAST_BLOB_HEX_AS_NUMERIC,SQLITE_PARITY_11244_CAST_BLOB_HEX_AS_NUMERIC.rs,P0,memory,SQL_CAST,1424016,3220537,2.261588,-126.158765,true,3
1230,10390,SQLITE_MASTER_AFTER_CREATE_TABLE,SQLITE_PARITY_10390_SQLITE_MASTER_AFTER_CREATE_TABLE.rs,P0,memory,SQL_SCHEMA_INTROSPECTION,1547369,3499395,2.261513,-126.151293,true,3
1231,00255,SCALAR_NULL_COALESCE_007,SQLITE_PARITY_255_SCALAR_NULL_COALESCE_007.rs,P1,memory,GEN_SQL_SCALAR,1648822,3728459,2.261287,-126.128654,true,3
1232,11736,DATETIME_TIME_UNIX_BASE,SQLITE_PARITY_11736_DATETIME_TIME_UNIX_BASE.rs,P0,memory,SQL_DATETIME,1384762,3131218,2.261196,-126.119579,true,3
1233,12011,PRAGMA_THREADS,SQLITE_PARITY_12011_PRAGMA_THREADS.rs,P1,memory,SQL_PRAGMA,1247111,2819898,2.261144,-126.114436,true,3
1234,10402,PRAGMA_DATABASE_LIST_DEFAULT,SQLITE_PARITY_10402_PRAGMA_DATABASE_LIST_DEFAULT.rs,P0,memory,SQL_SCHEMA_INTROSPECTION,1407975,3183517,2.261061,-126.106074,true,3
1235,01030,JSON_EXTRACT_SET_023,SQLITE_PARITY_1030_JSON_EXTRACT_SET_023.rs,P2,memory,GEN_SQL_JSON,1552850,3510876,2.260924,-126.092411,true,3
1236,11321,AFFINITY_REAL_TEXT_BARE,SQLITE_PARITY_11321_AFFINITY_REAL_TEXT_BARE.rs,P0,memory,SQL_TYPE_AFFINITY,1597745,3612038,2.260710,-126.070994,true,3
1237,11568,DATETIME_JULIANDAY_Y2K_PLUS_1_YEAR,SQLITE_PARITY_11568_DATETIME_JULIANDAY_Y2K_PLUS_1_YEAR.rs,P0,memory,SQL_DATETIME,1401663,3167757,2.259999,-125.999902,true,3
1238,10379,CROSS_DB_INSERT_SELECT,SQLITE_PARITY_10379_CROSS_DB_INSERT_SELECT.rs,P0,memory,SQL_ATTACH,1536819,3471302,2.258758,-125.875786,true,3
1239,00431,DML_WHERE_ORDER_LIMIT_044,SQLITE_PARITY_431_DML_WHERE_ORDER_LIMIT_044.rs,P1,memory,GEN_SQL_DML,1638593,3701117,2.258716,-125.871647,true,3
1240,00721,CTE_RECURSIVE_MATRIX_014,SQLITE_PARITY_721_CTE_RECURSIVE_MATRIX_014.rs,P1,memory,GEN_SQL_CTE,1493788,3374018,2.258699,-125.869936,true,3
1241,00757,CTE_RECURSIVE_MATRIX_050,SQLITE_PARITY_757_CTE_RECURSIVE_MATRIX_050.rs,P1,memory,GEN_SQL_CTE,1583278,3575729,2.258434,-125.843408,true,3
1242,00828,WINDOW_PARTITION_SUM_041,SQLITE_PARITY_828_WINDOW_PARTITION_SUM_041.rs,P2,memory,GEN_SQL_WINDOW,1631809,3685257,2.258387,-125.838747,true,3
1243,11598,DATETIME_JULIANDAY_Y2K_START_OF_YEAR,SQLITE_PARITY_11598_DATETIME_JULIANDAY_Y2K_START_OF_YEAR.rs,P0,memory,SQL_DATETIME,1389991,3138953,2.258254,-125.825419,true,3
1244,00107,DOT_HELP_PATTERN,SQLITE_PARITY_107_DOT_HELP_PATTERN.rs,P0,memory,CLI_DOT_COMMAND,1084263,2448505,2.258221,-125.822056,true,3
1245,00522,AGG_GROUP_HAVING_015,SQLITE_PARITY_522_AGG_GROUP_HAVING_015.rs,P1,memory,GEN_SQL_AGGREGATE,1741046,3931493,2.258121,-125.812127,true,3
1246,11025,MATH_CEIL_1_6,SQLITE_PARITY_11025_MATH_CEIL_1_6.rs,P1,memory,SQL_MATH,1334967,3013966,2.257708,-125.770824,true,3
1247,11806,JSON_JSON_EXTRACT_D,SQLITE_PARITY_11806_JSON_JSON_EXTRACT_D.rs,P0,memory,SQL_JSON,1508215,3404816,2.257514,-125.751368,true,3
1248,00950,VIEW_TRIGGER_GENERATED_003,SQLITE_PARITY_950_VIEW_TRIGGER_GENERATED_003.rs,P2,memory,GEN_SQL_VIEW_TRIGGER,1760112,3973041,2.257266,-125.726601,true,3
1249,10091,STRICT_TEXT_COERCES_REAL,SQLITE_PARITY_10091_STRICT_TEXT_COERCES_REAL.rs,P0,memory,SQL_STRICT_TABLES,1617192,3650131,2.257080,-125.707956,true,3
1250,00805,WINDOW_PARTITION_SUM_018,SQLITE_PARITY_805_WINDOW_PARTITION_SUM_018.rs,P2,memory,GEN_SQL_WINDOW,1600780,3613070,2.257068,-125.706843,true,3
1251,11002,MATH_ACOS_1_0,SQLITE_PARITY_11002_MATH_ACOS_1_0.rs,P1,memory,SQL_MATH,1445366,3262216,2.257017,-125.701725,true,3
1252,10612,LENGTH_BLOB_BYTE_COUNT,SQLITE_PARITY_10612_LENGTH_BLOB_BYTE_COUNT.rs,P0,memory,SQL_BLOB,1416852,3197152,2.256518,-125.651797,true,3
1253,11227,CAST_TEXT_42_AS_TEXT,SQLITE_PARITY_11227_CAST_TEXT_42_AS_TEXT.rs,P0,memory,SQL_CAST,1529024,3449982,2.256330,-125.632953,true,3
1254,00434,DML_WHERE_ORDER_LIMIT_047,SQLITE_PARITY_434_DML_WHERE_ORDER_LIMIT_047.rs,P1,memory,GEN_SQL_DML,1618765,3651913,2.255987,-125.598713,true,3
1255,00641,JOIN_SUBQUERY_EXISTS_034,SQLITE_PARITY_641_JOIN_SUBQUERY_EXISTS_034.rs,P1,memory,GEN_SQL_JOIN_SUBQUERY,1729986,3901637,2.255300,-125.529975,true,3
1256,00451,DML_WHERE_ORDER_LIMIT_064,SQLITE_PARITY_451_DML_WHERE_ORDER_LIMIT_064.rs,P1,memory,GEN_SQL_DML,1679420,3787330,2.255142,-125.514166,true,3
1257,11644,DATETIME_STRFTIME_ISO_DATE_2024_START_OF_DAY,SQLITE_PARITY_11644_DATETIME_STRFTIME_ISO_DATE_2024_START_OF_DAY.rs,P0,memory,SQL_DATETIME,1379101,3109336,2.254611,-125.461079,true,3
1258,10434,REC_DFS_ORDER_TREE,SQLITE_PARITY_10434_REC_DFS_ORDER_TREE.rs,P0,memory,SQL_RECURSIVE_CTE,1783246,4020252,2.254457,-125.445732,true,3
1259,11616,DATETIME_TIME_DATE_2024_MINUS_1_MONTH,SQLITE_PARITY_11616_DATETIME_TIME_DATE_2024_MINUS_1_MONTH.rs,P0,memory,SQL_DATETIME,1427773,3218674,2.254332,-125.433175,true,3
1260,10022,UNIQUE_ALLOWS_MULTIPLE_NULLS,SQLITE_PARITY_10022_UNIQUE_ALLOWS_MULTIPLE_NULLS.rs,P0,memory,SQL_NULL_SEMANTICS,1499149,3379008,2.253951,-125.395074,true,3
1261,10157,CLI_FLAG_QUOTE,SQLITE_PARITY_10157_CLI_FLAG_QUOTE.rs,P0,memory,CLI_OUTPUT_MODE,1438824,3243030,2.253945,-125.394489,true,3
1262,00561,AGG_GROUP_HAVING_054,SQLITE_PARITY_561_AGG_GROUP_HAVING_054.rs,P1,memory,GEN_SQL_AGGREGATE,1866504,4206654,2.253761,-125.376104,true,3
1263,00229,SCALAR_CAST_TYPEOF_001,SQLITE_PARITY_229_SCALAR_CAST_TYPEOF_001.rs,P1,memory,GEN_SQL_SCALAR,1271938,2866638,2.253756,-125.375608,true,3
1264,11449,STRING_LIKE_A_ABC,SQLITE_PARITY_11449_STRING_LIKE_A_ABC.rs,P0,memory,SQL_STRING,1381134,3112222,2.253382,-125.338164,true,3
1265,10479,COMPOUND_LIMIT_OFFSET,SQLITE_PARITY_10479_COMPOUND_LIMIT_OFFSET.rs,P0,memory,SQL_COMPOUND,1430318,3222962,2.253318,-125.331849,true,3
1266,10060,INTPK_EXPLICIT_VALUE_USED,SQLITE_PARITY_10060_INTPK_EXPLICIT_VALUE_USED.rs,P0,memory,SQL_AUTOINCREMENT,1397225,3146417,2.251904,-125.190431,true,3
1267,11607,DATETIME_DATETIME_Y2K_UTC,SQLITE_PARITY_11607_DATETIME_DATETIME_Y2K_UTC.rs,P0,memory,SQL_DATETIME,1355336,3051588,2.251536,-125.153615,true,3
1268,00282,SCALAR_STRING_014,SQLITE_PARITY_282_SCALAR_STRING_014.rs,P1,memory,GEN_SQL_SCALAR,1469031,3306911,2.251083,-125.108320,true,3
1269,00010,GENERATED_COLUMNS,SQLITE_PARITY_010_GENERATED_COLUMNS.rs,P0,memory,SQL_DDL,1501963,3380710,2.250861,-125.086104,true,3
1270,00653,JOIN_SUBQUERY_EXISTS_046,SQLITE_PARITY_653_JOIN_SUBQUERY_EXISTS_046.rs,P1,memory,GEN_SQL_JOIN_SUBQUERY,1797012,4044777,2.250835,-125.083472,true,3
1271,10036,CREATE_INDEX_ASC_NULLS_LAST_REJECTED,SQLITE_PARITY_10036_CREATE_INDEX_ASC_NULLS_LAST_REJECTED.rs,P0,memory,SQL_NULL_ORDER,1456758,3278757,2.250722,-125.072181,true,3
1272,00728,CTE_RECURSIVE_MATRIX_021,SQLITE_PARITY_728_CTE_RECURSIVE_MATRIX_021.rs,P1,memory,GEN_SQL_CTE,1490712,3355072,2.250651,-125.065070,true,3
1273,00539,AGG_GROUP_HAVING_032,SQLITE_PARITY_539_AGG_GROUP_HAVING_032.rs,P1,memory,GEN_SQL_AGGREGATE,1858298,4181396,2.250121,-125.012135,true,3
1274,10469,JOIN_VIEW_AS_RIGHT_SIDE,SQLITE_PARITY_10469_JOIN_VIEW_AS_RIGHT_SIDE.rs,P0,memory,SQL_JOIN,1809466,4071207,2.249949,-124.994943,true,3
1275,00155,DOT_DBTOTXT_TEMPFILE,SQLITE_PARITY_155_DOT_DBTOTXT_TEMPFILE.rs,P3,tempfile,CLI_TEMPFILE,1854691,4172770,2.249846,-124.984647,true,3
1276,11057,MATH_LOG10_10_0,SQLITE_PARITY_11057_MATH_LOG10_10_0.rs,P1,memory,SQL_MATH,1460545,3285460,2.249475,-124.947537,true,3
1277,11704,DATETIME_STRFTIME_ISO_UNIX_START_OF_MONTH,SQLITE_PARITY_11704_DATETIME_STRFTIME_ISO_UNIX_START_OF_MONTH.rs,P0,memory,SQL_DATETIME,1423855,3202593,2.249241,-124.924097,true,3
1278,01062,JSON_EXTRACT_SET_055,SQLITE_PARITY_1062_JSON_EXTRACT_SET_055.rs,P2,memory,GEN_SQL_JSON,1462228,3288776,2.249154,-124.915403,true,3
1279,12002,PRAGMA_PAGE_SIZE,SQLITE_PARITY_12002_PRAGMA_PAGE_SIZE.rs,P1,memory,SQL_PRAGMA,1302485,2929466,2.249136,-124.913607,true,3
1280,11711,DATETIME_TIME_UNIX_WEEKDAY_0,SQLITE_PARITY_11711_DATETIME_TIME_UNIX_WEEKDAY_0.rs,P0,memory,SQL_DATETIME,1313577,2954283,2.249037,-124.903679,true,3
1281,10610,HEX_OF_BLOB_UPPERCASE,SQLITE_PARITY_10610_HEX_OF_BLOB_UPPERCASE.rs,P0,memory,SQL_BLOB,1557749,3502701,2.248566,-124.856572,true,3
1282,00771,CTE_RECURSIVE_MATRIX_064,SQLITE_PARITY_771_CTE_RECURSIVE_MATRIX_064.rs,P1,memory,GEN_SQL_CTE,1454324,3270071,2.248516,-124.851615,true,3
1283,00717,CTE_RECURSIVE_MATRIX_010,SQLITE_PARITY_717_CTE_RECURSIVE_MATRIX_010.rs,P1,memory,GEN_SQL_CTE,1516061,3408493,2.248256,-124.825584,true,3
1284,10131,MODE_HTML_BASIC,SQLITE_PARITY_10131_MODE_HTML_BASIC.rs,P0,memory,CLI_OUTPUT_MODE,1446429,3251907,2.248231,-124.823133,true,3
1285,11840,JSON_QUOTE_STR,SQLITE_PARITY_11840_JSON_QUOTE_STR.rs,P0,memory,SQL_JSON,1308107,2940878,2.248194,-124.819376,true,3
1286,01004,VIEW_TRIGGER_GENERATED_057,SQLITE_PARITY_1004_VIEW_TRIGGER_GENERATED_057.rs,P2,memory,GEN_SQL_VIEW_TRIGGER,1719806,3865929,2.247887,-124.788668,true,3
1287,10445,JOIN_INNER_USING_MERGES_COLUMN,SQLITE_PARITY_10445_JOIN_INNER_USING_MERGES_COLUMN.rs,P0,memory,SQL_JOIN,1425669,3204547,2.247750,-124.774965,true,3
1288,00853,WINDOW_PARTITION_SUM_066,SQLITE_PARITY_853_WINDOW_PARTITION_SUM_066.rs,P2,memory,GEN_SQL_WINDOW,1690481,3799753,2.247735,-124.773482,true,3
1289,10089,STRICT_REAL_REJECTS_BLOB,SQLITE_PARITY_10089_STRICT_REAL_REJECTS_BLOB.rs,P0,memory,SQL_STRICT_TABLES,1313286,2951047,2.247071,-124.707109,true,3
1290,10132,MODE_HTML_HEADERS_ON,SQLITE_PARITY_10132_MODE_HTML_HEADERS_ON.rs,P0,memory,CLI_OUTPUT_MODE,1463330,3288205,2.247070,-124.707004,true,3
1291,00276,SCALAR_ARITH_013,SQLITE_PARITY_276_SCALAR_ARITH_013.rs,P1,memory,GEN_SQL_SCALAR,1433954,3221409,2.246522,-124.652185,true,3
1292,00701,JOIN_SUBQUERY_EXISTS_094,SQLITE_PARITY_701_JOIN_SUBQUERY_EXISTS_094.rs,P1,memory,GEN_SQL_JOIN_SUBQUERY,1716069,3854828,2.246313,-124.631294,true,3
1293,00686,JOIN_SUBQUERY_EXISTS_079,SQLITE_PARITY_686_JOIN_SUBQUERY_EXISTS_079.rs,P1,memory,GEN_SQL_JOIN_SUBQUERY,1822781,4094431,2.246255,-124.625504,true,3
1294,10447,JOIN_LEFT_WHERE_ON_LEFT_OK,SQLITE_PARITY_10447_JOIN_LEFT_WHERE_ON_LEFT_OK.rs,P0,memory,SQL_JOIN,1583749,3557034,2.245958,-124.595817,true,3
1295,11800,JSON_JSON_EXTRACT_,SQLITE_PARITY_11800_JSON_JSON_EXTRACT_.rs,P0,memory,SQL_JSON,1413906,3175441,2.245864,-124.586429,true,3
1296,00412,DML_WHERE_ORDER_LIMIT_025,SQLITE_PARITY_412_DML_WHERE_ORDER_LIMIT_025.rs,P1,memory,GEN_SQL_DML,1559242,3501418,2.245590,-124.558984,true,3
1297,00769,CTE_RECURSIVE_MATRIX_062,SQLITE_PARITY_769_CTE_RECURSIVE_MATRIX_062.rs,P1,memory,GEN_SQL_CTE,1470033,3300158,2.244955,-124.495505,true,3
1298,11713,DATETIME_JULIANDAY_UNIX_WEEKDAY_0,SQLITE_PARITY_11713_DATETIME_JULIANDAY_UNIX_WEEKDAY_0.rs,P0,memory,SQL_DATETIME,1486735,3336797,2.244379,-124.437913,true,3
1299,01077,INDEX_SCHEMA_PRAGMA_010,SQLITE_PARITY_1077_INDEX_SCHEMA_PRAGMA_010.rs,P2,memory,GEN_SQL_INDEX_PRAGMA,1678848,3767252,2.243951,-124.395061,true,3
1300,11838,JSON_ARRAY_LENGTH_DOC_ARRAY,SQLITE_PARITY_11838_JSON_ARRAY_LENGTH_DOC_ARRAY.rs,P0,memory,SQL_JSON,1430789,3210608,2.243942,-124.394233,true,3
1301,01019,JSON_EXTRACT_SET_012,SQLITE_PARITY_1019_JSON_EXTRACT_SET_012.rs,P2,memory,GEN_SQL_JSON,1569611,3522018,2.243880,-124.387953,true,3
1302,11922,WIN_COUNT_ROWS_1_PREC_1_FOLL,SQLITE_PARITY_11922_WIN_COUNT_ROWS_1_PREC_1_FOLL.rs,P0,memory,SQL_WINDOW,1548231,3473717,2.243668,-124.366842,true,3
1303,10392,SQLITE_MASTER_AFTER_CREATE_VIEW,SQLITE_PARITY_10392_SQLITE_MASTER_AFTER_CREATE_VIEW.rs,P0,memory,SQL_SCHEMA_INTROSPECTION,1616160,3625674,2.243388,-124.338803,true,3
1304,00843,WINDOW_PARTITION_SUM_056,SQLITE_PARITY_843_WINDOW_PARTITION_SUM_056.rs,P2,memory,GEN_SQL_WINDOW,1741767,3907168,2.243221,-124.322082,true,3
1305,10029,ORDER_BY_DESC_NULLS_FIRST_OVERRIDE,SQLITE_PARITY_10029_ORDER_BY_DESC_NULLS_FIRST_OVERRIDE.rs,P0,memory,SQL_NULL_ORDER,1398368,3136108,2.242691,-124.269148,true,3
1306,11836,JSON_VALID_DOC,SQLITE_PARITY_11836_JSON_VALID_DOC.rs,P0,memory,SQL_JSON,1433263,3213994,2.242431,-124.243143,true,3
1307,11812,JSON_JSON_TYPE_,SQLITE_PARITY_11812_JSON_JSON_TYPE_.rs,P0,memory,SQL_JSON,1467689,3291131,2.242390,-124.238991,true,3
1308,10280,FK_DELETE_SET_DEFAULT_FALLS_BACK,SQLITE_PARITY_10280_FK_DELETE_SET_DEFAULT_FALLS_BACK.rs,P0,memory,SQL_FOREIGN_KEYS,1576595,3535072,2.242219,-124.221947,true,3
1309,10369,INSERT_DEFAULT_KEY_RETURNING,SQLITE_PARITY_10369_INSERT_DEFAULT_KEY_RETURNING.rs,P0,memory,SQL_RETURNING,1461928,3277715,2.242050,-124.204954,true,3
1310,00537,AGG_GROUP_HAVING_030,SQLITE_PARITY_537_AGG_GROUP_HAVING_030.rs,P1,memory,GEN_SQL_AGGREGATE,1846395,4139658,2.242022,-124.202189,true,3
1311,10148,MODE_MARKDOWN_HEADERS_OFF_IGNORED,SQLITE_PARITY_10148_MODE_MARKDOWN_HEADERS_OFF_IGNORED.rs,P0,memory,CLI_OUTPUT_MODE,1489450,3338671,2.241546,-124.154621,true,3
1312,11525,DATETIME_DATE_EPOCH_PLUS_10_SECONDS,SQLITE_PARITY_11525_DATETIME_DATE_EPOCH_PLUS_10_SECONDS.rs,P0,memory,SQL_DATETIME,1490342,3340374,2.241347,-124.134729,true,3
1313,00831,WINDOW_PARTITION_SUM_044,SQLITE_PARITY_831_WINDOW_PARTITION_SUM_044.rs,P2,memory,GEN_SQL_WINDOW,1624695,3641174,2.241143,-124.114311,true,3
1314,10260,PRAGMA_BUSY_TIMEOUT_SET,SQLITE_PARITY_10260_PRAGMA_BUSY_TIMEOUT_SET.rs,P0,memory,SQL_PRAGMA,1205542,2701555,2.240946,-124.094640,true,3
1315,00466,DML_WHERE_ORDER_LIMIT_079,SQLITE_PARITY_466_DML_WHERE_ORDER_LIMIT_079.rs,P1,memory,GEN_SQL_DML,1729825,3875978,2.240676,-124.067637,true,3
1316,00061,WINDOW_ROW_NUMBER_RANK,SQLITE_PARITY_061_WINDOW_ROW_NUMBER_RANK.rs,P0,memory,SQL_WINDOW,1606822,3600176,2.240557,-124.055683,true,3
1317,11655,DATETIME_DATE_DATE_2024_WEEKDAY_0,SQLITE_PARITY_11655_DATETIME_DATE_DATE_2024_WEEKDAY_0.rs,P0,memory,SQL_DATETIME,1289701,2889501,2.240443,-124.044255,true,3
1318,01038,JSON_EXTRACT_SET_031,SQLITE_PARITY_1038_JSON_EXTRACT_SET_031.rs,P2,memory,GEN_SQL_JSON,1559412,3493273,2.240122,-124.012192,true,3
1319,11866,JSON_DARROW_A_B_99,SQLITE_PARITY_11866_JSON_DARROW_A_B_99.rs,P0,memory,SQL_JSON,1335459,2991113,2.239764,-123.976401,true,3
1320,11820,JSON_JSON_TYPE_D_3,SQLITE_PARITY_11820_JSON_JSON_TYPE_D_3.rs,P0,memory,SQL_JSON,1386636,3105719,2.239751,-123.975073,true,3
1321,00713,CTE_RECURSIVE_MATRIX_006,SQLITE_PARITY_713_CTE_RECURSIVE_MATRIX_006.rs,P1,memory,GEN_SQL_CTE,1523344,3411739,2.239638,-123.963793,true,3
1322,01022,JSON_EXTRACT_SET_015,SQLITE_PARITY_1022_JSON_EXTRACT_SET_015.rs,P2,memory,GEN_SQL_JSON,1594659,3571111,2.239420,-123.941984,true,3
1323,00669,JOIN_SUBQUERY_EXISTS_062,SQLITE_PARITY_669_JOIN_SUBQUERY_EXISTS_062.rs,P1,memory,GEN_SQL_JOIN_SUBQUERY,1771474,3966830,2.239282,-123.928209,true,3
1324,00449,DML_WHERE_ORDER_LIMIT_062,SQLITE_PARITY_449_DML_WHERE_ORDER_LIMIT_062.rs,P1,memory,GEN_SQL_DML,1753239,3925703,2.239115,-123.911458,true,3
1325,00661,JOIN_SUBQUERY_EXISTS_054,SQLITE_PARITY_661_JOIN_SUBQUERY_EXISTS_054.rs,P1,memory,GEN_SQL_JOIN_SUBQUERY,1632340,3654669,2.238914,-123.891407,true,3
1326,00546,AGG_GROUP_HAVING_039,SQLITE_PARITY_546_AGG_GROUP_HAVING_039.rs,P1,memory,GEN_SQL_AGGREGATE,1803244,4036912,2.238694,-123.869426,true,3
1327,01050,JSON_EXTRACT_SET_043,SQLITE_PARITY_1050_JSON_EXTRACT_SET_043.rs,P2,memory,GEN_SQL_JSON,1565433,3504525,2.238694,-123.869370,true,3
1328,00979,VIEW_TRIGGER_GENERATED_032,SQLITE_PARITY_979_VIEW_TRIGGER_GENERATED_032.rs,P2,memory,GEN_SQL_VIEW_TRIGGER,1852657,4147141,2.238483,-123.848289,true,3
1329,00691,JOIN_SUBQUERY_EXISTS_084,SQLITE_PARITY_691_JOIN_SUBQUERY_EXISTS_084.rs,P1,memory,GEN_SQL_JOIN_SUBQUERY,1722682,3854668,2.237597,-123.759696,true,3
1330,10130,MODE_LINE_WITH_NEWLINE_IN_VALUE,SQLITE_PARITY_10130_MODE_LINE_WITH_NEWLINE_IN_VALUE.rs,P0,memory,CLI_OUTPUT_MODE,1494139,3343189,2.237535,-123.753546,true,3
1331,00841,WINDOW_PARTITION_SUM_054,SQLITE_PARITY_841_WINDOW_PARTITION_SUM_054.rs,P2,memory,GEN_SQL_WINDOW,1800278,4028126,2.237502,-123.750221,true,3
1332,11513,DATETIME_JULIANDAY_EPOCH_PLUS_1_YEAR,SQLITE_PARITY_11513_DATETIME_JULIANDAY_EPOCH_PLUS_1_YEAR.rs,P0,memory,SQL_DATETIME,1407325,3148631,2.237316,-123.731618,true,3
1333,00100,SCHEMA_SQLITE_SCHEMA,SQLITE_PARITY_100_SCHEMA_SQLITE_SCHEMA.rs,P0,memory,SQL_SCHEMA,1484801,3321838,2.237228,-123.722775,true,3
1334,10210,OPT_MODE_ASCII,SQLITE_PARITY_10210_OPT_MODE_ASCII.rs,P0,memory,CLI_OPTION,1375004,3076064,2.237131,-123.713095,true,3
1335,11694,DATETIME_STRFTIME_ISO_UNIX_PLUS_10_SECONDS,SQLITE_PARITY_11694_DATETIME_STRFTIME_ISO_UNIX_PLUS_10_SECONDS.rs,P0,memory,SQL_DATETIME,1389000,3107233,2.237029,-123.702880,true,3
1336,11017,MATH_ATAN_0_0,SQLITE_PARITY_11017_MATH_ATAN_0_0.rs,P1,memory,SQL_MATH,1395722,3122241,2.237008,-123.700780,true,3
1337,00790,WINDOW_PARTITION_SUM_003,SQLITE_PARITY_790_WINDOW_PARTITION_SUM_003.rs,P2,memory,GEN_SQL_WINDOW,1627461,3640132,2.236694,-123.669384,true,3
1338,11721,DATETIME_TIME_EPOCH_BASE,SQLITE_PARITY_11721_DATETIME_TIME_EPOCH_BASE.rs,P0,memory,SQL_DATETIME,1362319,3046958,2.236597,-123.659657,true,3
1339,10265,PRAGMA_INTEGRITY_CHECK_OK,SQLITE_PARITY_10265_PRAGMA_INTEGRITY_CHECK_OK.rs,P0,memory,SQL_PRAGMA,1263282,2825309,2.236483,-123.648322,true,3
1340,11445,STRING_FORMAT_D_S_42_FOO,SQLITE_PARITY_11445_STRING_FORMAT_D_S_42_FOO.rs,P0,memory,SQL_STRING,1386335,3100480,2.236458,-123.645800,true,3
1341,10444,JOIN_INNER_ON,SQLITE_PARITY_10444_JOIN_INNER_ON.rs,P0,memory,SQL_JOIN,1649102,3687751,2.236218,-123.621765,true,3
1342,11309,AFFINITY_BIGINT_INT_BIG,SQLITE_PARITY_11309_AFFINITY_BIGINT_INT_BIG.rs,P0,memory,SQL_TYPE_AFFINITY,1582716,3539220,2.236169,-123.616871,true,3
1343,10322,ON_CONFLICT_DO_NOTHING_NO_TARGET,SQLITE_PARITY_10322_ON_CONFLICT_DO_NOTHING_NO_TARGET.rs,P0,memory,SQL_UPSERT,1570934,3511619,2.235370,-123.537017,true,3
1344,00940,CONSTRAINT_FK_SAVEPOINT_073,SQLITE_PARITY_940_CONSTRAINT_FK_SAVEPOINT_073.rs,P2,memory,GEN_SQL_CONSTRAINT_TX,1742068,3894142,2.235356,-123.535591,true,3
1345,10108,MODE_LIST_DEFAULT_PIPE,SQLITE_PARITY_10108_MODE_LIST_DEFAULT_PIPE.rs,P0,memory,CLI_OUTPUT_MODE,1432762,3202433,2.235147,-123.514652,true,3
1346,11222,CAST_REAL_0_AS_TEXT,SQLITE_PARITY_11222_CAST_REAL_0_AS_TEXT.rs,P0,memory,SQL_CAST,1409018,3149042,2.234920,-123.491964,true,3
1347,00896,CONSTRAINT_FK_SAVEPOINT_029,SQLITE_PARITY_896_CONSTRAINT_FK_SAVEPOINT_029.rs,P2,memory,GEN_SQL_CONSTRAINT_TX,1732830,3872692,2.234894,-123.489436,true,3
1348,10552,DATATYPE_MISMATCH_INT_PK,SQLITE_PARITY_10552_DATATYPE_MISMATCH_INT_PK.rs,P0,memory,SQL_ERROR_MESSAGES,1460726,3264169,2.234621,-123.462100,true,3
1349,11552,DATETIME_DATETIME_EPOCH_UTC,SQLITE_PARITY_11552_DATETIME_DATETIME_EPOCH_UTC.rs,P0,memory,SQL_DATETIME,1390362,3106541,2.234340,-123.433969,true,3
1350,00875,CONSTRAINT_FK_SAVEPOINT_008,SQLITE_PARITY_875_CONSTRAINT_FK_SAVEPOINT_008.rs,P2,memory,GEN_SQL_CONSTRAINT_TX,1687325,3769997,2.234304,-123.430400,true,3
1351,10184,DOT_HELP_LISTS_COMMANDS,SQLITE_PARITY_10184_DOT_HELP_LISTS_COMMANDS.rs,P0,memory,CLI_DOT_COMMAND,1193960,2667180,2.233894,-123.389393,true,3
1352,10342,MULTI_ROW_INSERT_UPSERT,SQLITE_PARITY_10342_MULTI_ROW_INSERT_UPSERT.rs,P0,memory,SQL_UPSERT,1545105,3451234,2.233657,-123.365661,true,3
1353,10507,SUBQUERY_IN_UPDATE_SET,SQLITE_PARITY_10507_SUBQUERY_IN_UPDATE_SET.rs,P0,memory,SQL_SUBQUERY,1566756,3499214,2.233413,-123.341350,true,3
1354,00553,AGG_GROUP_HAVING_046,SQLITE_PARITY_553_AGG_GROUP_HAVING_046.rs,P1,memory,GEN_SQL_AGGREGATE,1765432,3942805,2.233337,-123.333722,true,3
1355,01001,VIEW_TRIGGER_GENERATED_054,SQLITE_PARITY_1001_VIEW_TRIGGER_GENERATED_054.rs,P2,memory,GEN_SQL_VIEW_TRIGGER,1739042,3882881,2.232770,-123.277011,true,3
1356,10509,NESTED_THREE_LEVEL_SUBQUERY,SQLITE_PARITY_10509_NESTED_THREE_LEVEL_SUBQUERY.rs,P0,memory,SQL_SUBQUERY,1558270,3477473,2.231624,-123.162417,true,3
1357,10354,INSERT_MULTI_ROW_RETURNING,SQLITE_PARITY_10354_INSERT_MULTI_ROW_RETURNING.rs,P0,memory,SQL_RETURNING,1452630,3241657,2.231578,-123.157790,true,3
1358,11699,DATETIME_STRFTIME_ISO_UNIX_START_OF_DAY,SQLITE_PARITY_11699_DATETIME_STRFTIME_ISO_UNIX_START_OF_DAY.rs,P0,memory,SQL_DATETIME,1403437,3131528,2.231328,-123.132780,true,3
1359,11359,AFFINITY_NUMERIC_REAL_BIG,SQLITE_PARITY_11359_AFFINITY_NUMERIC_REAL_BIG.rs,P0,memory,SQL_TYPE_AFFINITY,1520298,3391792,2.231005,-123.100471,true,3
1360,11642,DATETIME_DATETIME_DATE_2024_START_OF_DAY,SQLITE_PARITY_11642_DATETIME_DATETIME_DATE_2024_START_OF_DAY.rs,P0,memory,SQL_DATETIME,1556607,3472403,2.230751,-123.075124,true,3
1361,00912,CONSTRAINT_FK_SAVEPOINT_045,SQLITE_PARITY_912_CONSTRAINT_FK_SAVEPOINT_045.rs,P2,memory,GEN_SQL_CONSTRAINT_TX,1605720,3581651,2.230558,-123.055763,true,3
1362,11107,MATH_MOD_10_5_3_0,SQLITE_PARITY_11107_MATH_MOD_10_5_3_0.rs,P1,memory,SQL_MATH,1361588,3037080,2.230543,-123.054257,true,3
1363,11715,DATETIME_DATE_UNIX_UTC,SQLITE_PARITY_11715_DATETIME_DATE_UNIX_UTC.rs,P0,memory,SQL_DATETIME,1413256,3151737,2.230125,-123.012462,true,3
1364,11432,STRING_UNICODE_,SQLITE_PARITY_11432_STRING_UNICODE_.rs,P0,memory,SQL_STRING,1372218,3059713,2.229757,-122.975723,true,3
1365,10466,JOIN_NATURAL_LEFT,SQLITE_PARITY_10466_JOIN_NATURAL_LEFT.rs,P0,memory,SQL_JOIN,1545756,3446595,2.229715,-122.971478,true,3
1366,11960,WIN_LAST_VALUE_ROWS_UNBND_PREC_CURRENT,SQLITE_PARITY_11960_WIN_LAST_VALUE_ROWS_UNBND_PREC_CURRENT.rs,P0,memory,SQL_WINDOW,1517393,3383195,2.229610,-122.961026,true,3
1367,00511,AGG_GROUP_HAVING_004,SQLITE_PARITY_511_AGG_GROUP_HAVING_004.rs,P1,memory,GEN_SQL_AGGREGATE,1611050,3591990,2.229596,-122.959561,true,3
1368,10194,DOT_TIMEOUT_100,SQLITE_PARITY_10194_DOT_TIMEOUT_100.rs,P0,memory,CLI_DOT_COMMAND,1431911,3192454,2.229506,-122.950588,true,3
1369,10533,AGGREGATE_OVER_CROSS_JOIN,SQLITE_PARITY_10533_AGGREGATE_OVER_CROSS_JOIN.rs,P0,memory,SQL_AGGREGATE_ADV,1553852,3464238,2.229452,-122.945171,true,3
1370,00943,CONSTRAINT_FK_SAVEPOINT_076,SQLITE_PARITY_943_CONSTRAINT_FK_SAVEPOINT_076.rs,P2,memory,GEN_SQL_CONSTRAINT_TX,1655905,3691499,2.229294,-122.929395,true,3
1371,10352,INSERT_RETURNING_EXPR_ALIAS,SQLITE_PARITY_10352_INSERT_RETURNING_EXPR_ALIAS.rs,P0,memory,SQL_RETURNING,1482166,3304055,2.229207,-122.920712,true,3
1372,01085,INDEX_SCHEMA_PRAGMA_018,SQLITE_PARITY_1085_INDEX_SCHEMA_PRAGMA_018.rs,P2,memory,GEN_SQL_INDEX_PRAGMA,1688015,3762913,2.229194,-122.919405,true,3
1373,00382,SCALAR_STRING_039,SQLITE_PARITY_382_SCALAR_STRING_039.rs,P1,memory,GEN_SQL_SCALAR,1418906,3162687,2.228962,-122.896161,true,3
1374,00290,SCALAR_STRING_016,SQLITE_PARITY_290_SCALAR_STRING_016.rs,P1,memory,GEN_SQL_SCALAR,1657908,3693983,2.228099,-122.809891,true,3
1375,10107,STRICT_TEXT_UPDATE_REJECTS_BLOB,SQLITE_PARITY_10107_STRICT_TEXT_UPDATE_REJECTS_BLOB.rs,P0,memory,SQL_STRICT_TABLES,1394741,3107584,2.228072,-122.807245,true,3
1376,00366,SCALAR_STRING_035,SQLITE_PARITY_366_SCALAR_STRING_035.rs,P1,memory,GEN_SQL_SCALAR,1412465,3146376,2.227578,-122.757803,true,3
1377,00773,CTE_RECURSIVE_MATRIX_066,SQLITE_PARITY_773_CTE_RECURSIVE_MATRIX_066.rs,P1,memory,GEN_SQL_CTE,1549003,3450412,2.227505,-122.750505,true,3
1378,01106,INDEX_SCHEMA_PRAGMA_039,SQLITE_PARITY_1106_INDEX_SCHEMA_PRAGMA_039.rs,P2,memory,GEN_SQL_INDEX_PRAGMA,1497125,3334483,2.227258,-122.725758,true,3
1379,00393,DML_WHERE_ORDER_LIMIT_006,SQLITE_PARITY_393_DML_WHERE_ORDER_LIMIT_006.rs,P1,memory,GEN_SQL_DML,1618003,3603201,2.226943,-122.694334,true,3
1380,11712,DATETIME_DATETIME_UNIX_WEEKDAY_0,SQLITE_PARITY_11712_DATETIME_DATETIME_UNIX_WEEKDAY_0.rs,P0,memory,SQL_DATETIME,1465464,3263459,2.226912,-122.691175,true,3
1381,00411,DML_WHERE_ORDER_LIMIT_024,SQLITE_PARITY_411_DML_WHERE_ORDER_LIMIT_024.rs,P1,memory,GEN_SQL_DML,1703956,3794223,2.226714,-122.671419,true,3
1382,11329,AFFINITY_DOUBLE_TEXT_BARE,SQLITE_PARITY_11329_AFFINITY_DOUBLE_TEXT_BARE.rs,P0,memory,SQL_TYPE_AFFINITY,1526279,3397793,2.226194,-122.619390,true,3
1383,00476,DML_WHERE_ORDER_LIMIT_089,SQLITE_PARITY_476_DML_WHERE_ORDER_LIMIT_089.rs,P1,memory,GEN_SQL_DML,1725967,3842124,2.226070,-122.607037,true,3
1384,11305,AFFINITY_INTEGER_TEXT_BARE,SQLITE_PARITY_11305_AFFINITY_INTEGER_TEXT_BARE.rs,P0,memory,SQL_TYPE_AFFINITY,1431470,3186463,2.226008,-122.600753,true,3
1385,00870,CONSTRAINT_FK_SAVEPOINT_003,SQLITE_PARITY_870_CONSTRAINT_FK_SAVEPOINT_003.rs,P2,memory,GEN_SQL_CONSTRAINT_TX,1814195,4038085,2.225827,-122.582743,true,3
1386,11320,AFFINITY_REAL_TEXT_NUM,SQLITE_PARITY_11320_AFFINITY_REAL_TEXT_NUM.rs,P0,memory,SQL_TYPE_AFFINITY,1541949,3430655,2.224882,-122.488228,true,3
1387,10232,OPT_DOUBLE_DASH_TERMINATOR,SQLITE_PARITY_10232_OPT_DOUBLE_DASH_TERMINATOR.rs,P0,memory,CLI_OPTION,1330319,2958331,2.223776,-122.377565,true,3
1388,10516,FILTER_COUNT_STAR_PREDICATE,SQLITE_PARITY_10516_FILTER_COUNT_STAR_PREDICATE.rs,P0,memory,SQL_AGGREGATE_ADV,1573679,3499465,2.223748,-122.374766,true,3
1389,00903,CONSTRAINT_FK_SAVEPOINT_036,SQLITE_PARITY_903_CONSTRAINT_FK_SAVEPOINT_036.rs,P2,memory,GEN_SQL_CONSTRAINT_TX,1644744,3657093,2.223503,-122.350287,true,3
1390,01013,JSON_EXTRACT_SET_006,SQLITE_PARITY_1013_JSON_EXTRACT_SET_006.rs,P2,memory,GEN_SQL_JSON,1560705,3469388,2.222962,-122.296206,true,3
1391,10595,GLOB_QUESTION_WILDCARD,SQLITE_PARITY_10595_GLOB_QUESTION_WILDCARD.rs,P0,memory,SQL_PATTERN,1506442,3348740,2.222947,-122.294652,true,3
1392,00982,VIEW_TRIGGER_GENERATED_035,SQLITE_PARITY_982_VIEW_TRIGGER_GENERATED_035.rs,P2,memory,GEN_SQL_VIEW_TRIGGER,1712261,3805775,2.222661,-122.266056,true,3
1393,00734,CTE_RECURSIVE_MATRIX_027,SQLITE_PARITY_734_CTE_RECURSIVE_MATRIX_027.rs,P1,memory,GEN_SQL_CTE,1537771,3417630,2.222457,-122.245705,true,3
1394,10476,COMPOUND_MIXED_LEFT_TO_RIGHT,SQLITE_PARITY_10476_COMPOUND_MIXED_LEFT_TO_RIGHT.rs,P0,memory,SQL_COMPOUND,1601903,3560080,2.222407,-122.240673,true,3
1395,00494,DML_WHERE_ORDER_LIMIT_107,SQLITE_PARITY_494_DML_WHERE_ORDER_LIMIT_107.rs,P1,memory,GEN_SQL_DML,1769931,3933067,2.222158,-122.215838,true,3
1396,11410,STRING_LOWER_,SQLITE_PARITY_11410_STRING_LOWER_.rs,P0,memory,SQL_STRING,1332723,2961367,2.222042,-122.204239,true,3
1397,00571,AGG_GROUP_HAVING_064,SQLITE_PARITY_571_AGG_GROUP_HAVING_064.rs,P1,memory,GEN_SQL_AGGREGATE,1625598,3612099,2.222012,-122.201245,true,3
1398,00712,CTE_RECURSIVE_MATRIX_005,SQLITE_PARITY_712_CTE_RECURSIVE_MATRIX_005.rs,P1,memory,GEN_SQL_CTE,1522963,3383817,2.221864,-122.186422,true,3
1399,11349,AFFINITY_BLOB_INT_BIG,SQLITE_PARITY_11349_AFFINITY_BLOB_INT_BIG.rs,P0,memory,SQL_TYPE_AFFINITY,1489660,3309195,2.221443,-122.144315,true,3
1400,00057,COMPOUND_SELECT_UNION_INTERSECT_EXCEPT,SQLITE_PARITY_057_COMPOUND_SELECT_UNION_INTERSECT_EXCEPT.rs,P0,memory,SQL_SELECT,1522883,3382694,2.221244,-122.124352,true,3
1401,00146,DOT_READ_TEMPFILE,SQLITE_PARITY_146_DOT_READ_TEMPFILE.rs,P1,tempfile,CLI_TEMPFILE,1614486,3586160,2.221239,-122.123945,true,3
1402,00421,DML_WHERE_ORDER_LIMIT_034,SQLITE_PARITY_421_DML_WHERE_ORDER_LIMIT_034.rs,P1,memory,GEN_SQL_DML,1640476,3643127,2.220774,-122.077434,true,3
1403,11837,JSON_TYPE_DOC_ROOT,SQLITE_PARITY_11837_JSON_TYPE_DOC_ROOT.rs,P0,memory,SQL_JSON,1415189,3142810,2.220771,-122.077051,true,3
1404,00603,AGG_GROUP_HAVING_096,SQLITE_PARITY_603_AGG_GROUP_HAVING_096.rs,P1,memory,GEN_SQL_AGGREGATE,1624726,3608131,2.220763,-122.076276,true,3
1405,01035,JSON_EXTRACT_SET_028,SQLITE_PARITY_1035_JSON_EXTRACT_SET_028.rs,P2,memory,GEN_SQL_JSON,1568430,3482564,2.220414,-122.041404,true,3
1406,10431,REC_DEPTH_LIMIT_WHERE,SQLITE_PARITY_10431_REC_DEPTH_LIMIT_WHERE.rs,P0,memory,SQL_RECURSIVE_CTE,1583478,3515405,2.220053,-122.005295,true,3
1407,00521,AGG_GROUP_HAVING_014,SQLITE_PARITY_521_AGG_GROUP_HAVING_014.rs,P1,memory,GEN_SQL_AGGREGATE,1863638,4136210,2.219428,-121.942781,true,3
1408,11437,STRING_SOUNDEX_ROBERT,SQLITE_PARITY_11437_STRING_SOUNDEX_ROBERT.rs,P0,memory,SQL_STRING,1348453,2992756,2.219400,-121.939956,true,3
1409,11417,STRING_RTRIM_HI,SQLITE_PARITY_11417_STRING_RTRIM_HI.rs,P0,memory,SQL_STRING,1387887,3079981,2.219187,-121.918715,true,3
1410,10494,NOT_IN_SELECT_WITH_NULL_RETURNS_NULL,SQLITE_PARITY_10494_NOT_IN_SELECT_WITH_NULL_RETURNS_NULL.rs,P0,memory,SQL_SUBQUERY,1640315,3640111,2.219154,-121.915364,true,3
1411,10317,PRAGMA_RECURSIVE_TRIGGERS_ON_THEN_READ,SQLITE_PARITY_10317_PRAGMA_RECURSIVE_TRIGGERS_ON_THEN_READ.rs,P0,memory,SQL_TRANSACTION,1267159,2811592,2.218815,-121.881548,true,3
1412,10162,DOT_MODE_JSON_AFTER_LIST,SQLITE_PARITY_10162_DOT_MODE_JSON_AFTER_LIST.rs,P0,memory,CLI_DOT_COMMAND,1400281,3106761,2.218670,-121.866968,true,3
1413,01054,JSON_EXTRACT_SET_047,SQLITE_PARITY_1054_JSON_EXTRACT_SET_047.rs,P2,memory,GEN_SQL_JSON,1466907,3254411,2.218553,-121.855305,true,3
1414,11813,JSON_JSON_TYPE_A,SQLITE_PARITY_11813_JSON_JSON_TYPE_A.rs,P0,memory,SQL_JSON,1390262,3083818,2.218156,-121.815600,true,3
1415,00867,WINDOW_PARTITION_SUM_080,SQLITE_PARITY_867_WINDOW_PARTITION_SUM_080.rs,P2,memory,GEN_SQL_WINDOW,1760733,3905484,2.218101,-121.810121,true,3
1416,00784,CTE_RECURSIVE_MATRIX_077,SQLITE_PARITY_784_CTE_RECURSIVE_MATRIX_077.rs,P1,memory,GEN_SQL_CTE,1630757,3616987,2.217980,-121.798036,true,3
1417,10062,INTPK_ROWID_REUSE_AFTER_DELETE,SQLITE_PARITY_10062_INTPK_ROWID_REUSE_AFTER_DELETE.rs,P0,memory,SQL_AUTOINCREMENT,1500942,3328562,2.217649,-121.764865,true,3
1418,00243,SCALAR_NULL_COALESCE_004,SQLITE_PARITY_243_SCALAR_NULL_COALESCE_004.rs,P1,memory,GEN_SQL_SCALAR,1295874,2873380,2.217330,-121.732977,true,3
1419,10074,NO_SQLITE_SEQUENCE_WITHOUT_AUTOINCREMENT,SQLITE_PARITY_10074_NO_SQLITE_SEQUENCE_WITHOUT_AUTOINCREMENT.rs,P0,memory,SQL_AUTOINCREMENT,1402996,3110088,2.216748,-121.674759,true,3
1420,00593,AGG_GROUP_HAVING_086,SQLITE_PARITY_593_AGG_GROUP_HAVING_086.rs,P1,memory,GEN_SQL_AGGREGATE,1758670,3898310,2.216624,-121.662393,true,3
1421,10120,MODE_COLUMN_WIDTH_10_8_4,SQLITE_PARITY_10120_MODE_COLUMN_WIDTH_10_8_4.rs,P0,memory,CLI_OUTPUT_MODE,1535787,3403684,2.216247,-121.624744,true,3
1422,10468,JOIN_SUBQUERY_WITH_GROUPBY,SQLITE_PARITY_10468_JOIN_SUBQUERY_WITH_GROUPBY.rs,P0,memory,SQL_JOIN,1625597,3602681,2.216220,-121.622026,true,3
1423,00233,SCALAR_CAST_TYPEOF_002,SQLITE_PARITY_233_SCALAR_CAST_TYPEOF_002.rs,P1,memory,GEN_SQL_SCALAR,1396795,3095531,2.216167,-121.616701,true,3
1424,00174,OPT_CSV_MODE,SQLITE_PARITY_174_OPT_CSV_MODE.rs,P1,memory,CLI_OPTION,1347361,2985322,2.215681,-121.568088,true,3
1425,00260,SCALAR_ARITH_009,SQLITE_PARITY_260_SCALAR_ARITH_009.rs,P1,memory,GEN_SQL_SCALAR,1296224,2871958,2.215634,-121.563403,true,3
1426,11427,STRING_QUOTE_NULL,SQLITE_PARITY_11427_STRING_QUOTE_NULL.rs,P0,memory,SQL_STRING,1457930,3229745,2.215295,-121.529497,true,3
1427,10326,DO_UPDATE_WHERE_FILTERED_OUT,SQLITE_PARITY_10326_DO_UPDATE_WHERE_FILTERED_OUT.rs,P0,memory,SQL_UPSERT,1503046,3329533,2.215190,-121.519035,true,3
1428,11400,STRING_LENGTH_ABC,SQLITE_PARITY_11400_STRING_LENGTH_ABC.rs,P0,memory,SQL_STRING,1438994,3187354,2.214988,-121.498769,true,3
1429,11093,MATH_ATAN2_1_0_0_0,SQLITE_PARITY_11093_MATH_ATAN2_1_0_0_0.rs,P1,memory,SQL_MATH,1476936,3271143,2.214817,-121.481703,true,3
1430,10377,MAIN_VS_AUX_SQLITE_MASTER,SQLITE_PARITY_10377_MAIN_VS_AUX_SQLITE_MASTER.rs,P0,memory,SQL_ATTACH,1637440,3625734,2.214270,-121.426984,true,3
1431,00804,WINDOW_PARTITION_SUM_017,SQLITE_PARITY_804_WINDOW_PARTITION_SUM_017.rs,P2,memory,GEN_SQL_WINDOW,1533423,3395288,2.214189,-121.418878,true,3
1432,11316,AFFINITY_REAL_INT_1,SQLITE_PARITY_11316_AFFINITY_REAL_INT_1.rs,P0,memory,SQL_TYPE_AFFINITY,1523645,3373426,2.214050,-121.404986,true,3
1433,00347,SCALAR_NULL_COALESCE_030,SQLITE_PARITY_347_SCALAR_NULL_COALESCE_030.rs,P1,memory,GEN_SQL_SCALAR,1517172,3357967,2.213307,-121.330673,true,3
1434,11210,CAST_INT_NEG_3_AS_INTEGER,SQLITE_PARITY_11210_CAST_INT_NEG_3_AS_INTEGER.rs,P0,memory,SQL_CAST,1428916,3162538,2.213243,-121.324277,true,3
1435,00085,CORE_RANDOM_SHAPE,SQLITE_PARITY_085_CORE_RANDOM_SHAPE.rs,P0,memory,SQL_FUNCTIONS,1417674,3137039,2.212807,-121.280703,true,3
1436,11225,CAST_TEXT_42_AS_INTEGER,SQLITE_PARITY_11225_CAST_TEXT_42_AS_INTEGER.rs,P0,memory,SQL_CAST,1477437,3268798,2.212479,-121.247877,true,3
1437,00742,CTE_RECURSIVE_MATRIX_035,SQLITE_PARITY_742_CTE_RECURSIVE_MATRIX_035.rs,P1,memory,GEN_SQL_CTE,1542290,3412240,2.212450,-121.245032,true,3
1438,00065,CTE_RECURSIVE,SQLITE_PARITY_065_CTE_RECURSIVE.rs,P0,memory,SQL_CTE,1496974,3311850,2.212363,-121.236307,true,3
1439,10028,ORDER_BY_ASC_NULLS_LAST_OVERRIDE,SQLITE_PARITY_10028_ORDER_BY_ASC_NULLS_LAST_OVERRIDE.rs,P0,memory,SQL_NULL_ORDER,1458612,3226970,2.212357,-121.235668,true,3
1440,00800,WINDOW_PARTITION_SUM_013,SQLITE_PARITY_800_WINDOW_PARTITION_SUM_013.rs,P2,memory,GEN_SQL_WINDOW,1723673,3813239,2.212275,-121.227518,true,3
1441,00901,CONSTRAINT_FK_SAVEPOINT_034,SQLITE_PARITY_901_CONSTRAINT_FK_SAVEPOINT_034.rs,P2,memory,GEN_SQL_CONSTRAINT_TX,1819415,4024509,2.211980,-121.197967,true,3
1442,11082,MATH_TAN_0_7853981633974483,SQLITE_PARITY_11082_MATH_TAN_0_7853981633974483.rs,P1,memory,SQL_MATH,1437131,3178468,2.211676,-121.167590,true,3
1443,11600,DATETIME_DATE_Y2K_WEEKDAY_0,SQLITE_PARITY_11600_DATETIME_DATE_Y2K_WEEKDAY_0.rs,P0,memory,SQL_DATETIME,1521119,3363608,2.211272,-121.127210,true,3
1444,00259,SCALAR_NULL_COALESCE_008,SQLITE_PARITY_259_SCALAR_NULL_COALESCE_008.rs,P1,memory,GEN_SQL_SCALAR,1465374,3240104,2.211111,-121.111061,true,3
1445,10332,ON_CONFLICT_WHERE_PARTIAL_INDEX_NO_MATCH,SQLITE_PARITY_10332_ON_CONFLICT_WHERE_PARTIAL_INDEX_NO_MATCH.rs,P0,memory,SQL_UPSERT,1549042,3425074,2.211092,-121.109176,true,3
1446,10368,RETURNING_COMPUTED_FROM_INSERTED_ROW,SQLITE_PARITY_10368_RETURNING_COMPUTED_FROM_INSERTED_ROW.rs,P0,memory,SQL_RETURNING,1645205,3637136,2.210749,-121.074942,true,3
1447,11947,WIN_MAX_EXCL_GROUP,SQLITE_PARITY_11947_WIN_MAX_EXCL_GROUP.rs,P0,memory,SQL_WINDOW,1576956,3486220,2.210728,-121.072750,true,3
1448,11669,DATETIME_STRFTIME_ISO_UNIX_PLUS_5_DAYS,SQLITE_PARITY_11669_DATETIME_STRFTIME_ISO_UNIX_PLUS_5_DAYS.rs,P0,memory,SQL_DATETIME,1361778,3010459,2.210683,-121.068265,true,3
1449,11720,DATETIME_DATE_EPOCH_BASE,SQLITE_PARITY_11720_DATETIME_DATE_EPOCH_BASE.rs,P0,memory,SQL_DATETIME,1429847,3160714,2.210526,-121.052602,true,3
1450,11503,DATETIME_JULIANDAY_EPOCH_PLUS_5_DAYS,SQLITE_PARITY_11503_DATETIME_JULIANDAY_EPOCH_PLUS_5_DAYS.rs,P0,memory,SQL_DATETIME,1392426,3077866,2.210434,-121.043416,true,3
1451,11731,DATETIME_TIME_DATE_2024_BASE,SQLITE_PARITY_11731_DATETIME_TIME_DATE_2024_BASE.rs,P0,memory,SQL_DATETIME,1367388,3022192,2.210193,-121.019345,true,3
1452,11510,DATETIME_DATE_EPOCH_PLUS_1_YEAR,SQLITE_PARITY_11510_DATETIME_DATE_EPOCH_PLUS_1_YEAR.rs,P0,memory,SQL_DATETIME,1425419,3149423,2.209472,-120.947174,true,3
1453,11223,CAST_REAL_0_AS_BLOB,SQLITE_PARITY_11223_CAST_REAL_0_AS_BLOB.rs,P0,memory,SQL_CAST,1520088,3357777,2.208936,-120.893593,true,3
1454,00727,CTE_RECURSIVE_MATRIX_020,SQLITE_PARITY_727_CTE_RECURSIVE_MATRIX_020.rs,P1,memory,GEN_SQL_CTE,1541819,3405458,2.208727,-120.872748,true,3
1455,00970,VIEW_TRIGGER_GENERATED_023,SQLITE_PARITY_970_VIEW_TRIGGER_GENERATED_023.rs,P2,memory,GEN_SQL_VIEW_TRIGGER,1715578,3788742,2.208435,-120.843471,true,3
1456,00639,JOIN_SUBQUERY_EXISTS_032,SQLITE_PARITY_639_JOIN_SUBQUERY_EXISTS_032.rs,P1,memory,GEN_SQL_JOIN_SUBQUERY,1910057,4217725,2.208167,-120.816709,true,3
1457,00638,JOIN_SUBQUERY_EXISTS_031,SQLITE_PARITY_638_JOIN_SUBQUERY_EXISTS_031.rs,P1,memory,GEN_SQL_JOIN_SUBQUERY,1768919,3904382,2.207214,-120.721356,true,3
1458,10448,JOIN_RIGHT_BASIC,SQLITE_PARITY_10448_JOIN_RIGHT_BASIC.rs,P0,memory,SQL_JOIN,1640295,3620344,2.207130,-120.712982,true,3
1459,00089,JSON_TABLE_VALUED_FUNCTIONS,SQLITE_PARITY_089_JSON_TABLE_VALUED_FUNCTIONS.rs,P0,memory,SQL_JSON,1435638,3168609,2.207109,-120.710862,true,3
1460,11219,CAST_REAL_3_14_AS_NUMERIC,SQLITE_PARITY_11219_CAST_REAL_3_14_AS_NUMERIC.rs,P0,memory,SQL_CAST,1429436,3154732,2.206977,-120.697674,true,3
1461,00444,DML_WHERE_ORDER_LIMIT_057,SQLITE_PARITY_444_DML_WHERE_ORDER_LIMIT_057.rs,P1,memory,GEN_SQL_DML,1668659,3682511,2.206869,-120.686851,true,3
1462,00062,WINDOW_FRAMES_ROWS,SQLITE_PARITY_062_WINDOW_FRAMES_ROWS.rs,P0,memory,SQL_WINDOW,1551798,3424423,2.206745,-120.674534,true,3
1463,11506,DATETIME_TIME_EPOCH_MINUS_1_MONTH,SQLITE_PARITY_11506_DATETIME_TIME_EPOCH_MINUS_1_MONTH.rs,P0,memory,SQL_DATETIME,1384021,3054052,2.206651,-120.665149,true,3
1464,10367,RETURNING_ROWID_NO_PK,SQLITE_PARITY_10367_RETURNING_ROWID_NO_PK.rs,P0,memory,SQL_RETURNING,1515630,3344221,2.206489,-120.648905,true,3
1465,00308,SCALAR_ARITH_021,SQLITE_PARITY_308_SCALAR_ARITH_021.rs,P1,memory,GEN_SQL_SCALAR,1447751,3194027,2.206199,-120.619913,true,3
1466,01105,INDEX_SCHEMA_PRAGMA_038,SQLITE_PARITY_1105_INDEX_SCHEMA_PRAGMA_038.rs,P2,memory,GEN_SQL_INDEX_PRAGMA,1695059,3738688,2.205639,-120.563886,true,3
1467,11335,AFFINITY_TEXT_REAL_BIG,SQLITE_PARITY_11335_AFFINITY_TEXT_REAL_BIG.rs,P0,memory,SQL_TYPE_AFFINITY,1556818,3433340,2.205357,-120.535734,true,3
1468,11337,AFFINITY_TEXT_TEXT_BARE,SQLITE_PARITY_11337_AFFINITY_TEXT_TEXT_BARE.rs,P0,memory,SQL_TYPE_AFFINITY,1511070,3332349,2.205291,-120.529095,true,3
1469,10258,PRAGMA_LOCKING_MODE_EXCLUSIVE_SET,SQLITE_PARITY_10258_PRAGMA_LOCKING_MODE_EXCLUSIVE_SET.rs,P0,memory,SQL_PRAGMA,1293629,2851849,2.204534,-120.453391,true,3
1470,11074,MATH_SINH_1_0,SQLITE_PARITY_11074_MATH_SINH_1_0.rs,P1,memory,SQL_MATH,1506802,3321298,2.204203,-120.420334,true,3
1471,01027,JSON_EXTRACT_SET_020,SQLITE_PARITY_1027_JSON_EXTRACT_SET_020.rs,P2,memory,GEN_SQL_JSON,1582266,3487442,2.204081,-120.408073,true,3
1472,11692,DATETIME_DATETIME_UNIX_PLUS_10_SECONDS,SQLITE_PARITY_11692_DATETIME_DATETIME_UNIX_PLUS_10_SECONDS.rs,P0,memory,SQL_DATETIME,1425679,3142198,2.204001,-120.400104,true,3
1473,00291,SCALAR_NULL_COALESCE_016,SQLITE_PARITY_291_SCALAR_NULL_COALESCE_016.rs,P1,memory,GEN_SQL_SCALAR,1361939,3001493,2.203838,-120.383806,true,3
1474,10270,PRAGMA_FOREIGN_KEYS_DEFAULT_OFF,SQLITE_PARITY_10270_PRAGMA_FOREIGN_KEYS_DEFAULT_OFF.rs,P0,memory,SQL_FOREIGN_KEYS,1335107,2942301,2.203794,-120.379415,true,3
1475,01113,INDEX_SCHEMA_PRAGMA_046,SQLITE_PARITY_1113_INDEX_SCHEMA_PRAGMA_046.rs,P2,memory,GEN_SQL_INDEX_PRAGMA,1687535,3718750,2.203658,-120.365800,true,3
1476,00886,CONSTRAINT_FK_SAVEPOINT_019,SQLITE_PARITY_886_CONSTRAINT_FK_SAVEPOINT_019.rs,P2,memory,GEN_SQL_CONSTRAINT_TX,1672356,3684886,2.203410,-120.341004,true,3
1477,10145,MODE_JSON_WITH_BLOB,SQLITE_PARITY_10145_MODE_JSON_WITH_BLOB.rs,P0,memory,CLI_OUTPUT_MODE,1400842,3086453,2.203284,-120.328417,true,3
1478,00370,SCALAR_STRING_036,SQLITE_PARITY_370_SCALAR_STRING_036.rs,P1,memory,GEN_SQL_SCALAR,1462048,3221168,2.203189,-120.318895,true,3
1479,11447,STRING_CONCAT_A_B_C,SQLITE_PARITY_11447_STRING_CONCAT_A_B_C.rs,P0,memory,SQL_STRING,1451618,3197404,2.202648,-120.264836,true,3
1480,11604,DATETIME_STRFTIME_ISO_Y2K_WEEKDAY_0,SQLITE_PARITY_11604_DATETIME_STRFTIME_ISO_Y2K_WEEKDAY_0.rs,P0,memory,SQL_DATETIME,1369523,3016220,2.202387,-120.238725,true,3
1481,10161,DOT_MODE_CSV_AFTER_LIST,SQLITE_PARITY_10161_DOT_MODE_CSV_AFTER_LIST.rs,P0,memory,CLI_DOT_COMMAND,1325519,2919216,2.202319,-120.231924,true,3
1482,00122,DOT_CHANGES,SQLITE_PARITY_122_DOT_CHANGES.rs,P0,memory,CLI_DOT_COMMAND,1419617,3126409,2.202290,-120.229048,true,3
1483,11811,JSON_JSON_EXTRACT_A_B_99,SQLITE_PARITY_11811_JSON_JSON_EXTRACT_A_B_99.rs,P0,memory,SQL_JSON,1399320,3081654,2.202251,-120.225109,true,3
1484,11732,DATETIME_DATETIME_DATE_2024_BASE,SQLITE_PARITY_11732_DATETIME_DATETIME_DATE_2024_BASE.rs,P0,memory,SQL_DATETIME,1378670,3036038,2.202150,-120.214990,true,3
1485,00478,DML_WHERE_ORDER_LIMIT_091,SQLITE_PARITY_478_DML_WHERE_ORDER_LIMIT_091.rs,P1,memory,GEN_SQL_DML,1743020,3838337,2.202119,-120.211874,true,3
1486,00453,DML_WHERE_ORDER_LIMIT_066,SQLITE_PARITY_453_DML_WHERE_ORDER_LIMIT_066.rs,P1,memory,GEN_SQL_DML,1706490,3757674,2.201990,-120.199005,true,3
1487,00318,SCALAR_STRING_023,SQLITE_PARITY_318_SCALAR_STRING_023.rs,P1,memory,GEN_SQL_SCALAR,1345046,2961557,2.201826,-120.182581,true,3
1488,11508,DATETIME_JULIANDAY_EPOCH_MINUS_1_MONTH,SQLITE_PARITY_11508_DATETIME_JULIANDAY_EPOCH_MINUS_1_MONTH.rs,P0,memory,SQL_DATETIME,1411753,3108384,2.201790,-120.179026,true,3
1489,00054,JOINS_INNER_LEFT_CROSS_NATURAL,SQLITE_PARITY_054_JOINS_INNER_LEFT_CROSS_NATURAL.rs,P0,memory,SQL_JOIN,1702773,3748196,2.201231,-120.123058,true,3
1490,11201,CAST_NULL_AS_REAL,SQLITE_PARITY_11201_CAST_NULL_AS_REAL.rs,P0,memory,SQL_CAST,1432072,3152188,2.201138,-120.113793,true,3
1491,10404,PRAGMA_COLLATION_LIST,SQLITE_PARITY_10404_PRAGMA_COLLATION_LIST.rs,P0,memory,SQL_SCHEMA_INTROSPECTION,1397366,3075403,2.200857,-120.085718,true,3
1492,10133,MODE_INSERT_DEFAULT,SQLITE_PARITY_10133_MODE_INSERT_DEFAULT.rs,P0,memory,CLI_OUTPUT_MODE,1471556,3238391,2.200658,-120.065767,true,3
1493,11083,MATH_TAN_1_0,SQLITE_PARITY_11083_MATH_TAN_1_0.rs,P1,memory,SQL_MATH,1509398,3321588,2.200604,-120.060448,true,3
1494,01051,JSON_EXTRACT_SET_044,SQLITE_PARITY_1051_JSON_EXTRACT_SET_044.rs,P2,memory,GEN_SQL_JSON,1581694,3479888,2.200102,-120.010192,true,3
1495,00756,CTE_RECURSIVE_MATRIX_049,SQLITE_PARITY_756_CTE_RECURSIVE_MATRIX_049.rs,P1,memory,GEN_SQL_CTE,1685672,3708441,2.199978,-119.997781,true,3
1496,00673,JOIN_SUBQUERY_EXISTS_066,SQLITE_PARITY_673_JOIN_SUBQUERY_EXISTS_066.rs,P1,memory,GEN_SQL_JOIN_SUBQUERY,1616620,3556353,2.199869,-119.986948,true,3
1497,00569,AGG_GROUP_HAVING_062,SQLITE_PARITY_569_AGG_GROUP_HAVING_062.rs,P1,memory,GEN_SQL_AGGREGATE,1701011,3741984,2.199859,-119.985879,true,3
1498,11060,MATH_LOG2_1_0,SQLITE_PARITY_11060_MATH_LOG2_1_0.rs,P1,memory,SQL_MATH,1433675,3153751,2.199767,-119.976703,true,3
1499,00817,WINDOW_PARTITION_SUM_030,SQLITE_PARITY_817_WINDOW_PARTITION_SUM_030.rs,P2,memory,GEN_SQL_WINDOW,1562037,3435184,2.199169,-119.916942,true,3
1500,00084,CORE_FORMAT_QUOTE_HEX,SQLITE_PARITY_084_CORE_FORMAT_QUOTE_HEX.rs,P0,memory,SQL_FUNCTIONS,1436049,3156666,2.198160,-119.816037,true,3
1501,11918,WIN_AVG_EXCL_TIES,SQLITE_PARITY_11918_WIN_AVG_EXCL_TIES.rs,P0,memory,SQL_WINDOW,1599768,3516507,2.198136,-119.813560,true,3
1502,10374,DETACH_AFTER_ATTACH,SQLITE_PARITY_10374_DETACH_AFTER_ATTACH.rs,P0,memory,SQL_ATTACH,1547740,3402141,2.198135,-119.813470,true,3
1503,00278,SCALAR_STRING_013,SQLITE_PARITY_278_SCALAR_STRING_013.rs,P1,memory,GEN_SQL_SCALAR,1488498,3271313,2.197728,-119.772751,true,3
1504,10439,REC_NUMERIC_SERIES_ARITHMETIC,SQLITE_PARITY_10439_REC_NUMERIC_SERIES_ARITHMETIC.rs,P0,memory,SQL_RECURSIVE_CTE,1537250,3377725,2.197252,-119.725159,true,3
1505,00974,VIEW_TRIGGER_GENERATED_027,SQLITE_PARITY_974_VIEW_TRIGGER_GENERATED_027.rs,P2,memory,GEN_SQL_VIEW_TRIGGER,1788616,3929941,2.197197,-119.719660,true,3
1506,11205,CAST_INT_5_AS_INTEGER,SQLITE_PARITY_11205_CAST_INT_5_AS_INTEGER.rs,P0,memory,SQL_CAST,1499910,3295579,2.197184,-119.718450,true,3
1507,11203,CAST_NULL_AS_BLOB,SQLITE_PARITY_11203_CAST_NULL_AS_BLOB.rs,P0,memory,SQL_CAST,1400542,3076224,2.196453,-119.645252,true,3
1508,10484,COMPOUND_PRESERVES_TYPED_NULLS,SQLITE_PARITY_10484_COMPOUND_PRESERVES_TYPED_NULLS.rs,P0,memory,SQL_COMPOUND,1488699,3269840,2.196441,-119.644132,true,3
1509,11414,STRING_LTRIM_HI,SQLITE_PARITY_11414_STRING_LTRIM_HI.rs,P0,memory,SQL_STRING,1393618,3060965,2.196416,-119.641609,true,3
1510,00906,CONSTRAINT_FK_SAVEPOINT_039,SQLITE_PARITY_906_CONSTRAINT_FK_SAVEPOINT_039.rs,P2,memory,GEN_SQL_CONSTRAINT_TX,1693015,3718530,2.196395,-119.639519,true,3
1511,10514,AVG_DISTINCT_BASIC,SQLITE_PARITY_10514_AVG_DISTINCT_BASIC.rs,P0,memory,SQL_AGGREGATE_ADV,1568690,3444541,2.195807,-119.580733,true,3
1512,00696,JOIN_SUBQUERY_EXISTS_089,SQLITE_PARITY_696_JOIN_SUBQUERY_EXISTS_089.rs,P1,memory,GEN_SQL_JOIN_SUBQUERY,1666615,3659158,2.195563,-119.556286,true,3
1513,00465,DML_WHERE_ORDER_LIMIT_078,SQLITE_PARITY_465_DML_WHERE_ORDER_LIMIT_078.rs,P1,memory,GEN_SQL_DML,1733862,3805996,2.195097,-119.509742,true,3
1514,10066,AUTOINCREMENT_PERSISTS_AFTER_DELETE_ALL,SQLITE_PARITY_10066_AUTOINCREMENT_PERSISTS_AFTER_DELETE_ALL.rs,P0,memory,SQL_AUTOINCREMENT,1489459,3269470,2.195072,-119.507217,true,3
1515,00401,DML_WHERE_ORDER_LIMIT_014,SQLITE_PARITY_401_DML_WHERE_ORDER_LIMIT_014.rs,P1,memory,GEN_SQL_DML,1819044,3992348,2.194751,-119.475065,true,3
1516,11605,DATETIME_DATE_Y2K_UTC,SQLITE_PARITY_11605_DATETIME_DATE_Y2K_UTC.rs,P0,memory,SQL_DATETIME,1456407,3196171,2.194559,-119.455894,true,3
1517,00587,AGG_GROUP_HAVING_080,SQLITE_PARITY_587_AGG_GROUP_HAVING_080.rs,P1,memory,GEN_SQL_AGGREGATE,1925806,4225289,2.194037,-119.403668,true,3
1518,11560,DATETIME_DATE_Y2K_MINUS_1_MONTH,SQLITE_PARITY_11560_DATETIME_DATE_Y2K_MINUS_1_MONTH.rs,P0,memory,SQL_DATETIME,1433284,3143892,2.193489,-119.348852,true,3
1519,00496,DML_WHERE_ORDER_LIMIT_109,SQLITE_PARITY_496_DML_WHERE_ORDER_LIMIT_109.rs,P1,memory,GEN_SQL_DML,1734503,3804232,2.193269,-119.326920,true,3
1520,11822,JSON_JSON_TYPE_MISSING,SQLITE_PARITY_11822_JSON_JSON_TYPE_MISSING.rs,P0,memory,SQL_JSON,1413065,3098406,2.192685,-119.268470,true,3
1521,01126,INDEX_SCHEMA_PRAGMA_059,SQLITE_PARITY_1126_INDEX_SCHEMA_PRAGMA_059.rs,P2,memory,GEN_SQL_INDEX_PRAGMA,1632421,3577593,2.191587,-119.158722,true,3
1522,00405,DML_WHERE_ORDER_LIMIT_018,SQLITE_PARITY_405_DML_WHERE_ORDER_LIMIT_018.rs,P1,memory,GEN_SQL_DML,1755363,3846703,2.191400,-119.140030,true,3
1523,10512,COUNT_DISTINCT_BASIC,SQLITE_PARITY_10512_COUNT_DISTINCT_BASIC.rs,P0,memory,SQL_AGGREGATE_ADV,1507263,3301370,2.190308,-119.030786,true,3
1524,11318,AFFINITY_REAL_REAL_HALF,SQLITE_PARITY_11318_AFFINITY_REAL_REAL_HALF.rs,P0,memory,SQL_TYPE_AFFINITY,1538693,3370111,2.190243,-119.024263,true,3
1525,10628,CAST_TEXT_TO_BLOB,SQLITE_PARITY_10628_CAST_TEXT_TO_BLOB.rs,P0,memory,SQL_BLOB,1603946,3512910,2.190167,-119.016725,true,3
1526,01015,JSON_EXTRACT_SET_008,SQLITE_PARITY_1015_JSON_EXTRACT_SET_008.rs,P2,memory,GEN_SQL_JSON,1588467,3477854,2.189441,-118.944051,true,3
1527,00090,JSON_MUTATION_FUNCTIONS,SQLITE_PARITY_090_JSON_MUTATION_FUNCTIONS.rs,P0,memory,SQL_JSON,1411483,3090101,2.189258,-118.925839,true,3
1528,01089,INDEX_SCHEMA_PRAGMA_022,SQLITE_PARITY_1089_INDEX_SCHEMA_PRAGMA_022.rs,P2,memory,GEN_SQL_INDEX_PRAGMA,1640206,3590227,2.188888,-118.888786,true,3
1529,00629,JOIN_SUBQUERY_EXISTS_022,SQLITE_PARITY_629_JOIN_SUBQUERY_EXISTS_022.rs,P1,memory,GEN_SQL_JOIN_SUBQUERY,1796380,3931994,2.188843,-118.884312,true,3
1530,11672,DATETIME_DATETIME_UNIX_MINUS_1_MONTH,SQLITE_PARITY_11672_DATETIME_DATETIME_UNIX_MINUS_1_MONTH.rs,P0,memory,SQL_DATETIME,1453491,3181083,2.188581,-118.858115,true,3
1531,11526,DATETIME_TIME_EPOCH_PLUS_10_SECONDS,SQLITE_PARITY_11526_DATETIME_TIME_EPOCH_PLUS_10_SECONDS.rs,P0,memory,SQL_DATETIME,1618845,3540804,2.187241,-118.724090,true,3
1532,00329,SCALAR_CAST_TYPEOF_026,SQLITE_PARITY_329_SCALAR_CAST_TYPEOF_026.rs,P1,memory,GEN_SQL_SCALAR,1400261,3061717,2.186533,-118.653308,true,3
1533,00699,JOIN_SUBQUERY_EXISTS_092,SQLITE_PARITY_699_JOIN_SUBQUERY_EXISTS_092.rs,P1,memory,GEN_SQL_JOIN_SUBQUERY,1721819,3764667,2.186448,-118.644759,true,3
1534,11801,JSON_JSON_EXTRACT_A,SQLITE_PARITY_11801_JSON_JSON_EXTRACT_A.rs,P0,memory,SQL_JSON,1415300,3094238,2.186277,-118.627711,true,3
1535,11501,DATETIME_TIME_EPOCH_PLUS_5_DAYS,SQLITE_PARITY_11501_DATETIME_TIME_EPOCH_PLUS_5_DAYS.rs,P0,memory,SQL_DATETIME,1401874,3064702,2.186147,-118.614654,true,3
1536,00984,VIEW_TRIGGER_GENERATED_037,SQLITE_PARITY_984_VIEW_TRIGGER_GENERATED_037.rs,P2,memory,GEN_SQL_VIEW_TRIGGER,1807402,3950089,2.185507,-118.550660,true,3
1537,00670,JOIN_SUBQUERY_EXISTS_063,SQLITE_PARITY_670_JOIN_SUBQUERY_EXISTS_063.rs,P1,memory,GEN_SQL_JOIN_SUBQUERY,1815177,3967061,2.185495,-118.549541,true,3
1538,12000,PRAGMA_FREELIST_COUNT,SQLITE_PARITY_12000_PRAGMA_FREELIST_COUNT.rs,P1,memory,SQL_PRAGMA,1323846,2892987,2.185290,-118.528968,true,3
1539,10531,FILTER_VS_CASE_WHEN_EQUIVALENCE,SQLITE_PARITY_10531_FILTER_VS_CASE_WHEN_EQUIVALENCE.rs,P0,memory,SQL_AGGREGATE_ADV,1617012,3533610,2.185271,-118.527135,true,3
1540,00915,CONSTRAINT_FK_SAVEPOINT_048,SQLITE_PARITY_915_CONSTRAINT_FK_SAVEPOINT_048.rs,P2,memory,GEN_SQL_CONSTRAINT_TX,1667947,3644320,2.184914,-118.491355,true,3
1541,00545,AGG_GROUP_HAVING_038,SQLITE_PARITY_545_AGG_GROUP_HAVING_038.rs,P1,memory,GEN_SQL_AGGREGATE,1730597,3780367,2.184429,-118.442942,true,3
1542,01120,INDEX_SCHEMA_PRAGMA_053,SQLITE_PARITY_1120_INDEX_SCHEMA_PRAGMA_053.rs,P2,memory,GEN_SQL_INDEX_PRAGMA,1557008,3401088,2.184374,-118.437413,true,3
1543,10393,SQLITE_MASTER_AFTER_CREATE_TRIGGER,SQLITE_PARITY_10393_SQLITE_MASTER_AFTER_CREATE_TRIGGER.rs,P0,memory,SQL_SCHEMA_INTROSPECTION,1494669,3264510,2.184102,-118.410230,true,3
1544,11710,DATETIME_DATE_UNIX_WEEKDAY_0,SQLITE_PARITY_11710_DATETIME_DATE_UNIX_WEEKDAY_0.rs,P0,memory,SQL_DATETIME,1447460,3161105,2.183898,-118.389800,true,3
1545,11042,MATH_DEGREES_1_5707963267949,SQLITE_PARITY_11042_MATH_DEGREES_1_5707963267949.rs,P1,memory,SQL_MATH,1262780,2757481,2.183659,-118.365907,true,3
1546,11516,DATETIME_TIME_EPOCH_PLUS_3_HOURS,SQLITE_PARITY_11516_DATETIME_TIME_EPOCH_PLUS_3_HOURS.rs,P0,memory,SQL_DATETIME,1442241,3149333,2.183639,-118.363852,true,3
1547,10115,MODE_LIST_NULLVALUE_CUSTOM,SQLITE_PARITY_10115_MODE_LIST_NULLVALUE_CUSTOM.rs,P0,memory,CLI_OUTPUT_MODE,1505070,3286402,2.183554,-118.355425,true,3
1548,10203,OPT_NULLVALUE_LITERAL,SQLITE_PARITY_10203_OPT_NULLVALUE_LITERAL.rs,P0,memory,CLI_OPTION,1394690,3044855,2.183177,-118.317691,true,3
1549,11564,DATETIME_STRFTIME_ISO_Y2K_MINUS_1_MONTH,SQLITE_PARITY_11564_DATETIME_STRFTIME_ISO_Y2K_MINUS_1_MONTH.rs,P0,memory,SQL_DATETIME,1423435,3107594,2.183165,-118.316537,true,3
1550,00034,EXPRESSION_INDEX,SQLITE_PARITY_034_EXPRESSION_INDEX.rs,P0,memory,SQL_INDEX,1546037,3375140,2.183091,-118.309135,true,3
1551,00679,JOIN_SUBQUERY_EXISTS_072,SQLITE_PARITY_679_JOIN_SUBQUERY_EXISTS_072.rs,P1,memory,GEN_SQL_JOIN_SUBQUERY,1689749,3688834,2.183066,-118.306624,true,3
1552,00516,AGG_GROUP_HAVING_009,SQLITE_PARITY_516_AGG_GROUP_HAVING_009.rs,P1,memory,GEN_SQL_AGGREGATE,1640526,3580639,2.182616,-118.261643,true,3
1553,11944,WIN_MAX_RANGE_UNBND_PREC_CURRENT,SQLITE_PARITY_11944_WIN_MAX_RANGE_UNBND_PREC_CURRENT.rs,P0,memory,SQL_WINDOW,1636648,3571902,2.182450,-118.244974,true,3
1554,00726,CTE_RECURSIVE_MATRIX_019,SQLITE_PARITY_726_CTE_RECURSIVE_MATRIX_019.rs,P1,memory,GEN_SQL_CTE,1588407,3466413,2.182320,-118.232040,true,3
1555,10609,BLOB_LITERAL_TYPEOF,SQLITE_PARITY_10609_BLOB_LITERAL_TYPEOF.rs,P0,memory,SQL_BLOB,1520088,3317190,2.182236,-118.223550,true,3
1556,00860,WINDOW_PARTITION_SUM_073,SQLITE_PARITY_860_WINDOW_PARTITION_SUM_073.rs,P2,memory,GEN_SQL_WINDOW,1583228,3454229,2.181763,-118.176346,true,3
1557,11040,MATH_DEGREES_0_0,SQLITE_PARITY_11040_MATH_DEGREES_0_0.rs,P1,memory,SQL_MATH,1475794,3219676,2.181657,-118.165679,true,3
1558,10252,PRAGMA_QUERY_ONLY_READS_DEFAULT,SQLITE_PARITY_10252_PRAGMA_QUERY_ONLY_READS_DEFAULT.rs,P0,memory,SQL_PRAGMA,1319718,2878920,2.181466,-118.146604,true,3
1559,00677,JOIN_SUBQUERY_EXISTS_070,SQLITE_PARITY_677_JOIN_SUBQUERY_EXISTS_070.rs,P1,memory,GEN_SQL_JOIN_SUBQUERY,1730666,3774956,2.181216,-118.121579,true,3
1560,10381,DOT_DATABASES_LISTS_ATTACHED,SQLITE_PARITY_10381_DOT_DATABASES_LISTS_ATTACHED.rs,P0,memory,SQL_ATTACH,1457890,3179199,2.180685,-118.068510,true,3
1561,11062,MATH_LOG2_8_0,SQLITE_PARITY_11062_MATH_LOG2_8_0.rs,P1,memory,SQL_MATH,1392847,3037230,2.180591,-118.059126,true,3
1562,10295,BEGIN_ROLLBACK_DROPS_WRITES,SQLITE_PARITY_10295_BEGIN_ROLLBACK_DROPS_WRITES.rs,P0,memory,SQL_TRANSACTION,1598036,3484497,2.180487,-118.048717,true,3
1563,11323,AFFINITY_REAL_NULL_LIT,SQLITE_PARITY_11323_AFFINITY_REAL_NULL_LIT.rs,P0,memory,SQL_TYPE_AFFINITY,1536999,3351145,2.180317,-118.031697,true,3
1564,01069,INDEX_SCHEMA_PRAGMA_002,SQLITE_PARITY_1069_INDEX_SCHEMA_PRAGMA_002.rs,P2,memory,GEN_SQL_INDEX_PRAGMA,1702132,3711016,2.180216,-118.021634,true,3
1565,10288,PRAGMA_DEFER_FOREIGN_KEYS_FOR_TXN,SQLITE_PARITY_10288_PRAGMA_DEFER_FOREIGN_KEYS_FOR_TXN.rs,P0,memory,SQL_FOREIGN_KEYS,1584790,3454991,2.180094,-118.009389,true,3
1566,01048,JSON_EXTRACT_SET_041,SQLITE_PARITY_1048_JSON_EXTRACT_SET_041.rs,P2,memory,GEN_SQL_JSON,1598096,3483906,2.180035,-118.003549,true,3
1567,00392,DML_WHERE_ORDER_LIMIT_005,SQLITE_PARITY_392_DML_WHERE_ORDER_LIMIT_005.rs,P1,memory,GEN_SQL_DML,1663048,3625254,2.179885,-117.988537,true,3
1568,10154,CLI_FLAG_LINE,SQLITE_PARITY_10154_CLI_FLAG_LINE.rs,P0,memory,CLI_OUTPUT_MODE,1436319,3131008,2.179883,-117.988344,true,3
1569,00241,SCALAR_CAST_TYPEOF_004,SQLITE_PARITY_241_SCALAR_CAST_TYPEOF_004.rs,P1,memory,GEN_SQL_SCALAR,1382948,3013735,2.179211,-117.921064,true,3
1570,11319,AFFINITY_REAL_REAL_BIG,SQLITE_PARITY_11319_AFFINITY_REAL_REAL_BIG.rs,P0,memory,SQL_TYPE_AFFINITY,1429687,3115238,2.178965,-117.896505,true,3
1571,00667,JOIN_SUBQUERY_EXISTS_060,SQLITE_PARITY_667_JOIN_SUBQUERY_EXISTS_060.rs,P1,memory,GEN_SQL_JOIN_SUBQUERY,1734874,3780177,2.178935,-117.893461,true,3
1572,00176,OPT_LINE_MODE,SQLITE_PARITY_176_OPT_LINE_MODE.rs,P2,memory,CLI_OPTION,1254836,2734046,2.178807,-117.880743,true,3
1573,11597,DATETIME_DATETIME_Y2K_START_OF_YEAR,SQLITE_PARITY_11597_DATETIME_DATETIME_Y2K_START_OF_YEAR.rs,P0,memory,SQL_DATETIME,1431220,3118024,2.178578,-117.857772,true,3
1574,00218,PRAGMA_FORMS_SCHEMA_EQUALS_PARENS,SQLITE_PARITY_218_PRAGMA_FORMS_SCHEMA_EQUALS_PARENS.rs,P0,memory,SQL_PRAGMA,1318506,2871556,2.177886,-117.788618,true,3
1575,11627,DATETIME_DATETIME_DATE_2024_PLUS_3_HOURS,SQLITE_PARITY_11627_DATETIME_DATETIME_DATE_2024_PLUS_3_HOURS.rs,P0,memory,SQL_DATETIME,1420119,3092555,2.177673,-117.767314,true,3
1576,11079,MATH_SQRT_0_25,SQLITE_PARITY_11079_MATH_SQRT_0_25.rs,P1,memory,SQL_MATH,1481615,3226098,2.177420,-117.741991,true,3
1577,12034,PRAGMA_SET_SYNCHRONOUS_FULL,SQLITE_PARITY_12034_PRAGMA_SET_SYNCHRONOUS_FULL.rs,P1,memory,SQL_PRAGMA,1321482,2876826,2.176969,-117.696949,true,3
1578,00719,CTE_RECURSIVE_MATRIX_012,SQLITE_PARITY_719_CTE_RECURSIVE_MATRIX_012.rs,P1,memory,GEN_SQL_CTE,1463511,3185882,2.176876,-117.687602,true,3
1579,11917,WIN_AVG_EXCL_GROUP,SQLITE_PARITY_11917_WIN_AVG_EXCL_GROUP.rs,P0,memory,SQL_WINDOW,1554092,3383065,2.176876,-117.687563,true,3
1580,10360,DELETE_WHERE_RETURNING_FILTERED,SQLITE_PARITY_10360_DELETE_WHERE_RETURNING_FILTERED.rs,P0,memory,SQL_RETURNING,1695951,3691358,2.176571,-117.657114,true,3
1581,10143,MODE_BOX_HEADERS_OFF,SQLITE_PARITY_10143_MODE_BOX_HEADERS_OFF.rs,P0,memory,CLI_OUTPUT_MODE,1516351,3300218,2.176421,-117.642089,true,3
1582,00353,SCALAR_CAST_TYPEOF_032,SQLITE_PARITY_353_SCALAR_CAST_TYPEOF_032.rs,P1,memory,GEN_SQL_SCALAR,1462148,3180511,2.175232,-117.523192,true,3
1583,11739,DATETIME_STRFTIME_ISO_UNIX_BASE,SQLITE_PARITY_11739_DATETIME_STRFTIME_ISO_UNIX_BASE.rs,P0,memory,SQL_DATETIME,1424207,3097724,2.175052,-117.505180,true,3
1584,11852,JSON_DARROW_A_B_1,SQLITE_PARITY_11852_JSON_DARROW_A_B_1.rs,P0,memory,SQL_JSON,1447841,3148972,2.174943,-117.494324,true,3
1585,00971,VIEW_TRIGGER_GENERATED_024,SQLITE_PARITY_971_VIEW_TRIGGER_GENERATED_024.rs,P2,memory,GEN_SQL_VIEW_TRIGGER,1716610,3733509,2.174931,-117.493141,true,3
1586,11698,DATETIME_JULIANDAY_UNIX_START_OF_DAY,SQLITE_PARITY_11698_DATETIME_JULIANDAY_UNIX_START_OF_DAY.rs,P0,memory,SQL_DATETIME,1426040,3101101,2.174624,-117.462413,true,3
1587,00622,JOIN_SUBQUERY_EXISTS_015,SQLITE_PARITY_622_JOIN_SUBQUERY_EXISTS_015.rs,P1,memory,GEN_SQL_JOIN_SUBQUERY,1826178,3970757,2.174354,-117.435376,true,3
1588,00470,DML_WHERE_ORDER_LIMIT_083,SQLITE_PARITY_470_DML_WHERE_ORDER_LIMIT_083.rs,P1,memory,GEN_SQL_DML,1763468,3834139,2.174204,-117.420390,true,3
1589,00608,JOIN_SUBQUERY_EXISTS_001,SQLITE_PARITY_608_JOIN_SUBQUERY_EXISTS_001.rs,P1,memory,GEN_SQL_JOIN_SUBQUERY,1747409,3798903,2.174021,-117.402051,true,3
1590,11515,DATETIME_DATE_EPOCH_PLUS_3_HOURS,SQLITE_PARITY_11515_DATETIME_DATE_EPOCH_PLUS_3_HOURS.rs,P0,memory,SQL_DATETIME,1421050,3089258,2.173926,-117.392632,true,3
1591,11701,DATETIME_TIME_UNIX_START_OF_MONTH,SQLITE_PARITY_11701_DATETIME_TIME_UNIX_START_OF_MONTH.rs,P0,memory,SQL_DATETIME,1389030,3019457,2.173788,-117.378818,true,3
1592,10526,AGGREGATE_OVER_EMPTY_SET,SQLITE_PARITY_10526_AGGREGATE_OVER_EMPTY_SET.rs,P0,memory,SQL_AGGREGATE_ADV,1569963,3412671,2.173727,-117.372702,true,3
1593,10251,PRAGMA_IGNORE_CHECK_PERMITS_VIOLATING_INSERT,SQLITE_PARITY_10251_PRAGMA_IGNORE_CHECK_PERMITS_VIOLATING_INSERT.rs,P0,memory,SQL_PRAGMA,1489941,3238681,2.173697,-117.369748,true,3
1594,10241,PRAGMA_FOREIGN_KEYS_ON_THEN_QUERY,SQLITE_PARITY_10241_PRAGMA_FOREIGN_KEYS_ON_THEN_QUERY.rs,P0,memory,SQL_PRAGMA,1309409,2846118,2.173590,-117.358976,true,3
1595,10458,JOIN_ORDER_INDEPENDENCE,SQLITE_PARITY_10458_JOIN_ORDER_INDEPENDENCE.rs,P0,memory,SQL_JOIN,1653751,3594525,2.173559,-117.355878,true,3
1596,01023,JSON_EXTRACT_SET_016,SQLITE_PARITY_1023_JSON_EXTRACT_SET_016.rs,P2,memory,GEN_SQL_JSON,1570743,3413072,2.172903,-117.290289,true,3
1597,01036,JSON_EXTRACT_SET_029,SQLITE_PARITY_1036_JSON_EXTRACT_SET_029.rs,P2,memory,GEN_SQL_JSON,1557328,3383656,2.172732,-117.273176,true,3
1598,11078,MATH_SQRT_4_0,SQLITE_PARITY_11078_MATH_SQRT_4_0.rs,P1,memory,SQL_MATH,1445166,3139815,2.172633,-117.263276,true,3
1599,11328,AFFINITY_DOUBLE_TEXT_NUM,SQLITE_PARITY_11328_AFFINITY_DOUBLE_TEXT_NUM.rs,P0,memory,SQL_TYPE_AFFINITY,1524406,3311169,2.172104,-117.210441,true,3
1600,11505,DATETIME_DATE_EPOCH_MINUS_1_MONTH,SQLITE_PARITY_11505_DATETIME_DATE_EPOCH_MINUS_1_MONTH.rs,P0,memory,SQL_DATETIME,1407705,3057519,2.171988,-117.198845,true,3
1601,00512,AGG_GROUP_HAVING_005,SQLITE_PARITY_512_AGG_GROUP_HAVING_005.rs,P1,memory,GEN_SQL_AGGREGATE,1865081,4050729,2.171878,-117.187833,true,3
1602,00407,DML_WHERE_ORDER_LIMIT_020,SQLITE_PARITY_407_DML_WHERE_ORDER_LIMIT_020.rs,P1,memory,GEN_SQL_DML,1527612,3317741,2.171848,-117.184796,true,3
1603,11089,MATH_TRUNC_1_6,SQLITE_PARITY_11089_MATH_TRUNC_1_6.rs,P1,memory,SQL_MATH,1477527,3208675,2.171652,-117.165236,true,3
1604,11360,AFFINITY_NUMERIC_TEXT_NUM,SQLITE_PARITY_11360_AFFINITY_NUMERIC_TEXT_NUM.rs,P0,memory,SQL_TYPE_AFFINITY,1427713,3100490,2.171648,-117.164794,true,3
1605,10556,NO_SUCH_COLUMN_QUALIFIED,SQLITE_PARITY_10556_NO_SUCH_COLUMN_QUALIFIED.rs,P0,memory,SQL_ERROR_MESSAGES,1445005,3137479,2.171258,-117.125823,true,3
1606,00885,CONSTRAINT_FK_SAVEPOINT_018,SQLITE_PARITY_885_CONSTRAINT_FK_SAVEPOINT_018.rs,P2,memory,GEN_SQL_CONSTRAINT_TX,1606151,3487002,2.171030,-117.103000,true,3
1607,01029,JSON_EXTRACT_SET_022,SQLITE_PARITY_1029_JSON_EXTRACT_SET_022.rs,P2,memory,GEN_SQL_JSON,1628764,3536074,2.171017,-117.101680,true,3
1608,11969,WIN_LAST_VALUE_EXCL_NO_OTHERS,SQLITE_PARITY_11969_WIN_LAST_VALUE_EXCL_NO_OTHERS.rs,P0,memory,SQL_WINDOW,1697073,3683564,2.170540,-117.053951,true,3
1609,10307,ROLLBACK_TO_SAVEPOINT_INNER,SQLITE_PARITY_10307_ROLLBACK_TO_SAVEPOINT_INNER.rs,P0,memory,SQL_TRANSACTION,1517213,3293095,2.170490,-117.048958,true,3
1610,00112,DOT_SEPARATOR,SQLITE_PARITY_112_DOT_SEPARATOR.rs,P0,memory,CLI_DOT_COMMAND,1345667,2920730,2.170470,-117.047011,true,3
1611,00078,ON_CONFLICT_ALGORITHMS,SQLITE_PARITY_078_ON_CONFLICT_ALGORITHMS.rs,P0,memory,SQL_CONFLICT,1549363,3362356,2.170154,-117.015380,true,3
1612,11855,JSON_ARROW_D,SQLITE_PARITY_11855_JSON_ARROW_D.rs,P0,memory,SQL_JSON,1436319,3116310,2.169650,-116.965034,true,3
1613,11593,DATETIME_JULIANDAY_Y2K_START_OF_MONTH,SQLITE_PARITY_11593_DATETIME_JULIANDAY_Y2K_START_OF_MONTH.rs,P0,memory,SQL_DATETIME,1418896,3078439,2.169602,-116.960158,true,3
1614,12017,PRAGMA_SOFT_HEAP_LIMIT,SQLITE_PARITY_12017_PRAGMA_SOFT_HEAP_LIMIT.rs,P1,memory,SQL_PRAGMA,1311974,2846409,2.169562,-116.956205,true,3
1615,11237,CAST_TEXT_BARE_AS_TEXT,SQLITE_PARITY_11237_CAST_TEXT_BARE_AS_TEXT.rs,P0,memory,SQL_CAST,1607082,3486641,2.169548,-116.954766,true,3
1616,01075,INDEX_SCHEMA_PRAGMA_008,SQLITE_PARITY_1075_INDEX_SCHEMA_PRAGMA_008.rs,P2,memory,GEN_SQL_INDEX_PRAGMA,1699227,3685868,2.169144,-116.914397,true,3
1617,00796,WINDOW_PARTITION_SUM_009,SQLITE_PARITY_796_WINDOW_PARTITION_SUM_009.rs,P2,memory,GEN_SQL_WINDOW,1634344,3544661,2.168859,-116.885858,true,3
1618,11853,JSON_ARROW_A_B_1_C,SQLITE_PARITY_11853_JSON_ARROW_A_B_1_C.rs,P0,memory,SQL_JSON,1308467,2837813,2.168807,-116.880747,true,3
1619,00595,AGG_GROUP_HAVING_088,SQLITE_PARITY_595_AGG_GROUP_HAVING_088.rs,P1,memory,GEN_SQL_AGGREGATE,1741136,3776039,2.168721,-116.872146,true,3
1620,10142,MODE_BOX_BASIC,SQLITE_PARITY_10142_MODE_BOX_BASIC.rs,P0,memory,CLI_OUTPUT_MODE,1524546,3306079,2.168566,-116.856625,true,3
1621,00908,CONSTRAINT_FK_SAVEPOINT_041,SQLITE_PARITY_908_CONSTRAINT_FK_SAVEPOINT_041.rs,P2,memory,GEN_SQL_CONSTRAINT_TX,1707733,3703180,2.168477,-116.847716,true,3
1622,11628,DATETIME_JULIANDAY_DATE_2024_PLUS_3_HOURS,SQLITE_PARITY_11628_DATETIME_JULIANDAY_DATE_2024_PLUS_3_HOURS.rs,P0,memory,SQL_DATETIME,1429286,3099228,2.168375,-116.837498,true,3
1623,00273,SCALAR_CAST_TYPEOF_012,SQLITE_PARITY_273_SCALAR_CAST_TYPEOF_012.rs,P1,memory,GEN_SQL_SCALAR,1348674,2924196,2.168201,-116.820077,true,3
1624,10460,JOIN_LEFT_IS_NULL_ANTIJOIN,SQLITE_PARITY_10460_JOIN_LEFT_IS_NULL_ANTIJOIN.rs,P0,memory,SQL_JOIN,1629725,3533239,2.167997,-116.799705,true,3
1625,11962,WIN_LAST_VALUE_ROWS_1_PREC_1_FOLL,SQLITE_PARITY_11962_WIN_LAST_VALUE_ROWS_1_PREC_1_FOLL.rs,P0,memory,SQL_WINDOW,1609417,3488965,2.167844,-116.784401,true,3
1626,11076,MATH_SQRT_0_0,SQLITE_PARITY_11076_MATH_SQRT_0_0.rs,P1,memory,SQL_MATH,1432452,3105069,2.167660,-116.766007,true,3
1627,10324,ON_CONFLICT_COL_DO_UPDATE,SQLITE_PARITY_10324_ON_CONFLICT_COL_DO_UPDATE.rs,P0,memory,SQL_UPSERT,1500440,3252177,2.167482,-116.748221,true,3
1628,01103,INDEX_SCHEMA_PRAGMA_036,SQLITE_PARITY_1103_INDEX_SCHEMA_PRAGMA_036.rs,P2,memory,GEN_SQL_INDEX_PRAGMA,1735526,3761501,2.167355,-116.735503,true,3
1629,00081,BLOBS_HEX_ZEROBLOB,SQLITE_PARITY_081_BLOBS_HEX_ZEROBLOB.rs,P0,memory,SQL_FUNCTIONS,1330148,2882778,2.167261,-116.726109,true,3
1630,10090,STRICT_TEXT_COERCES_INTEGER,SQLITE_PARITY_10090_STRICT_TEXT_COERCES_INTEGER.rs,P0,memory,SQL_STRICT_TABLES,1504368,3260342,2.167250,-116.725030,true,3
1631,11691,DATETIME_TIME_UNIX_PLUS_10_SECONDS,SQLITE_PARITY_11691_DATETIME_TIME_UNIX_PLUS_10_SECONDS.rs,P0,memory,SQL_DATETIME,1437461,3114647,2.166770,-116.676974,true,3
1632,00114,DOT_PRINT,SQLITE_PARITY_114_DOT_PRINT.rs,P0,memory,CLI_DOT_COMMAND,1007117,2182131,2.166711,-116.671052,true,3
1633,00907,CONSTRAINT_FK_SAVEPOINT_040,SQLITE_PARITY_907_CONSTRAINT_FK_SAVEPOINT_040.rs,P2,memory,GEN_SQL_CONSTRAINT_TX,1722421,3731795,2.166599,-116.659864,true,3
1634,11302,AFFINITY_INTEGER_REAL_HALF,SQLITE_PARITY_11302_AFFINITY_INTEGER_REAL_HALF.rs,P0,memory,SQL_TYPE_AFFINITY,1587175,3438710,2.166560,-116.656008,true,3
1635,11416,STRING_LTRIM_NO_SPACE,SQLITE_PARITY_11416_STRING_LTRIM_NO_SPACE.rs,P0,memory,SQL_STRING,1384832,2999930,2.166277,-116.627721,true,3
1636,10139,MODE_QUOTE_BASIC,SQLITE_PARITY_10139_MODE_QUOTE_BASIC.rs,P0,memory,CLI_OUTPUT_MODE,1479431,3204717,2.166182,-116.618213,true,3
1637,10225,OPT_VFS_UNIX,SQLITE_PARITY_10225_OPT_VFS_UNIX.rs,P0,memory,CLI_OPTION,1436359,3111280,2.166088,-116.608800,true,3
1638,11332,AFFINITY_TEXT_INT_1,SQLITE_PARITY_11332_AFFINITY_TEXT_INT_1.rs,P0,memory,SQL_TYPE_AFFINITY,1507524,3265212,2.165944,-116.594363,true,3
1639,00792,WINDOW_PARTITION_SUM_005,SQLITE_PARITY_792_WINDOW_PARTITION_SUM_005.rs,P2,memory,GEN_SQL_WINDOW,1645225,3563006,2.165665,-116.566488,true,3
1640,00666,JOIN_SUBQUERY_EXISTS_059,SQLITE_PARITY_666_JOIN_SUBQUERY_EXISTS_059.rs,P1,memory,GEN_SQL_JOIN_SUBQUERY,1718524,3721696,2.165635,-116.563516,true,3
1641,11573,DATETIME_JULIANDAY_Y2K_PLUS_3_HOURS,SQLITE_PARITY_11573_DATETIME_JULIANDAY_Y2K_PLUS_3_HOURS.rs,P0,memory,SQL_DATETIME,1420459,3076183,2.165626,-116.562604,true,3
1642,11212,CAST_INT_NEG_3_AS_TEXT,SQLITE_PARITY_11212_CAST_INT_NEG_3_AS_TEXT.rs,P0,memory,SQL_CAST,1478509,3201791,2.165554,-116.555395,true,3
1643,00759,CTE_RECURSIVE_MATRIX_052,SQLITE_PARITY_759_CTE_RECURSIVE_MATRIX_052.rs,P1,memory,GEN_SQL_CTE,1640656,3552015,2.164997,-116.499681,true,3
1644,01112,INDEX_SCHEMA_PRAGMA_045,SQLITE_PARITY_1112_INDEX_SCHEMA_PRAGMA_045.rs,P2,memory,GEN_SQL_INDEX_PRAGMA,1678207,3633048,2.164839,-116.483902,true,3
1645,10140,MODE_QUOTE_WITH_BLOB,SQLITE_PARITY_10140_MODE_QUOTE_WITH_BLOB.rs,P0,memory,CLI_OUTPUT_MODE,1511331,3271784,2.164836,-116.483616,true,3
1646,11535,DATETIME_DATE_EPOCH_START_OF_MONTH,SQLITE_PARITY_11535_DATETIME_DATE_EPOCH_START_OF_MONTH.rs,P0,memory,SQL_DATETIME,1371005,2967678,2.164600,-116.460042,true,3
1647,10459,JOIN_ON_VS_WHERE_LEFT_DIFFERS,SQLITE_PARITY_10459_JOIN_ON_VS_WHERE_LEFT_DIFFERS.rs,P0,memory,SQL_JOIN,1661996,3597280,2.164434,-116.443361,true,3
1648,00234,SCALAR_STRING_002,SQLITE_PARITY_234_SCALAR_STRING_002.rs,P1,memory,GEN_SQL_SCALAR,1389100,3006542,2.164381,-116.438125,true,3
1649,11735,DATETIME_DATE_UNIX_BASE,SQLITE_PARITY_11735_DATETIME_DATE_UNIX_BASE.rs,P0,memory,SQL_DATETIME,1446018,3129705,2.164361,-116.436102,true,3
1650,11090,MATH_TRUNC_1_4,SQLITE_PARITY_11090_MATH_TRUNC_1_4.rs,P1,memory,SQL_MATH,1463161,3166755,2.164324,-116.432436,true,3
1651,11670,DATETIME_DATE_UNIX_MINUS_1_MONTH,SQLITE_PARITY_11670_DATETIME_DATE_UNIX_MINUS_1_MONTH.rs,P0,memory,SQL_DATETIME,1462699,3165603,2.164220,-116.422039,true,3
1652,11106,MATH_MOD_10_3,SQLITE_PARITY_11106_MATH_MOD_10_3.rs,P1,memory,SQL_MATH,1509788,3267315,2.164089,-116.408860,true,3
1653,00125,DOT_TIMER,SQLITE_PARITY_125_DOT_TIMER.rs,P3,memory,CLI_DOT_COMMAND_DIAGNOSTIC,1314077,2843694,2.164024,-116.402387,true,3
1654,00659,JOIN_SUBQUERY_EXISTS_052,SQLITE_PARITY_659_JOIN_SUBQUERY_EXISTS_052.rs,P1,memory,GEN_SQL_JOIN_SUBQUERY,1819113,3936352,2.163885,-116.388537,true,3
1655,00617,JOIN_SUBQUERY_EXISTS_010,SQLITE_PARITY_617_JOIN_SUBQUERY_EXISTS_010.rs,P1,memory,GEN_SQL_JOIN_SUBQUERY,1797543,3889223,2.163633,-116.363280,true,3
1656,00055,JOINS_RIGHT_FULL_OUTER,SQLITE_PARITY_055_JOINS_RIGHT_FULL_OUTER.rs,P0,memory,SQL_JOIN,1564592,3385168,2.163611,-116.361070,true,3
1657,00613,JOIN_SUBQUERY_EXISTS_006,SQLITE_PARITY_613_JOIN_SUBQUERY_EXISTS_006.rs,P1,memory,GEN_SQL_JOIN_SUBQUERY,1796110,3886047,2.163591,-116.359076,true,3
1658,00884,CONSTRAINT_FK_SAVEPOINT_017,SQLITE_PARITY_884_CONSTRAINT_FK_SAVEPOINT_017.rs,P2,memory,GEN_SQL_CONSTRAINT_TX,1772566,3833938,2.162931,-116.293103,true,3
1659,11224,CAST_REAL_0_AS_NUMERIC,SQLITE_PARITY_11224_CAST_REAL_0_AS_NUMERIC.rs,P0,memory,SQL_CAST,1503917,3252848,2.162917,-116.291724,true,3
1660,11538,DATETIME_JULIANDAY_EPOCH_START_OF_MONTH,SQLITE_PARITY_11538_DATETIME_JULIANDAY_EPOCH_START_OF_MONTH.rs,P0,memory,SQL_DATETIME,1385523,2996303,2.162579,-116.257904,true,3
1661,11572,DATETIME_DATETIME_Y2K_PLUS_3_HOURS,SQLITE_PARITY_11572_DATETIME_DATETIME_Y2K_PLUS_3_HOURS.rs,P0,memory,SQL_DATETIME,1470524,3179810,2.162365,-116.236525,true,3
1662,00550,AGG_GROUP_HAVING_043,SQLITE_PARITY_550_AGG_GROUP_HAVING_043.rs,P1,memory,GEN_SQL_AGGREGATE,1787324,3863865,2.161816,-116.181565,true,3
1663,00518,AGG_GROUP_HAVING_011,SQLITE_PARITY_518_AGG_GROUP_HAVING_011.rs,P1,memory,GEN_SQL_AGGREGATE,1816439,3926203,2.161484,-116.148354,true,3
1664,11558,DATETIME_JULIANDAY_Y2K_PLUS_5_DAYS,SQLITE_PARITY_11558_DATETIME_JULIANDAY_Y2K_PLUS_5_DAYS.rs,P0,memory,SQL_DATETIME,1464102,3164040,2.161079,-116.107894,true,3
1665,00752,CTE_RECURSIVE_MATRIX_045,SQLITE_PARITY_752_CTE_RECURSIVE_MATRIX_045.rs,P1,memory,GEN_SQL_CTE,1667226,3601268,2.160036,-116.003589,true,3
1666,00583,AGG_GROUP_HAVING_076,SQLITE_PARITY_583_AGG_GROUP_HAVING_076.rs,P1,memory,GEN_SQL_AGGREGATE,1859991,4017315,2.159857,-115.985723,true,3
1667,10159,CLI_FLAG_ASCII,SQLITE_PARITY_10159_CLI_FLAG_ASCII.rs,P0,memory,CLI_OUTPUT_MODE,1398778,3020889,2.159663,-115.966293,true,3
1668,10244,PRAGMA_CASE_SENSITIVE_LIKE_ON_AFFECTS_LIKE,SQLITE_PARITY_10244_PRAGMA_CASE_SENSITIVE_LIKE_ON_AFFECTS_LIKE.rs,P0,memory,SQL_PRAGMA,1398378,3019206,2.159077,-115.907716,true,3
1669,00615,JOIN_SUBQUERY_EXISTS_008,SQLITE_PARITY_615_JOIN_SUBQUERY_EXISTS_008.rs,P1,memory,GEN_SQL_JOIN_SUBQUERY,1822030,3933798,2.159019,-115.901934,true,3
1670,00891,CONSTRAINT_FK_SAVEPOINT_024,SQLITE_PARITY_891_CONSTRAINT_FK_SAVEPOINT_024.rs,P2,memory,GEN_SQL_CONSTRAINT_TX,1759051,3797730,2.158965,-115.896526,true,3
1671,00293,SCALAR_CAST_TYPEOF_017,SQLITE_PARITY_293_SCALAR_CAST_TYPEOF_017.rs,P1,memory,GEN_SQL_SCALAR,1514137,3268898,2.158918,-115.891825,true,3
1672,10340,ON_CONFLICT_COLLATE_NOCASE_TARGET,SQLITE_PARITY_10340_ON_CONFLICT_COLLATE_NOCASE_TARGET.rs,P0,memory,SQL_UPSERT,1626509,3511448,2.158886,-115.888630,true,3
1673,00346,SCALAR_STRING_030,SQLITE_PARITY_346_SCALAR_STRING_030.rs,P1,memory,GEN_SQL_SCALAR,1367830,2952790,2.158740,-115.874049,true,3
1674,11639,DATETIME_STRFTIME_ISO_DATE_2024_PLUS_10_SECONDS,SQLITE_PARITY_11639_DATETIME_STRFTIME_ISO_DATE_2024_PLUS_10_SECONDS.rs,P0,memory,SQL_DATETIME,1436409,3100610,2.158584,-115.858436,true,3
1675,11010,MATH_ASIN_1_0,SQLITE_PARITY_11010_MATH_ASIN_1_0.rs,P1,memory,SQL_MATH,1474682,3182535,2.158116,-115.811612,true,3
1676,10015,COALESCE_PICKS_FIRST_NON_NULL,SQLITE_PARITY_10015_COALESCE_PICKS_FIRST_NON_NULL.rs,P0,memory,SQL_NULL_SEMANTICS,1387627,2994459,2.157971,-115.797113,true,3
1677,00067,CASE_COALESCE_NULLIF_IIF,SQLITE_PARITY_067_CASE_COALESCE_NULLIF_IIF.rs,P0,memory,SQL_EXPRESSIONS,1432953,3092154,2.157889,-115.788934,true,3
1678,11519,DATETIME_STRFTIME_ISO_EPOCH_PLUS_3_HOURS,SQLITE_PARITY_11519_DATETIME_STRFTIME_ISO_EPOCH_PLUS_3_HOURS.rs,P0,memory,SQL_DATETIME,1504979,3246156,2.156944,-115.694438,true,3
1679,10049,MIN_MAX_IGNORE_NULL,SQLITE_PARITY_10049_MIN_MAX_IGNORE_NULL.rs,P0,memory,SQL_AGGREGATE_NULL,1560354,3364960,2.156536,-115.653627,true,3
1680,11537,DATETIME_DATETIME_EPOCH_START_OF_MONTH,SQLITE_PARITY_11537_DATETIME_DATETIME_EPOCH_START_OF_MONTH.rs,P0,memory,SQL_DATETIME,1415449,3052099,2.156276,-115.627621,true,3
1681,11072,MATH_SINH_0_0,SQLITE_PARITY_11072_MATH_SINH_0_0.rs,P1,memory,SQL_MATH,1395993,3009698,2.155955,-115.595494,true,3
1682,11436,STRING_ZEROBLOB_4,SQLITE_PARITY_11436_STRING_ZEROBLOB_4.rs,P0,memory,SQL_STRING,1288670,2778250,2.155905,-115.590493,true,3
1683,11737,DATETIME_DATETIME_UNIX_BASE,SQLITE_PARITY_11737_DATETIME_DATETIME_UNIX_BASE.rs,P0,memory,SQL_DATETIME,1400281,3018795,2.155849,-115.584943,true,3
1684,11104,MATH_POWER_2_0_10,SQLITE_PARITY_11104_MATH_POWER_2_0_10.rs,P1,memory,SQL_MATH,1461728,3151196,2.155802,-115.580190,true,3
1685,11807,JSON_JSON_EXTRACT_D_0,SQLITE_PARITY_11807_JSON_JSON_EXTRACT_D_0.rs,P0,memory,SQL_JSON,1433273,3089769,2.155744,-115.574353,true,3
1686,10234,OPT_DESERIALIZE,SQLITE_PARITY_10234_OPT_DESERIALIZE.rs,P0,memory,CLI_OPTION,1360927,2933544,2.155548,-115.554839,true,3
1687,11570,DATETIME_DATE_Y2K_PLUS_3_HOURS,SQLITE_PARITY_11570_DATETIME_DATE_Y2K_PLUS_3_HOURS.rs,P0,memory,SQL_DATETIME,1470253,3168789,2.155268,-115.526783,true,3
1688,10329,DO_UPDATE_REFERENCES_EXISTING,SQLITE_PARITY_10329_DO_UPDATE_REFERENCES_EXISTING.rs,P0,memory,SQL_UPSERT,1529465,3295659,2.154779,-115.477896,true,3
1689,00471,DML_WHERE_ORDER_LIMIT_084,SQLITE_PARITY_471_DML_WHERE_ORDER_LIMIT_084.rs,P1,memory,GEN_SQL_DML,1771414,3816665,2.154587,-115.458667,true,3
1690,11100,MATH_POW_2_0_10,SQLITE_PARITY_11100_MATH_POW_2_0_10.rs,P1,memory,SQL_MATH,1506852,3246486,2.154482,-115.448232,true,3
1691,10155,CLI_FLAG_MARKDOWN,SQLITE_PARITY_10155_CLI_FLAG_MARKDOWN.rs,P0,memory,CLI_OUTPUT_MODE,1470173,3167246,2.154336,-115.433558,true,3
1692,11662,DATETIME_DATETIME_DATE_2024_UTC,SQLITE_PARITY_11662_DATETIME_DATETIME_DATE_2024_UTC.rs,P0,memory,SQL_DATETIME,1452960,3128613,2.153269,-115.326850,true,3
1693,11565,DATETIME_DATE_Y2K_PLUS_1_YEAR,SQLITE_PARITY_11565_DATETIME_DATE_Y2K_PLUS_1_YEAR.rs,P0,memory,SQL_DATETIME,1453562,3129825,2.153211,-115.321053,true,3
1694,10013,NULL_BETWEEN,SQLITE_PARITY_10013_NULL_BETWEEN.rs,P0,memory,SQL_NULL_SEMANTICS,1434777,3089218,2.153100,-115.309975,true,3
1695,10328,DO_UPDATE_REFERENCES_EXCLUDED,SQLITE_PARITY_10328_DO_UPDATE_REFERENCES_EXCLUDED.rs,P0,memory,SQL_UPSERT,1530768,3295559,2.152879,-115.287947,true,3
1696,01011,JSON_EXTRACT_SET_004,SQLITE_PARITY_1011_JSON_EXTRACT_SET_004.rs,P2,memory,GEN_SQL_JSON,1566706,3372425,2.152558,-115.255766,true,3
1697,10395,SQLITE_SEQUENCE_AUTOINCREMENT,SQLITE_PARITY_10395_SQLITE_SEQUENCE_AUTOINCREMENT.rs,P0,memory,SQL_SCHEMA_INTROSPECTION,1524706,3281984,2.152536,-115.253564,true,3
1698,11403,STRING_LENGTH_H_LLO,SQLITE_PARITY_11403_STRING_LENGTH_H_LLO.rs,P0,memory,SQL_STRING,1389641,2990933,2.152306,-115.230624,true,3
1699,11448,STRING_CONCAT_WS_A_B_C,SQLITE_PARITY_11448_STRING_CONCAT_WS_A_B_C.rs,P0,memory,SQL_STRING,1389852,2991353,2.152282,-115.228168,true,3
1700,10499,DERIVED_TABLE_IN_FROM_WITH_ALIAS,SQLITE_PARITY_10499_DERIVED_TABLE_IN_FROM_WITH_ALIAS.rs,P0,memory,SQL_SUBQUERY,1547330,3330115,2.152169,-115.216857,true,3
1701,00554,AGG_GROUP_HAVING_047,SQLITE_PARITY_554_AGG_GROUP_HAVING_047.rs,P1,memory,GEN_SQL_AGGREGATE,1739853,3744449,2.152164,-115.216400,true,3
1702,11517,DATETIME_DATETIME_EPOCH_PLUS_3_HOURS,SQLITE_PARITY_11517_DATETIME_DATETIME_EPOCH_PLUS_3_HOURS.rs,P0,memory,SQL_DATETIME,1485853,3197744,2.152127,-115.212676,true,3
1703,00419,DML_WHERE_ORDER_LIMIT_032,SQLITE_PARITY_419_DML_WHERE_ORDER_LIMIT_032.rs,P1,memory,GEN_SQL_DML,1771423,3812187,2.152048,-115.204782,true,3
1704,00049,PRAGMA_TEMP_STORE_MEMORY,SQLITE_PARITY_049_PRAGMA_TEMP_STORE_MEMORY.rs,P0,memory,SQL_PRAGMA,1248093,2685534,2.151710,-115.170985,true,3
1705,11546,DATETIME_TIME_EPOCH_WEEKDAY_0,SQLITE_PARITY_11546_DATETIME_TIME_EPOCH_WEEKDAY_0.rs,P0,memory,SQL_DATETIME,1481946,3188477,2.151547,-115.154736,true,3
1706,10053,DISTINCT_ALL_NULL_COUNT_ZERO,SQLITE_PARITY_10053_DISTINCT_ALL_NULL_COUNT_ZERO.rs,P0,memory,SQL_AGGREGATE_NULL,1519707,3269520,2.151415,-115.141471,true,3
1707,00807,WINDOW_PARTITION_SUM_020,SQLITE_PARITY_807_WINDOW_PARTITION_SUM_020.rs,P2,memory,GEN_SQL_WINDOW,1643151,3534772,2.151216,-115.121556,true,3
1708,00611,JOIN_SUBQUERY_EXISTS_004,SQLITE_PARITY_611_JOIN_SUBQUERY_EXISTS_004.rs,P1,memory,GEN_SQL_JOIN_SUBQUERY,1814675,3903520,2.151085,-115.108491,true,3
1709,10122,MODE_COLUMN_WIDTH_SMALL_WRAPS,SQLITE_PARITY_10122_MODE_COLUMN_WIDTH_SMALL_WRAPS.rs,P0,memory,CLI_OUTPUT_MODE,1584239,3407572,2.150920,-115.092041,true,3
1710,10236,OPT_MAXSIZE,SQLITE_PARITY_10236_OPT_MAXSIZE.rs,P0,memory,CLI_OPTION,1339156,2880193,2.150752,-115.075241,true,3
1711,11667,DATETIME_DATETIME_UNIX_PLUS_5_DAYS,SQLITE_PARITY_11667_DATETIME_DATETIME_UNIX_PLUS_5_DAYS.rs,P0,memory,SQL_DATETIME,1422123,3057589,2.150017,-115.001726,true,3
1712,10422,ALTER_ADD_COLUMN_ON_WITHOUT_ROWID,SQLITE_PARITY_10422_ALTER_ADD_COLUMN_ON_WITHOUT_ROWID.rs,P0,memory,SQL_ALTER,1740976,3742876,2.149872,-114.987226,true,3
1713,00317,SCALAR_CAST_TYPEOF_023,SQLITE_PARITY_317_SCALAR_CAST_TYPEOF_023.rs,P1,memory,GEN_SQL_SCALAR,1441920,3099307,2.149431,-114.943062,true,3
1714,00560,AGG_GROUP_HAVING_053,SQLITE_PARITY_560_AGG_GROUP_HAVING_053.rs,P1,memory,GEN_SQL_AGGREGATE,1738000,3735242,2.149161,-114.916110,true,3
1715,00425,DML_WHERE_ORDER_LIMIT_038,SQLITE_PARITY_425_DML_WHERE_ORDER_LIMIT_038.rs,P1,memory,GEN_SQL_DML,1748420,3757002,2.148798,-114.879834,true,3
1716,00917,CONSTRAINT_FK_SAVEPOINT_050,SQLITE_PARITY_917_CONSTRAINT_FK_SAVEPOINT_050.rs,P2,memory,GEN_SQL_CONSTRAINT_TX,1725176,3706607,2.148538,-114.853847,true,3
1717,11708,DATETIME_JULIANDAY_UNIX_START_OF_YEAR,SQLITE_PARITY_11708_DATETIME_JULIANDAY_UNIX_START_OF_YEAR.rs,P0,memory,SQL_DATETIME,1385212,2975953,2.148374,-114.837368,true,3
1718,00765,CTE_RECURSIVE_MATRIX_058,SQLITE_PARITY_765_CTE_RECURSIVE_MATRIX_058.rs,P1,memory,GEN_SQL_CTE,1649944,3544590,2.148309,-114.830928,true,3
1719,00957,VIEW_TRIGGER_GENERATED_010,SQLITE_PARITY_957_VIEW_TRIGGER_GENERATED_010.rs,P2,memory,GEN_SQL_VIEW_TRIGGER,1699578,3651112,2.148246,-114.824621,true,3
1720,00205,OPT_VFS_CATALOG,SQLITE_PARITY_205_OPT_VFS_CATALOG.rs,P4,catalog,CLI_OPTION_CATALOG,1311533,2817383,2.148160,-114.816021,true,3
1721,00491,DML_WHERE_ORDER_LIMIT_104,SQLITE_PARITY_491_DML_WHERE_ORDER_LIMIT_104.rs,P1,memory,GEN_SQL_DML,1743050,3742976,2.147372,-114.737156,true,3
1722,11673,DATETIME_JULIANDAY_UNIX_MINUS_1_MONTH,SQLITE_PARITY_11673_DATETIME_JULIANDAY_UNIX_MINUS_1_MONTH.rs,P0,memory,SQL_DATETIME,1425849,3061356,2.147041,-114.704082,true,3
1723,00749,CTE_RECURSIVE_MATRIX_042,SQLITE_PARITY_749_CTE_RECURSIVE_MATRIX_042.rs,P1,memory,GEN_SQL_CTE,1569822,3370310,2.146938,-114.693768,true,3
1724,00106,DOT_HELP,SQLITE_PARITY_106_DOT_HELP.rs,P0,memory,CLI_DOT_COMMAND,1118177,2400444,2.146748,-114.674779,true,3
1725,11928,WIN_COUNT_EXCL_TIES,SQLITE_PARITY_11928_WIN_COUNT_EXCL_TIES.rs,P0,memory,SQL_WINDOW,1574952,3380971,2.146714,-114.671368,true,3
1726,11833,JSON_JSON_ARRAY_LENGTH_E,SQLITE_PARITY_11833_JSON_JSON_ARRAY_LENGTH_E.rs,P0,memory,SQL_JSON,1422072,3052209,2.146311,-114.631116,true,3
1727,10086,STRICT_INT_REJECTS_BLOB,SQLITE_PARITY_10086_STRICT_INT_REJECTS_BLOB.rs,P0,memory,SQL_STRICT_TABLES,1456568,3126209,2.146284,-114.628428,true,3
1728,11331,AFFINITY_DOUBLE_NULL_LIT,SQLITE_PARITY_11331_AFFINITY_DOUBLE_NULL_LIT.rs,P0,memory,SQL_TYPE_AFFINITY,1608626,3452517,2.146252,-114.625214,true,3
1729,11606,DATETIME_TIME_Y2K_UTC,SQLITE_PARITY_11606_DATETIME_TIME_Y2K_UTC.rs,P0,memory,SQL_DATETIME,1450416,3111922,2.145538,-114.553756,true,3
1730,10407,PRAGMA_TABLE_LIST_TEMP_AND_TEMP_MASTER,SQLITE_PARITY_10407_PRAGMA_TABLE_LIST_TEMP_AND_TEMP_MASTER.rs,P0,memory,SQL_SCHEMA_INTROSPECTION,1670192,3583444,2.145528,-114.552818,true,3
1731,11804,JSON_JSON_EXTRACT_A_B_1,SQLITE_PARITY_11804_JSON_JSON_EXTRACT_A_B_1.rs,P0,memory,SQL_JSON,1430879,3069401,2.145116,-114.511569,true,3
1732,11706,DATETIME_TIME_UNIX_START_OF_YEAR,SQLITE_PARITY_11706_DATETIME_TIME_UNIX_START_OF_YEAR.rs,P0,memory,SQL_DATETIME,1382037,2963120,2.144024,-114.402364,true,3
1733,00577,AGG_GROUP_HAVING_070,SQLITE_PARITY_577_AGG_GROUP_HAVING_070.rs,P1,memory,GEN_SQL_AGGREGATE,1812702,3886348,2.143953,-114.395306,true,3
1734,11602,DATETIME_DATETIME_Y2K_WEEKDAY_0,SQLITE_PARITY_11602_DATETIME_DATETIME_Y2K_WEEKDAY_0.rs,P0,memory,SQL_DATETIME,1509057,3234895,2.143653,-114.365329,true,3
1735,00868,CONSTRAINT_FK_SAVEPOINT_001,SQLITE_PARITY_868_CONSTRAINT_FK_SAVEPOINT_001.rs,P2,memory,GEN_SQL_CONSTRAINT_TX,1778137,3811516,2.143545,-114.354462,true,3
1736,00247,SCALAR_NULL_COALESCE_005,SQLITE_PARITY_247_SCALAR_NULL_COALESCE_005.rs,P1,memory,GEN_SQL_SCALAR,1287347,2759133,2.143271,-114.327062,true,3
1737,11230,CAST_TEXT_NUM_AS_INTEGER,SQLITE_PARITY_11230_CAST_TEXT_NUM_AS_INTEGER.rs,P0,memory,SQL_CAST,1466045,3141407,2.142777,-114.277665,true,3
1738,11726,DATETIME_TIME_Y2K_BASE,SQLITE_PARITY_11726_DATETIME_TIME_Y2K_BASE.rs,P0,memory,SQL_DATETIME,1407314,3015249,2.142556,-114.255596,true,3
1739,00581,AGG_GROUP_HAVING_074,SQLITE_PARITY_581_AGG_GROUP_HAVING_074.rs,P1,memory,GEN_SQL_AGGREGATE,1818833,3896647,2.142389,-114.238855,true,3
1740,00988,VIEW_TRIGGER_GENERATED_041,SQLITE_PARITY_988_VIEW_TRIGGER_GENERATED_041.rs,P2,memory,GEN_SQL_VIEW_TRIGGER,1782535,3818580,2.142219,-114.221881,true,3
1741,11953,WIN_FIRST_VALUE_ROWS_2_PREC_CURRENT,SQLITE_PARITY_11953_WIN_FIRST_VALUE_ROWS_2_PREC_CURRENT.rs,P0,memory,SQL_WINDOW,1729183,3703963,2.142031,-114.203066,true,3
1742,11355,AFFINITY_BLOB_NULL_LIT,SQLITE_PARITY_11355_AFFINITY_BLOB_NULL_LIT.rs,P0,memory,SQL_TYPE_AFFINITY,1517813,3251166,2.142007,-114.200695,true,3
1743,11910,WIN_AVG_ROWS_UNBND_PREC_CURRENT,SQLITE_PARITY_11910_WIN_AVG_ROWS_UNBND_PREC_CURRENT.rs,P0,memory,SQL_WINDOW,1633983,3499515,2.141708,-114.170833,true,3
1744,11714,DATETIME_STRFTIME_ISO_UNIX_WEEKDAY_0,SQLITE_PARITY_11714_DATETIME_STRFTIME_ISO_UNIX_WEEKDAY_0.rs,P0,memory,SQL_DATETIME,1444013,3092154,2.141362,-114.136161,true,3
1745,00703,JOIN_SUBQUERY_EXISTS_096,SQLITE_PARITY_703_JOIN_SUBQUERY_EXISTS_096.rs,P1,memory,GEN_SQL_JOIN_SUBQUERY,1836156,3930902,2.140832,-114.083226,true,3
1746,10335,REPLACE_INTO_LEGACY_FORM,SQLITE_PARITY_10335_REPLACE_INTO_LEGACY_FORM.rs,P0,memory,SQL_UPSERT,1597394,3419694,2.140796,-114.079557,true,3
1747,11413,STRING_UPPER_ABC,SQLITE_PARITY_11413_STRING_UPPER_ABC.rs,P0,memory,SQL_STRING,1465424,3136979,2.140663,-114.066304,true,3
1748,11547,DATETIME_DATETIME_EPOCH_WEEKDAY_0,SQLITE_PARITY_11547_DATETIME_DATETIME_EPOCH_WEEKDAY_0.rs,P0,memory,SQL_DATETIME,1435077,3071966,2.140628,-114.062799,true,3
1749,11843,JSON_ARROW_,SQLITE_PARITY_11843_JSON_ARROW_.rs,P0,memory,SQL_JSON,1460916,3127240,2.140602,-114.060220,true,3
1750,10353,INSERT_RETURNING_MULTI_COL,SQLITE_PARITY_10353_INSERT_RETURNING_MULTI_COL.rs,P0,memory,SQL_RETURNING,1685751,3608282,2.140460,-114.045965,true,3
1751,00080,NOT_NULL_FAILURE,SQLITE_PARITY_080_NOT_NULL_FAILURE.rs,P0,memory,SQL_CONSTRAINTS_NEGATIVE,1405691,3008786,2.140432,-114.043200,true,3
1752,00697,JOIN_SUBQUERY_EXISTS_090,SQLITE_PARITY_697_JOIN_SUBQUERY_EXISTS_090.rs,P1,memory,GEN_SQL_JOIN_SUBQUERY,1715197,3670849,2.140191,-114.019089,true,3
1753,00976,VIEW_TRIGGER_GENERATED_029,SQLITE_PARITY_976_VIEW_TRIGGER_GENERATED_029.rs,P2,memory,GEN_SQL_VIEW_TRIGGER,1761475,3768495,2.139397,-113.939738,true,3
1754,01028,JSON_EXTRACT_SET_021,SQLITE_PARITY_1028_JSON_EXTRACT_SET_021.rs,P2,memory,GEN_SQL_JSON,1673278,3579206,2.139038,-113.903846,true,3
1755,11640,DATETIME_DATE_DATE_2024_START_OF_DAY,SQLITE_PARITY_11640_DATETIME_DATE_DATE_2024_START_OF_DAY.rs,P0,memory,SQL_DATETIME,1502163,3212973,2.138898,-113.889771,true,3
1756,10215,OPT_MODE_JSON,SQLITE_PARITY_10215_OPT_MODE_JSON.rs,P0,memory,CLI_OPTION,1430357,3059382,2.138894,-113.889400,true,3
1757,11943,WIN_MAX_ROWS_2_PREC_CURRENT,SQLITE_PARITY_11943_WIN_MAX_ROWS_2_PREC_CURRENT.rs,P0,memory,SQL_WINDOW,1832739,3919611,2.138663,-113.866295,true,3
1758,11020,MATH_ATANH_0_0,SQLITE_PARITY_11020_MATH_ATANH_0_0.rs,P1,memory,SQL_MATH,1463300,3129074,2.138368,-113.836807,true,3
1759,00104,SELECT_DISTINCT,SQLITE_PARITY_104_SELECT_DISTINCT.rs,P0,memory,SQL_SELECT,1445366,3090651,2.138317,-113.831722,true,3
1760,11075,MATH_SINH_2_0,SQLITE_PARITY_11075_MATH_SINH_2_0.rs,P1,memory,SQL_MATH,1439766,3078509,2.138201,-113.820093,true,3
1761,11425,STRING_QUOTE_A_B,SQLITE_PARITY_11425_STRING_QUOTE_A_B.rs,P0,memory,SQL_STRING,1410240,3015329,2.138167,-113.816726,true,3
1762,10031,ORDER_BY_DESC_NULLS_LAST_EXPLICIT,SQLITE_PARITY_10031_ORDER_BY_DESC_NULLS_LAST_EXPLICIT.rs,P0,memory,SQL_NULL_ORDER,1527202,3264891,2.137825,-113.782525,true,3
1763,00575,AGG_GROUP_HAVING_068,SQLITE_PARITY_575_AGG_GROUP_HAVING_068.rs,P1,memory,GEN_SQL_AGGREGATE,1812812,3875447,2.137810,-113.780966,true,3
1764,01005,VIEW_TRIGGER_GENERATED_058,SQLITE_PARITY_1005_VIEW_TRIGGER_GENERATED_058.rs,P2,memory,GEN_SQL_VIEW_TRIGGER,1775131,3794163,2.137399,-113.739887,true,3
1765,11088,MATH_TRUNC_1_4,SQLITE_PARITY_11088_MATH_TRUNC_1_4.rs,P1,memory,SQL_MATH,1406202,3005089,2.137025,-113.702512,true,3
1766,00239,SCALAR_NULL_COALESCE_003,SQLITE_PARITY_239_SCALAR_NULL_COALESCE_003.rs,P1,memory,GEN_SQL_SCALAR,1406973,3006692,2.136993,-113.699339,true,3
1767,01031,JSON_EXTRACT_SET_024,SQLITE_PARITY_1031_JSON_EXTRACT_SET_024.rs,P2,memory,GEN_SQL_JSON,1593426,3404806,2.136783,-113.678326,true,3
1768,00059,AGGREGATE_FUNCTIONS_CORE,SQLITE_PARITY_059_AGGREGATE_FUNCTIONS_CORE.rs,P0,memory,SQL_FUNCTIONS,1319428,2818956,2.136499,-113.649854,true,3
1769,00552,AGG_GROUP_HAVING_045,SQLITE_PARITY_552_AGG_GROUP_HAVING_045.rs,P1,memory,GEN_SQL_AGGREGATE,1819295,3886828,2.136447,-113.644736,true,3
1770,11596,DATETIME_TIME_Y2K_START_OF_YEAR,SQLITE_PARITY_11596_DATETIME_TIME_Y2K_START_OF_YEAR.rs,P0,memory,SQL_DATETIME,1405661,3003046,2.136394,-113.639419,true,3
1771,10593,NOT_LIKE_BASIC,SQLITE_PARITY_10593_NOT_LIKE_BASIC.rs,P0,memory,SQL_PATTERN,1460815,3120768,2.136320,-113.631979,true,3
1772,00723,CTE_RECURSIVE_MATRIX_016,SQLITE_PARITY_723_CTE_RECURSIVE_MATRIX_016.rs,P1,memory,GEN_SQL_CTE,1620568,3460962,2.135648,-113.564750,true,3
1773,10230,OPT_SAFE_BENIGN,SQLITE_PARITY_10230_OPT_SAFE_BENIGN.rs,P0,memory,CLI_OPTION,1433794,3061857,2.135493,-113.549296,true,3
1774,11239,CAST_TEXT_BARE_AS_NUMERIC,SQLITE_PARITY_11239_CAST_TEXT_BARE_AS_NUMERIC.rs,P0,memory,SQL_CAST,1519456,3244622,2.135384,-113.538398,true,3
1775,12025,PRAGMA_SET_PAGE_SIZE_4096,SQLITE_PARITY_12025_PRAGMA_SET_PAGE_SIZE_4096.rs,P1,memory,SQL_PRAGMA,1272028,2716103,2.135254,-113.525410,true,3
1776,11211,CAST_INT_NEG_3_AS_REAL,SQLITE_PARITY_11211_CAST_INT_NEG_3_AS_REAL.rs,P0,memory,SQL_CAST,1500791,3203425,2.134491,-113.449108,true,3
1777,10461,JOIN_INDEXED_BY,SQLITE_PARITY_10461_JOIN_INDEXED_BY.rs,P0,memory,SQL_JOIN,1610329,3436937,2.134307,-113.430734,true,3
1778,10337,ON_CONFLICT_RETURNING_INSERTED_ON_FRESH,SQLITE_PARITY_10337_ON_CONFLICT_RETURNING_INSERTED_ON_FRESH.rs,P0,memory,SQL_UPSERT,1624335,3466724,2.134242,-113.424201,true,3
1779,00986,VIEW_TRIGGER_GENERATED_039,SQLITE_PARITY_986_VIEW_TRIGGER_GENERATED_039.rs,P2,memory,GEN_SQL_VIEW_TRIGGER,1778256,3795035,2.134133,-113.413311,true,3
1780,10083,STRICT_INT_ACCEPTS_WHOLE_REAL,SQLITE_PARITY_10083_STRICT_INT_ACCEPTS_WHOLE_REAL.rs,P0,memory,SQL_STRICT_TABLES,1521470,3246927,2.134072,-113.407231,true,3
1781,11964,WIN_LAST_VALUE_RANGE_UNBND_PREC_CURRENT,SQLITE_PARITY_11964_WIN_LAST_VALUE_RANGE_UNBND_PREC_CURRENT.rs,P0,memory,SQL_WINDOW,1641828,3503723,2.134038,-113.403779,true,3
1782,00893,CONSTRAINT_FK_SAVEPOINT_026,SQLITE_PARITY_893_CONSTRAINT_FK_SAVEPOINT_026.rs,P2,memory,GEN_SQL_CONSTRAINT_TX,1680091,3585318,2.134002,-113.400227,true,3
1783,01127,INDEX_SCHEMA_PRAGMA_060,SQLITE_PARITY_1127_INDEX_SCHEMA_PRAGMA_060.rs,P2,memory,GEN_SQL_INDEX_PRAGMA,1735545,3703642,2.133994,-113.399364,true,3
1784,00132,DOT_TRACE_STDOUT,SQLITE_PARITY_132_DOT_TRACE_STDOUT.rs,P2,memory,CLI_DOT_COMMAND_DIAGNOSTIC,1377057,2938403,2.133828,-113.382816,true,3
1785,12019,PRAGMA_ANALYSIS_LIMIT,SQLITE_PARITY_12019_PRAGMA_ANALYSIS_LIMIT.rs,P1,memory,SQL_PRAGMA,1273251,2716773,2.133729,-113.372933,true,3
1786,10166,DOT_HEADERS_ON_PERSISTS,SQLITE_PARITY_10166_DOT_HEADERS_ON_PERSISTS.rs,P0,memory,CLI_DOT_COMMAND,1401624,2990331,2.133476,-113.347588,true,3
1787,00388,DML_WHERE_ORDER_LIMIT_001,SQLITE_PARITY_388_DML_WHERE_ORDER_LIMIT_001.rs,P1,memory,GEN_SQL_DML,1688436,3601959,2.133311,-113.331095,true,3
1788,00892,CONSTRAINT_FK_SAVEPOINT_025,SQLITE_PARITY_892_CONSTRAINT_FK_SAVEPOINT_025.rs,P2,memory,GEN_SQL_CONSTRAINT_TX,1684890,3593844,2.132984,-113.298435,true,3
1789,00952,VIEW_TRIGGER_GENERATED_005,SQLITE_PARITY_952_VIEW_TRIGGER_GENERATED_005.rs,P2,memory,GEN_SQL_VIEW_TRIGGER,1686172,3595968,2.132622,-113.262229,true,3
1790,00826,WINDOW_PARTITION_SUM_039,SQLITE_PARITY_826_WINDOW_PARTITION_SUM_039.rs,P2,memory,GEN_SQL_WINDOW,1644343,3506108,2.132224,-113.222424,true,3
1791,11523,DATETIME_JULIANDAY_EPOCH_PLUS_30_MINUTES,SQLITE_PARITY_11523_DATETIME_JULIANDAY_EPOCH_PLUS_30_MINUTES.rs,P0,memory,SQL_DATETIME,1480072,3155384,2.131913,-113.191250,true,3
1792,00625,JOIN_SUBQUERY_EXISTS_018,SQLITE_PARITY_625_JOIN_SUBQUERY_EXISTS_018.rs,P1,memory,GEN_SQL_JOIN_SUBQUERY,1758038,3747845,2.131834,-113.183390,true,3
1793,11915,WIN_AVG_GROUPS_1_PREC_CURRENT,SQLITE_PARITY_11915_WIN_AVG_GROUPS_1_PREC_CURRENT.rs,P0,memory,SQL_WINDOW,1624636,3463267,2.131719,-113.171874,true,3
1794,00880,CONSTRAINT_FK_SAVEPOINT_013,SQLITE_PARITY_880_CONSTRAINT_FK_SAVEPOINT_013.rs,P2,memory,GEN_SQL_CONSTRAINT_TX,1794828,3825643,2.131482,-113.148168,true,3
1795,11912,WIN_AVG_ROWS_1_PREC_1_FOLL,SQLITE_PARITY_11912_WIN_AVG_ROWS_1_PREC_1_FOLL.rs,P0,memory,SQL_WINDOW,1632351,3479297,2.131464,-113.146376,true,3
1796,11817,JSON_JSON_TYPE_A_B_1_C,SQLITE_PARITY_11817_JSON_JSON_TYPE_A_B_1_C.rs,P0,memory,SQL_JSON,1332873,2840778,2.131319,-113.131934,true,3
1797,00283,SCALAR_NULL_COALESCE_014,SQLITE_PARITY_283_SCALAR_NULL_COALESCE_014.rs,P1,memory,GEN_SQL_SCALAR,1399128,2981645,2.131074,-113.107378,true,3
1798,12007,PRAGMA_FULLFSYNC,SQLITE_PARITY_12007_PRAGMA_FULLFSYNC.rs,P1,memory,SQL_PRAGMA,1330669,2835709,2.131040,-113.104010,true,3
1799,10134,MODE_INSERT_NAMED_TARGET,SQLITE_PARITY_10134_MODE_INSERT_NAMED_TARGET.rs,P0,memory,CLI_OUTPUT_MODE,1442451,3073830,2.130977,-113.097707,true,3
1800,10341,ON_CONFLICT_UNIQUE_INDEX_TARGET,SQLITE_PARITY_10341_ON_CONFLICT_UNIQUE_INDEX_TARGET.rs,P0,memory,SQL_UPSERT,1455646,3101782,2.130863,-113.086286,true,3
1801,11102,MATH_POW_4_0_0_5,SQLITE_PARITY_11102_MATH_POW_4_0_0_5.rs,P1,memory,SQL_MATH,1562498,3329454,2.130853,-113.085329,true,3
1802,10135,MODE_INSERT_NAMED_TARGET_WITH_BLOB,SQLITE_PARITY_10135_MODE_INSERT_NAMED_TARGET_WITH_BLOB.rs,P0,memory,CLI_OUTPUT_MODE,1449464,3088507,2.130792,-113.079249,true,3
1803,11209,CAST_INT_5_AS_NUMERIC,SQLITE_PARITY_11209_CAST_INT_5_AS_NUMERIC.rs,P0,memory,SQL_CAST,1495852,3187083,2.130614,-113.061386,true,3
1804,10497,CORRELATED_SUBQUERY_IN_WHERE,SQLITE_PARITY_10497_CORRELATED_SUBQUERY_IN_WHERE.rs,P0,memory,SQL_SUBQUERY,1734033,3694465,2.130562,-113.056211,true,3
1805,11832,JSON_JSON_ARRAY_LENGTH_D_3,SQLITE_PARITY_11832_JSON_JSON_ARRAY_LENGTH_D_3.rs,P0,memory,SQL_JSON,1426060,3038232,2.130508,-113.050783,true,3
1806,11522,DATETIME_DATETIME_EPOCH_PLUS_30_MINUTES,SQLITE_PARITY_11522_DATETIME_DATETIME_EPOCH_PLUS_30_MINUTES.rs,P0,memory,SQL_DATETIME,1480513,3154161,2.130451,-113.045140,true,3
1807,00643,JOIN_SUBQUERY_EXISTS_036,SQLITE_PARITY_643_JOIN_SUBQUERY_EXISTS_036.rs,P1,memory,GEN_SQL_JOIN_SUBQUERY,1749022,3725594,2.130101,-113.010128,true,3
1808,10620,QUOTE_BLOB_HEX_LITERAL,SQLITE_PARITY_10620_QUOTE_BLOB_HEX_LITERAL.rs,P0,memory,SQL_BLOB,1362750,2902545,2.129917,-112.991745,true,3
1809,00649,JOIN_SUBQUERY_EXISTS_042,SQLITE_PARITY_649_JOIN_SUBQUERY_EXISTS_042.rs,P1,memory,GEN_SQL_JOIN_SUBQUERY,1932750,4115972,2.129594,-112.959358,true,3
1810,00692,JOIN_SUBQUERY_EXISTS_085,SQLITE_PARITY_692_JOIN_SUBQUERY_EXISTS_085.rs,P1,memory,GEN_SQL_JOIN_SUBQUERY,1717571,3655380,2.128226,-112.822643,true,3
1811,11518,DATETIME_JULIANDAY_EPOCH_PLUS_3_HOURS,SQLITE_PARITY_11518_DATETIME_JULIANDAY_EPOCH_PLUS_3_HOURS.rs,P0,memory,SQL_DATETIME,1423926,3029956,2.127889,-112.788867,true,3
1812,00664,JOIN_SUBQUERY_EXISTS_057,SQLITE_PARITY_664_JOIN_SUBQUERY_EXISTS_057.rs,P1,memory,GEN_SQL_JOIN_SUBQUERY,1915376,4075526,2.127794,-112.779423,true,3
1813,10443,REC_SUM_TO_N_VIA_FOLD,SQLITE_PARITY_10443_REC_SUM_TO_N_VIA_FOLD.rs,P0,memory,SQL_RECURSIVE_CTE,1591273,3385710,2.127674,-112.767388,true,3
1814,12031,PRAGMA_SET_THREADS_0,SQLITE_PARITY_12031_PRAGMA_SET_THREADS_0.rs,P1,memory,SQL_PRAGMA,1318295,2804790,2.127589,-112.758904,true,3
1815,11108,MATH_MOD_7_3,SQLITE_PARITY_11108_MATH_MOD_7_3.rs,P1,memory,SQL_MATH,1535136,3265823,2.127384,-112.738350,true,3
1816,12021,PRAGMA_REVERSE_UNORDERED_SELECTS,SQLITE_PARITY_12021_PRAGMA_REVERSE_UNORDERED_SELECTS.rs,P1,memory,SQL_PRAGMA,1409919,2998597,2.126787,-112.678672,true,3
1817,11509,DATETIME_STRFTIME_ISO_EPOCH_MINUS_1_MONTH,SQLITE_PARITY_11509_DATETIME_STRFTIME_ISO_EPOCH_MINUS_1_MONTH.rs,P0,memory,SQL_DATETIME,1440998,3064522,2.126666,-112.666638,true,3
1818,11864,JSON_DARROW_MISSING,SQLITE_PARITY_11864_JSON_DARROW_MISSING.rs,P0,memory,SQL_JSON,1426751,3034084,2.126569,-112.656869,true,3
1819,11932,WIN_MIN_ROWS_1_PREC_1_FOLL,SQLITE_PARITY_11932_WIN_MIN_ROWS_1_PREC_1_FOLL.rs,P0,memory,SQL_WINDOW,1673217,3558156,2.126536,-112.653589,true,3
1820,01043,JSON_EXTRACT_SET_036,SQLITE_PARITY_1043_JSON_EXTRACT_SET_036.rs,P2,memory,GEN_SQL_JSON,1475283,3137240,2.126534,-112.653437,true,3
1821,10429,REC_GRAPH_CYCLE_DETECT_NOT_IN,SQLITE_PARITY_10429_REC_GRAPH_CYCLE_DETECT_NOT_IN.rs,P0,memory,SQL_RECURSIVE_CTE,1741677,3702930,2.126072,-112.607160,true,3
1822,11243,CAST_BLOB_HEX_AS_BLOB,SQLITE_PARITY_11243_CAST_BLOB_HEX_AS_BLOB.rs,P0,memory,SQL_CAST,1428745,3037410,2.125929,-112.592870,true,3
1823,10259,PRAGMA_BUSY_TIMEOUT_DEFAULT,SQLITE_PARITY_10259_PRAGMA_BUSY_TIMEOUT_DEFAULT.rs,P0,memory,SQL_PRAGMA,1279493,2719949,2.125802,-112.580217,true,3
1824,11632,DATETIME_DATETIME_DATE_2024_PLUS_30_MINUTES,SQLITE_PARITY_11632_DATETIME_DATETIME_DATE_2024_PLUS_30_MINUTES.rs,P0,memory,SQL_DATETIME,1530437,3253259,2.125706,-112.570593,true,3
1825,10113,MODE_LIST_NULLVALUE_NULL,SQLITE_PARITY_10113_MODE_LIST_NULLVALUE_NULL.rs,P0,memory,CLI_OUTPUT_MODE,1431761,3043462,2.125677,-112.567740,true,3
1826,11827,JSON_JSON_ARRAY_LENGTH_A_B_0,SQLITE_PARITY_11827_JSON_JSON_ARRAY_LENGTH_A_B_0.rs,P0,memory,SQL_JSON,1400070,2976024,2.125625,-112.562515,true,3
1827,00774,CTE_RECURSIVE_MATRIX_067,SQLITE_PARITY_774_CTE_RECURSIVE_MATRIX_067.rs,P1,memory,GEN_SQL_CTE,1628272,3460982,2.125555,-112.555519,true,3
1828,00334,SCALAR_STRING_027,SQLITE_PARITY_334_SCALAR_STRING_027.rs,P1,memory,GEN_SQL_SCALAR,1426019,3030718,2.125300,-112.529987,true,3
1829,11859,JSON_ARROW_D_3,SQLITE_PARITY_11859_JSON_ARROW_D_3.rs,P0,memory,SQL_JSON,1418926,3015559,2.125240,-112.524050,true,3
1830,00980,VIEW_TRIGGER_GENERATED_033,SQLITE_PARITY_980_VIEW_TRIGGER_GENERATED_033.rs,P2,memory,GEN_SQL_VIEW_TRIGGER,1769590,3759537,2.124524,-112.452432,true,3
1831,00942,CONSTRAINT_FK_SAVEPOINT_075,SQLITE_PARITY_942_CONSTRAINT_FK_SAVEPOINT_075.rs,P2,memory,GEN_SQL_CONSTRAINT_TX,1686663,3582994,2.124309,-112.430936,true,3
1832,11567,DATETIME_DATETIME_Y2K_PLUS_1_YEAR,SQLITE_PARITY_11567_DATETIME_DATETIME_Y2K_PLUS_1_YEAR.rs,P0,memory,SQL_DATETIME,1438654,3055695,2.123996,-112.399576,true,3
1833,00037,DROP_VIEW,SQLITE_PARITY_037_DROP_VIEW.rs,P0,memory,SQL_DROP,1455365,3090541,2.123550,-112.355045,true,3
1834,00475,DML_WHERE_ORDER_LIMIT_088,SQLITE_PARITY_475_DML_WHERE_ORDER_LIMIT_088.rs,P1,memory,GEN_SQL_DML,1686412,3580950,2.123413,-112.341350,true,3
1835,10271,PRAGMA_FOREIGN_KEYS_ON_THEN_READ,SQLITE_PARITY_10271_PRAGMA_FOREIGN_KEYS_ON_THEN_READ.rs,P0,memory,SQL_FOREIGN_KEYS,1427703,3031318,2.123213,-112.321330,true,3
1836,10436,REC_CROSS_JOIN_INSIDE_RECURSION,SQLITE_PARITY_10436_REC_CROSS_JOIN_INSIDE_RECURSION.rs,P0,memory,SQL_RECURSIVE_CTE,1596662,3389657,2.122965,-112.296466,true,3
1837,00565,AGG_GROUP_HAVING_058,SQLITE_PARITY_565_AGG_GROUP_HAVING_058.rs,P1,memory,GEN_SQL_AGGREGATE,1777275,3772862,2.122835,-112.283524,true,3
1838,00675,JOIN_SUBQUERY_EXISTS_068,SQLITE_PARITY_675_JOIN_SUBQUERY_EXISTS_068.rs,P1,memory,GEN_SQL_JOIN_SUBQUERY,1794076,3808320,2.122719,-112.271944,true,3
1839,00216,ROLLBACK_TRANSACTION_SYNTAX,SQLITE_PARITY_216_ROLLBACK_TRANSACTION_SYNTAX.rs,P0,memory,SQL_TRANSACTION,1571876,3336387,2.122551,-112.255102,true,3
1840,11442,STRING_SUBSTRING_ABCDEF_2_3,SQLITE_PARITY_11442_STRING_SUBSTRING_ABCDEF_2_3.rs,P0,memory,SQL_STRING,1444255,3065404,2.122481,-112.248114,true,3
1841,11352,AFFINITY_BLOB_TEXT_NUM,SQLITE_PARITY_11352_AFFINITY_BLOB_TEXT_NUM.rs,P0,memory,SQL_TYPE_AFFINITY,1531039,3249472,2.122397,-112.239662,true,3
1842,00230,SCALAR_STRING_001,SQLITE_PARITY_230_SCALAR_STRING_001.rs,P1,memory,GEN_SQL_SCALAR,1446508,3069601,2.122077,-112.207675,true,3
1843,10104,STRICT_INTEGER_PK_ALIAS,SQLITE_PARITY_10104_STRICT_INTEGER_PK_ALIAS.rs,P0,memory,SQL_STRICT_TABLES,1502284,3186934,2.121392,-112.139249,true,3
1844,00654,JOIN_SUBQUERY_EXISTS_047,SQLITE_PARITY_654_JOIN_SUBQUERY_EXISTS_047.rs,P1,memory,GEN_SQL_JOIN_SUBQUERY,1805589,3830231,2.121319,-112.131941,true,3
1845,00718,CTE_RECURSIVE_MATRIX_011,SQLITE_PARITY_718_CTE_RECURSIVE_MATRIX_011.rs,P1,memory,GEN_SQL_CTE,1527202,3239092,2.120932,-112.093227,true,3
1846,10109,MODE_LIST_SEP_SEMICOLON,SQLITE_PARITY_10109_MODE_LIST_SEP_SEMICOLON.rs,P0,memory,CLI_OUTPUT_MODE,1459573,3095551,2.120861,-112.086069,true,3
1847,11027,MATH_CEIL_1_6,SQLITE_PARITY_11027_MATH_CEIL_1_6.rs,P1,memory,SQL_MATH,1475864,3129836,2.120680,-112.068050,true,3
1848,00633,JOIN_SUBQUERY_EXISTS_026,SQLITE_PARITY_633_JOIN_SUBQUERY_EXISTS_026.rs,P1,memory,GEN_SQL_JOIN_SUBQUERY,1683217,3569458,2.120617,-112.061665,true,3
1849,10511,SUBQUERY_ORDER_BY_NO_LIMIT_SCALAR,SQLITE_PARITY_10511_SUBQUERY_ORDER_BY_NO_LIMIT_SCALAR.rs,P0,memory,SQL_SUBQUERY,1583107,3356234,2.120030,-112.002979,true,3
1850,11055,MATH_LN_10_0,SQLITE_PARITY_11055_MATH_LN_10_0.rs,P1,memory,SQL_MATH,1448021,3069732,2.119950,-111.994992,true,3
1851,00344,SCALAR_ARITH_030,SQLITE_PARITY_344_SCALAR_ARITH_030.rs,P1,memory,GEN_SQL_SCALAR,1606261,3405167,2.119934,-111.993381,true,3
1852,11671,DATETIME_TIME_UNIX_MINUS_1_MONTH,SQLITE_PARITY_11671_DATETIME_TIME_UNIX_MINUS_1_MONTH.rs,P0,memory,SQL_DATETIME,1442721,3057568,2.119307,-111.930650,true,3
1853,12027,PRAGMA_SET_MMAP_SIZE_0,SQLITE_PARITY_12027_PRAGMA_SET_MMAP_SIZE_0.rs,P1,memory,SQL_PRAGMA,1259625,2669414,2.119213,-111.921326,true,3
1854,11903,WIN_SUM_ROWS_2_PREC_CURRENT,SQLITE_PARITY_11903_WIN_SUM_ROWS_2_PREC_CURRENT.rs,P0,memory,SQL_WINDOW,1614256,3420255,2.118781,-111.878104,true,3
1855,11702,DATETIME_DATETIME_UNIX_START_OF_MONTH,SQLITE_PARITY_11702_DATETIME_DATETIME_UNIX_START_OF_MONTH.rs,P0,memory,SQL_DATETIME,1424166,3017363,2.118688,-111.868771,true,3
1856,11300,AFFINITY_INTEGER_INT_1,SQLITE_PARITY_11300_AFFINITY_INTEGER_INT_1.rs,P0,memory,SQL_TYPE_AFFINITY,1531369,3244032,2.118387,-111.838688,true,3
1857,11649,DATETIME_STRFTIME_ISO_DATE_2024_START_OF_MONTH,SQLITE_PARITY_11649_DATETIME_STRFTIME_ISO_DATE_2024_START_OF_MONTH.rs,P0,memory,SQL_DATETIME,1412595,2991734,2.117899,-111.789933,true,3
1858,00693,JOIN_SUBQUERY_EXISTS_086,SQLITE_PARITY_693_JOIN_SUBQUERY_EXISTS_086.rs,P1,memory,GEN_SQL_JOIN_SUBQUERY,1835405,3886488,2.117510,-111.750976,true,3
1859,10040,DISTINCT_ORDER_BY_ASC_NULL_FIRST,SQLITE_PARITY_10040_DISTINCT_ORDER_BY_ASC_NULL_FIRST.rs,P0,memory,SQL_NULL_ORDER,1512293,3201642,2.117078,-111.707784,true,3
1860,11961,WIN_LAST_VALUE_ROWS_CURRENT_UNBND_FOLL,SQLITE_PARITY_11961_WIN_LAST_VALUE_ROWS_CURRENT_UNBND_FOLL.rs,P0,memory,SQL_WINDOW,1584921,3354531,2.116529,-111.652884,true,3
1861,00246,SCALAR_STRING_005,SQLITE_PARITY_246_SCALAR_STRING_005.rs,P1,memory,GEN_SQL_SCALAR,1413376,2991203,2.116353,-111.635333,true,3
1862,01101,INDEX_SCHEMA_PRAGMA_034,SQLITE_PARITY_1101_INDEX_SCHEMA_PRAGMA_034.rs,P2,memory,GEN_SQL_INDEX_PRAGMA,1698225,3593703,2.116152,-111.615245,true,3
1863,11009,MATH_ASIN_0_0,SQLITE_PARITY_11009_MATH_ASIN_0_0.rs,P1,memory,SQL_MATH,1531189,3239132,2.115436,-111.543578,true,3
1864,00690,JOIN_SUBQUERY_EXISTS_083,SQLITE_PARITY_690_JOIN_SUBQUERY_EXISTS_083.rs,P1,memory,GEN_SQL_JOIN_SUBQUERY,1795650,3798281,2.115268,-111.526801,true,3
1865,11955,WIN_FIRST_VALUE_GROUPS_1_PREC_CURRENT,SQLITE_PARITY_11955_WIN_FIRST_VALUE_GROUPS_1_PREC_CURRENT.rs,P0,memory,SQL_WINDOW,1623604,3434161,2.115147,-111.514692,true,3
1866,00572,AGG_GROUP_HAVING_065,SQLITE_PARITY_572_AGG_GROUP_HAVING_065.rs,P1,memory,GEN_SQL_AGGREGATE,1882824,3982049,2.114934,-111.493427,true,3
1867,00528,AGG_GROUP_HAVING_021,SQLITE_PARITY_528_AGG_GROUP_HAVING_021.rs,P1,memory,GEN_SQL_AGGREGATE,1891952,4001015,2.114755,-111.475503,true,3
1868,10559,NO_SUCH_COLLATION_IN_ORDER_BY,SQLITE_PARITY_10559_NO_SUCH_COLLATION_IN_ORDER_BY.rs,P0,memory,SQL_ERROR_MESSAGES,1482586,3135005,2.114552,-111.455187,true,3
1869,00992,VIEW_TRIGGER_GENERATED_045,SQLITE_PARITY_992_VIEW_TRIGGER_GENERATED_045.rs,P2,memory,GEN_SQL_VIEW_TRIGGER,1704828,3604865,2.114504,-111.450363,true,3
1870,11504,DATETIME_STRFTIME_ISO_EPOCH_PLUS_5_DAYS,SQLITE_PARITY_11504_DATETIME_STRFTIME_ISO_EPOCH_PLUS_5_DAYS.rs,P0,memory,SQL_DATETIME,1425338,3013826,2.114464,-111.446408,true,3
1871,11064,MATH_RADIANS_0_0,SQLITE_PARITY_11064_MATH_RADIANS_0_0.rs,P1,memory,SQL_MATH,1504328,3180782,2.114421,-111.442053,true,3
1872,11013,MATH_ASINH_0_0,SQLITE_PARITY_11013_MATH_ASINH_0_0.rs,P1,memory,SQL_MATH,1441058,3046188,2.113855,-111.385524,true,3
1873,11327,AFFINITY_DOUBLE_REAL_BIG,SQLITE_PARITY_11327_AFFINITY_DOUBLE_REAL_BIG.rs,P0,memory,SQL_TYPE_AFFINITY,1513555,3199076,2.113617,-111.361728,true,3
1874,11851,JSON_ARROW_A_B_1,SQLITE_PARITY_11851_JSON_ARROW_A_B_1.rs,P0,memory,SQL_JSON,1411472,2983118,2.113480,-111.348011,true,3
1875,00695,JOIN_SUBQUERY_EXISTS_088,SQLITE_PARITY_695_JOIN_SUBQUERY_EXISTS_088.rs,P1,memory,GEN_SQL_JOIN_SUBQUERY,1687314,3566041,2.113442,-111.344243,true,3
1876,00456,DML_WHERE_ORDER_LIMIT_069,SQLITE_PARITY_456_DML_WHERE_ORDER_LIMIT_069.rs,P1,memory,GEN_SQL_DML,1721028,3636174,2.112792,-111.279189,true,3
1877,10602,LIKE_WITH_NULL_PATTERN_VALUE,SQLITE_PARITY_10602_LIKE_WITH_NULL_PATTERN_VALUE.rs,P0,memory,SQL_PATTERN,1481745,3130486,2.112702,-111.270225,true,3
1878,00556,AGG_GROUP_HAVING_049,SQLITE_PARITY_556_AGG_GROUP_HAVING_049.rs,P1,memory,GEN_SQL_AGGREGATE,1808283,3819801,2.112391,-111.239115,true,3
1879,00526,AGG_GROUP_HAVING_019,SQLITE_PARITY_526_AGG_GROUP_HAVING_019.rs,P1,memory,GEN_SQL_AGGREGATE,1884527,3980746,2.112332,-111.233164,true,3
1880,00998,VIEW_TRIGGER_GENERATED_051,SQLITE_PARITY_998_VIEW_TRIGGER_GENERATED_051.rs,P2,memory,GEN_SQL_VIEW_TRIGGER,1779870,3759647,2.112316,-111.231551,true,3
1881,11408,STRING_LOWER_,SQLITE_PARITY_11408_STRING_LOWER_.rs,P0,memory,SQL_STRING,1383639,2922613,2.112266,-111.226555,true,3
1882,11574,DATETIME_STRFTIME_ISO_Y2K_PLUS_3_HOURS,SQLITE_PARITY_11574_DATETIME_STRFTIME_ISO_Y2K_PLUS_3_HOURS.rs,P0,memory,SQL_DATETIME,1463321,3090852,2.112217,-111.221735,true,3
1883,00758,CTE_RECURSIVE_MATRIX_051,SQLITE_PARITY_758_CTE_RECURSIVE_MATRIX_051.rs,P1,memory,GEN_SQL_CTE,1574611,3325606,2.112018,-111.201751,true,3
1884,12030,PRAGMA_SET_AUTOMATIC_INDEX_ON,SQLITE_PARITY_12030_PRAGMA_SET_AUTOMATIC_INDEX_ON.rs,P1,memory,SQL_PRAGMA,1292177,2728897,2.111860,-111.186006,true,3
1885,00779,CTE_RECURSIVE_MATRIX_072,SQLITE_PARITY_779_CTE_RECURSIVE_MATRIX_072.rs,P1,memory,GEN_SQL_CTE,1683908,3556173,2.111857,-111.185706,true,3
1886,11308,AFFINITY_BIGINT_INT_1,SQLITE_PARITY_11308_AFFINITY_BIGINT_INT_1.rs,P0,memory,SQL_TYPE_AFFINITY,1564663,3304226,2.111781,-111.178126,true,3
1887,01002,VIEW_TRIGGER_GENERATED_055,SQLITE_PARITY_1002_VIEW_TRIGGER_GENERATED_055.rs,P2,memory,GEN_SQL_VIEW_TRIGGER,1707112,3605045,2.111780,-111.178001,true,3
1888,10385,SCHEMA_VERSION_PER_DB,SQLITE_PARITY_10385_SCHEMA_VERSION_PER_DB.rs,P0,memory,SQL_ATTACH,1525478,3221249,2.111633,-111.163255,true,3
1889,00289,SCALAR_CAST_TYPEOF_016,SQLITE_PARITY_289_SCALAR_CAST_TYPEOF_016.rs,P1,memory,GEN_SQL_SCALAR,1389190,2933324,2.111535,-111.153550,true,3
1890,10421,ALTER_ADD_COLUMN_ON_STRICT_TABLE,SQLITE_PARITY_10421_ALTER_ADD_COLUMN_ON_STRICT_TABLE.rs,P0,memory,SQL_ALTER,1660253,3505667,2.111526,-111.152577,true,3
1891,11301,AFFINITY_INTEGER_INT_BIG,SQLITE_PARITY_11301_AFFINITY_INTEGER_INT_BIG.rs,P0,memory,SQL_TYPE_AFFINITY,1554443,3281984,2.111357,-111.135693,true,3
1892,11529,DATETIME_STRFTIME_ISO_EPOCH_PLUS_10_SECONDS,SQLITE_PARITY_11529_DATETIME_STRFTIME_ISO_EPOCH_PLUS_10_SECONDS.rs,P0,memory,SQL_DATETIME,1523595,3216740,2.111283,-111.128285,true,3
1893,11412,STRING_UPPER_,SQLITE_PARITY_11412_STRING_UPPER_.rs,P0,memory,SQL_STRING,1419638,2997014,2.111111,-111.111142,true,3
1894,00073,INDEXED_BY,SQLITE_PARITY_073_INDEXED_BY.rs,P0,memory,SQL_INDEX,1532842,3235956,2.111083,-111.108255,true,3
1895,00846,WINDOW_PARTITION_SUM_059,SQLITE_PARITY_846_WINDOW_PARTITION_SUM_059.rs,P2,memory,GEN_SQL_WINDOW,1730135,3652444,2.111075,-111.107457,true,3
1896,00430,DML_WHERE_ORDER_LIMIT_043,SQLITE_PARITY_430_DML_WHERE_ORDER_LIMIT_043.rs,P1,memory,GEN_SQL_DML,1737580,3668005,2.110985,-111.098482,true,3
1897,11934,WIN_MIN_RANGE_UNBND_PREC_CURRENT,SQLITE_PARITY_11934_WIN_MIN_RANGE_UNBND_PREC_CURRENT.rs,P0,memory,SQL_WINDOW,1642530,3467345,2.110978,-111.097819,true,3
1898,10550,NOT_NULL_CONSTRAINT_FAILED,SQLITE_PARITY_10550_NOT_NULL_CONSTRAINT_FAILED.rs,P0,memory,SQL_ERROR_MESSAGES,1532612,3235115,2.110851,-111.085063,true,3
1899,00261,SCALAR_CAST_TYPEOF_009,SQLITE_PARITY_261_SCALAR_CAST_TYPEOF_009.rs,P1,memory,GEN_SQL_SCALAR,1420850,2998877,2.110622,-111.062181,true,3
1900,11586,DATETIME_TIME_Y2K_START_OF_DAY,SQLITE_PARITY_11586_DATETIME_TIME_Y2K_START_OF_DAY.rs,P0,memory,SQL_DATETIME,1467889,3098135,2.110606,-111.060577,true,3
1901,12012,PRAGMA_DATA_VERSION,SQLITE_PARITY_12012_PRAGMA_DATA_VERSION.rs,P1,memory,SQL_PRAGMA,1237282,2611233,2.110459,-111.045905,true,3
1902,10235,OPT_MMAP_NONZERO,SQLITE_PARITY_10235_OPT_MMAP_NONZERO.rs,P0,memory,CLI_OPTION,1369563,2889871,2.110068,-111.006796,true,3
1903,10222,OPT_MMAP_ZERO,SQLITE_PARITY_10222_OPT_MMAP_ZERO.rs,P0,memory,CLI_OPTION,1350537,2849645,2.110009,-111.000883,true,3
1904,01076,INDEX_SCHEMA_PRAGMA_009,SQLITE_PARITY_1076_INDEX_SCHEMA_PRAGMA_009.rs,P2,memory,GEN_SQL_INDEX_PRAGMA,1718614,3625964,2.109819,-110.981873,true,3
1905,10087,STRICT_REAL_COERCES_INTEGER,SQLITE_PARITY_10087_STRICT_REAL_COERCES_INTEGER.rs,P0,memory,SQL_STRICT_TABLES,1470724,3102654,2.109610,-110.960996,true,3
1906,10275,FK_UPDATE_VIOLATION_REJECTED,SQLITE_PARITY_10275_FK_UPDATE_VIOLATION_REJECTED.rs,P0,memory,SQL_FOREIGN_KEYS,1529325,3225136,2.108862,-110.886241,true,3
1907,11536,DATETIME_TIME_EPOCH_START_OF_MONTH,SQLITE_PARITY_11536_DATETIME_TIME_EPOCH_START_OF_MONTH.rs,P0,memory,SQL_DATETIME,1496603,3155204,2.108244,-110.824380,true,3
1908,10267,PRAGMA_FOREIGN_KEY_CHECK_EMPTY,SQLITE_PARITY_10267_PRAGMA_FOREIGN_KEY_CHECK_EMPTY.rs,P0,memory,SQL_PRAGMA,1549954,3267676,2.108241,-110.824063,true,3
1909,10613,OCTET_LENGTH_BLOB,SQLITE_PARITY_10613_OCTET_LENGTH_BLOB.rs,P0,memory,SQL_BLOB,1485803,3132170,2.108065,-110.806547,true,3
1910,10274,FK_INSERT_VIOLATION_REJECTED,SQLITE_PARITY_10274_FK_INSERT_VIOLATION_REJECTED.rs,P0,memory,SQL_FOREIGN_KEYS,1504769,3171895,2.107895,-110.789497,true,3
1911,00864,WINDOW_PARTITION_SUM_077,SQLITE_PARITY_864_WINDOW_PARTITION_SUM_077.rs,P2,memory,GEN_SQL_WINDOW,1739292,3665960,2.107731,-110.773119,true,3
1912,11829,JSON_JSON_ARRAY_LENGTH_A_B_1_C,SQLITE_PARITY_11829_JSON_JSON_ARRAY_LENGTH_A_B_1_C.rs,P0,memory,SQL_JSON,1477888,3114937,2.107695,-110.769490,true,3
1913,11213,CAST_INT_NEG_3_AS_BLOB,SQLITE_PARITY_11213_CAST_INT_NEG_3_AS_BLOB.rs,P0,memory,SQL_CAST,1525298,3214486,2.107448,-110.744786,true,3
1914,11908,WIN_SUM_EXCL_TIES,SQLITE_PARITY_11908_WIN_SUM_EXCL_TIES.rs,P0,memory,SQL_WINDOW,1620127,3413542,2.106960,-110.695952,true,3
1915,00330,SCALAR_STRING_026,SQLITE_PARITY_330_SCALAR_STRING_026.rs,P1,memory,GEN_SQL_SCALAR,1309278,2758442,2.106842,-110.684209,true,3
1916,10068,AUTOINCREMENT_NULL_PK_AUTOFILL,SQLITE_PARITY_10068_AUTOINCREMENT_NULL_PK_AUTOFILL.rs,P0,memory,SQL_AUTOINCREMENT,1487737,3133914,2.106497,-110.649732,true,3
1917,00486,DML_WHERE_ORDER_LIMIT_099,SQLITE_PARITY_486_DML_WHERE_ORDER_LIMIT_099.rs,P1,memory,GEN_SQL_DML,1772716,3733719,2.106214,-110.621385,true,3
1918,00492,DML_WHERE_ORDER_LIMIT_105,SQLITE_PARITY_492_DML_WHERE_ORDER_LIMIT_105.rs,P1,memory,GEN_SQL_DML,1759050,3704583,2.106013,-110.601347,true,3
1919,10409,RENAME_COLUMN_BASIC,SQLITE_PARITY_10409_RENAME_COLUMN_BASIC.rs,P0,memory,SQL_ALTER,1807162,3805856,2.105985,-110.598496,true,3
1920,11707,DATETIME_DATETIME_UNIX_START_OF_YEAR,SQLITE_PARITY_11707_DATETIME_DATETIME_UNIX_START_OF_YEAR.rs,P0,memory,SQL_DATETIME,1477096,3110378,2.105739,-110.573856,true,3
1921,00636,JOIN_SUBQUERY_EXISTS_029,SQLITE_PARITY_636_JOIN_SUBQUERY_EXISTS_029.rs,P1,memory,GEN_SQL_JOIN_SUBQUERY,1830806,3855088,2.105678,-110.567805,true,3
1922,11578,DATETIME_JULIANDAY_Y2K_PLUS_30_MINUTES,SQLITE_PARITY_11578_DATETIME_JULIANDAY_Y2K_PLUS_30_MINUTES.rs,P0,memory,SQL_DATETIME,1544634,3252457,2.105649,-110.564898,true,3
1923,11844,JSON_DARROW_,SQLITE_PARITY_11844_JSON_DARROW_.rs,P0,memory,SQL_JSON,1332583,2805532,2.105334,-110.533378,true,3
1924,00847,WINDOW_PARTITION_SUM_060,SQLITE_PARITY_847_WINDOW_PARTITION_SUM_060.rs,P2,memory,GEN_SQL_WINDOW,1721079,3623389,2.105301,-110.530080,true,3
1925,00944,CONSTRAINT_FK_SAVEPOINT_077,SQLITE_PARITY_944_CONSTRAINT_FK_SAVEPOINT_077.rs,P2,memory,GEN_SQL_CONSTRAINT_TX,1781713,3750681,2.105098,-110.509830,true,3
1926,00850,WINDOW_PARTITION_SUM_063,SQLITE_PARITY_850_WINDOW_PARTITION_SUM_063.rs,P2,memory,GEN_SQL_WINDOW,1709888,3599464,2.105088,-110.508758,true,3
1927,11668,DATETIME_JULIANDAY_UNIX_PLUS_5_DAYS,SQLITE_PARITY_11668_DATETIME_JULIANDAY_UNIX_PLUS_5_DAYS.rs,P0,memory,SQL_DATETIME,1482858,3121069,2.104766,-110.476593,true,3
1928,00351,SCALAR_NULL_COALESCE_031,SQLITE_PARITY_351_SCALAR_NULL_COALESCE_031.rs,P1,memory,GEN_SQL_SCALAR,1396424,2938122,2.104033,-110.403287,true,3
1929,10150,CLI_FLAG_CSV,SQLITE_PARITY_10150_CLI_FLAG_CSV.rs,P0,memory,CLI_OUTPUT_MODE,1472187,3097094,2.103737,-110.373682,true,3
1930,00427,DML_WHERE_ORDER_LIMIT_040,SQLITE_PARITY_427_DML_WHERE_ORDER_LIMIT_040.rs,P1,memory,GEN_SQL_DML,1651035,3473316,2.103720,-110.372039,true,3
1931,11733,DATETIME_JULIANDAY_DATE_2024_BASE,SQLITE_PARITY_11733_DATETIME_JULIANDAY_DATE_2024_BASE.rs,P0,memory,SQL_DATETIME,1484821,3123594,2.103684,-110.368388,true,3
1932,11971,WIN_RANK_PARTITION,SQLITE_PARITY_11971_WIN_RANK_PARTITION.rs,P0,memory,SQL_WINDOW,1632671,3432899,2.102628,-110.262753,true,3
1933,11091,MATH_TRUNC_1_6,SQLITE_PARITY_11091_MATH_TRUNC_1_6.rs,P1,memory,SQL_MATH,1449414,3047529,2.102594,-110.259388,true,3
1934,10160,DOT_MODE_LIST_AFTER_CSV,SQLITE_PARITY_10160_DOT_MODE_LIST_AFTER_CSV.rs,P0,memory,CLI_DOT_COMMAND,1360305,2859614,2.102186,-110.218591,true,3
1935,11907,WIN_SUM_EXCL_GROUP,SQLITE_PARITY_11907_WIN_SUM_EXCL_GROUP.rs,P0,memory,SQL_WINDOW,1650935,3470521,2.102155,-110.215484,true,3
1936,10283,FK_UPDATE_CASCADE_REWRITES_CHILD,SQLITE_PARITY_10283_FK_UPDATE_CASCADE_REWRITES_CHILD.rs,P0,memory,SQL_FOREIGN_KEYS,1663810,3497191,2.101917,-110.191729,true,3
1937,10492,NOT_EXISTS_SUBQUERY,SQLITE_PARITY_10492_NOT_EXISTS_SUBQUERY.rs,P0,memory,SQL_SUBQUERY,1480653,3110970,2.101080,-110.107973,true,3
1938,00110,DOT_MODE_LINE_COLUMN_TABLE_BOX_MARKDOWN,SQLITE_PARITY_110_DOT_MODE_LINE_COLUMN_TABLE_BOX_MARKDOWN.rs,P0,memory,CLI_DOT_COMMAND,1400912,2943222,2.100933,-110.093282,true,3
1939,11939,WIN_MIN_EXCL_NO_OTHERS,SQLITE_PARITY_11939_WIN_MIN_EXCL_NO_OTHERS.rs,P0,memory,SQL_WINDOW,1621460,3405758,2.100427,-110.042678,true,3
1940,10605,LIKE_INSIDE_CHECK_CONSTRAINT,SQLITE_PARITY_10605_LIKE_INSIDE_CHECK_CONSTRAINT.rs,P0,memory,SQL_PATTERN,1643922,3452817,2.100353,-110.035330,true,3
1941,10284,FK_UPDATE_SET_NULL_NULLIFIES_CHILD,SQLITE_PARITY_10284_FK_UPDATE_SET_NULL_NULLIFIES_CHILD.rs,P0,memory,SQL_FOREIGN_KEYS,1648541,3462345,2.100248,-110.024804,true,3
1942,10569,UPSERT_CONFLICT_NO_MATCH,SQLITE_PARITY_10569_UPSERT_CONFLICT_NO_MATCH.rs,P0,memory,SQL_ERROR_MESSAGES,1488829,3126479,2.099958,-109.995842,true,3
1943,11803,JSON_JSON_EXTRACT_A_B_0,SQLITE_PARITY_11803_JSON_JSON_EXTRACT_A_B_0.rs,P0,memory,SQL_JSON,1441750,3027261,2.099713,-109.971285,true,3
1944,11930,WIN_MIN_ROWS_UNBND_PREC_CURRENT,SQLITE_PARITY_11930_WIN_MIN_ROWS_UNBND_PREC_CURRENT.rs,P0,memory,SQL_WINDOW,1569381,3295218,2.099693,-109.969281,true,3
1945,11608,DATETIME_JULIANDAY_Y2K_UTC,SQLITE_PARITY_11608_DATETIME_JULIANDAY_Y2K_UTC.rs,P0,memory,SQL_DATETIME,1412634,2965965,2.099599,-109.959905,true,3
1946,11507,DATETIME_DATETIME_EPOCH_MINUS_1_MONTH,SQLITE_PARITY_11507_DATETIME_DATETIME_EPOCH_MINUS_1_MONTH.rs,P0,memory,SQL_DATETIME,1464352,3074280,2.099413,-109.941326,true,3
1947,11591,DATETIME_TIME_Y2K_START_OF_MONTH,SQLITE_PARITY_11591_DATETIME_TIME_Y2K_START_OF_MONTH.rs,P0,memory,SQL_DATETIME,1521190,3193586,2.099400,-109.939981,true,3
1948,11937,WIN_MIN_EXCL_GROUP,SQLITE_PARITY_11937_WIN_MIN_EXCL_GROUP.rs,P0,memory,SQL_WINDOW,1653390,3470911,2.099269,-109.926938,true,3
1949,11086,MATH_TANH_1_0,SQLITE_PARITY_11086_MATH_TANH_1_0.rs,P1,memory,SQL_MATH,1385623,2908696,2.099197,-109.919726,true,3
1950,00201,OPT_NO_ROWID_IN_VIEW,SQLITE_PARITY_201_OPT_NO_ROWID_IN_VIEW.rs,P4,memory,CLI_OPTION,1533563,3218744,2.098866,-109.886650,true,3
1951,00876,CONSTRAINT_FK_SAVEPOINT_009,SQLITE_PARITY_876_CONSTRAINT_FK_SAVEPOINT_009.rs,P2,memory,GEN_SQL_CONSTRAINT_TX,1777505,3730292,2.098611,-109.861126,true,3
1952,00481,DML_WHERE_ORDER_LIMIT_094,SQLITE_PARITY_481_DML_WHERE_ORDER_LIMIT_094.rs,P1,memory,GEN_SQL_DML,1834984,3850540,2.098405,-109.840522,true,3
1953,00801,WINDOW_PARTITION_SUM_014,SQLITE_PARITY_801_WINDOW_PARTITION_SUM_014.rs,P2,memory,GEN_SQL_WINDOW,1770612,3715414,2.098378,-109.837841,true,3
1954,11000,MATH_ACOS_1_0,SQLITE_PARITY_11000_MATH_ACOS_1_0.rs,P1,memory,SQL_MATH,1555605,3264200,2.098348,-109.834759,true,3
1955,10310,ROLLBACK_TO_UNKNOWN_SAVEPOINT_REJECTED,SQLITE_PARITY_10310_ROLLBACK_TO_UNKNOWN_SAVEPOINT_REJECTED.rs,P0,memory,SQL_TRANSACTION,1222765,2565698,2.098276,-109.827563,true,3
1956,11576,DATETIME_TIME_Y2K_PLUS_30_MINUTES,SQLITE_PARITY_11576_DATETIME_TIME_Y2K_PLUS_30_MINUTES.rs,P0,memory,SQL_DATETIME,1503587,3154071,2.097698,-109.769771,true,3
1957,00555,AGG_GROUP_HAVING_048,SQLITE_PARITY_555_AGG_GROUP_HAVING_048.rs,P1,memory,GEN_SQL_AGGREGATE,1823111,3823799,2.097403,-109.740328,true,3
1958,00480,DML_WHERE_ORDER_LIMIT_093,SQLITE_PARITY_480_DML_WHERE_ORDER_LIMIT_093.rs,P1,memory,GEN_SQL_DML,1771294,3714482,2.097044,-109.704431,true,3
1959,00662,JOIN_SUBQUERY_EXISTS_055,SQLITE_PARITY_662_JOIN_SUBQUERY_EXISTS_055.rs,P1,memory,GEN_SQL_JOIN_SUBQUERY,1734744,3637536,2.096872,-109.687193,true,3
1960,11200,CAST_NULL_AS_INTEGER,SQLITE_PARITY_11200_CAST_NULL_AS_INTEGER.rs,P0,memory,SQL_CAST,1514707,3175993,2.096771,-109.677053,true,3
1961,10398,PRAGMA_TABLE_XINFO_INCLUDES_GENERATED,SQLITE_PARITY_10398_PRAGMA_TABLE_XINFO_INCLUDES_GENERATED.rs,P0,memory,SQL_SCHEMA_INTROSPECTION,1565133,3281202,2.096437,-109.643653,true,3
1962,11099,MATH_LOG_2_0_1_0,SQLITE_PARITY_11099_MATH_LOG_2_0_1_0.rs,P1,memory,SQL_MATH,1526590,3200389,2.096430,-109.642995,true,3
1963,00529,AGG_GROUP_HAVING_022,SQLITE_PARITY_529_AGG_GROUP_HAVING_022.rs,P1,memory,GEN_SQL_AGGREGATE,1774019,3718590,2.096139,-109.613877,true,3
1964,11722,DATETIME_DATETIME_EPOCH_BASE,SQLITE_PARITY_11722_DATETIME_DATETIME_EPOCH_BASE.rs,P0,memory,SQL_DATETIME,1432462,3001883,2.095611,-109.561091,true,3
1965,10472,COMPOUND_UNION_ALL_PRESERVES_DUPES,SQLITE_PARITY_10472_COMPOUND_UNION_ALL_PRESERVES_DUPES.rs,P0,memory,SQL_COMPOUND,1583468,3318282,2.095579,-109.557882,true,3
1966,00195,OPT_SAFE_MODE_BLOCKS_SHELL,SQLITE_PARITY_195_OPT_SAFE_MODE_BLOCKS_SHELL.rs,P2,memory,CLI_OPTION_NEGATIVE,1044267,2188163,2.095406,-109.540568,true,3
1967,11430,STRING_UNICODE_A,SQLITE_PARITY_11430_STRING_UNICODE_A.rs,P0,memory,SQL_STRING,1450967,3040256,2.095331,-109.533091,true,3
1968,11242,CAST_BLOB_HEX_AS_TEXT,SQLITE_PARITY_11242_CAST_BLOB_HEX_AS_TEXT.rs,P0,memory,SQL_CAST,1512674,3169340,2.095190,-109.519037,true,3
1969,11098,MATH_LOG_2_0_8_0,SQLITE_PARITY_11098_MATH_LOG_2_0_8_0.rs,P1,memory,SQL_MATH,1563790,3274489,2.093944,-109.394420,true,3
1970,11532,DATETIME_DATETIME_EPOCH_START_OF_DAY,SQLITE_PARITY_11532_DATETIME_DATETIME_EPOCH_START_OF_DAY.rs,P0,memory,SQL_DATETIME,1515680,3173057,2.093487,-109.348741,true,3
1971,10204,OPT_SEPARATOR_SEMI,SQLITE_PARITY_10204_OPT_SEPARATOR_SEMI.rs,P0,memory,CLI_OPTION,1395011,2920399,2.093459,-109.345948,true,3
1972,00900,CONSTRAINT_FK_SAVEPOINT_033,SQLITE_PARITY_900_CONSTRAINT_FK_SAVEPOINT_033.rs,P2,memory,GEN_SQL_CONSTRAINT_TX,1672056,3499856,2.093145,-109.314521,true,3
1973,00610,JOIN_SUBQUERY_EXISTS_003,SQLITE_PARITY_610_JOIN_SUBQUERY_EXISTS_003.rs,P1,memory,GEN_SQL_JOIN_SUBQUERY,1844532,3860789,2.093099,-109.309950,true,3
1974,00105,CASE_SENSITIVE_LIKE_PRAGMA,SQLITE_PARITY_105_CASE_SENSITIVE_LIKE_PRAGMA.rs,P2,memory,SQL_PRAGMA,1262701,2642593,2.092810,-109.280978,true,3
1975,11730,DATETIME_DATE_DATE_2024_BASE,SQLITE_PARITY_11730_DATETIME_DATE_DATE_2024_BASE.rs,P0,memory,SQL_DATETIME,1449935,3032621,2.091557,-109.155652,true,3
1976,11528,DATETIME_JULIANDAY_EPOCH_PLUS_10_SECONDS,SQLITE_PARITY_11528_DATETIME_JULIANDAY_EPOCH_PLUS_10_SECONDS.rs,P0,memory,SQL_DATETIME,1475553,3085962,2.091394,-109.139353,true,3
1977,11965,WIN_LAST_VALUE_GROUPS_1_PREC_CURRENT,SQLITE_PARITY_11965_WIN_LAST_VALUE_GROUPS_1_PREC_CURRENT.rs,P0,memory,SQL_WINDOW,1704538,3564719,2.091311,-109.131096,true,3
1978,00920,CONSTRAINT_FK_SAVEPOINT_053,SQLITE_PARITY_920_CONSTRAINT_FK_SAVEPOINT_053.rs,P2,memory,GEN_SQL_CONSTRAINT_TX,1783587,3730012,2.091298,-109.129804,true,3
1979,11845,JSON_ARROW_A,SQLITE_PARITY_11845_JSON_ARROW_A.rs,P0,memory,SQL_JSON,1418917,2966737,2.090846,-109.084605,true,3
1980,00381,SCALAR_CAST_TYPEOF_039,SQLITE_PARITY_381_SCALAR_CAST_TYPEOF_039.rs,P1,memory,GEN_SQL_SCALAR,1522302,3182806,2.090785,-109.078488,true,3
1981,00791,WINDOW_PARTITION_SUM_004,SQLITE_PARITY_791_WINDOW_PARTITION_SUM_004.rs,P2,memory,GEN_SQL_WINDOW,1626359,3400267,2.090724,-109.072351,true,3
1982,00087,DATE_TIMEDIFF_FUNCTION,SQLITE_PARITY_087_DATE_TIMEDIFF_FUNCTION.rs,P0,memory,SQL_FUNCTIONS,1411161,2950225,2.090637,-109.063672,true,3
1983,11340,AFFINITY_VARCHAR_8_INT_1,SQLITE_PARITY_11340_AFFINITY_VARCHAR_8_INT_1.rs,P0,memory,SQL_TYPE_AFFINITY,1587074,3317751,2.090483,-109.048286,true,3
1984,00354,SCALAR_STRING_032,SQLITE_PARITY_354_SCALAR_STRING_032.rs,P1,memory,GEN_SQL_SCALAR,1393528,2912604,2.090094,-109.009363,true,3
1985,00829,WINDOW_PARTITION_SUM_042,SQLITE_PARITY_829_WINDOW_PARTITION_SUM_042.rs,P2,memory,GEN_SQL_WINDOW,1638101,3422870,2.089535,-108.953538,true,3
1986,00544,AGG_GROUP_HAVING_037,SQLITE_PARITY_544_AGG_GROUP_HAVING_037.rs,P1,memory,GEN_SQL_AGGREGATE,1856575,3879083,2.089376,-108.937587,true,3
1987,00320,SCALAR_ARITH_024,SQLITE_PARITY_320_SCALAR_ARITH_024.rs,P1,memory,GEN_SQL_SCALAR,1416492,2959423,2.089262,-108.926206,true,3
1988,11902,WIN_SUM_ROWS_1_PREC_1_FOLL,SQLITE_PARITY_11902_WIN_SUM_ROWS_1_PREC_1_FOLL.rs,P0,memory,SQL_WINDOW,1627080,3399015,2.089028,-108.902758,true,3
1989,00855,WINDOW_PARTITION_SUM_068,SQLITE_PARITY_855_WINDOW_PARTITION_SUM_068.rs,P2,memory,GEN_SQL_WINDOW,1725547,3603492,2.088319,-108.831866,true,3
1990,11415,STRING_LTRIM_,SQLITE_PARITY_11415_STRING_LTRIM_.rs,P0,memory,SQL_STRING,1448272,3024035,2.088030,-108.802973,true,3
1991,00036,CREATE_VIEW,SQLITE_PARITY_036_CREATE_VIEW.rs,P0,memory,SQL_VIEW,1468841,3066756,2.087875,-108.787473,true,3
1992,00150,DOT_BACKUP_RESTORE_TEMPFILE,SQLITE_PARITY_150_DOT_BACKUP_RESTORE_TEMPFILE.rs,P1,tempfile,CLI_TEMPFILE,2079958,4341729,2.087412,-108.741186,true,3
1993,10200,OPT_ECHO_INPUT,SQLITE_PARITY_10200_OPT_ECHO_INPUT.rs,P0,memory,CLI_OPTION,1419638,2963029,2.087172,-108.717222,true,3
1994,00881,CONSTRAINT_FK_SAVEPOINT_014,SQLITE_PARITY_881_CONSTRAINT_FK_SAVEPOINT_014.rs,P2,memory,GEN_SQL_CONSTRAINT_TX,1843279,3847043,2.087065,-108.706495,true,3
1995,00328,SCALAR_ARITH_026,SQLITE_PARITY_328_SCALAR_ARITH_026.rs,P1,memory,GEN_SQL_SCALAR,1472498,3072607,2.086663,-108.666294,true,3
1996,10508,SUBQUERY_IN_DELETE_WHERE,SQLITE_PARITY_10508_SUBQUERY_IN_DELETE_WHERE.rs,P0,memory,SQL_SUBQUERY,1631650,3404285,2.086406,-108.640640,true,3
1997,11218,CAST_REAL_3_14_AS_BLOB,SQLITE_PARITY_11218_CAST_REAL_3_14_AS_BLOB.rs,P0,memory,SQL_CAST,1533734,3199949,2.086378,-108.637808,true,3
1998,10599,NOT_GLOB_BASIC,SQLITE_PARITY_10599_NOT_GLOB_BASIC.rs,P0,memory,SQL_PATTERN,1521300,3172275,2.085240,-108.523960,true,3
1999,11950,WIN_FIRST_VALUE_ROWS_UNBND_PREC_CURRENT,SQLITE_PARITY_11950_WIN_FIRST_VALUE_ROWS_UNBND_PREC_CURRENT.rs,P0,memory,SQL_WINDOW,1617302,3371994,2.084950,-108.495012,true,3
2000,12010,PRAGMA_TEMP_STORE,SQLITE_PARITY_12010_PRAGMA_TEMP_STORE.rs,P1,memory,SQL_PRAGMA,1171789,2442795,2.084671,-108.467139,true,3
2001,01041,JSON_EXTRACT_SET_034,SQLITE_PARITY_1041_JSON_EXTRACT_SET_034.rs,P2,memory,GEN_SQL_JSON,1649132,3436987,2.084119,-108.411880,true,3
2002,00341,SCALAR_CAST_TYPEOF_029,SQLITE_PARITY_341_SCALAR_CAST_TYPEOF_029.rs,P1,memory,GEN_SQL_SCALAR,1692745,3526756,2.083454,-108.345380,true,3
2003,10626,EMPTY_BLOB_LENGTH,SQLITE_PARITY_10626_EMPTY_BLOB_LENGTH.rs,P0,memory,SQL_BLOB,1505971,3137540,2.083400,-108.340001,true,3
2004,11317,AFFINITY_REAL_INT_BIG,SQLITE_PARITY_11317_AFFINITY_REAL_INT_BIG.rs,P0,memory,SQL_TYPE_AFFINITY,1578859,3289167,2.083256,-108.325569,true,3
2005,00315,SCALAR_NULL_COALESCE_022,SQLITE_PARITY_315_SCALAR_NULL_COALESCE_022.rs,P1,memory,GEN_SQL_SCALAR,1575743,3282454,2.083115,-108.311508,true,3
2006,00797,WINDOW_PARTITION_SUM_010,SQLITE_PARITY_797_WINDOW_PARTITION_SUM_010.rs,P2,memory,GEN_SQL_WINDOW,1767306,3681049,2.082859,-108.285888,true,3
2007,00091,MATH_FUNCTIONS_OPTIONAL,SQLITE_PARITY_091_MATH_FUNCTIONS_OPTIONAL.rs,P2,memory,SQL_FUNCTIONS_OPTIONAL,1442501,3004147,2.082596,-108.259613,true,3
2008,11929,WIN_COUNT_EXCL_NO_OTHERS,SQLITE_PARITY_11929_WIN_COUNT_EXCL_NO_OTHERS.rs,P0,memory,SQL_WINDOW,1621640,3376783,2.082326,-108.232592,true,3
2009,10604,NOT_LIKE_PRESERVES_NULL,SQLITE_PARITY_10604_NOT_LIKE_PRESERVES_NULL.rs,P0,memory,SQL_PATTERN,1327333,2763872,2.082275,-108.227476,true,3
2010,10527,AGGREGATE_OVER_ALL_NULL_SET,SQLITE_PARITY_10527_AGGREGATE_OVER_ALL_NULL_SET.rs,P0,memory,SQL_AGGREGATE_ADV,1601993,3335655,2.082191,-108.219075,true,3
2011,10163,DOT_MODE_COLUMN_AFTER_LIST,SQLITE_PARITY_10163_DOT_MODE_COLUMN_AFTER_LIST.rs,P0,memory,CLI_DOT_COMMAND,1430879,2978770,2.081776,-108.177631,true,3
2012,00535,AGG_GROUP_HAVING_028,SQLITE_PARITY_535_AGG_GROUP_HAVING_028.rs,P1,memory,GEN_SQL_AGGREGATE,1867936,3887931,2.081405,-108.140482,true,3
2013,11942,WIN_MAX_ROWS_1_PREC_1_FOLL,SQLITE_PARITY_11942_WIN_MAX_ROWS_1_PREC_1_FOLL.rs,P0,memory,SQL_WINDOW,1683227,3503303,2.081302,-108.130157,true,3
2014,11588,DATETIME_JULIANDAY_Y2K_START_OF_DAY,SQLITE_PARITY_11588_DATETIME_JULIANDAY_Y2K_START_OF_DAY.rs,P0,memory,SQL_DATETIME,1474101,3067808,2.081138,-108.113827,true,3
2015,00803,WINDOW_PARTITION_SUM_016,SQLITE_PARITY_803_WINDOW_PARTITION_SUM_016.rs,P2,memory,GEN_SQL_WINDOW,1629946,3391200,2.080560,-108.055972,true,3
2016,11725,DATETIME_DATE_Y2K_BASE,SQLITE_PARITY_11725_DATETIME_DATE_Y2K_BASE.rs,P0,memory,SQL_DATETIME,1458541,3033894,2.080088,-108.008825,true,3
2017,00313,SCALAR_CAST_TYPEOF_022,SQLITE_PARITY_313_SCALAR_CAST_TYPEOF_022.rs,P1,memory,GEN_SQL_SCALAR,1499970,3119526,2.079726,-107.972559,true,3
2018,00310,SCALAR_STRING_021,SQLITE_PARITY_310_SCALAR_STRING_021.rs,P1,memory,GEN_SQL_SCALAR,1567297,3258659,2.079159,-107.915858,true,3
2019,11103,MATH_POW_10_0_1,SQLITE_PARITY_11103_MATH_POW_10_0_1.rs,P1,memory,SQL_MATH,1491374,3100760,2.079130,-107.912972,true,3
2020,00589,AGG_GROUP_HAVING_082,SQLITE_PARITY_589_AGG_GROUP_HAVING_082.rs,P1,memory,GEN_SQL_AGGREGATE,1656065,3442267,2.078582,-107.858206,true,3
2021,00644,JOIN_SUBQUERY_EXISTS_037,SQLITE_PARITY_644_JOIN_SUBQUERY_EXISTS_037.rs,P1,memory,GEN_SQL_JOIN_SUBQUERY,1844983,3834769,2.078485,-107.848473,true,3
2022,00335,SCALAR_NULL_COALESCE_027,SQLITE_PARITY_335_SCALAR_NULL_COALESCE_027.rs,P1,memory,GEN_SQL_SCALAR,1481344,3078679,2.078301,-107.830119,true,3
2023,11549,DATETIME_STRFTIME_ISO_EPOCH_WEEKDAY_0,SQLITE_PARITY_11549_DATETIME_STRFTIME_ISO_EPOCH_WEEKDAY_0.rs,P0,memory,SQL_DATETIME,1502144,3120708,2.077503,-107.750256,true,3
2024,12009,PRAGMA_AUTO_VACUUM,SQLITE_PARITY_12009_PRAGMA_AUTO_VACUUM.rs,P1,memory,SQL_PRAGMA,1298408,2697376,2.077449,-107.744869,true,3
2025,11966,WIN_LAST_VALUE_EXCL_CURRENT_ROW,SQLITE_PARITY_11966_WIN_LAST_VALUE_EXCL_CURRENT_ROW.rs,P0,memory,SQL_WINDOW,1622912,3371232,2.077273,-107.727344,true,3
2026,00508,AGG_GROUP_HAVING_001,SQLITE_PARITY_508_AGG_GROUP_HAVING_001.rs,P1,memory,GEN_SQL_AGGREGATE,1832679,3806787,2.077171,-107.717063,true,3
2027,00767,CTE_RECURSIVE_MATRIX_060,SQLITE_PARITY_767_CTE_RECURSIVE_MATRIX_060.rs,P1,memory,GEN_SQL_CTE,1665322,3458768,2.076936,-107.693647,true,3
2028,00897,CONSTRAINT_FK_SAVEPOINT_030,SQLITE_PARITY_897_CONSTRAINT_FK_SAVEPOINT_030.rs,P2,memory,GEN_SQL_CONSTRAINT_TX,1622091,3368548,2.076670,-107.667017,true,3
2029,00704,JOIN_SUBQUERY_EXISTS_097,SQLITE_PARITY_704_JOIN_SUBQUERY_EXISTS_097.rs,P1,memory,GEN_SQL_JOIN_SUBQUERY,1801190,3738918,2.075804,-107.580433,true,3
2030,11700,DATETIME_DATE_UNIX_START_OF_MONTH,SQLITE_PARITY_11700_DATETIME_DATE_UNIX_START_OF_MONTH.rs,P0,memory,SQL_DATETIME,1455465,3021189,2.075755,-107.575517,true,3
2031,10366,WITH_PREFIX_INSERT_SELECT_RETURNING,SQLITE_PARITY_10366_WITH_PREFIX_INSERT_SELECT_RETURNING.rs,P0,memory,SQL_RETURNING,1630978,3384898,2.075379,-107.537931,true,3
2032,00069,COLLATE_NOCASE_RTRIM_BINARY,SQLITE_PARITY_069_COLLATE_NOCASE_RTRIM_BINARY.rs,P0,memory,SQL_COLLATION,1346549,2794370,2.075209,-107.520855,true,3
2033,00637,JOIN_SUBQUERY_EXISTS_030,SQLITE_PARITY_637_JOIN_SUBQUERY_EXISTS_030.rs,P1,memory,GEN_SQL_JOIN_SUBQUERY,1827109,3791007,2.074866,-107.486636,true,3
2034,10035,CREATE_INDEX_DESC_NULLS_LAST_REJECTED,SQLITE_PARITY_10035_CREATE_INDEX_DESC_NULLS_LAST_REJECTED.rs,P0,memory,SQL_NULL_ORDER,1518534,3150284,2.074556,-107.455612,true,3
2035,12029,PRAGMA_SET_AUTO_VACUUM_NONE,SQLITE_PARITY_12029_PRAGMA_SET_AUTO_VACUUM_NONE.rs,P1,memory,SQL_PRAGMA,1365105,2831190,2.073972,-107.397233,true,3
2036,11241,CAST_BLOB_HEX_AS_REAL,SQLITE_PARITY_11241_CAST_BLOB_HEX_AS_REAL.rs,P0,memory,SQL_CAST,1536760,3187063,2.073885,-107.388467,true,3
2037,00953,VIEW_TRIGGER_GENERATED_006,SQLITE_PARITY_953_VIEW_TRIGGER_GENERATED_006.rs,P2,memory,GEN_SQL_VIEW_TRIGGER,1844602,3825402,2.073836,-107.383598,true,3
2038,11520,DATETIME_DATE_EPOCH_PLUS_30_MINUTES,SQLITE_PARITY_11520_DATETIME_DATE_EPOCH_PLUS_30_MINUTES.rs,P0,memory,SQL_DATETIME,1484421,3078409,2.073811,-107.381127,true,3
2039,11530,DATETIME_DATE_EPOCH_START_OF_DAY,SQLITE_PARITY_11530_DATETIME_DATE_EPOCH_START_OF_DAY.rs,P0,memory,SQL_DATETIME,1527552,3167547,2.073610,-107.360993,true,3
2040,00910,CONSTRAINT_FK_SAVEPOINT_043,SQLITE_PARITY_910_CONSTRAINT_FK_SAVEPOINT_043.rs,P2,memory,GEN_SQL_CONSTRAINT_TX,1693816,3511478,2.073117,-107.311656,true,3
2041,10186,DOT_EXIT_TERMINATES,SQLITE_PARITY_10186_DOT_EXIT_TERMINATES.rs,P0,memory,CLI_DOT_COMMAND,1350236,2797346,2.071746,-107.174598,true,3
2042,00256,SCALAR_ARITH_008,SQLITE_PARITY_256_SCALAR_ARITH_008.rs,P1,memory,GEN_SQL_SCALAR,1492726,3092505,2.071716,-107.171644,true,3
2043,11094,MATH_ATAN2_0_0_1_0,SQLITE_PARITY_11094_MATH_ATAN2_0_0_1_0.rs,P1,memory,SQL_MATH,1476726,3058541,2.071164,-107.116351,true,3
2044,10281,FK_UPDATE_NO_ACTION_REJECTED,SQLITE_PARITY_10281_FK_UPDATE_NO_ACTION_REJECTED.rs,P0,memory,SQL_FOREIGN_KEYS,1542079,3193877,2.071150,-107.115005,true,3
2045,10016,IFNULL_TWO_ARG,SQLITE_PARITY_10016_IFNULL_TWO_ARG.rs,P0,memory,SQL_NULL_SEMANTICS,1328635,2750297,2.070017,-107.001697,true,3
2046,00836,WINDOW_PARTITION_SUM_049,SQLITE_PARITY_836_WINDOW_PARTITION_SUM_049.rs,P2,memory,GEN_SQL_WINDOW,1700119,3518842,2.069762,-106.976218,true,3
2047,11202,CAST_NULL_AS_TEXT,SQLITE_PARITY_11202_CAST_NULL_AS_TEXT.rs,P0,memory,SQL_CAST,1516501,3138502,2.069568,-106.956804,true,3
2048,11545,DATETIME_DATE_EPOCH_WEEKDAY_0,SQLITE_PARITY_11545_DATETIME_DATE_EPOCH_WEEKDAY_0.rs,P0,memory,SQL_DATETIME,1492305,3088357,2.069521,-106.952131,true,3
2049,10530,FILTER_PLUS_DISTINCT_COMBO,SQLITE_PARITY_10530_FILTER_PLUS_DISTINCT_COMBO.rs,P0,memory,SQL_AGGREGATE_ADV,1711440,3541835,2.069506,-106.950580,true,3
2050,10195,DOT_INDEXES_NAMED_INDEX,SQLITE_PARITY_10195_DOT_INDEXES_NAMED_INDEX.rs,P0,memory,CLI_DOT_COMMAND,1732631,3584937,2.069071,-106.907126,true,3
2051,11356,AFFINITY_NUMERIC_INT_1,SQLITE_PARITY_11356_AFFINITY_NUMERIC_INT_1.rs,P0,memory,SQL_TYPE_AFFINITY,1627151,3365391,2.068272,-106.827209,true,3
2052,01121,INDEX_SCHEMA_PRAGMA_054,SQLITE_PARITY_1121_INDEX_SCHEMA_PRAGMA_054.rs,P2,memory,GEN_SQL_INDEX_PRAGMA,1770412,3661272,2.068034,-106.803388,true,3
2053,10500,MULTIPLE_DERIVED_TABLES_IN_FROM,SQLITE_PARITY_10500_MULTIPLE_DERIVED_TABLES_IN_FROM.rs,P0,memory,SQL_SUBQUERY,1656426,3425445,2.067973,-106.797346,true,3
2054,00323,SCALAR_NULL_COALESCE_024,SQLITE_PARITY_323_SCALAR_NULL_COALESCE_024.rs,P1,memory,GEN_SQL_SCALAR,1471826,3043583,2.067896,-106.789593,true,3
2055,11816,JSON_JSON_TYPE_A_B_1,SQLITE_PARITY_11816_JSON_JSON_TYPE_A_B_1.rs,P0,memory,SQL_JSON,1345707,2782758,2.067878,-106.787807,true,3
2056,11217,CAST_REAL_3_14_AS_TEXT,SQLITE_PARITY_11217_CAST_REAL_3_14_AS_TEXT.rs,P0,memory,SQL_CAST,1548983,3202533,2.067507,-106.750687,true,3
2057,00288,SCALAR_ARITH_016,SQLITE_PARITY_288_SCALAR_ARITH_016.rs,P1,memory,GEN_SQL_SCALAR,1519397,3141197,2.067397,-106.739713,true,3
2058,00842,WINDOW_PARTITION_SUM_055,SQLITE_PARITY_842_WINDOW_PARTITION_SUM_055.rs,P2,memory,GEN_SQL_WINDOW,1624877,3358468,2.066906,-106.690599,true,3
2059,00262,SCALAR_STRING_009,SQLITE_PARITY_262_SCALAR_STRING_009.rs,P1,memory,GEN_SQL_SCALAR,1413405,2920879,2.066555,-106.655488,true,3
2060,00543,AGG_GROUP_HAVING_036,SQLITE_PARITY_543_AGG_GROUP_HAVING_036.rs,P1,memory,GEN_SQL_AGGREGATE,1813803,3747795,2.066264,-106.626354,true,3
2061,11956,WIN_FIRST_VALUE_EXCL_CURRENT_ROW,SQLITE_PARITY_11956_WIN_FIRST_VALUE_EXCL_CURRENT_ROW.rs,P0,memory,SQL_WINDOW,1615959,3338931,2.066223,-106.622260,true,3
2062,00348,SCALAR_ARITH_031,SQLITE_PARITY_348_SCALAR_ARITH_031.rs,P1,memory,GEN_SQL_SCALAR,1772095,3661472,2.066183,-106.618268,true,3
2063,11407,STRING_LOWER_ABC,SQLITE_PARITY_11407_STRING_LOWER_ABC.rs,P0,memory,SQL_STRING,1430989,2956367,2.065961,-106.596067,true,3
2064,10217,OPT_MODE_LIST,SQLITE_PARITY_10217_OPT_MODE_LIST.rs,P0,memory,CLI_OPTION,1397415,2886605,2.065675,-106.567484,true,3
2065,00861,WINDOW_PARTITION_SUM_074,SQLITE_PARITY_861_WINDOW_PARTITION_SUM_074.rs,P2,memory,GEN_SQL_WINDOW,1736297,3585909,2.065262,-106.526245,true,3
2066,11014,MATH_ASINH_1_0,SQLITE_PARITY_11014_MATH_ASINH_1_0.rs,P1,memory,SQL_MATH,1549323,3199518,2.065107,-106.510715,true,3
2067,10218,OPT_MODE_MARKDOWN,SQLITE_PARITY_10218_OPT_MODE_MARKDOWN.rs,P0,memory,CLI_OPTION,1445997,2985051,2.064355,-106.435491,true,3
2068,00852,WINDOW_PARTITION_SUM_065,SQLITE_PARITY_852_WINDOW_PARTITION_SUM_065.rs,P2,memory,GEN_SQL_WINDOW,1653892,3413392,2.063854,-106.385423,true,3
2069,01091,INDEX_SCHEMA_PRAGMA_024,SQLITE_PARITY_1091_INDEX_SCHEMA_PRAGMA_024.rs,P2,memory,GEN_SQL_INDEX_PRAGMA,1817451,3750781,2.063759,-106.375908,true,3
2070,11610,DATETIME_DATE_DATE_2024_PLUS_5_DAYS,SQLITE_PARITY_11610_DATETIME_DATE_DATE_2024_PLUS_5_DAYS.rs,P0,memory,SQL_DATETIME,1528583,3154342,2.063573,-106.357260,true,3
2071,11905,WIN_SUM_GROUPS_1_PREC_CURRENT,SQLITE_PARITY_11905_WIN_SUM_GROUPS_1_PREC_CURRENT.rs,P0,memory,SQL_WINDOW,1629044,3361645,2.063569,-106.356919,true,3
2072,11954,WIN_FIRST_VALUE_RANGE_UNBND_PREC_CURRENT,SQLITE_PARITY_11954_WIN_FIRST_VALUE_RANGE_UNBND_PREC_CURRENT.rs,P0,memory,SQL_WINDOW,1625517,3353809,2.063226,-106.322604,true,3
2073,10506,SUBQUERY_IN_INSERT_VALUES,SQLITE_PARITY_10506_SUBQUERY_IN_INSERT_VALUES.rs,P0,memory,SQL_SUBQUERY,1757707,3624412,2.062011,-106.201147,true,3
2074,11945,WIN_MAX_GROUPS_1_PREC_CURRENT,SQLITE_PARITY_11945_WIN_MAX_GROUPS_1_PREC_CURRENT.rs,P0,memory,SQL_WINDOW,1779739,3668164,2.061069,-106.106850,true,3
2075,00963,VIEW_TRIGGER_GENERATED_016,SQLITE_PARITY_963_VIEW_TRIGGER_GENERATED_016.rs,P2,memory,GEN_SQL_VIEW_TRIGGER,1761475,3630393,2.060996,-106.099604,true,3
2076,10179,DOT_DATABASES_MAIN,SQLITE_PARITY_10179_DOT_DATABASES_MAIN.rs,P0,memory,CLI_DOT_COMMAND,1369683,2822383,2.060610,-106.061037,true,3
2077,11846,JSON_DARROW_A,SQLITE_PARITY_11846_JSON_DARROW_A.rs,P0,memory,SQL_JSON,1417474,2919947,2.059965,-105.996512,true,3
2078,10336,ON_CONFLICT_RETURNING_UPDATED,SQLITE_PARITY_10336_ON_CONFLICT_RETURNING_UPDATED.rs,P0,memory,SQL_UPSERT,1553331,3199597,2.059829,-105.982949,true,3
2079,12001,PRAGMA_PAGE_COUNT,SQLITE_PARITY_12001_PRAGMA_PAGE_COUNT.rs,P1,memory,SQL_PRAGMA,1409769,2903297,2.059413,-105.941328,true,3
2080,11041,MATH_DEGREES_3_14159265358979,SQLITE_PARITY_11041_MATH_DEGREES_3_14159265358979.rs,P1,memory,SQL_MATH,1466827,3020658,2.059314,-105.931442,true,3
2081,10618,BLOB_AFFINITY_INTEGER_COLUMN,SQLITE_PARITY_10618_BLOB_AFFINITY_INTEGER_COLUMN.rs,P0,memory,SQL_BLOB,1639224,3374038,2.058314,-105.831418,true,3
2082,11326,AFFINITY_DOUBLE_REAL_HALF,SQLITE_PARITY_11326_AFFINITY_DOUBLE_REAL_HALF.rs,P0,memory,SQL_TYPE_AFFINITY,1696231,3491330,2.058287,-105.828687,true,3
2083,10227,OPT_STATS,SQLITE_PARITY_10227_OPT_STATS.rs,P0,memory,CLI_OPTION,1431701,2946428,2.057991,-105.799116,true,3
2084,00599,AGG_GROUP_HAVING_092,SQLITE_PARITY_599_AGG_GROUP_HAVING_092.rs,P1,memory,GEN_SQL_AGGREGATE,1740094,3580218,2.057485,-105.748540,true,3
2085,00834,WINDOW_PARTITION_SUM_047,SQLITE_PARITY_834_WINDOW_PARTITION_SUM_047.rs,P2,memory,GEN_SQL_WINDOW,1758258,3617148,2.057234,-105.723392,true,3
2086,11553,DATETIME_JULIANDAY_EPOCH_UTC,SQLITE_PARITY_11553_DATETIME_JULIANDAY_EPOCH_UTC.rs,P0,memory,SQL_DATETIME,1502154,3090170,2.057159,-105.715925,true,3
2087,11940,WIN_MAX_ROWS_UNBND_PREC_CURRENT,SQLITE_PARITY_11940_WIN_MAX_ROWS_UNBND_PREC_CURRENT.rs,P0,memory,SQL_WINDOW,1667306,3429602,2.056972,-105.697215,true,3
2088,00934,CONSTRAINT_FK_SAVEPOINT_067,SQLITE_PARITY_934_CONSTRAINT_FK_SAVEPOINT_067.rs,P2,memory,GEN_SQL_CONSTRAINT_TX,1708234,3513612,2.056868,-105.686809,true,3
2089,10075,SQLITE_SEQUENCE_VISIBLE_AFTER_INSERT,SQLITE_PARITY_10075_SQLITE_SEQUENCE_VISIBLE_AFTER_INSERT.rs,P0,memory,SQL_AUTOINCREMENT,1514798,3115018,2.056392,-105.639168,true,3
2090,00189,OPT_ECHO,SQLITE_PARITY_189_OPT_ECHO.rs,P2,memory,CLI_OPTION,1373881,2824698,2.055999,-105.599903,true,3
2091,10298,BEGIN_EXCLUSIVE_BASIC,SQLITE_PARITY_10298_BEGIN_EXCLUSIVE_BASIC.rs,P0,memory,SQL_TRANSACTION,1634564,3360642,2.055987,-105.598680,true,3
2092,00267,SCALAR_NULL_COALESCE_010,SQLITE_PARITY_267_SCALAR_NULL_COALESCE_010.rs,P1,memory,GEN_SQL_SCALAR,1412515,2903667,2.055672,-105.567162,true,3
2093,00916,CONSTRAINT_FK_SAVEPOINT_049,SQLITE_PARITY_916_CONSTRAINT_FK_SAVEPOINT_049.rs,P2,memory,GEN_SQL_CONSTRAINT_TX,1697794,3488886,2.054952,-105.495249,true,3
2094,00832,WINDOW_PARTITION_SUM_045,SQLITE_PARITY_832_WINDOW_PARTITION_SUM_045.rs,P2,memory,GEN_SQL_WINDOW,1781533,3660179,2.054511,-105.451092,true,3
2095,00004,TABLE_CONSTRAINTS_SUCCESS,SQLITE_PARITY_004_TABLE_CONSTRAINTS_SUCCESS.rs,P0,memory,SQL_CONSTRAINTS,1512964,3107603,2.053983,-105.398344,true,3
2096,10513,SUM_DISTINCT_BASIC,SQLITE_PARITY_10513_SUM_DISTINCT_BASIC.rs,P0,memory,SQL_AGGREGATE_ADV,1628503,3344111,2.053488,-105.348777,true,3
2097,10575,UPDATE_ON_VIEW,SQLITE_PARITY_10575_UPDATE_ON_VIEW.rs,P0,memory,SQL_ERROR_MESSAGES,1495441,3070763,2.053416,-105.341635,true,3
2098,11659,DATETIME_STRFTIME_ISO_DATE_2024_WEEKDAY_0,SQLITE_PARITY_11659_DATETIME_STRFTIME_ISO_DATE_2024_WEEKDAY_0.rs,P0,memory,SQL_DATETIME,1462850,3001783,2.052010,-105.201012,true,3
2099,00519,AGG_GROUP_HAVING_012,SQLITE_PARITY_519_AGG_GROUP_HAVING_012.rs,P1,memory,GEN_SQL_AGGREGATE,1742248,3574387,2.051595,-105.159484,true,3
2100,10606,LIKE_ON_INDEXED_COLUMN,SQLITE_PARITY_10606_LIKE_ON_INDEXED_COLUMN.rs,P0,memory,SQL_PATTERN,1614647,3312492,2.051527,-105.152705,true,3
2101,10403,PRAGMA_FUNCTION_LIST_FILTERED,SQLITE_PARITY_10403_PRAGMA_FUNCTION_LIST_FILTERED.rs,P0,memory,SQL_SCHEMA_INTROSPECTION,1561316,3202263,2.051002,-105.100249,true,3
2102,00627,JOIN_SUBQUERY_EXISTS_020,SQLITE_PARITY_627_JOIN_SUBQUERY_EXISTS_020.rs,P1,memory,GEN_SQL_JOIN_SUBQUERY,1857707,3807558,2.049601,-104.960093,true,3
2103,00169,DOT_NONCE_SAFE_MODE,SQLITE_PARITY_169_DOT_NONCE_SAFE_MODE.rs,P2,memory,CLI_DOT_COMMAND,1390212,2848633,2.049064,-104.906374,true,3
2104,00237,SCALAR_CAST_TYPEOF_003,SQLITE_PARITY_237_SCALAR_CAST_TYPEOF_003.rs,P1,memory,GEN_SQL_SCALAR,1441729,2953601,2.048652,-104.865200,true,3
2105,00557,AGG_GROUP_HAVING_050,SQLITE_PARITY_557_AGG_GROUP_HAVING_050.rs,P1,memory,GEN_SQL_AGGREGATE,1808995,3705555,2.048405,-104.840533,true,3
2106,00624,JOIN_SUBQUERY_EXISTS_017,SQLITE_PARITY_624_JOIN_SUBQUERY_EXISTS_017.rs,P1,memory,GEN_SQL_JOIN_SUBQUERY,1792463,3670198,2.047573,-104.757253,true,3
2107,11834,JSON_JSON_ARRAY_LENGTH_MISSING,SQLITE_PARITY_11834_JSON_JSON_ARRAY_LENGTH_MISSING.rs,P0,memory,SQL_JSON,1412805,2891744,2.046810,-104.681042,true,3
2108,11543,DATETIME_JULIANDAY_EPOCH_START_OF_YEAR,SQLITE_PARITY_11543_DATETIME_JULIANDAY_EPOCH_START_OF_YEAR.rs,P0,memory,SQL_DATETIME,1532782,3136698,2.046408,-104.640843,true,3
2109,00171,OPT_HELP,SQLITE_PARITY_171_OPT_HELP.rs,P1,memory,CLI_OPTION,1022235,2091830,2.046330,-104.632986,true,3
2110,11865,JSON_ARROW_A_B_99,SQLITE_PARITY_11865_JSON_ARROW_A_B_99.rs,P0,memory,SQL_JSON,1477998,3024225,2.046163,-104.616312,true,3
2111,00793,WINDOW_PARTITION_SUM_006,SQLITE_PARITY_793_WINDOW_PARTITION_SUM_006.rs,P2,memory,GEN_SQL_WINDOW,1689168,3455632,2.045760,-104.575981,true,3
2112,00872,CONSTRAINT_FK_SAVEPOINT_005,SQLITE_PARITY_872_CONSTRAINT_FK_SAVEPOINT_005.rs,P2,memory,GEN_SQL_CONSTRAINT_TX,1816218,3714993,2.045455,-104.545545,true,3
2113,10598,GLOB_NEGATED_CHAR_CLASS,SQLITE_PARITY_10598_GLOB_NEGATED_CHAR_CLASS.rs,P0,memory,SQL_PATTERN,1609016,3290961,2.045325,-104.532522,true,3
2114,00626,JOIN_SUBQUERY_EXISTS_019,SQLITE_PARITY_626_JOIN_SUBQUERY_EXISTS_019.rs,P1,memory,GEN_SQL_JOIN_SUBQUERY,1769610,3619202,2.045198,-104.519753,true,3
2115,10592,LIKE_CASE_SENSITIVE_PRAGMA_ON,SQLITE_PARITY_10592_LIKE_CASE_SENSITIVE_PRAGMA_ON.rs,P0,memory,SQL_PATTERN,1491554,3049203,2.044313,-104.431284,true,3
2116,00533,AGG_GROUP_HAVING_026,SQLITE_PARITY_533_AGG_GROUP_HAVING_026.rs,P1,memory,GEN_SQL_AGGREGATE,1851055,3782421,2.043387,-104.338661,true,3
2117,00815,WINDOW_PARTITION_SUM_028,SQLITE_PARITY_815_WINDOW_PARTITION_SUM_028.rs,P2,memory,GEN_SQL_WINDOW,1784749,3646594,2.043197,-104.319711,true,3
2118,00149,DOT_ONCE_TEMPFILE,SQLITE_PARITY_149_DOT_ONCE_TEMPFILE.rs,P1,tempfile,CLI_TEMPFILE,1550876,3168729,2.043187,-104.318656,true,3
2119,11643,DATETIME_JULIANDAY_DATE_2024_START_OF_DAY,SQLITE_PARITY_11643_DATETIME_JULIANDAY_DATE_2024_START_OF_DAY.rs,P0,memory,SQL_DATETIME,1526640,3119055,2.043085,-104.308481,true,3
2120,00417,DML_WHERE_ORDER_LIMIT_030,SQLITE_PARITY_417_DML_WHERE_ORDER_LIMIT_030.rs,P1,memory,GEN_SQL_DML,1684699,3441054,2.042533,-104.253341,true,3
2121,00214,DROP_TABLE,SQLITE_PARITY_214_DROP_TABLE.rs,P0,memory,SQL_DROP,1662918,3395949,2.042163,-104.216263,true,3
2122,10095,STRICT_BLOB_REJECTS_TEXT,SQLITE_PARITY_10095_STRICT_BLOB_REJECTS_TEXT.rs,P0,memory,SQL_STRICT_TABLES,1357019,2771056,2.042017,-104.201710,true,3
2123,10100,STRICT_NOT_NULL_REJECTS_NULL,SQLITE_PARITY_10100_STRICT_NOT_NULL_REJECTS_NULL.rs,P0,memory,SQL_STRICT_TABLES,1434346,2928304,2.041560,-104.156040,true,3
2124,10410,ADD_COLUMN_NOT_NULL_DEFAULT,SQLITE_PARITY_10410_ADD_COLUMN_NOT_NULL_DEFAULT.rs,P0,memory,SQL_ALTER,1618043,3302893,2.041289,-104.128877,true,3
2125,10555,NO_SUCH_COLUMN,SQLITE_PARITY_10555_NO_SUCH_COLUMN.rs,P0,memory,SQL_ERROR_MESSAGES,1292207,2637684,2.041224,-104.122405,true,3
2126,11634,DATETIME_STRFTIME_ISO_DATE_2024_PLUS_30_MINUTES,SQLITE_PARITY_11634_DATETIME_STRFTIME_ISO_DATE_2024_PLUS_30_MINUTES.rs,P0,memory,SQL_DATETIME,1577527,3217051,2.039300,-103.930012,true,3
2127,00515,AGG_GROUP_HAVING_008,SQLITE_PARITY_515_AGG_GROUP_HAVING_008.rs,P1,memory,GEN_SQL_AGGREGATE,1860502,3793442,2.038935,-103.893465,true,3
2128,00503,DML_WHERE_ORDER_LIMIT_116,SQLITE_PARITY_503_DML_WHERE_ORDER_LIMIT_116.rs,P1,memory,GEN_SQL_DML,1856184,3784074,2.038631,-103.863087,true,3
2129,00856,WINDOW_PARTITION_SUM_069,SQLITE_PARITY_856_WINDOW_PARTITION_SUM_069.rs,P2,memory,GEN_SQL_WINDOW,1695821,3456914,2.038490,-103.848991,true,3
2130,12022,PRAGMA_STATS,SQLITE_PARITY_12022_PRAGMA_STATS.rs,P1,memory,SQL_PRAGMA,1316383,2681967,2.037376,-103.737590,true,3
2131,10446,JOIN_LEFT_PRESERVES_NULL,SQLITE_PARITY_10446_JOIN_LEFT_PRESERVES_NULL.rs,P0,memory,SQL_JOIN,1680101,3422700,2.037199,-103.719895,true,3
2132,12016,PRAGMA_MMAP_SIZE,SQLITE_PARITY_12016_PRAGMA_MMAP_SIZE.rs,P1,memory,SQL_PRAGMA,1334847,2718697,2.036711,-103.671057,true,3
2133,00612,JOIN_SUBQUERY_EXISTS_005,SQLITE_PARITY_612_JOIN_SUBQUERY_EXISTS_005.rs,P1,memory,GEN_SQL_JOIN_SUBQUERY,1754642,3572233,2.035876,-103.587569,true,3
2134,10064,AUTOINCREMENT_KEYWORD_CREATES_SEQUENCE,SQLITE_PARITY_10064_AUTOINCREMENT_KEYWORD_CREATES_SEQUENCE.rs,P0,memory,SQL_AUTOINCREMENT,1591994,3240656,2.035596,-103.559561,true,3
2135,11521,DATETIME_TIME_EPOCH_PLUS_30_MINUTES,SQLITE_PARITY_11521_DATETIME_TIME_EPOCH_PLUS_30_MINUTES.rs,P0,memory,SQL_DATETIME,1476596,3005721,2.035574,-103.557439,true,3
2136,00378,SCALAR_STRING_038,SQLITE_PARITY_378_SCALAR_STRING_038.rs,P1,memory,GEN_SQL_SCALAR,1484361,3021110,2.035293,-103.529330,true,3
2137,11661,DATETIME_TIME_DATE_2024_UTC,SQLITE_PARITY_11661_DATETIME_TIME_DATE_2024_UTC.rs,P0,memory,SQL_DATETIME,1399579,2847641,2.034641,-103.464113,true,3
2138,00838,WINDOW_PARTITION_SUM_051,SQLITE_PARITY_838_WINDOW_PARTITION_SUM_051.rs,P2,memory,GEN_SQL_WINDOW,1772997,3607049,2.034436,-103.443604,true,3
2139,00579,AGG_GROUP_HAVING_072,SQLITE_PARITY_579_AGG_GROUP_HAVING_072.rs,P1,memory,GEN_SQL_AGGREGATE,1802112,3666031,2.034297,-103.429698,true,3
2140,00179,OPT_MARKDOWN_MODE,SQLITE_PARITY_179_OPT_MARKDOWN_MODE.rs,P2,memory,CLI_OPTION,1372799,2791094,2.033141,-103.314105,true,3
2141,00922,CONSTRAINT_FK_SAVEPOINT_055,SQLITE_PARITY_922_CONSTRAINT_FK_SAVEPOINT_055.rs,P2,memory,GEN_SQL_CONSTRAINT_TX,1711620,3479708,2.032991,-103.299097,true,3
2142,10046,SUM_AVG_ALL_NULL_RETURNS_NULL,SQLITE_PARITY_10046_SUM_AVG_ALL_NULL_RETURNS_NULL.rs,P0,memory,SQL_AGGREGATE_NULL,1456768,2961487,2.032916,-103.291602,true,3
2143,11621,DATETIME_TIME_DATE_2024_PLUS_1_YEAR,SQLITE_PARITY_11621_DATETIME_TIME_DATE_2024_PLUS_1_YEAR.rs,P0,memory,SQL_DATETIME,1520037,3089559,2.032555,-103.255513,true,3
2144,00287,SCALAR_NULL_COALESCE_015,SQLITE_PARITY_287_SCALAR_NULL_COALESCE_015.rs,P1,memory,GEN_SQL_SCALAR,1518796,3086523,2.032217,-103.221697,true,3
2145,00242,SCALAR_STRING_004,SQLITE_PARITY_242_SCALAR_STRING_004.rs,P1,memory,GEN_SQL_SCALAR,1444885,2935929,2.031946,-103.194649,true,3
2146,11682,DATETIME_DATETIME_UNIX_PLUS_3_HOURS,SQLITE_PARITY_11682_DATETIME_DATETIME_UNIX_PLUS_3_HOURS.rs,P0,memory,SQL_DATETIME,1442782,2930528,2.031165,-103.116479,true,3
2147,11438,STRING_SOUNDEX_RUPERT,SQLITE_PARITY_11438_STRING_SOUNDEX_RUPERT.rs,P0,memory,SQL_STRING,1266468,2571539,2.030481,-103.048083,true,3
2148,11718,DATETIME_JULIANDAY_UNIX_UTC,SQLITE_PARITY_11718_DATETIME_JULIANDAY_UNIX_UTC.rs,P0,memory,SQL_DATETIME,1498156,3040847,2.029727,-102.972654,true,3
2149,10223,OPT_LOOKASIDE_ZERO,SQLITE_PARITY_10223_OPT_LOOKASIDE_ZERO.rs,P0,memory,CLI_OPTION,1367398,2774753,2.029221,-102.922119,true,3
2150,10449,JOIN_FULL_OUTER,SQLITE_PARITY_10449_JOIN_FULL_OUTER.rs,P0,memory,SQL_JOIN,1763117,3577052,2.028823,-102.882282,true,3
2151,11023,MATH_ATANH_0_9,SQLITE_PARITY_11023_MATH_ATANH_0_9.rs,P1,memory,SQL_MATH,1491554,3025728,2.028574,-102.857423,true,3
2152,10457,JOIN_COALESCE_ON_JOIN_COL,SQLITE_PARITY_10457_JOIN_COALESCE_ON_JOIN_COL.rs,P0,memory,SQL_JOIN,1696111,3440373,2.028389,-102.838906,true,3
2153,00517,AGG_GROUP_HAVING_010,SQLITE_PARITY_517_AGG_GROUP_HAVING_010.rs,P1,memory,GEN_SQL_AGGREGATE,1801931,3654689,2.028207,-102.820696,true,3
2154,01073,INDEX_SCHEMA_PRAGMA_006,SQLITE_PARITY_1073_INDEX_SCHEMA_PRAGMA_006.rs,P2,memory,GEN_SQL_INDEX_PRAGMA,1632771,3309887,2.027159,-102.715935,true,3
2155,10546,MEDIAN_REQUIRES_CAPABILITY,SQLITE_PARITY_10546_MEDIAN_REQUIRES_CAPABILITY.rs,P0,memory,SQL_AGGREGATE_ADV,1528514,3096723,2.025970,-102.596967,true,3
2156,10084,STRICT_INT_REJECTS_NON_WHOLE_REAL,SQLITE_PARITY_10084_STRICT_INT_REJECTS_NON_WHOLE_REAL.rs,P0,memory,SQL_STRICT_TABLES,1396163,2827644,2.025296,-102.529647,true,3
2157,00258,SCALAR_STRING_008,SQLITE_PARITY_258_SCALAR_STRING_008.rs,P1,memory,GEN_SQL_SCALAR,1430989,2897345,2.024715,-102.471507,true,3
2158,00184,OPT_ASCII_MODE,SQLITE_PARITY_184_OPT_ASCII_MODE.rs,P2,memory,CLI_OPTION,1420850,2876756,2.024673,-102.467256,true,3
2159,10406,PRAGMA_WRITABLE_SCHEMA_DEFAULT_OFF,SQLITE_PARITY_10406_PRAGMA_WRITABLE_SCHEMA_DEFAULT_OFF.rs,P0,memory,SQL_SCHEMA_INTROSPECTION,1352149,2737653,2.024668,-102.466814,true,3
2160,11059,MATH_LOG10_0_1,SQLITE_PARITY_11059_MATH_LOG10_0_1.rs,P1,memory,SQL_MATH,1657208,3354892,2.024424,-102.442421,true,3
2161,00651,JOIN_SUBQUERY_EXISTS_044,SQLITE_PARITY_651_JOIN_SUBQUERY_EXISTS_044.rs,P1,memory,GEN_SQL_JOIN_SUBQUERY,1851956,3748226,2.023928,-102.392821,true,3
2162,11036,MATH_COSH_0_0,SQLITE_PARITY_11036_MATH_COSH_0_0.rs,P1,memory,SQL_MATH,1623234,3284288,2.023299,-102.329917,true,3
2163,12013,PRAGMA_ENCODING,SQLITE_PARITY_12013_PRAGMA_ENCODING.rs,P1,memory,SQL_PRAGMA,1368541,2768110,2.022672,-102.267232,true,3
2164,11207,CAST_INT_5_AS_TEXT,SQLITE_PARITY_11207_CAST_INT_5_AS_TEXT.rs,P0,memory,SQL_CAST,1591343,3218734,2.022653,-102.265256,true,3
2165,12015,PRAGMA_SECURE_DELETE,SQLITE_PARITY_12015_PRAGMA_SECURE_DELETE.rs,P1,memory,SQL_PRAGMA,1383970,2799150,2.022551,-102.255107,true,3
2166,00126,DOT_STATS,SQLITE_PARITY_126_DOT_STATS.rs,P3,memory,CLI_DOT_COMMAND_DIAGNOSTIC,1471486,2974592,2.021488,-102.148848,true,3
2167,10574,INSERT_INTO_VIEW,SQLITE_PARITY_10574_INSERT_INTO_VIEW.rs,P0,memory,SQL_ERROR_MESSAGES,1527993,3088768,2.021454,-102.145429,true,3
2168,11805,JSON_JSON_EXTRACT_A_B_1_C,SQLITE_PARITY_11805_JSON_JSON_EXTRACT_A_B_1_C.rs,P0,memory,SQL_JSON,1453562,2937361,2.020802,-102.080200,true,3
2169,10424,ADD_COLUMN_DEFAULT_FILLS_EXISTING_ROWS,SQLITE_PARITY_10424_ADD_COLUMN_DEFAULT_FILLS_EXISTING_ROWS.rs,P0,memory,SQL_ALTER,1638121,3309857,2.020520,-102.052046,true,3
2170,00231,SCALAR_NULL_COALESCE_001,SQLITE_PARITY_231_SCALAR_NULL_COALESCE_001.rs,P1,memory,GEN_SQL_SCALAR,1477998,2985773,2.020147,-102.014685,true,3
2171,10268,PRAGMA_FOREIGN_KEY_CHECK_FINDS_VIOLATION_WITH_DEFER,SQLITE_PARITY_10268_PRAGMA_FOREIGN_KEY_CHECK_FINDS_VIOLATION_WITH_DEFER.rs,P0,memory,SQL_PRAGMA,1462048,2952069,2.019133,-101.913275,true,3
2172,10356,UPDATE_RETURNING_BASIC,SQLITE_PARITY_10356_UPDATE_RETURNING_BASIC.rs,P0,memory,SQL_RETURNING,1899756,3835301,2.018839,-101.883874,true,3
2173,01125,INDEX_SCHEMA_PRAGMA_058,SQLITE_PARITY_1125_INDEX_SCHEMA_PRAGMA_058.rs,P2,memory,GEN_SQL_INDEX_PRAGMA,1673218,3376102,2.017730,-101.772991,true,3
2174,00618,JOIN_SUBQUERY_EXISTS_011,SQLITE_PARITY_618_JOIN_SUBQUERY_EXISTS_011.rs,P1,memory,GEN_SQL_JOIN_SUBQUERY,1781182,3593333,2.017387,-101.738677,true,3
2175,00410,DML_WHERE_ORDER_LIMIT_023,SQLITE_PARITY_410_DML_WHERE_ORDER_LIMIT_023.rs,P1,memory,GEN_SQL_DML,1743260,3514935,2.016300,-101.629992,true,3
2176,10470,JOIN_FOUR_TABLE_CHAIN,SQLITE_PARITY_10470_JOIN_FOUR_TABLE_CHAIN.rs,P0,memory,SQL_JOIN,1866444,3760920,2.015019,-101.501893,true,3
2177,00240,SCALAR_ARITH_004,SQLITE_PARITY_240_SCALAR_ARITH_004.rs,P1,memory,GEN_SQL_SCALAR,1510660,3043913,2.014956,-101.495571,true,3
2178,11858,JSON_DARROW_D_0,SQLITE_PARITY_11858_JSON_DARROW_D_0.rs,P0,memory,SQL_JSON,1489770,3001502,2.014742,-101.474187,true,3
2179,01000,VIEW_TRIGGER_GENERATED_053,SQLITE_PARITY_1000_VIEW_TRIGGER_GENERATED_053.rs,P2,memory,GEN_SQL_VIEW_TRIGGER,1871833,3770689,2.014437,-101.443665,true,3
2180,00173,OPT_LIST_MODE,SQLITE_PARITY_173_OPT_LIST_MODE.rs,P1,memory,CLI_OPTION,1295783,2607777,2.012511,-101.251058,true,3
2181,00798,WINDOW_PARTITION_SUM_011,SQLITE_PARITY_798_WINDOW_PARTITION_SUM_011.rs,P2,memory,GEN_SQL_WINDOW,1893675,3807318,2.010545,-101.054458,true,3
2182,11697,DATETIME_DATETIME_UNIX_START_OF_DAY,SQLITE_PARITY_11697_DATETIME_DATETIME_UNIX_START_OF_DAY.rs,P0,memory,SQL_DATETIME,1371036,2756168,2.010281,-101.028128,true,3
2183,12008,PRAGMA_CHECKPOINT_FULLFSYNC,SQLITE_PARITY_12008_PRAGMA_CHECKPOINT_FULLFSYNC.rs,P1,memory,SQL_PRAGMA,1336070,2684773,2.009455,-100.945534,true,3
2184,11097,MATH_LOG_10_0_100_0,SQLITE_PARITY_11097_MATH_LOG_10_0_100_0.rs,P1,memory,SQL_MATH,1633823,3282755,2.009248,-100.924764,true,3
2185,00445,DML_WHERE_ORDER_LIMIT_058,SQLITE_PARITY_445_DML_WHERE_ORDER_LIMIT_058.rs,P1,memory,GEN_SQL_DML,1939351,3896387,2.009119,-100.911903,true,3
2186,10224,OPT_PAGECACHE_ZERO,SQLITE_PARITY_10224_OPT_PAGECACHE_ZERO.rs,P0,memory,CLI_OPTION,1404258,2820159,2.008291,-100.829121,true,3
2187,11652,DATETIME_DATETIME_DATE_2024_START_OF_YEAR,SQLITE_PARITY_11652_DATETIME_DATETIME_DATE_2024_START_OF_YEAR.rs,P0,memory,SQL_DATETIME,1413165,2836460,2.007168,-100.716831,true,3
2188,11026,MATH_CEIL_1_4,SQLITE_PARITY_11026_MATH_CEIL_1_4.rs,P1,memory,SQL_MATH,1535267,3079139,2.005605,-100.560489,true,3
2189,00928,CONSTRAINT_FK_SAVEPOINT_061,SQLITE_PARITY_928_CONSTRAINT_FK_SAVEPOINT_061.rs,P2,memory,GEN_SQL_CONSTRAINT_TX,1847238,3703632,2.004957,-100.495659,true,3
2190,11358,AFFINITY_NUMERIC_REAL_HALF,SQLITE_PARITY_11358_AFFINITY_NUMERIC_REAL_HALF.rs,P0,memory,SQL_TYPE_AFFINITY,1592034,3191703,2.004796,-100.479575,true,3
2191,11920,WIN_COUNT_ROWS_UNBND_PREC_CURRENT,SQLITE_PARITY_11920_WIN_COUNT_ROWS_UNBND_PREC_CURRENT.rs,P0,memory,SQL_WINDOW,1540527,3088247,2.004669,-100.466918,true,3
2192,00810,WINDOW_PARTITION_SUM_023,SQLITE_PARITY_810_WINDOW_PARTITION_SUM_023.rs,P2,memory,GEN_SQL_WINDOW,1754120,3515275,2.004011,-100.401056,true,3
2193,10427,REC_COUNTER_UNION_DEDUPES,SQLITE_PARITY_10427_REC_COUNTER_UNION_DEDUPES.rs,P0,memory,SQL_RECURSIVE_CTE,1657258,3320837,2.003814,-100.381413,true,3
2194,11303,AFFINITY_INTEGER_REAL_BIG,SQLITE_PARITY_11303_AFFINITY_INTEGER_REAL_BIG.rs,P0,memory,SQL_TYPE_AFFINITY,1535617,3075613,2.002852,-100.285162,true,3
2195,10272,FK_REFS_PK_HAPPY,SQLITE_PARITY_10272_FK_REFS_PK_HAPPY.rs,P0,memory,SQL_FOREIGN_KEYS,1713634,3429884,2.001527,-100.152658,true,3
2196,10242,PRAGMA_FOREIGN_KEYS_OFF_AGAIN,SQLITE_PARITY_10242_PRAGMA_FOREIGN_KEYS_OFF_AGAIN.rs,P0,memory,SQL_PRAGMA,1313927,2629237,2.001053,-100.105257,true,3
2197,10314,ROLLBACK_OF_SAVEPOINT_PRESERVES_OUTER,SQLITE_PARITY_10314_ROLLBACK_OF_SAVEPOINT_PRESERVES_OUTER.rs,P0,memory,SQL_TRANSACTION,1660373,3321799,2.000634,-100.063419,true,3
2198,10291,FK_COMPOSITE_HAPPY_AND_LIST,SQLITE_PARITY_10291_FK_COMPOSITE_HAPPY_AND_LIST.rs,P0,memory,SQL_FOREIGN_KEYS,1641979,3283747,1.999871,-99.987150,true,3
2199,10348,INSERT_OR_REPLACE_FIRES_DELETE_THEN_INSERT,SQLITE_PARITY_10348_INSERT_OR_REPLACE_FIRES_DELETE_THEN_INSERT.rs,P0,memory,SQL_UPSERT,1514477,3028273,1.999550,-99.955034,true,3
2200,11047,MATH_EXP_2_0,SQLITE_PARITY_11047_MATH_EXP_2_0.rs,P1,memory,SQL_MATH,1448482,2895893,1.999261,-99.926061,true,3
2201,10094,STRICT_BLOB_REJECTS_INTEGER,SQLITE_PARITY_10094_STRICT_BLOB_REJECTS_INTEGER.rs,P0,memory,SQL_STRICT_TABLES,1536629,3072086,1.999237,-99.923729,true,3
2202,10257,PRAGMA_LOCKING_MODE_NORMAL,SQLITE_PARITY_10257_PRAGMA_LOCKING_MODE_NORMAL.rs,P0,memory,SQL_PRAGMA,1367859,2734026,1.998763,-99.876303,true,3
2203,11221,CAST_REAL_0_AS_REAL,SQLITE_PARITY_11221_CAST_REAL_0_AS_REAL.rs,P0,memory,SQL_CAST,1531229,3059022,1.997756,-99.775605,true,3
2204,11663,DATETIME_JULIANDAY_DATE_2024_UTC,SQLITE_PARITY_11663_DATETIME_JULIANDAY_DATE_2024_UTC.rs,P0,memory,SQL_DATETIME,1499489,2994369,1.996926,-99.692629,true,3
2205,10007,IS_DISTINCT_FROM_BASIC,SQLITE_PARITY_10007_IS_DISTINCT_FROM_BASIC.rs,P0,memory,SQL_NULL_SEMANTICS,1522102,3038403,1.996189,-99.618882,true,3
2206,11963,WIN_LAST_VALUE_ROWS_2_PREC_CURRENT,SQLITE_PARITY_11963_WIN_LAST_VALUE_ROWS_2_PREC_CURRENT.rs,P0,memory,SQL_WINDOW,1639334,3272205,1.996058,-99.605755,true,3
2207,11419,STRING_RTRIM_NO_SPACE,SQLITE_PARITY_11419_STRING_RTRIM_NO_SPACE.rs,P0,memory,SQL_STRING,1510419,3012834,1.994701,-99.470081,true,3
2208,10316,PRAGMA_RECURSIVE_TRIGGERS_DEFAULT,SQLITE_PARITY_10316_PRAGMA_RECURSIVE_TRIGGERS_DEFAULT.rs,P0,memory,SQL_TRANSACTION,1435959,2863271,1.993978,-99.397824,true,3
2209,11428,STRING_QUOTE_X_01AB,SQLITE_PARITY_11428_STRING_QUOTE_X_01AB.rs,P0,memory,SQL_STRING,1522993,3036248,1.993606,-99.360601,true,3
2210,10088,STRICT_REAL_REJECTS_NON_NUMERIC_TEXT,SQLITE_PARITY_10088_STRICT_REAL_REJECTS_NON_NUMERIC_TEXT.rs,P0,memory,SQL_STRICT_TABLES,1451158,2891764,1.992729,-99.272857,true,3
2211,00536,AGG_GROUP_HAVING_029,SQLITE_PARITY_536_AGG_GROUP_HAVING_029.rs,P1,memory,GEN_SQL_AGGREGATE,1833932,3652405,1.991571,-99.157057,true,3
2212,11092,MATH_PI_NO_ARG,SQLITE_PARITY_11092_MATH_PI_NO_ARG.rs,P1,memory,SQL_MATH,1497405,2981174,1.990894,-99.089358,true,3
2213,00598,AGG_GROUP_HAVING_091,SQLITE_PARITY_598_AGG_GROUP_HAVING_091.rs,P1,memory,GEN_SQL_AGGREGATE,1806851,3596198,1.990312,-99.031243,true,3
2214,00925,CONSTRAINT_FK_SAVEPOINT_058,SQLITE_PARITY_925_CONSTRAINT_FK_SAVEPOINT_058.rs,P2,memory,GEN_SQL_CONSTRAINT_TX,1827170,3636585,1.990283,-99.028279,true,3
2215,10103,STRICT_CHECK_PASSING_AND_FAILING,SQLITE_PARITY_10103_STRICT_CHECK_PASSING_AND_FAILING.rs,P0,memory,SQL_STRICT_TABLES,1449504,2884891,1.990261,-99.026081,true,3
2216,00190,OPT_BAIL,SQLITE_PARITY_190_OPT_BAIL.rs,P1,memory,CLI_OPTION_NEGATIVE,1424086,2832683,1.989124,-98.912355,true,3
2217,11208,CAST_INT_5_AS_BLOB,SQLITE_PARITY_11208_CAST_INT_5_AS_BLOB.rs,P0,memory,SQL_CAST,1531068,3045215,1.988948,-98.894824,true,3
2218,00646,JOIN_SUBQUERY_EXISTS_039,SQLITE_PARITY_646_JOIN_SUBQUERY_EXISTS_039.rs,P1,memory,GEN_SQL_JOIN_SUBQUERY,1884187,3746182,1.988222,-98.822198,true,3
2219,01090,INDEX_SCHEMA_PRAGMA_023,SQLITE_PARITY_1090_INDEX_SCHEMA_PRAGMA_023.rs,P2,memory,GEN_SQL_INDEX_PRAGMA,1865612,3708722,1.987939,-98.793854,true,3
2220,11695,DATETIME_DATE_UNIX_START_OF_DAY,SQLITE_PARITY_11695_DATETIME_DATE_UNIX_START_OF_DAY.rs,P0,memory,SQL_DATETIME,1381716,2745507,1.987027,-98.702700,true,3
2221,12018,PRAGMA_HARD_HEAP_LIMIT,SQLITE_PARITY_12018_PRAGMA_HARD_HEAP_LIMIT.rs,P1,memory,SQL_PRAGMA,1329376,2640669,1.986397,-98.639738,true,3
2222,11033,MATH_COS_1_0,SQLITE_PARITY_11033_MATH_COS_1_0.rs,P1,memory,SQL_MATH,1627471,3232459,1.986185,-98.618531,true,3
2223,11451,STRING_UNHEX_0102,SQLITE_PARITY_11451_STRING_UNHEX_0102.rs,P0,memory,SQL_STRING,1497074,2971045,1.984568,-98.456790,true,3
2224,11096,MATH_ATAN2_1_0_1_0,SQLITE_PARITY_11096_MATH_ATAN2_1_0_1_0.rs,P1,memory,SQL_MATH,1594799,3164872,1.984496,-98.449585,true,3
2225,11927,WIN_COUNT_EXCL_GROUP,SQLITE_PARITY_11927_WIN_COUNT_EXCL_GROUP.rs,P0,memory,SQL_WINDOW,1713664,3396200,1.981835,-98.183541,true,3
2226,00955,VIEW_TRIGGER_GENERATED_008,SQLITE_PARITY_955_VIEW_TRIGGER_GENERATED_008.rs,P2,memory,GEN_SQL_VIEW_TRIGGER,1895930,3755340,1.980738,-98.073769,true,3
2227,10005,NULL_CONCAT_TEXT_IS_NULL,SQLITE_PARITY_10005_NULL_CONCAT_TEXT_IS_NULL.rs,P0,memory,SQL_NULL_SEMANTICS,1382989,2739186,1.980627,-98.062747,true,3
2228,10197,DOT_LINT_FKEY_INDEXES,SQLITE_PARITY_10197_DOT_LINT_FKEY_INDEXES.rs,P0,memory,CLI_DOT_COMMAND,1751816,3469258,1.980378,-98.037808,true,3
2229,10123,MODE_CSV_BASIC,SQLITE_PARITY_10123_MODE_CSV_BASIC.rs,P0,memory,CLI_OUTPUT_MODE,1624526,3216760,1.980122,-98.012220,true,3
2230,00549,AGG_GROUP_HAVING_042,SQLITE_PARITY_549_AGG_GROUP_HAVING_042.rs,P1,memory,GEN_SQL_AGGREGATE,1972525,3905594,1.979997,-97.999721,true,3
2231,01068,INDEX_SCHEMA_PRAGMA_001,SQLITE_PARITY_1068_INDEX_SCHEMA_PRAGMA_001.rs,P2,memory,GEN_SQL_INDEX_PRAGMA,1805919,3575530,1.979895,-97.989500,true,3
2232,00652,JOIN_SUBQUERY_EXISTS_045,SQLITE_PARITY_652_JOIN_SUBQUERY_EXISTS_045.rs,P1,memory,GEN_SQL_JOIN_SUBQUERY,1800289,3561683,1.978395,-97.839514,true,3
2233,00607,AGG_GROUP_HAVING_100,SQLITE_PARITY_607_AGG_GROUP_HAVING_100.rs,P1,memory,GEN_SQL_AGGREGATE,1815787,3591911,1.978157,-97.815658,true,3
2234,10607,LIKE_MULTIBYTE_NOT_FOLDED,SQLITE_PARITY_10607_LIKE_MULTIBYTE_NOT_FOLDED.rs,P0,memory,SQL_PATTERN,1671695,3306359,1.977848,-97.784823,true,3
2235,10617,BLOB_EQUALITY_SAME_BYTES,SQLITE_PARITY_10617_BLOB_EQUALITY_SAME_BYTES.rs,P0,memory,SQL_BLOB,1463561,2892887,1.976608,-97.660842,true,3
2236,00534,AGG_GROUP_HAVING_027,SQLITE_PARITY_534_AGG_GROUP_HAVING_027.rs,P1,memory,GEN_SQL_AGGREGATE,1879267,3713731,1.976159,-97.615932,true,3
2237,12023,PRAGMA_COMPILE_OPTIONS,SQLITE_PARITY_12023_PRAGMA_COMPILE_OPTIONS.rs,P1,memory,SQL_PRAGMA,1375043,2716292,1.975423,-97.542331,true,3
2238,11034,MATH_COS_3_14159265358979,SQLITE_PARITY_11034_MATH_COS_3_14159265358979.rs,P1,memory,SQL_MATH,1668088,3295059,1.975351,-97.535082,true,3
2239,11705,DATETIME_DATE_UNIX_START_OF_YEAR,SQLITE_PARITY_11705_DATETIME_DATE_UNIX_START_OF_YEAR.rs,P0,memory,SQL_DATETIME,1525528,3013416,1.975327,-97.532658,true,3
2240,01104,INDEX_SCHEMA_PRAGMA_037,SQLITE_PARITY_1104_INDEX_SCHEMA_PRAGMA_037.rs,P2,memory,GEN_SQL_INDEX_PRAGMA,1824224,3603031,1.975103,-97.510339,true,3
2241,10246,PRAGMA_JOURNAL_MODE_READ_MEMORY,SQLITE_PARITY_10246_PRAGMA_JOURNAL_MODE_READ_MEMORY.rs,P0,memory,SQL_PRAGMA,1426530,2817394,1.974998,-97.499807,true,3
2242,10493,IN_SELECT_SUBQUERY_BASIC,SQLITE_PARITY_10493_IN_SELECT_SUBQUERY_BASIC.rs,P0,memory,SQL_SUBQUERY,1686743,3329573,1.973966,-97.396580,true,3
2243,11967,WIN_LAST_VALUE_EXCL_GROUP,SQLITE_PARITY_11967_WIN_LAST_VALUE_EXCL_GROUP.rs,P0,memory,SQL_WINDOW,1688366,3332149,1.973594,-97.359400,true,3
2244,12005,PRAGMA_CACHE_SPILL,SQLITE_PARITY_12005_PRAGMA_CACHE_SPILL.rs,P1,memory,SQL_PRAGMA,1348483,2660827,1.973200,-97.320026,true,3
2245,00813,WINDOW_PARTITION_SUM_026,SQLITE_PARITY_813_WINDOW_PARTITION_SUM_026.rs,P2,memory,GEN_SQL_WINDOW,1816519,3583004,1.972456,-97.245611,true,3
2246,00830,WINDOW_PARTITION_SUM_043,SQLITE_PARITY_830_WINDOW_PARTITION_SUM_043.rs,P2,memory,GEN_SQL_WINDOW,1733171,3416117,1.971021,-97.102132,true,3
2247,00538,AGG_GROUP_HAVING_031,SQLITE_PARITY_538_AGG_GROUP_HAVING_031.rs,P1,memory,GEN_SQL_AGGREGATE,1848931,3643168,1.970419,-97.041858,true,3
2248,11900,WIN_SUM_ROWS_UNBND_PREC_CURRENT,SQLITE_PARITY_11900_WIN_SUM_ROWS_UNBND_PREC_CURRENT.rs,P0,memory,SQL_WINDOW,1798485,3543097,1.970045,-97.004534,true,3
2249,12004,PRAGMA_CACHE_SIZE,SQLITE_PARITY_12004_PRAGMA_CACHE_SIZE.rs,P1,memory,SQL_PRAGMA,1424637,2806433,1.969928,-96.992848,true,3
2250,00947,CONSTRAINT_FK_SAVEPOINT_080,SQLITE_PARITY_947_CONSTRAINT_FK_SAVEPOINT_080.rs,P2,memory,GEN_SQL_CONSTRAINT_TX,1800479,3546634,1.969828,-96.982803,true,3
2251,10523,GROUP_BY_EXPRESSION_LOWER,SQLITE_PARITY_10523_GROUP_BY_EXPRESSION_LOWER.rs,P0,memory,SQL_AGGREGATE_ADV,1643692,3235115,1.968200,-96.820025,true,3
2252,00208,OPT_VFSTRACE_CATALOG,SQLITE_PARITY_208_OPT_VFSTRACE_CATALOG.rs,P4,catalog,CLI_OPTION_CATALOG,1322844,2602427,1.967297,-96.729698,true,3
2253,10327,MULTI_COLUMN_CONFLICT_TARGET,SQLITE_PARITY_10327_MULTI_COLUMN_CONFLICT_TARGET.rs,P0,memory,SQL_UPSERT,1706341,3356153,1.966871,-96.687122,true,3
2254,11935,WIN_MIN_GROUPS_1_PREC_CURRENT,SQLITE_PARITY_11935_WIN_MIN_GROUPS_1_PREC_CURRENT.rs,P0,memory,SQL_WINDOW,1703796,3349762,1.966058,-96.605814,true,3
2255,10401,PRAGMA_FOREIGN_KEY_LIST_TVF,SQLITE_PARITY_10401_PRAGMA_FOREIGN_KEY_LIST_TVF.rs,P0,memory,SQL_SCHEMA_INTROSPECTION,1543432,3033142,1.965193,-96.519315,true,3
2256,00972,VIEW_TRIGGER_GENERATED_025,SQLITE_PARITY_972_VIEW_TRIGGER_GENERATED_025.rs,P2,memory,GEN_SQL_VIEW_TRIGGER,1871984,3678203,1.964869,-96.486882,true,3
2257,10262,PRAGMA_SCHEMA_VERSION_INCREMENTS_ON_DDL,SQLITE_PARITY_10262_PRAGMA_SCHEMA_VERSION_INCREMENTS_ON_DDL.rs,P0,memory,SQL_PRAGMA,1490512,2928224,1.964576,-96.457593,true,3
2258,11933,WIN_MIN_ROWS_2_PREC_CURRENT,SQLITE_PARITY_11933_WIN_MIN_ROWS_2_PREC_CURRENT.rs,P0,memory,SQL_WINDOW,1769660,3475159,1.963744,-96.374388,true,3
2259,00327,SCALAR_NULL_COALESCE_025,SQLITE_PARITY_327_SCALAR_NULL_COALESCE_025.rs,P1,memory,GEN_SQL_SCALAR,1401874,2752771,1.963637,-96.363653,true,3
2260,00825,WINDOW_PARTITION_SUM_038,SQLITE_PARITY_825_WINDOW_PARTITION_SUM_038.rs,P2,memory,GEN_SQL_WINDOW,1738852,3411829,1.962116,-96.211581,true,3
2261,00532,AGG_GROUP_HAVING_025,SQLITE_PARITY_532_AGG_GROUP_HAVING_025.rs,P1,memory,GEN_SQL_AGGREGATE,1885650,3699334,1.961835,-96.183491,true,3
2262,12037,PRAGMA_SET_ENCODING_UTF_8,SQLITE_PARITY_12037_PRAGMA_SET_ENCODING_UTF_8.rs,P1,memory,SQL_PRAGMA,1435358,2815911,1.961818,-96.181789,true,3
2263,11651,DATETIME_TIME_DATE_2024_START_OF_YEAR,SQLITE_PARITY_11651_DATETIME_TIME_DATE_2024_START_OF_YEAR.rs,P0,memory,SQL_DATETIME,1513325,2968450,1.961542,-96.154164,true,3
2264,00071,BETWEEN_IN_ISNULL_IS,SQLITE_PARITY_071_BETWEEN_IN_ISNULL_IS.rs,P0,memory,SQL_OPERATORS,1652047,3239994,1.961200,-96.119965,true,3
2265,10454,JOIN_MULTI_TABLE_CHAINED_ON,SQLITE_PARITY_10454_JOIN_MULTI_TABLE_CHAINED_ON.rs,P0,memory,SQL_JOIN,1795670,3520545,1.960575,-96.057460,true,3
2266,00958,VIEW_TRIGGER_GENERATED_011,SQLITE_PARITY_958_VIEW_TRIGGER_GENERATED_011.rs,P2,memory,GEN_SQL_VIEW_TRIGGER,1788646,3506438,1.960387,-96.038680,true,3
2267,00954,VIEW_TRIGGER_GENERATED_007,SQLITE_PARITY_954_VIEW_TRIGGER_GENERATED_007.rs,P2,memory,GEN_SQL_VIEW_TRIGGER,1891611,3707469,1.959953,-95.995318,true,3
2268,00136,DOT_LOG,SQLITE_PARITY_136_DOT_LOG.rs,P0,memory,CLI_DOT_COMMAND,1561146,3058601,1.959202,-95.920241,true,3
2269,00053,SELECT_WHERE_ORDER_LIMIT_OFFSET,SQLITE_PARITY_053_SELECT_WHERE_ORDER_LIMIT_OFFSET.rs,P0,memory,SQL_SELECT,1446789,2833274,1.958319,-95.831873,true,3
2270,11959,WIN_FIRST_VALUE_EXCL_NO_OTHERS,SQLITE_PARITY_11959_WIN_FIRST_VALUE_EXCL_NO_OTHERS.rs,P0,memory,SQL_WINDOW,1725507,3377785,1.957561,-95.756088,true,3
2271,00014,INSERT_RETURNING,SQLITE_PARITY_014_INSERT_RETURNING.rs,P0,memory,SQL_INSERT,1577145,3085681,1.956498,-95.649798,true,3
2272,10185,DOT_QUIT_TERMINATES,SQLITE_PARITY_10185_DOT_QUIT_TERMINATES.rs,P0,memory,CLI_DOT_COMMAND,1457850,2852039,1.956332,-95.633227,true,3
2273,10386,PRAGMA_MAIN_USER_VERSION_SET,SQLITE_PARITY_10386_PRAGMA_MAIN_USER_VERSION_SET.rs,P0,memory,SQL_ATTACH,1406212,2748915,1.954837,-95.483682,true,3
2274,00035,DROP_INDEX,SQLITE_PARITY_035_DROP_INDEX.rs,P0,memory,SQL_DROP,1597946,3121790,1.953627,-95.362672,true,3
2275,00020,UPSERT_DO_UPDATE,SQLITE_PARITY_020_UPSERT_DO_UPDATE.rs,P0,memory,SQL_UPSERT,1632350,3188566,1.953359,-95.335927,true,3
2276,00265,SCALAR_CAST_TYPEOF_010,SQLITE_PARITY_265_SCALAR_CAST_TYPEOF_010.rs,P1,memory,GEN_SQL_SCALAR,1557178,3039284,1.951790,-95.178971,true,3
2277,10576,DELETE_ON_VIEW,SQLITE_PARITY_10576_DELETE_ON_VIEW.rs,P0,memory,SQL_ERROR_MESSAGES,1473560,2872699,1.949496,-94.949578,true,3
2278,11056,MATH_LOG10_1_0,SQLITE_PARITY_11056_MATH_LOG10_1_0.rs,P1,memory,SQL_MATH,1598426,3115759,1.949267,-94.926697,true,3
2279,10357,UPDATE_MULTI_ROW_RETURNING,SQLITE_PARITY_10357_UPDATE_MULTI_ROW_RETURNING.rs,P0,memory,SQL_RETURNING,1830857,3565511,1.947455,-94.745466,true,3
2280,00863,WINDOW_PARTITION_SUM_076,SQLITE_PARITY_863_WINDOW_PARTITION_SUM_076.rs,P2,memory,GEN_SQL_WINDOW,1728222,3365472,1.947361,-94.736093,true,3
2281,10463,JOIN_THREE_WAY_INNER,SQLITE_PARITY_10463_JOIN_THREE_WAY_INNER.rs,P0,memory,SQL_JOIN,1805558,3513953,1.946187,-94.618672,true,3
2282,00227,OPT_UNSAFE_TESTING_CATALOG,SQLITE_PARITY_227_OPT_UNSAFE_TESTING_CATALOG.rs,P4,catalog,CLI_OPTION_CATALOG,1366668,2659254,1.945794,-94.579371,true,3
2283,10276,FK_DELETE_NO_ACTION_REJECTED,SQLITE_PARITY_10276_FK_DELETE_NO_ACTION_REJECTED.rs,P0,memory,SQL_FOREIGN_KEYS,1534635,2983920,1.944384,-94.438417,true,3
2284,10034,CREATE_INDEX_ASC_NULLS_FIRST_REJECTED,SQLITE_PARITY_10034_CREATE_INDEX_ASC_NULLS_FIRST_REJECTED.rs,P0,memory,SQL_NULL_ORDER,1424607,2765987,1.941579,-94.157898,true,3
2285,10183,DOT_VERSION_PRINTS_3,SQLITE_PARITY_10183_DOT_VERSION_PRINTS_3.rs,P0,memory,CLI_DOT_COMMAND,1161078,2253066,1.940495,-94.049495,true,3
2286,11631,DATETIME_TIME_DATE_2024_PLUS_30_MINUTES,SQLITE_PARITY_11631_DATETIME_TIME_DATE_2024_PLUS_30_MINUTES.rs,P0,memory,SQL_DATETIME,1554793,3016841,1.940349,-94.034897,true,3
2287,00820,WINDOW_PARTITION_SUM_033,SQLITE_PARITY_820_WINDOW_PARTITION_SUM_033.rs,P2,memory,GEN_SQL_WINDOW,1821228,3525895,1.935999,-93.599868,true,3
2288,00040,INSTEAD_OF_TRIGGER_ON_VIEW,SQLITE_PARITY_040_INSTEAD_OF_TRIGGER_ON_VIEW.rs,P0,memory,SQL_TRIGGER,1696973,3283847,1.935120,-93.512036,true,3
2289,00031,CREATE_INDEX,SQLITE_PARITY_031_CREATE_INDEX.rs,P0,memory,SQL_INDEX,1488698,2879662,1.934349,-93.434934,true,3
2290,12035,PRAGMA_SET_SYNCHRONOUS_OFF,SQLITE_PARITY_12035_PRAGMA_SET_SYNCHRONOUS_OFF.rs,P1,memory,SQL_PRAGMA,1399850,2706224,1.933224,-93.322427,true,3
2291,11841,JSON_QUOTE_NULL_LIT,SQLITE_PARITY_11841_JSON_QUOTE_NULL_LIT.rs,P0,memory,SQL_JSON,1445506,2793599,1.932610,-93.260976,true,3
2292,10292,FK_COMPOSITE_VIOLATION_REJECTED,SQLITE_PARITY_10292_FK_COMPOSITE_VIOLATION_REJECTED.rs,P0,memory,SQL_FOREIGN_KEYS,1623053,3134454,1.931209,-93.120865,true,3
2293,10355,INSERT_RETURNING_PRESERVES_INSERT_ORDER,SQLITE_PARITY_10355_INSERT_RETURNING_PRESERVES_INSERT_ORDER.rs,P0,memory,SQL_RETURNING,1656837,3199477,1.931075,-93.107530,true,3
2294,11081,MATH_TAN_0_7853981633974483,SQLITE_PARITY_11081_MATH_TAN_0_7853981633974483.rs,P1,memory,SQL_MATH,1652679,3189458,1.929871,-92.987144,true,3
2295,10077,AUTOINCREMENT_WITHOUT_ROWID_REJECTED,SQLITE_PARITY_10077_AUTOINCREMENT_WITHOUT_ROWID_REJECTED.rs,P0,memory,SQL_AUTOINCREMENT,1478790,2852631,1.929030,-92.903049,true,3
2296,12026,PRAGMA_SET_MAX_PAGE_COUNT_1073741823,SQLITE_PARITY_12026_PRAGMA_SET_MAX_PAGE_COUNT_1073741823.rs,P1,memory,SQL_PRAGMA,1404689,2704159,1.925094,-92.509445,true,3
2297,10480,COMPOUND_DIFFERENT_COLUMN_COUNT_ERRORS,SQLITE_PARITY_10480_COMPOUND_DIFFERENT_COLUMN_COUNT_ERRORS.rs,P0,memory,SQL_COMPOUND,1655814,3186964,1.924711,-92.471135,true,3
2298,10092,STRICT_TEXT_REJECTS_BLOB,SQLITE_PARITY_10092_STRICT_TEXT_REJECTS_BLOB.rs,P0,memory,SQL_STRICT_TABLES,1599669,3078518,1.924472,-92.447188,true,3
2299,00802,WINDOW_PARTITION_SUM_015,SQLITE_PARITY_802_WINDOW_PARTITION_SUM_015.rs,P2,memory,GEN_SQL_WINDOW,1771494,3403453,1.921233,-92.123315,true,3
2300,11334,AFFINITY_TEXT_REAL_HALF,SQLITE_PARITY_11334_AFFINITY_TEXT_REAL_HALF.rs,P0,memory,SQL_TYPE_AFFINITY,1594509,3062398,1.920590,-92.058997,true,3
2301,00207,OPT_PCACHETRACE_CATALOG,SQLITE_PARITY_207_OPT_PCACHETRACE_CATALOG.rs,P4,catalog,CLI_OPTION_CATALOG,1395592,2677168,1.918303,-91.830277,true,3
2302,00016,UPDATE_RETURNING,SQLITE_PARITY_016_UPDATE_RETURNING.rs,P0,memory,SQL_UPDATE,1588017,3045726,1.917943,-91.794294,true,3
2303,00164,DOT_IMPOSTER_CATALOG,SQLITE_PARITY_164_DOT_IMPOSTER_CATALOG.rs,P4,catalog,CLI_CATALOG,1093129,2096228,1.917640,-91.764010,true,3
2304,10551,CHECK_CONSTRAINT_FAILED,SQLITE_PARITY_10551_CHECK_CONSTRAINT_FAILED.rs,P0,memory,SQL_ERROR_MESSAGES,1550195,2969552,1.915599,-91.559901,true,3
2305,12003,PRAGMA_MAX_PAGE_COUNT,SQLITE_PARITY_12003_PRAGMA_MAX_PAGE_COUNT.rs,P1,memory,SQL_PRAGMA,1412384,2702306,1.913294,-91.329412,true,3
2306,11058,MATH_LOG10_100_0,SQLITE_PARITY_11058_MATH_LOG10_100_0.rs,P1,memory,SQL_MATH,1719615,3283506,1.909443,-90.944252,true,3
2307,00123,DOT_ECHO,SQLITE_PARITY_123_DOT_ECHO.rs,P0,memory,CLI_DOT_COMMAND,1352781,2582620,1.909119,-90.911907,true,3
2308,10106,STRICT_INSERT_SELECT_REJECTS_WRONG_TYPE,SQLITE_PARITY_10106_STRICT_INSERT_SELECT_REJECTS_WRONG_TYPE.rs,P0,memory,SQL_STRICT_TABLES,1389000,2651079,1.908624,-90.862419,true,3
2309,00094,FTS5_HIGHLIGHT_OPTIONAL,SQLITE_PARITY_094_FTS5_HIGHLIGHT_OPTIONAL.rs,P2,memory,SQL_VIRTUAL_TABLE_OPTIONAL,1829143,3489146,1.907530,-90.753047,true,3
2310,00191,OPT_BATCH,SQLITE_PARITY_191_OPT_BATCH.rs,P2,memory,CLI_OPTION,1459974,2784171,1.907000,-90.700040,true,3
2311,00193,OPT_READONLY_TEMPFILE,SQLITE_PARITY_193_OPT_READONLY_TEMPFILE.rs,P2,tempfile,CLI_OPTION_TEMPFILE,6279819,11956486,1.903954,-90.395392,false,3
2312,10358,UPDATE_WHERE_RETURNING_FILTERED,SQLITE_PARITY_10358_UPDATE_WHERE_RETURNING_FILTERED.rs,P0,memory,SQL_RETURNING,1979918,3767643,1.902929,-90.292881,true,3
2313,11037,MATH_COSH_1_0,SQLITE_PARITY_11037_MATH_COSH_1_0.rs,P1,memory,SQL_MATH,1662718,3162828,1.902204,-90.220350,true,3
2314,10383,DETACH_NONEXISTENT_ERROR,SQLITE_PARITY_10383_DETACH_NONEXISTENT_ERROR.rs,P0,memory,SQL_ATTACH,1497265,2844265,1.899640,-89.964034,true,3
2315,00047,PRAGMA_FOREIGN_KEYS,SQLITE_PARITY_047_PRAGMA_FOREIGN_KEYS.rs,P0,memory,SQL_PRAGMA,1389751,2637062,1.897507,-89.750682,true,3
2316,10243,PRAGMA_RECURSIVE_TRIGGERS_DEFAULT,SQLITE_PARITY_10243_PRAGMA_RECURSIVE_TRIGGERS_DEFAULT.rs,P0,memory,SQL_PRAGMA,1388769,2623086,1.888785,-88.878496,true,3
2317,00199,OPT_PAGECACHE,SQLITE_PARITY_199_OPT_PAGECACHE.rs,P3,memory,CLI_OPTION,1380373,2603318,1.885953,-88.595256,true,3
2318,10309,RELEASE_UNKNOWN_SAVEPOINT_REJECTED,SQLITE_PARITY_10309_RELEASE_UNKNOWN_SAVEPOINT_REJECTED.rs,P0,memory,SQL_TRANSACTION,1404088,2643124,1.882449,-88.244896,true,3
2319,10438,REC_PIVOT_STYLE_STRING_AGG,SQLITE_PARITY_10438_REC_PIVOT_STYLE_STRING_AGG.rs,P0,memory,SQL_RECURSIVE_CTE,1948909,3657043,1.876457,-87.645652,true,3
2320,10247,PRAGMA_JOURNAL_MODE_SET_DELETE_ON_MEMORY,SQLITE_PARITY_10247_PRAGMA_JOURNAL_MODE_SET_DELETE_ON_MEMORY.rs,P0,memory,SQL_PRAGMA,1449855,2716664,1.873749,-87.374875,true,3
2321,00197,OPT_MAXSIZE_DESERIALIZE_TEMPFILE,SQLITE_PARITY_197_OPT_MAXSIZE_DESERIALIZE_TEMPFILE.rs,P3,tempfile,CLI_OPTION_TEMPFILE,5304934,9900464,1.866275,-86.627468,false,3
2322,12024,PRAGMA_SET_CACHE_SIZE_2000,SQLITE_PARITY_12024_PRAGMA_SET_CACHE_SIZE_2000.rs,P1,memory,SQL_PRAGMA,1413426,2637664,1.866149,-86.614934,true,3
2323,00558,AGG_GROUP_HAVING_051,SQLITE_PARITY_558_AGG_GROUP_HAVING_051.rs,P1,memory,GEN_SQL_AGGREGATE,1972274,3678214,1.864961,-86.496095,true,3
2324,00095,CREATE_VIRTUAL_TABLE_RTREE_OPTIONAL,SQLITE_PARITY_095_CREATE_VIRTUAL_TABLE_RTREE_OPTIONAL.rs,P2,memory,SQL_VIRTUAL_TABLE_OPTIONAL,1722802,3211479,1.864102,-86.410220,true,3
2325,10553,STRICT_TABLE_TYPE_REJECT,SQLITE_PARITY_10553_STRICT_TABLE_TYPE_REJECT.rs,P0,memory,SQL_ERROR_MESSAGES,1607192,2994248,1.863031,-86.303068,true,3
2326,10249,PRAGMA_DEFER_FOREIGN_KEYS_TOGGLE,SQLITE_PARITY_10249_PRAGMA_DEFER_FOREIGN_KEYS_TOGGLE.rs,P0,memory,SQL_PRAGMA,1427622,2655768,1.860274,-86.027394,true,3
2327,10076,AUTOINCREMENT_MAX_ROWID_FAIL,SQLITE_PARITY_10076_AUTOINCREMENT_MAX_ROWID_FAIL.rs,P0,memory,SQL_AUTOINCREMENT,1434446,2668201,1.860092,-86.009163,true,3
2328,12036,PRAGMA_SET_REVERSE_UNORDERED_SELECTS_ON,SQLITE_PARITY_12036_PRAGMA_SET_REVERSE_UNORDERED_SELECTS_ON.rs,P1,memory,SQL_PRAGMA,1482157,2755367,1.859025,-85.902506,true,3
2329,10558,NO_SUCH_COLLATION_SEQUENCE,SQLITE_PARITY_10558_NO_SUCH_COLLATION_SEQUENCE.rs,P0,memory,SQL_ERROR_MESSAGES,1455044,2700803,1.856166,-85.616586,true,3
2330,00079,CHECK_CONSTRAINT_FAILURE,SQLITE_PARITY_079_CHECK_CONSTRAINT_FAILURE.rs,P0,memory,SQL_CONSTRAINTS_NEGATIVE,1596152,2947070,1.846359,-84.635924,true,3
2331,10254,PRAGMA_SECURE_DELETE_DEFAULT,SQLITE_PARITY_10254_PRAGMA_SECURE_DELETE_DEFAULT.rs,P0,memory,SQL_PRAGMA,1443273,2646089,1.833395,-83.339465,true,3
2332,10196,DOT_PARAMETER_SET_SUBSTITUTES,SQLITE_PARITY_10196_DOT_PARAMETER_SET_SUBSTITUTES.rs,P0,memory,CLI_DOT_COMMAND,1672215,3057368,1.828334,-82.833428,true,3
2333,00051,PRAGMA_INDEX_LIST_FUNCTION,SQLITE_PARITY_051_PRAGMA_INDEX_LIST_FUNCTION.rs,P0,memory,SQL_PRAGMA,1555975,2839226,1.824725,-82.472469,true,3
2334,11818,JSON_JSON_TYPE_D,SQLITE_PARITY_11818_JSON_JSON_TYPE_D.rs,P0,memory,SQL_JSON,1546769,2820049,1.823187,-82.318691,true,3
2335,10362,UPSERT_RETURNING_UPDATE_PATH,SQLITE_PARITY_10362_UPSERT_RETURNING_UPDATE_PATH.rs,P0,memory,SQL_RETURNING,1963347,3569367,1.818001,-81.800110,true,3
2336,00046,VACUUM_MEMORY,SQLITE_PARITY_046_VACUUM_MEMORY.rs,P0,memory,SQL_VACUUM,1744884,3159541,1.810746,-81.074559,true,3
2337,12033,PRAGMA_SET_SYNCHRONOUS_NORMAL,SQLITE_PARITY_12033_PRAGMA_SET_SYNCHRONOUS_NORMAL.rs,P1,memory,SQL_PRAGMA,1476014,2659755,1.801985,-80.198494,true,3
2338,10208,OPT_VERSION,SQLITE_PARITY_10208_OPT_VERSION.rs,P0,memory,CLI_OPTION,1170906,2106799,1.799290,-79.928961,true,3
2339,00005,UNIQUE_CONSTRAINT_FAILURE,SQLITE_PARITY_005_UNIQUE_CONSTRAINT_FAILURE.rs,P0,memory,SQL_CONSTRAINTS_NEGATIVE,1602063,2875453,1.794844,-79.484390,true,3
2340,10416,RENAME_TABLE_REWRITES_VIEW_REF,SQLITE_PARITY_10416_RENAME_TABLE_REWRITES_VIEW_REF.rs,P0,memory,SQL_ALTER,1917781,3435213,1.791244,-79.124363,true,3
2341,00030,ALTER_TABLE_ADD_DROP_COLUMN,SQLITE_PARITY_030_ALTER_TABLE_ADD_DROP_COLUMN.rs,P0,memory,SQL_ALTER,1896180,3383275,1.784258,-78.425835,true,3
2342,00162,DOT_LOAD_EXTENSION_NEGATIVE,SQLITE_PARITY_162_DOT_LOAD_EXTENSION_NEGATIVE.rs,P4,side_effect,CLI_SIDE_EFFECT,1307977,2333207,1.783829,-78.382877,true,3
2343,00221,OPT_DOUBLE_DASH_END_OPTIONS,SQLITE_PARITY_221_OPT_DOUBLE_DASH_END_OPTIONS.rs,P2,memory,CLI_OPTION,1391103,2476238,1.780054,-78.005367,true,3
2344,10423,RENAME_COLUMN_PRESERVES_DATA,SQLITE_PARITY_10423_RENAME_COLUMN_PRESERVES_DATA.rs,P0,memory,SQL_ALTER,2073356,3686910,1.778233,-77.823297,true,3
2345,10408,RENAME_TABLE_BASIC,SQLITE_PARITY_10408_RENAME_TABLE_BASIC.rs,P0,memory,SQL_ALTER,1973616,3503833,1.775337,-77.533674,true,3
2346,00226,OPT_NOFOLLOW_CATALOG,SQLITE_PARITY_226_OPT_NOFOLLOW_CATALOG.rs,P4,catalog,CLI_OPTION_CATALOG,1283089,2275147,1.773179,-77.317941,true,3
2347,00029,ALTER_TABLE_RENAME_COLUMN,SQLITE_PARITY_029_ALTER_TABLE_RENAME_COLUMN.rs,P0,memory,SQL_ALTER,1895840,3358599,1.771562,-77.156247,true,3
2348,10411,DROP_COLUMN_BASIC,SQLITE_PARITY_10411_DROP_COLUMN_BASIC.rs,P0,memory,SQL_ALTER,1973747,3473296,1.759747,-75.974732,true,3
2349,10282,FK_UPDATE_RESTRICT_REJECTED,SQLITE_PARITY_10282_FK_UPDATE_RESTRICT_REJECTED.rs,P0,memory,SQL_FOREIGN_KEYS,1681343,2932171,1.743946,-74.394576,true,3
2350,10420,LEGACY_ALTER_TABLE_NO_VIEW_REWRITE,SQLITE_PARITY_10420_LEGACY_ALTER_TABLE_NO_VIEW_REWRITE.rs,P0,memory,SQL_ALTER,1974769,3440744,1.742353,-74.235265,true,3
2351,00198,OPT_LOOKASIDE,SQLITE_PARITY_198_OPT_LOOKASIDE.rs,P3,memory,CLI_OPTION,1244797,2166511,1.740453,-74.045326,true,3
2352,00200,OPT_HEAP,SQLITE_PARITY_200_OPT_HEAP.rs,P4,memory,CLI_OPTION,1306734,2257474,1.727570,-72.756965,true,3
2353,00028,ALTER_TABLE_RENAME,SQLITE_PARITY_028_ALTER_TABLE_RENAME.rs,P0,memory,SQL_ALTER,1799066,3085612,1.715119,-71.511885,true,3
2354,10415,RENAME_COLUMN_REWRITES_TRIGGER,SQLITE_PARITY_10415_RENAME_COLUMN_REWRITES_TRIGGER.rs,P0,memory,SQL_ALTER,1904977,3259751,1.711176,-71.117604,true,3
2355,10266,PRAGMA_QUICK_CHECK_OK,SQLITE_PARITY_10266_PRAGMA_QUICK_CHECK_OK.rs,P0,memory,SQL_PRAGMA,1480803,2501566,1.689331,-68.933072,true,3
2356,10417,RENAME_TABLE_REWRITES_TRIGGER_REF,SQLITE_PARITY_10417_RENAME_TABLE_REWRITES_TRIGGER_REF.rs,P0,memory,SQL_ALTER,1923772,3244082,1.686313,-68.631314,true,3
2357,00210,OPT_NOUNICODE_UTF8_CATALOG,SQLITE_PARITY_210_OPT_NOUNICODE_UTF8_CATALOG.rs,P4,catalog,CLI_OPTION_CATALOG,1475022,2372752,1.608621,-60.862143,true,3
2358,10414,RENAME_COLUMN_REWRITES_VIEW,SQLITE_PARITY_10414_RENAME_COLUMN_REWRITES_VIEW.rs,P0,memory,SQL_ALTER,2173024,3388314,1.559262,-55.926212,true,3
2359,10174,DOT_SCHEMA_SQLITE_MASTER,SQLITE_PARITY_10174_DOT_SCHEMA_SQLITE_MASTER.rs,P0,memory,CLI_DOT_COMMAND,1822300,2807545,1.540660,-54.066015,true,3
2360,10419,SCHEMA_VERSION_INCREMENTS_ON_ALTER,SQLITE_PARITY_10419_SCHEMA_VERSION_INCREMENTS_ON_ALTER.rs,P0,memory,SQL_ALTER,1995357,3062478,1.534802,-53.480204,true,3
2361,00204,OPT_ZIP_TEMPFILE_CATALOG,SQLITE_PARITY_204_OPT_ZIP_TEMPFILE_CATALOG.rs,P4,catalog,CLI_OPTION_CATALOG,1681273,2482179,1.476369,-47.636880,true,3
2362,00206,OPT_MEMTRACE_CATALOG,SQLITE_PARITY_206_OPT_MEMTRACE_CATALOG.rs,P4,catalog,CLI_OPTION_CATALOG,1917581,2679363,1.397262,-39.726197,true,3
2363,00157,DOT_ARCHIVE_TEMPFILE_OPTIONAL,SQLITE_PARITY_157_DOT_ARCHIVE_TEMPFILE_OPTIONAL.rs,P3,tempfile,CLI_TEMPFILE_OPTIONAL,2089976,2884550,1.380183,-38.018331,true,3
2364,00156,DOT_RECOVER_TEMPFILE,SQLITE_PARITY_156_DOT_RECOVER_TEMPFILE.rs,P3,tempfile,CLI_TEMPFILE,3169471,4181907,1.319434,-31.943375,false,3
2365,00203,OPT_ARCHIVE_A_TEMPFILE_OPTIONAL,SQLITE_PARITY_203_OPT_ARCHIVE_A_TEMPFILE_OPTIONAL.rs,P4,tempfile,CLI_OPTION_TEMPFILE_OPTIONAL,1736307,1721369,0.991397,0.860332,true,3
2366,00165,DOT_INTCK_CATALOG,SQLITE_PARITY_165_DOT_INTCK_CATALOG.rs,P4,catalog,CLI_CATALOG,4017867,2392389,0.595438,40.456242,false,3
2367,00161,DOT_WWW_EXTERNAL_APP,SQLITE_PARITY_161_DOT_WWW_EXTERNAL_APP.rs,P4,external_app,CLI_EXTERNAL_APP,25849759,3398173,0.131459,86.854140,false,3
2368,00160,DOT_EXCEL_EXTERNAL_APP,SQLITE_PARITY_160_DOT_EXCEL_EXTERNAL_APP.rs,P4,external_app,CLI_EXTERNAL_APP,24266692,3063029,0.126224,87.377641,false,3
