rank,case_id,name,case_file,priority,profile,category,sqlite_median_ns,redline_median_ns,latency_ratio,gap_pct_raw,below_resolution,samples
1,00355,SCALAR_NULL_COALESCE_032,SQLITE_PARITY_355_SCALAR_NULL_COALESCE_032.rs,P1,memory,GEN_SQL_SCALAR,1459523,6199096,4.247344,-324.734382,true,3
2,11235,CAST_TEXT_BARE_AS_INTEGER,SQLITE_PARITY_11235_CAST_TEXT_BARE_AS_INTEGER.rs,P0,memory,SQL_CAST,1245228,3539661,2.842581,-184.258064,true,3
3,11684,DATETIME_STRFTIME_ISO_UNIX_PLUS_3_HOURS,SQLITE_PARITY_11684_DATETIME_STRFTIME_ISO_UNIX_PLUS_3_HOURS.rs,P0,memory,SQL_DATETIME,1318056,3678424,2.790795,-179.079493,true,3
4,00207,OPT_PCACHETRACE_CATALOG,SQLITE_PARITY_207_OPT_PCACHETRACE_CATALOG.rs,P4,catalog,CLI_OPTION_CATALOG,1296575,3609874,2.784161,-178.416135,true,3
5,10295,BEGIN_ROLLBACK_DROPS_WRITES,SQLITE_PARITY_10295_BEGIN_ROLLBACK_DROPS_WRITES.rs,P0,memory,SQL_TRANSACTION,1260677,3428882,2.719874,-171.987353,true,3
6,00434,DML_WHERE_ORDER_LIMIT_047,SQLITE_PARITY_434_DML_WHERE_ORDER_LIMIT_047.rs,P1,memory,GEN_SQL_DML,1390643,3741403,2.690412,-169.041228,true,3
7,00022,TRANSACTION_COMMIT,SQLITE_PARITY_022_TRANSACTION_COMMIT.rs,P0,memory,SQL_TRANSACTION,1357159,3646884,2.687146,-168.714572,true,3
8,00183,OPT_TABS_MODE,SQLITE_PARITY_183_OPT_TABS_MODE.rs,P2,memory,CLI_OPTION,1182629,3151978,2.665230,-166.522976,true,3
9,10296,BEGIN_DEFERRED_BASIC,SQLITE_PARITY_10296_BEGIN_DEFERRED_BASIC.rs,P0,memory,SQL_TRANSACTION,1323235,3524853,2.663815,-166.381482,true,3
10,00380,SCALAR_ARITH_039,SQLITE_PARITY_380_SCALAR_ARITH_039.rs,P1,memory,GEN_SQL_SCALAR,1292497,3442678,2.663587,-166.358684,true,3
11,10491,EXISTS_SUBQUERY_RETURNS_0_OR_1,SQLITE_PARITY_10491_EXISTS_SUBQUERY_RETURNS_0_OR_1.rs,P0,memory,SQL_SUBQUERY,1238975,3283236,2.649961,-164.996146,true,3
12,10546,MEDIAN_REQUIRES_CAPABILITY,SQLITE_PARITY_10546_MEDIAN_REQUIRES_CAPABILITY.rs,P0,memory,SQL_AGGREGATE_ADV,1223006,3237820,2.647428,-164.742773,true,3
13,00494,DML_WHERE_ORDER_LIMIT_107,SQLITE_PARITY_494_DML_WHERE_ORDER_LIMIT_107.rs,P1,memory,GEN_SQL_DML,1623594,4286365,2.640047,-164.004733,true,3
14,10618,BLOB_AFFINITY_INTEGER_COLUMN,SQLITE_PARITY_10618_BLOB_AFFINITY_INTEGER_COLUMN.rs,P0,memory,SQL_BLOB,1482187,3898991,2.630566,-163.056618,true,3
15,00760,CTE_RECURSIVE_MATRIX_053,SQLITE_PARITY_760_CTE_RECURSIVE_MATRIX_053.rs,P1,memory,GEN_SQL_CTE,1374422,3596810,2.616962,-161.696189,true,3
16,10278,FK_DELETE_CASCADE_REMOVES_CHILD,SQLITE_PARITY_10278_FK_DELETE_CASCADE_REMOVES_CHILD.rs,P0,memory,SQL_FOREIGN_KEYS,1334136,3478245,2.607114,-160.711427,true,3
17,00753,CTE_RECURSIVE_MATRIX_046,SQLITE_PARITY_753_CTE_RECURSIVE_MATRIX_046.rs,P1,memory,GEN_SQL_CTE,1300182,3387413,2.605338,-160.533756,true,3
18,10600,REGEXP_POSITIVE,SQLITE_PARITY_10600_REGEXP_POSITIVE.rs,P0,memory,SQL_PATTERN,1534014,3982891,2.596385,-159.638504,true,3
19,00420,DML_WHERE_ORDER_LIMIT_033,SQLITE_PARITY_420_DML_WHERE_ORDER_LIMIT_033.rs,P1,memory,GEN_SQL_DML,1501252,3882390,2.586101,-158.610147,true,3
20,10039,ORDER_BY_COLLATE_NOCASE_NULLS_LAST,SQLITE_PARITY_10039_ORDER_BY_COLLATE_NOCASE_NULLS_LAST.rs,P0,memory,SQL_NULL_ORDER,1238986,3198906,2.581874,-158.187421,true,3
21,10478,COMPOUND_LIMIT,SQLITE_PARITY_10478_COMPOUND_LIMIT.rs,P0,memory,SQL_COMPOUND,1231942,3178478,2.580055,-158.005491,true,3
22,00174,OPT_CSV_MODE,SQLITE_PARITY_174_OPT_CSV_MODE.rs,P1,memory,CLI_OPTION,1221633,3143461,2.573163,-157.316313,true,3
23,00461,DML_WHERE_ORDER_LIMIT_074,SQLITE_PARITY_461_DML_WHERE_ORDER_LIMIT_074.rs,P1,memory,GEN_SQL_DML,1426150,3669457,2.572981,-157.298110,true,3
24,10535,HAVING_AGG_DIFFERENT_FROM_SELECT_AGG,SQLITE_PARITY_10535_HAVING_AGG_DIFFERENT_FROM_SELECT_AGG.rs,P0,memory,SQL_AGGREGATE_ADV,1454684,3737877,2.569546,-156.954569,true,3
25,11084,MATH_TANH_0_0,SQLITE_PARITY_11084_MATH_TANH_0_0.rs,P1,memory,SQL_MATH,1335869,3422860,2.562272,-156.227220,true,3
26,10372,ATTACH_FILE_BASIC,SQLITE_PARITY_10372_ATTACH_FILE_BASIC.rs,P0,memory,SQL_ATTACH,1673578,4285192,2.560497,-156.049733,true,3
27,00247,SCALAR_NULL_COALESCE_005,SQLITE_PARITY_247_SCALAR_NULL_COALESCE_005.rs,P1,memory,GEN_SQL_SCALAR,1290794,3283947,2.544129,-154.412943,true,3
28,11835,JSON_JSON_ARRAY_LENGTH_A_B_99,SQLITE_PARITY_11835_JSON_JSON_ARRAY_LENGTH_A_B_99.rs,P0,memory,SQL_JSON,1246611,3168609,2.541778,-154.177847,true,3
29,11698,DATETIME_JULIANDAY_UNIX_START_OF_DAY,SQLITE_PARITY_11698_DATETIME_JULIANDAY_UNIX_START_OF_DAY.rs,P0,memory,SQL_DATETIME,1211644,3078899,2.541092,-154.109210,true,3
30,10090,STRICT_TEXT_COERCES_INTEGER,SQLITE_PARITY_10090_STRICT_TEXT_COERCES_INTEGER.rs,P0,memory,SQL_STRICT_TABLES,1334807,3384007,2.535203,-153.520322,true,3
31,00496,DML_WHERE_ORDER_LIMIT_109,SQLITE_PARITY_496_DML_WHERE_ORDER_LIMIT_109.rs,P1,memory,GEN_SQL_DML,1438704,3643958,2.532806,-153.280591,true,3
32,00180,OPT_BOX_MODE,SQLITE_PARITY_180_OPT_BOX_MODE.rs,P2,memory,CLI_OPTION,1293269,3272094,2.530095,-153.009544,true,3
33,11729,DATETIME_STRFTIME_ISO_Y2K_BASE,SQLITE_PARITY_11729_DATETIME_STRFTIME_ISO_Y2K_BASE.rs,P0,memory,SQL_DATETIME,1391555,3506358,2.519741,-151.974087,true,3
34,10528,AGGREGATE_COMPOSITION_SUM_X_TIMES_Y,SQLITE_PARITY_10528_AGGREGATE_COMPOSITION_SUM_X_TIMES_Y.rs,P0,memory,SQL_AGGREGATE_ADV,1333915,3358248,2.517588,-151.758770,true,3
35,11030,MATH_CEILING_1_4,SQLITE_PARITY_11030_MATH_CEILING_1_4.rs,P1,memory,SQL_MATH,1275384,3210027,2.516910,-151.691020,true,3
36,00211,SQL_ATTACH_TEMPFILE_DATABASE,SQLITE_PARITY_211_SQL_ATTACH_TEMPFILE_DATABASE.rs,P1,tempfile,SQL_TEMPFILE,1904886,4787684,2.513370,-151.337035,true,3
37,10290,PRAGMA_FOREIGN_KEY_CHECK_ORPHAN,SQLITE_PARITY_10290_PRAGMA_FOREIGN_KEY_CHECK_ORPHAN.rs,P0,memory,SQL_FOREIGN_KEYS,1375624,3453829,2.510736,-151.073622,true,3
38,00805,WINDOW_PARTITION_SUM_018,SQLITE_PARITY_805_WINDOW_PARTITION_SUM_018.rs,P2,memory,GEN_SQL_WINDOW,1336641,3355612,2.510481,-151.048112,true,3
39,00762,CTE_RECURSIVE_MATRIX_055,SQLITE_PARITY_762_CTE_RECURSIVE_MATRIX_055.rs,P1,memory,GEN_SQL_CTE,1456087,3654529,2.509829,-150.982874,true,3
40,10436,REC_CROSS_JOIN_INSIDE_RECURSION,SQLITE_PARITY_10436_REC_CROSS_JOIN_INSIDE_RECURSION.rs,P0,memory,SQL_RECURSIVE_CTE,1331130,3340134,2.509247,-150.924703,true,3
41,11430,STRING_UNICODE_A,SQLITE_PARITY_11430_STRING_UNICODE_A.rs,P0,memory,SQL_STRING,1201134,3012514,2.508058,-150.805822,true,3
42,00816,WINDOW_PARTITION_SUM_029,SQLITE_PARITY_816_WINDOW_PARTITION_SUM_029.rs,P2,memory,GEN_SQL_WINDOW,1366327,3423592,2.505690,-150.569007,true,3
43,00349,SCALAR_CAST_TYPEOF_031,SQLITE_PARITY_349_SCALAR_CAST_TYPEOF_031.rs,P1,memory,GEN_SQL_SCALAR,1366016,3413443,2.498831,-149.883091,true,3
44,11829,JSON_JSON_ARRAY_LENGTH_A_B_1_C,SQLITE_PARITY_11829_JSON_JSON_ARRAY_LENGTH_A_B_1_C.rs,P0,memory,SQL_JSON,1418655,3542277,2.496926,-149.692631,true,3
45,11231,CAST_TEXT_NUM_AS_REAL,SQLITE_PARITY_11231_CAST_TEXT_NUM_AS_REAL.rs,P0,memory,SQL_CAST,1364072,3405898,2.496861,-149.686087,true,3
46,11971,WIN_RANK_PARTITION,SQLITE_PARITY_11971_WIN_RANK_PARTITION.rs,P0,memory,SQL_WINDOW,1348253,3365852,2.496454,-149.645430,true,3
47,11627,DATETIME_DATETIME_DATE_2024_PLUS_3_HOURS,SQLITE_PARITY_11627_DATETIME_DATETIME_DATE_2024_PLUS_3_HOURS.rs,P0,memory,SQL_DATETIME,1261358,3147208,2.495095,-149.509497,true,3
48,01012,JSON_EXTRACT_SET_005,SQLITE_PARITY_1012_JSON_EXTRACT_SET_005.rs,P2,memory,GEN_SQL_JSON,1452110,3620164,2.493037,-149.303703,true,3
49,00013,INSERT_SELECT,SQLITE_PARITY_013_INSERT_SELECT.rs,P0,memory,SQL_INSERT,1340728,3340785,2.491769,-149.176940,true,3
50,00329,SCALAR_CAST_TYPEOF_026,SQLITE_PARITY_329_SCALAR_CAST_TYPEOF_026.rs,P1,memory,GEN_SQL_SCALAR,1376176,3428641,2.491426,-149.142624,true,3
51,00239,SCALAR_NULL_COALESCE_003,SQLITE_PARITY_239_SCALAR_NULL_COALESCE_003.rs,P1,memory,GEN_SQL_SCALAR,1275846,3178468,2.491263,-149.126305,true,3
52,00298,SCALAR_STRING_018,SQLITE_PARITY_298_SCALAR_STRING_018.rs,P1,memory,GEN_SQL_SCALAR,1333975,3323091,2.491119,-149.111940,true,3
53,10188,DOT_ECHO_ON,SQLITE_PARITY_10188_DOT_ECHO_ON.rs,P0,memory,CLI_DOT_COMMAND,1296805,3226509,2.488045,-148.804485,true,3
54,00437,DML_WHERE_ORDER_LIMIT_050,SQLITE_PARITY_437_DML_WHERE_ORDER_LIMIT_050.rs,P1,memory,GEN_SQL_DML,1490271,3706797,2.487331,-148.733083,true,3
55,00292,SCALAR_ARITH_017,SQLITE_PARITY_292_SCALAR_ARITH_017.rs,P1,memory,GEN_SQL_SCALAR,1406532,3498323,2.487198,-148.719759,true,3
56,11583,DATETIME_JULIANDAY_Y2K_PLUS_10_SECONDS,SQLITE_PARITY_11583_DATETIME_JULIANDAY_Y2K_PLUS_10_SECONDS.rs,P0,memory,SQL_DATETIME,1199241,2982155,2.486702,-148.670201,true,3
57,10433,REC_NOT_MATERIALIZED_HINT,SQLITE_PARITY_10433_REC_NOT_MATERIALIZED_HINT.rs,P0,memory,SQL_RECURSIVE_CTE,1291876,3211159,2.485656,-148.565574,true,3
58,00959,VIEW_TRIGGER_GENERATED_012,SQLITE_PARITY_959_VIEW_TRIGGER_GENERATED_012.rs,P2,memory,GEN_SQL_VIEW_TRIGGER,1503927,3732727,2.481987,-148.198683,true,3
59,11308,AFFINITY_BIGINT_INT_1,SQLITE_PARITY_11308_AFFINITY_BIGINT_INT_1.rs,P0,memory,SQL_TYPE_AFFINITY,1302566,3230907,2.480417,-148.041712,true,3
60,00031,CREATE_INDEX,SQLITE_PARITY_031_CREATE_INDEX.rs,P0,memory,SQL_INDEX,1342021,3327390,2.479387,-147.938743,true,3
61,11605,DATETIME_DATE_Y2K_UTC,SQLITE_PARITY_11605_DATETIME_DATE_Y2K_UTC.rs,P0,memory,SQL_DATETIME,1261118,3124425,2.477504,-147.750409,true,3
62,00517,AGG_GROUP_HAVING_010,SQLITE_PARITY_517_AGG_GROUP_HAVING_010.rs,P1,memory,GEN_SQL_AGGREGATE,1385133,3430956,2.476987,-147.698669,true,3
63,11908,WIN_SUM_EXCL_TIES,SQLITE_PARITY_11908_WIN_SUM_EXCL_TIES.rs,P0,memory,SQL_WINDOW,1462689,3622458,2.476574,-147.657431,true,3
64,00851,WINDOW_PARTITION_SUM_064,SQLITE_PARITY_851_WINDOW_PARTITION_SUM_064.rs,P2,memory,GEN_SQL_WINDOW,1359744,3365481,2.475084,-147.508428,true,3
65,11801,JSON_JSON_EXTRACT_A,SQLITE_PARITY_11801_JSON_JSON_EXTRACT_A.rs,P0,memory,SQL_JSON,1348282,3336757,2.474821,-147.482129,true,3
66,10517,FILTER_SUM_X_IS_NOT_NULL,SQLITE_PARITY_10517_FILTER_SUM_X_IS_NOT_NULL.rs,P0,memory,SQL_AGGREGATE_ADV,1429406,3536285,2.473954,-147.395422,true,3
67,00231,SCALAR_NULL_COALESCE_001,SQLITE_PARITY_231_SCALAR_NULL_COALESCE_001.rs,P1,memory,GEN_SQL_SCALAR,1273752,3150745,2.473594,-147.359376,true,3
68,00792,WINDOW_PARTITION_SUM_005,SQLITE_PARITY_792_WINDOW_PARTITION_SUM_005.rs,P2,memory,GEN_SQL_WINDOW,1434015,3544280,2.471578,-147.157805,true,3
69,10520,STRING_AGG_ALIAS_OF_GROUP_CONCAT,SQLITE_PARITY_10520_STRING_AGG_ALIAS_OF_GROUP_CONCAT.rs,P0,memory,SQL_AGGREGATE_ADV,1320660,3262336,2.470232,-147.023155,true,3
70,00767,CTE_RECURSIVE_MATRIX_060,SQLITE_PARITY_767_CTE_RECURSIVE_MATRIX_060.rs,P1,memory,GEN_SQL_CTE,1419968,3507560,2.470168,-147.016834,true,3
71,00359,SCALAR_NULL_COALESCE_033,SQLITE_PARITY_359_SCALAR_NULL_COALESCE_033.rs,P1,memory,GEN_SQL_SCALAR,1288058,3181624,2.470094,-147.009374,true,3
72,11953,WIN_FIRST_VALUE_ROWS_2_PREC_CURRENT,SQLITE_PARITY_11953_WIN_FIRST_VALUE_ROWS_2_PREC_CURRENT.rs,P0,memory,SQL_WINDOW,1454504,3591089,2.468944,-146.894405,true,3
73,11669,DATETIME_STRFTIME_ISO_UNIX_PLUS_5_DAYS,SQLITE_PARITY_11669_DATETIME_STRFTIME_ISO_UNIX_PLUS_5_DAYS.rs,P0,memory,SQL_DATETIME,1340127,3308573,2.468850,-146.885034,true,3
74,11035,MATH_COS_1_0,SQLITE_PARITY_11035_MATH_COS_1_0.rs,P1,memory,SQL_MATH,1226452,3026620,2.467785,-146.778512,true,3
75,00515,AGG_GROUP_HAVING_008,SQLITE_PARITY_515_AGG_GROUP_HAVING_008.rs,P1,memory,GEN_SQL_AGGREGATE,1514517,3737025,2.467470,-146.746983,true,3
76,11815,JSON_JSON_TYPE_A_B_0,SQLITE_PARITY_11815_JSON_JSON_TYPE_A_B_0.rs,P0,memory,SQL_JSON,1433243,3534652,2.466192,-146.619171,true,3
77,10110,MODE_LIST_SEP_COMMA,SQLITE_PARITY_10110_MODE_LIST_SEP_COMMA.rs,P0,memory,CLI_OUTPUT_MODE,1372929,3384126,2.464895,-146.489513,true,3
78,01007,VIEW_TRIGGER_GENERATED_060,SQLITE_PARITY_1007_VIEW_TRIGGER_GENERATED_060.rs,P2,memory,GEN_SQL_VIEW_TRIGGER,1511662,3720514,2.461208,-146.120760,true,3
79,10483,COMPOUND_WHERE_PER_SIDE,SQLITE_PARITY_10483_COMPOUND_WHERE_PER_SIDE.rs,P0,memory,SQL_COMPOUND,1318667,3245485,2.461186,-146.118618,true,3
80,00451,DML_WHERE_ORDER_LIMIT_064,SQLITE_PARITY_451_DML_WHERE_ORDER_LIMIT_064.rs,P1,memory,GEN_SQL_DML,1425159,3507491,2.461123,-146.112258,true,3
81,00414,DML_WHERE_ORDER_LIMIT_027,SQLITE_PARITY_414_DML_WHERE_ORDER_LIMIT_027.rs,P1,memory,GEN_SQL_DML,1613304,3970287,2.460966,-146.096644,true,3
82,11010,MATH_ASIN_1_0,SQLITE_PARITY_11010_MATH_ASIN_1_0.rs,P1,memory,SQL_MATH,1378409,3392202,2.460955,-146.095462,true,3
83,01016,JSON_EXTRACT_SET_009,SQLITE_PARITY_1016_JSON_EXTRACT_SET_009.rs,P2,memory,GEN_SQL_JSON,1491874,3670990,2.460657,-146.065687,true,3
84,00270,SCALAR_STRING_011,SQLITE_PARITY_270_SCALAR_STRING_011.rs,P1,memory,GEN_SQL_SCALAR,1314489,3233823,2.460137,-146.013698,true,3
85,00761,CTE_RECURSIVE_MATRIX_054,SQLITE_PARITY_761_CTE_RECURSIVE_MATRIX_054.rs,P1,memory,GEN_SQL_CTE,1428124,3512429,2.459471,-145.947061,true,3
86,11556,DATETIME_TIME_Y2K_PLUS_5_DAYS,SQLITE_PARITY_11556_DATETIME_TIME_Y2K_PLUS_5_DAYS.rs,P0,memory,SQL_DATETIME,1257260,3091984,2.459304,-145.930356,true,3
87,10512,COUNT_DISTINCT_BASIC,SQLITE_PARITY_10512_COUNT_DISTINCT_BASIC.rs,P0,memory,SQL_AGGREGATE_ADV,1447259,3557144,2.457849,-145.784894,true,3
88,00433,DML_WHERE_ORDER_LIMIT_046,SQLITE_PARITY_433_DML_WHERE_ORDER_LIMIT_046.rs,P1,memory,GEN_SQL_DML,1441078,3541866,2.457789,-145.778924,true,3
89,00933,CONSTRAINT_FK_SAVEPOINT_066,SQLITE_PARITY_933_CONSTRAINT_FK_SAVEPOINT_066.rs,P2,memory,GEN_SQL_CONSTRAINT_TX,1444916,3550182,2.457016,-145.701619,true,3
90,10341,ON_CONFLICT_UNIQUE_INDEX_TARGET,SQLITE_PARITY_10341_ON_CONFLICT_UNIQUE_INDEX_TARGET.rs,P0,memory,SQL_UPSERT,1364674,3352947,2.456958,-145.695822,true,3
91,11428,STRING_QUOTE_X_01AB,SQLITE_PARITY_11428_STRING_QUOTE_X_01AB.rs,P0,memory,SQL_STRING,1238866,3042610,2.455964,-145.596376,true,3
92,11538,DATETIME_JULIANDAY_EPOCH_START_OF_MONTH,SQLITE_PARITY_11538_DATETIME_JULIANDAY_EPOCH_START_OF_MONTH.rs,P0,memory,SQL_DATETIME,1291134,3168659,2.454167,-145.416742,true,3
93,00412,DML_WHERE_ORDER_LIMIT_025,SQLITE_PARITY_412_DML_WHERE_ORDER_LIMIT_025.rs,P1,memory,GEN_SQL_DML,1590260,3900815,2.452942,-145.294166,true,3
94,01024,JSON_EXTRACT_SET_017,SQLITE_PARITY_1024_JSON_EXTRACT_SET_017.rs,P2,memory,GEN_SQL_JSON,1411723,3462455,2.452645,-145.264475,true,3
95,10099,STRICT_NULL_ALLOWED_BY_DEFAULT,SQLITE_PARITY_10099_STRICT_NULL_ALLOWED_BY_DEFAULT.rs,P0,memory,SQL_STRICT_TABLES,1320470,3236678,2.451156,-145.115603,true,3
96,00994,VIEW_TRIGGER_GENERATED_047,SQLITE_PARITY_994_VIEW_TRIGGER_GENERATED_047.rs,P2,memory,GEN_SQL_VIEW_TRIGGER,1459593,3576060,2.450039,-145.003915,true,3
97,10236,OPT_MAXSIZE,SQLITE_PARITY_10236_OPT_MAXSIZE.rs,P0,memory,CLI_OPTION,1336239,3272916,2.449349,-144.934926,true,3
98,00577,AGG_GROUP_HAVING_070,SQLITE_PARITY_577_AGG_GROUP_HAVING_070.rs,P1,memory,GEN_SQL_AGGREGATE,1538143,3766531,2.448752,-144.875216,true,3
99,11693,DATETIME_JULIANDAY_UNIX_PLUS_10_SECONDS,SQLITE_PARITY_11693_DATETIME_JULIANDAY_UNIX_PLUS_10_SECONDS.rs,P0,memory,SQL_DATETIME,1282518,3140205,2.448469,-144.846856,true,3
100,00449,DML_WHERE_ORDER_LIMIT_062,SQLITE_PARITY_449_DML_WHERE_ORDER_LIMIT_062.rs,P1,memory,GEN_SQL_DML,1418376,3470740,2.446982,-144.698162,true,3
101,10533,AGGREGATE_OVER_CROSS_JOIN,SQLITE_PARITY_10533_AGGREGATE_OVER_CROSS_JOIN.rs,P0,memory,SQL_AGGREGATE_ADV,1380654,3378015,2.446677,-144.667744,true,3
102,10516,FILTER_COUNT_STAR_PREDICATE,SQLITE_PARITY_10516_FILTER_COUNT_STAR_PREDICATE.rs,P0,memory,SQL_AGGREGATE_ADV,1345628,3290619,2.445415,-144.541508,true,3
103,00073,INDEXED_BY,SQLITE_PARITY_073_INDEXED_BY.rs,P0,memory,SQL_INDEX,1364634,3336927,2.445291,-144.529083,true,3
104,01104,INDEX_SCHEMA_PRAGMA_037,SQLITE_PARITY_1104_INDEX_SCHEMA_PRAGMA_037.rs,P2,memory,GEN_SQL_INDEX_PRAGMA,1513115,3699975,2.445270,-144.527019,true,3
105,00842,WINDOW_PARTITION_SUM_055,SQLITE_PARITY_842_WINDOW_PARTITION_SUM_055.rs,P2,memory,GEN_SQL_WINDOW,1479461,3613922,2.442729,-144.272880,true,3
106,11736,DATETIME_TIME_UNIX_BASE,SQLITE_PARITY_11736_DATETIME_TIME_UNIX_BASE.rs,P0,memory,SQL_DATETIME,1410841,3444170,2.441218,-144.121769,true,3
107,11903,WIN_SUM_ROWS_2_PREC_CURRENT,SQLITE_PARITY_11903_WIN_SUM_ROWS_2_PREC_CURRENT.rs,P0,memory,SQL_WINDOW,1444355,3523801,2.439706,-143.970561,true,3
108,00497,DML_WHERE_ORDER_LIMIT_110,SQLITE_PARITY_497_DML_WHERE_ORDER_LIMIT_110.rs,P1,memory,GEN_SQL_DML,1500180,3659519,2.439387,-143.938661,true,3
109,11678,DATETIME_JULIANDAY_UNIX_PLUS_1_YEAR,SQLITE_PARITY_11678_DATETIME_JULIANDAY_UNIX_PLUS_1_YEAR.rs,P0,memory,SQL_DATETIME,1255087,3061166,2.439007,-143.900702,true,3
110,00418,DML_WHERE_ORDER_LIMIT_031,SQLITE_PARITY_418_DML_WHERE_ORDER_LIMIT_031.rs,P1,memory,GEN_SQL_DML,1467829,3579376,2.438551,-143.855108,true,3
111,10621,UNHEX_INVALID_RETURNS_NULL,SQLITE_PARITY_10621_UNHEX_INVALID_RETURNS_NULL.rs,P0,memory,SQL_BLOB,1328285,3232740,2.433770,-143.376986,true,3
112,11721,DATETIME_TIME_EPOCH_BASE,SQLITE_PARITY_11721_DATETIME_TIME_EPOCH_BASE.rs,P0,memory,SQL_DATETIME,1298288,3158610,2.432904,-143.290395,true,3
113,00476,DML_WHERE_ORDER_LIMIT_089,SQLITE_PARITY_476_DML_WHERE_ORDER_LIMIT_089.rs,P1,memory,GEN_SQL_DML,1762066,4286716,2.432778,-143.277834,true,3
114,11730,DATETIME_DATE_DATE_2024_BASE,SQLITE_PARITY_11730_DATETIME_DATE_DATE_2024_BASE.rs,P0,memory,SQL_DATETIME,1482356,3605976,2.432598,-143.259784,true,3
115,11107,MATH_MOD_10_5_3_0,SQLITE_PARITY_11107_MATH_MOD_10_5_3_0.rs,P1,memory,SQL_MATH,1235620,3004889,2.431888,-143.188764,true,3
116,00655,JOIN_SUBQUERY_EXISTS_048,SQLITE_PARITY_655_JOIN_SUBQUERY_EXISTS_048.rs,P1,memory,GEN_SQL_JOIN_SUBQUERY,1517032,3687862,2.430972,-143.097179,true,3
117,10377,MAIN_VS_AUX_SQLITE_MASTER,SQLITE_PARITY_10377_MAIN_VS_AUX_SQLITE_MASTER.rs,P0,memory,SQL_ATTACH,1394190,3388395,2.430368,-143.036817,true,3
118,00818,WINDOW_PARTITION_SUM_031,SQLITE_PARITY_818_WINDOW_PARTITION_SUM_031.rs,P2,memory,GEN_SQL_WINDOW,1334747,3242138,2.429028,-142.902812,true,3
119,00692,JOIN_SUBQUERY_EXISTS_085,SQLITE_PARITY_692_JOIN_SUBQUERY_EXISTS_085.rs,P1,memory,GEN_SQL_JOIN_SUBQUERY,1550676,3763916,2.427274,-142.727430,true,3
120,00812,WINDOW_PARTITION_SUM_025,SQLITE_PARITY_812_WINDOW_PARTITION_SUM_025.rs,P2,memory,GEN_SQL_WINDOW,1457609,3534261,2.424698,-142.469757,true,3
121,00505,DML_WHERE_ORDER_LIMIT_118,SQLITE_PARITY_505_DML_WHERE_ORDER_LIMIT_118.rs,P1,memory,GEN_SQL_DML,1503657,3645381,2.424343,-142.434345,true,3
122,01052,JSON_EXTRACT_SET_045,SQLITE_PARITY_1052_JSON_EXTRACT_SET_045.rs,P2,memory,GEN_SQL_JSON,1465775,3553407,2.424251,-142.425133,true,3
123,10594,GLOB_STAR_WILDCARD,SQLITE_PARITY_10594_GLOB_STAR_WILDCARD.rs,P0,memory,SQL_PATTERN,1281276,3105550,2.423795,-142.379472,true,3
124,00232,SCALAR_ARITH_002,SQLITE_PARITY_232_SCALAR_ARITH_002.rs,P1,memory,GEN_SQL_SCALAR,1233686,2989469,2.423201,-142.320088,true,3
125,10532,AGGREGATE_OVER_CTE,SQLITE_PARITY_10532_AGGREGATE_OVER_CTE.rs,P0,memory,SQL_AGGREGATE_ADV,1319067,3196231,2.423100,-142.309981,true,3
126,00455,DML_WHERE_ORDER_LIMIT_068,SQLITE_PARITY_455_DML_WHERE_ORDER_LIMIT_068.rs,P1,memory,GEN_SQL_DML,1541479,3734480,2.422660,-142.266032,true,3
127,01026,JSON_EXTRACT_SET_019,SQLITE_PARITY_1026_JSON_EXTRACT_SET_019.rs,P2,memory,GEN_SQL_JSON,1465094,3547827,2.421570,-142.156954,true,3
128,11649,DATETIME_STRFTIME_ISO_DATE_2024_START_OF_MONTH,SQLITE_PARITY_11649_DATETIME_STRFTIME_ISO_DATE_2024_START_OF_MONTH.rs,P0,memory,SQL_DATETIME,1177660,2851679,2.421479,-142.147903,true,3
129,00390,DML_WHERE_ORDER_LIMIT_003,SQLITE_PARITY_390_DML_WHERE_ORDER_LIMIT_003.rs,P1,memory,GEN_SQL_DML,1494169,3617028,2.420762,-142.076231,true,3
130,00043,ATTACH_DETACH_MEMORY,SQLITE_PARITY_043_ATTACH_DETACH_MEMORY.rs,P0,memory,SQL_ATTACH,1321211,3196372,2.419274,-141.927444,true,3
131,00405,DML_WHERE_ORDER_LIMIT_018,SQLITE_PARITY_405_DML_WHERE_ORDER_LIMIT_018.rs,P1,memory,GEN_SQL_DML,1499219,3626976,2.419244,-141.924362,true,3
132,10322,ON_CONFLICT_DO_NOTHING_NO_TARGET,SQLITE_PARITY_10322_ON_CONFLICT_DO_NOTHING_NO_TARGET.rs,P0,memory,SQL_UPSERT,1446128,3497872,2.418785,-141.878451,true,3
133,11316,AFFINITY_REAL_INT_1,SQLITE_PARITY_11316_AFFINITY_REAL_INT_1.rs,P0,memory,SQL_TYPE_AFFINITY,1419117,3432468,2.418735,-141.873503,true,3
134,00201,OPT_NO_ROWID_IN_VIEW,SQLITE_PARITY_201_OPT_NO_ROWID_IN_VIEW.rs,P4,memory,CLI_OPTION,1476435,3569368,2.417559,-141.755851,true,3
135,11680,DATETIME_DATE_UNIX_PLUS_3_HOURS,SQLITE_PARITY_11680_DATETIME_DATE_UNIX_PLUS_3_HOURS.rs,P0,memory,SQL_DATETIME,1272880,3076895,2.417270,-141.727028,true,3
136,00432,DML_WHERE_ORDER_LIMIT_045,SQLITE_PARITY_432_DML_WHERE_ORDER_LIMIT_045.rs,P1,memory,GEN_SQL_DML,1500020,3625874,2.417217,-141.721710,true,3
137,10304,SAVEPOINT_DEPTH_3_RELEASE,SQLITE_PARITY_10304_SAVEPOINT_DEPTH_3_RELEASE.rs,P0,memory,SQL_TRANSACTION,1390953,3362195,2.417188,-141.718807,true,3
138,00993,VIEW_TRIGGER_GENERATED_046,SQLITE_PARITY_993_VIEW_TRIGGER_GENERATED_046.rs,P2,memory,GEN_SQL_VIEW_TRIGGER,1579601,3817918,2.417014,-141.701417,true,3
139,10306,SAVEPOINT_DEPTH_5_RELEASE,SQLITE_PARITY_10306_SAVEPOINT_DEPTH_5_RELEASE.rs,P0,memory,SQL_TRANSACTION,1327303,3207703,2.416707,-141.670741,true,3
140,11724,DATETIME_STRFTIME_ISO_EPOCH_BASE,SQLITE_PARITY_11724_DATETIME_STRFTIME_ISO_EPOCH_BASE.rs,P0,memory,SQL_DATETIME,1374292,3320306,2.416012,-141.601203,true,3
141,12010,PRAGMA_TEMP_STORE,SQLITE_PARITY_12010_PRAGMA_TEMP_STORE.rs,P1,memory,SQL_PRAGMA,1289612,3115669,2.415974,-141.597395,true,3
142,00402,DML_WHERE_ORDER_LIMIT_015,SQLITE_PARITY_402_DML_WHERE_ORDER_LIMIT_015.rs,P1,memory,GEN_SQL_DML,1533433,3704123,2.415575,-141.557538,true,3
143,10140,MODE_QUOTE_WITH_BLOB,SQLITE_PARITY_10140_MODE_QUOTE_WITH_BLOB.rs,P0,memory,CLI_OUTPUT_MODE,1360396,3284689,2.414509,-141.450945,true,3
144,11625,DATETIME_DATE_DATE_2024_PLUS_3_HOURS,SQLITE_PARITY_11625_DATETIME_DATE_DATE_2024_PLUS_3_HOURS.rs,P0,memory,SQL_DATETIME,1186517,2863732,2.413562,-141.356171,true,3
145,11662,DATETIME_DATETIME_DATE_2024_UTC,SQLITE_PARITY_11662_DATETIME_DATETIME_DATE_2024_UTC.rs,P0,memory,SQL_DATETIME,1331741,3213474,2.412987,-141.298721,true,3
146,00746,CTE_RECURSIVE_MATRIX_039,SQLITE_PARITY_746_CTE_RECURSIVE_MATRIX_039.rs,P1,memory,GEN_SQL_CTE,1380734,3330575,2.412177,-141.217715,true,3
147,11677,DATETIME_DATETIME_UNIX_PLUS_1_YEAR,SQLITE_PARITY_11677_DATETIME_DATETIME_UNIX_PLUS_1_YEAR.rs,P0,memory,SQL_DATETIME,1308397,3154993,2.411342,-141.134228,true,3
148,00389,DML_WHERE_ORDER_LIMIT_002,SQLITE_PARITY_389_DML_WHERE_ORDER_LIMIT_002.rs,P1,memory,GEN_SQL_DML,1548091,3731965,2.410688,-141.068839,true,3
149,11589,DATETIME_STRFTIME_ISO_Y2K_START_OF_DAY,SQLITE_PARITY_11589_DATETIME_STRFTIME_ISO_Y2K_START_OF_DAY.rs,P0,memory,SQL_DATETIME,1293549,3116410,2.409194,-140.919362,true,3
150,10508,SUBQUERY_IN_DELETE_WHERE,SQLITE_PARITY_10508_SUBQUERY_IN_DELETE_WHERE.rs,P0,memory,SQL_SUBQUERY,1558861,3754278,2.408347,-140.834686,true,3
151,00302,SCALAR_STRING_019,SQLITE_PARITY_302_SCALAR_STRING_019.rs,P1,memory,GEN_SQL_SCALAR,1424808,3431246,2.408216,-140.821641,true,3
152,00153,DOT_CD_TEMPFILE,SQLITE_PARITY_153_DOT_CD_TEMPFILE.rs,P2,tempfile,CLI_TEMPFILE,1147783,2762650,2.406945,-140.694452,true,3
153,00867,WINDOW_PARTITION_SUM_080,SQLITE_PARITY_867_WINDOW_PARTITION_SUM_080.rs,P2,memory,GEN_SQL_WINDOW,1400692,3371172,2.406790,-140.679036,true,3
154,00077,COMMENTS_AND_CLI_TERMINATORS,SQLITE_PARITY_077_COMMENTS_AND_CLI_TERMINATORS.rs,P0,memory,CLI_SQL_INPUT,1256979,3023223,2.405150,-140.514997,true,3
155,00257,SCALAR_CAST_TYPEOF_008,SQLITE_PARITY_257_SCALAR_CAST_TYPEOF_008.rs,P1,memory,GEN_SQL_SCALAR,1345437,3235034,2.404449,-140.444852,true,3
156,10334,INSERT_OR_IGNORE_SKIPS_ROW,SQLITE_PARITY_10334_INSERT_OR_IGNORE_SKIPS_ROW.rs,P0,memory,SQL_UPSERT,1326171,3186893,2.403078,-140.307849,true,3
157,00822,WINDOW_PARTITION_SUM_035,SQLITE_PARITY_822_WINDOW_PARTITION_SUM_035.rs,P2,memory,GEN_SQL_WINDOW,1436350,3451344,2.402857,-140.285724,true,3
158,11057,MATH_LOG10_10_0,SQLITE_PARITY_11057_MATH_LOG10_10_0.rs,P1,memory,SQL_MATH,1317755,3166134,2.402673,-140.267273,true,3
159,00301,SCALAR_CAST_TYPEOF_019,SQLITE_PARITY_301_SCALAR_CAST_TYPEOF_019.rs,P1,memory,GEN_SQL_SCALAR,1363682,3276473,2.402666,-140.266646,true,3
160,00377,SCALAR_CAST_TYPEOF_038,SQLITE_PARITY_377_SCALAR_CAST_TYPEOF_038.rs,P1,memory,GEN_SQL_SCALAR,1251549,3006672,2.402361,-140.236059,true,3
161,11733,DATETIME_JULIANDAY_DATE_2024_BASE,SQLITE_PARITY_11733_DATETIME_JULIANDAY_DATE_2024_BASE.rs,P0,memory,SQL_DATETIME,1436610,3448579,2.400498,-140.049770,true,3
162,00755,CTE_RECURSIVE_MATRIX_048,SQLITE_PARITY_755_CTE_RECURSIVE_MATRIX_048.rs,P1,memory,GEN_SQL_CTE,1390522,3337258,2.400004,-140.000374,true,3
163,10137,MODE_TCL_WITH_NEWLINE,SQLITE_PARITY_10137_MODE_TCL_WITH_NEWLINE.rs,P0,memory,CLI_OUTPUT_MODE,1384671,3323172,2.399972,-139.997227,true,3
164,00277,SCALAR_CAST_TYPEOF_013,SQLITE_PARITY_277_SCALAR_CAST_TYPEOF_013.rs,P1,memory,GEN_SQL_SCALAR,1430097,3431887,2.399758,-139.975820,true,3
165,10593,NOT_LIKE_BASIC,SQLITE_PARITY_10593_NOT_LIKE_BASIC.rs,P0,memory,SQL_PATTERN,1377908,3305718,2.399085,-139.908470,true,3
166,00471,DML_WHERE_ORDER_LIMIT_084,SQLITE_PARITY_471_DML_WHERE_ORDER_LIMIT_084.rs,P1,memory,GEN_SQL_DML,1710157,4102247,2.398755,-139.875462,true,3
167,11935,WIN_MIN_GROUPS_1_PREC_CURRENT,SQLITE_PARITY_11935_WIN_MIN_GROUPS_1_PREC_CURRENT.rs,P0,memory,SQL_WINDOW,1548191,3713711,2.398742,-139.874214,true,3
168,10211,OPT_MODE_BOX,SQLITE_PARITY_10211_OPT_MODE_BOX.rs,P0,memory,CLI_OPTION,1322394,3171935,2.398631,-139.863082,true,3
169,00238,SCALAR_STRING_003,SQLITE_PARITY_238_SCALAR_STRING_003.rs,P1,memory,GEN_SQL_SCALAR,1267810,3040326,2.398093,-139.809277,true,3
170,10558,NO_SUCH_COLLATION_SEQUENCE,SQLITE_PARITY_10558_NO_SUCH_COLLATION_SEQUENCE.rs,P0,memory,SQL_ERROR_MESSAGES,1291765,3097183,2.397637,-139.763657,true,3
171,11333,AFFINITY_TEXT_INT_BIG,SQLITE_PARITY_11333_AFFINITY_TEXT_INT_BIG.rs,P0,memory,SQL_TYPE_AFFINITY,1313417,3147178,2.396176,-139.617578,true,3
172,00248,SCALAR_ARITH_006,SQLITE_PARITY_248_SCALAR_ARITH_006.rs,P1,memory,GEN_SQL_SCALAR,1217846,2917333,2.395486,-139.548596,true,3
173,01125,INDEX_SCHEMA_PRAGMA_058,SQLITE_PARITY_1125_INDEX_SCHEMA_PRAGMA_058.rs,P2,memory,GEN_SQL_INDEX_PRAGMA,1479861,3542056,2.393506,-139.350588,true,3
174,01112,INDEX_SCHEMA_PRAGMA_045,SQLITE_PARITY_1112_INDEX_SCHEMA_PRAGMA_045.rs,P2,memory,GEN_SQL_INDEX_PRAGMA,1422103,3403784,2.393486,-139.348627,true,3
175,00008,STRICT_TABLE,SQLITE_PARITY_008_STRICT_TABLE.rs,P0,memory,SQL_DDL,1366307,3270001,2.393314,-139.331351,true,3
176,11683,DATETIME_JULIANDAY_UNIX_PLUS_3_HOURS,SQLITE_PARITY_11683_DATETIME_JULIANDAY_UNIX_PLUS_3_HOURS.rs,P0,memory,SQL_DATETIME,1383789,3311630,2.393161,-139.316110,true,3
177,00710,CTE_RECURSIVE_MATRIX_003,SQLITE_PARITY_710_CTE_RECURSIVE_MATRIX_003.rs,P1,memory,GEN_SQL_CTE,1355977,3242699,2.391412,-139.141151,true,3
178,10303,SAVEPOINT_DEPTH_2_RELEASE,SQLITE_PARITY_10303_SAVEPOINT_DEPTH_2_RELEASE.rs,P0,memory,SQL_TRANSACTION,1336380,3195820,2.391401,-139.140065,true,3
179,11602,DATETIME_DATETIME_Y2K_WEEKDAY_0,SQLITE_PARITY_11602_DATETIME_DATETIME_Y2K_WEEKDAY_0.rs,P0,memory,SQL_DATETIME,1332153,3185050,2.390904,-139.090405,true,3
180,11653,DATETIME_JULIANDAY_DATE_2024_START_OF_YEAR,SQLITE_PARITY_11653_DATETIME_JULIANDAY_DATE_2024_START_OF_YEAR.rs,P0,memory,SQL_DATETIME,1435518,3431507,2.390431,-139.043119,true,3
181,11738,DATETIME_JULIANDAY_UNIX_BASE,SQLITE_PARITY_11738_DATETIME_JULIANDAY_UNIX_BASE.rs,P0,memory,SQL_DATETIME,1340167,3203455,2.390340,-139.034016,true,3
182,01101,INDEX_SCHEMA_PRAGMA_034,SQLITE_PARITY_1101_INDEX_SCHEMA_PRAGMA_034.rs,P2,memory,GEN_SQL_INDEX_PRAGMA,1620378,3871880,2.389492,-138.949183,true,3
183,11663,DATETIME_JULIANDAY_DATE_2024_UTC,SQLITE_PARITY_11663_DATETIME_JULIANDAY_DATE_2024_UTC.rs,P0,memory,SQL_DATETIME,1395693,3334773,2.389331,-138.933132,true,3
184,11731,DATETIME_TIME_DATE_2024_BASE,SQLITE_PARITY_11731_DATETIME_TIME_DATE_2024_BASE.rs,P0,memory,SQL_DATETIME,1318215,3149032,2.388861,-138.886069,true,3
185,10490,SCALAR_SUBQUERY_SELECT_LIST,SQLITE_PARITY_10490_SCALAR_SUBQUERY_SELECT_LIST.rs,P0,memory,SQL_SUBQUERY,1313647,3137560,2.388435,-138.843464,true,3
186,11804,JSON_JSON_EXTRACT_A_B_1,SQLITE_PARITY_11804_JSON_JSON_EXTRACT_A_B_1.rs,P0,memory,SQL_JSON,1381195,3298604,2.388225,-138.822469,true,3
187,11616,DATETIME_TIME_DATE_2024_MINUS_1_MONTH,SQLITE_PARITY_11616_DATETIME_TIME_DATE_2024_MINUS_1_MONTH.rs,P0,memory,SQL_DATETIME,1206685,2881475,2.387926,-138.792643,true,3
188,10518,GROUP_CONCAT_ORDER_BY_DESC,SQLITE_PARITY_10518_GROUP_CONCAT_ORDER_BY_DESC.rs,P0,memory,SQL_AGGREGATE_ADV,1342331,3204978,2.387621,-138.762124,true,3
189,11049,MATH_FLOOR_1_6,SQLITE_PARITY_11049_MATH_FLOOR_1_6.rs,P1,memory,SQL_MATH,1266488,3023705,2.387472,-138.747229,true,3
190,00784,CTE_RECURSIVE_MATRIX_077,SQLITE_PARITY_784_CTE_RECURSIVE_MATRIX_077.rs,P1,memory,GEN_SQL_CTE,1382477,3299777,2.386859,-138.685852,true,3
191,00601,AGG_GROUP_HAVING_094,SQLITE_PARITY_601_AGG_GROUP_HAVING_094.rs,P1,memory,GEN_SQL_AGGREGATE,1491283,3558286,2.386057,-138.605684,true,3
192,11408,STRING_LOWER_,SQLITE_PARITY_11408_STRING_LOWER_.rs,P0,memory,SQL_STRING,1327053,3165493,2.385355,-138.535537,true,3
193,00452,DML_WHERE_ORDER_LIMIT_065,SQLITE_PARITY_452_DML_WHERE_ORDER_LIMIT_065.rs,P1,memory,GEN_SQL_DML,1535346,3661903,2.385067,-138.506695,true,3
194,01020,JSON_EXTRACT_SET_013,SQLITE_PARITY_1020_JSON_EXTRACT_SET_013.rs,P2,memory,GEN_SQL_JSON,1448191,3451424,2.383266,-138.326574,true,3
195,10488,COMPOUND_EXCEPT_ALL_REMOVED,SQLITE_PARITY_10488_COMPOUND_EXCEPT_ALL_REMOVED.rs,P0,memory,SQL_COMPOUND,1404189,3346466,2.383202,-138.320198,true,3
196,00444,DML_WHERE_ORDER_LIMIT_057,SQLITE_PARITY_444_DML_WHERE_ORDER_LIMIT_057.rs,P1,memory,GEN_SQL_DML,1587385,3782110,2.382604,-138.260409,true,3
197,01031,JSON_EXTRACT_SET_024,SQLITE_PARITY_1031_JSON_EXTRACT_SET_024.rs,P2,memory,GEN_SQL_JSON,1448883,3451675,2.382301,-138.230071,true,3
198,00460,DML_WHERE_ORDER_LIMIT_073,SQLITE_PARITY_460_DML_WHERE_ORDER_LIMIT_073.rs,P1,memory,GEN_SQL_DML,1596692,3802849,2.381705,-138.170480,true,3
199,00338,SCALAR_STRING_028,SQLITE_PARITY_338_SCALAR_STRING_028.rs,P1,memory,GEN_SQL_SCALAR,1455696,3465961,2.380965,-138.096484,true,3
200,11311,AFFINITY_BIGINT_REAL_BIG,SQLITE_PARITY_11311_AFFINITY_BIGINT_REAL_BIG.rs,P0,memory,SQL_TYPE_AFFINITY,1305962,3108956,2.380587,-138.058688,true,3
201,00769,CTE_RECURSIVE_MATRIX_062,SQLITE_PARITY_769_CTE_RECURSIVE_MATRIX_062.rs,P1,memory,GEN_SQL_CTE,1397786,3324905,2.378694,-137.869388,true,3
202,00387,SCALAR_NULL_COALESCE_040,SQLITE_PARITY_387_SCALAR_NULL_COALESCE_040.rs,P1,memory,GEN_SQL_SCALAR,1374201,3268778,2.378675,-137.867532,true,3
203,00023,TRANSACTION_ROLLBACK,SQLITE_PARITY_023_TRANSACTION_ROLLBACK.rs,P0,memory,SQL_TRANSACTION,1286456,3059953,2.378591,-137.859126,true,3
204,00388,DML_WHERE_ORDER_LIMIT_001,SQLITE_PARITY_388_DML_WHERE_ORDER_LIMIT_001.rs,P1,memory,GEN_SQL_DML,1705189,4050679,2.375501,-137.550148,true,3
205,00033,PARTIAL_INDEX,SQLITE_PARITY_033_PARTIAL_INDEX.rs,P0,memory,SQL_INDEX,1411062,3351235,2.374974,-137.497360,true,3
206,00482,DML_WHERE_ORDER_LIMIT_095,SQLITE_PARITY_482_DML_WHERE_ORDER_LIMIT_095.rs,P1,memory,GEN_SQL_DML,1473920,3499656,2.374387,-137.438667,true,3
207,10235,OPT_MMAP_NONZERO,SQLITE_PARITY_10235_OPT_MMAP_NONZERO.rs,P0,memory,CLI_OPTION,1352470,3210699,2.373952,-137.395210,true,3
208,11959,WIN_FIRST_VALUE_EXCL_NO_OTHERS,SQLITE_PARITY_11959_WIN_FIRST_VALUE_EXCL_NO_OTHERS.rs,P0,memory,SQL_WINDOW,1467198,3482864,2.373820,-137.382003,true,3
209,01077,INDEX_SCHEMA_PRAGMA_010,SQLITE_PARITY_1077_INDEX_SCHEMA_PRAGMA_010.rs,P2,memory,GEN_SQL_INDEX_PRAGMA,1590772,3773473,2.372102,-137.210172,true,3
210,10232,OPT_DOUBLE_DASH_TERMINATOR,SQLITE_PARITY_10232_OPT_DOUBLE_DASH_TERMINATOR.rs,P0,memory,CLI_OPTION,1301754,3086844,2.371296,-137.129596,true,3
211,01127,INDEX_SCHEMA_PRAGMA_060,SQLITE_PARITY_1127_INDEX_SCHEMA_PRAGMA_060.rs,P2,memory,GEN_SQL_INDEX_PRAGMA,1559362,3696368,2.370436,-137.043611,true,3
212,00688,JOIN_SUBQUERY_EXISTS_081,SQLITE_PARITY_688_JOIN_SUBQUERY_EXISTS_081.rs,P1,memory,GEN_SQL_JOIN_SUBQUERY,1511191,3580379,2.369243,-136.924320,true,3
213,01102,INDEX_SCHEMA_PRAGMA_035,SQLITE_PARITY_1102_INDEX_SCHEMA_PRAGMA_035.rs,P2,memory,GEN_SQL_INDEX_PRAGMA,1566686,3710955,2.368665,-136.866545,true,3
214,00340,SCALAR_ARITH_029,SQLITE_PARITY_340_SCALAR_ARITH_029.rs,P1,memory,GEN_SQL_SCALAR,1373290,3249331,2.366092,-136.609238,true,3
215,00082,CORE_STRING_FUNCTIONS,SQLITE_PARITY_082_CORE_STRING_FUNCTIONS.rs,P0,memory,SQL_FUNCTIONS,1246540,2947149,2.364263,-136.426348,true,3
216,11713,DATETIME_JULIANDAY_UNIX_WEEKDAY_0,SQLITE_PARITY_11713_DATETIME_JULIANDAY_UNIX_WEEKDAY_0.rs,P0,memory,SQL_DATETIME,1416732,3348780,2.363736,-136.373570,true,3
217,00611,JOIN_SUBQUERY_EXISTS_004,SQLITE_PARITY_611_JOIN_SUBQUERY_EXISTS_004.rs,P1,memory,GEN_SQL_JOIN_SUBQUERY,1712923,4048465,2.363483,-136.348336,true,3
218,00135,DOT_PROGRESS,SQLITE_PARITY_135_DOT_PROGRESS.rs,P0,memory,CLI_DOT_COMMAND,1262410,2983158,2.363066,-136.306588,true,3
219,00926,CONSTRAINT_FK_SAVEPOINT_059,SQLITE_PARITY_926_CONSTRAINT_FK_SAVEPOINT_059.rs,P2,memory,GEN_SQL_CONSTRAINT_TX,1506813,3559499,2.362270,-136.226990,true,3
220,11916,WIN_AVG_EXCL_CURRENT_ROW,SQLITE_PARITY_11916_WIN_AVG_EXCL_CURRENT_ROW.rs,P0,memory,SQL_WINDOW,1510219,3567204,2.362044,-136.204418,true,3
221,00966,VIEW_TRIGGER_GENERATED_019,SQLITE_PARITY_966_VIEW_TRIGGER_GENERATED_019.rs,P2,memory,GEN_SQL_VIEW_TRIGGER,1583137,3738057,2.361171,-136.117089,true,3
222,00779,CTE_RECURSIVE_MATRIX_072,SQLITE_PARITY_779_CTE_RECURSIVE_MATRIX_072.rs,P1,memory,GEN_SQL_CTE,1487686,3511629,2.360464,-136.046383,true,3
223,00104,SELECT_DISTINCT,SQLITE_PARITY_104_SELECT_DISTINCT.rs,P0,memory,SQL_SELECT,1292907,3051257,2.359997,-135.999728,true,3
224,00017,DELETE_BASIC,SQLITE_PARITY_017_DELETE_BASIC.rs,P0,memory,SQL_DELETE,1496663,3531525,2.359599,-135.959932,true,3
225,11082,MATH_TAN_0_7853981633974483,SQLITE_PARITY_11082_MATH_TAN_0_7853981633974483.rs,P1,memory,SQL_MATH,1333615,3146647,2.359487,-135.948681,true,3
226,00448,DML_WHERE_ORDER_LIMIT_061,SQLITE_PARITY_448_DML_WHERE_ORDER_LIMIT_061.rs,P1,memory,GEN_SQL_DML,1530287,3609604,2.358776,-135.877584,true,3
227,11694,DATETIME_STRFTIME_ISO_UNIX_PLUS_10_SECONDS,SQLITE_PARITY_11694_DATETIME_STRFTIME_ISO_UNIX_PLUS_10_SECONDS.rs,P0,memory,SQL_DATETIME,1300432,3067267,2.358652,-135.865236,true,3
228,10332,ON_CONFLICT_WHERE_PARTIAL_INDEX_NO_MATCH,SQLITE_PARITY_10332_ON_CONFLICT_WHERE_PARTIAL_INDEX_NO_MATCH.rs,P0,memory,SQL_UPSERT,1406704,3317641,2.358450,-135.844997,true,3
229,00490,DML_WHERE_ORDER_LIMIT_103,SQLITE_PARITY_490_DML_WHERE_ORDER_LIMIT_103.rs,P1,memory,GEN_SQL_DML,1662938,3921835,2.358377,-135.837716,true,3
230,00394,DML_WHERE_ORDER_LIMIT_007,SQLITE_PARITY_394_DML_WHERE_ORDER_LIMIT_007.rs,P1,memory,GEN_SQL_DML,1577526,3720334,2.358335,-135.833451,true,3
231,00468,DML_WHERE_ORDER_LIMIT_081,SQLITE_PARITY_468_DML_WHERE_ORDER_LIMIT_081.rs,P1,memory,GEN_SQL_DML,1586364,3740471,2.357889,-135.788949,true,3
232,11813,JSON_JSON_TYPE_A,SQLITE_PARITY_11813_JSON_JSON_TYPE_A.rs,P0,memory,SQL_JSON,1325239,3124425,2.357631,-135.763134,true,3
233,00741,CTE_RECURSIVE_MATRIX_034,SQLITE_PARITY_741_CTE_RECURSIVE_MATRIX_034.rs,P1,memory,GEN_SQL_CTE,1481104,3491200,2.357161,-135.716060,true,3
234,11732,DATETIME_DATETIME_DATE_2024_BASE,SQLITE_PARITY_11732_DATETIME_DATETIME_DATE_2024_BASE.rs,P0,memory,SQL_DATETIME,1265456,2982606,2.356942,-135.694169,true,3
235,00419,DML_WHERE_ORDER_LIMIT_032,SQLITE_PARITY_419_DML_WHERE_ORDER_LIMIT_032.rs,P1,memory,GEN_SQL_DML,1596523,3761591,2.356115,-135.611451,true,3
236,00416,DML_WHERE_ORDER_LIMIT_029,SQLITE_PARITY_416_DML_WHERE_ORDER_LIMIT_029.rs,P1,memory,GEN_SQL_DML,1526309,3595687,2.355805,-135.580541,true,3
237,00036,CREATE_VIEW,SQLITE_PARITY_036_CREATE_VIEW.rs,P0,memory,SQL_VIEW,1408036,3316980,2.355749,-135.574943,true,3
238,11834,JSON_JSON_ARRAY_LENGTH_MISSING,SQLITE_PARITY_11834_JSON_JSON_ARRAY_LENGTH_MISSING.rs,P0,memory,SQL_JSON,1295332,3050836,2.355254,-135.525410,true,3
239,00765,CTE_RECURSIVE_MATRIX_058,SQLITE_PARITY_765_CTE_RECURSIVE_MATRIX_058.rs,P1,memory,GEN_SQL_CTE,1413796,3329664,2.355123,-135.512337,true,3
240,00982,VIEW_TRIGGER_GENERATED_035,SQLITE_PARITY_982_VIEW_TRIGGER_GENERATED_035.rs,P2,memory,GEN_SQL_VIEW_TRIGGER,1569391,3695887,2.354982,-135.498165,true,3
241,11607,DATETIME_DATETIME_Y2K_UTC,SQLITE_PARITY_11607_DATETIME_DATETIME_Y2K_UTC.rs,P0,memory,SQL_DATETIME,1311643,3088708,2.354839,-135.483893,true,3
242,00712,CTE_RECURSIVE_MATRIX_005,SQLITE_PARITY_712_CTE_RECURSIVE_MATRIX_005.rs,P1,memory,GEN_SQL_CTE,1471446,3464600,2.354555,-135.455464,true,3
243,11355,AFFINITY_BLOB_NULL_LIT,SQLITE_PARITY_11355_AFFINITY_BLOB_NULL_LIT.rs,P0,memory,SQL_TYPE_AFFINITY,1353532,3186402,2.354139,-135.413865,true,3
244,10605,LIKE_INSIDE_CHECK_CONSTRAINT,SQLITE_PARITY_10605_LIKE_INSIDE_CHECK_CONSTRAINT.rs,P0,memory,SQL_PATTERN,1484149,3493885,2.354134,-135.413358,true,3
245,00182,OPT_COLUMN_MODE,SQLITE_PARITY_182_OPT_COLUMN_MODE.rs,P2,memory,CLI_OPTION,1281877,3017613,2.354058,-135.405815,true,3
246,10320,ROLLBACK_TO_OUTER_DROPS_INNER_WRITES,SQLITE_PARITY_10320_ROLLBACK_TO_OUTER_DROPS_INNER_WRITES.rs,P0,memory,SQL_TRANSACTION,1307124,3076074,2.353315,-135.331461,true,3
247,11931,WIN_MIN_ROWS_CURRENT_UNBND_FOLL,SQLITE_PARITY_11931_WIN_MIN_ROWS_CURRENT_UNBND_FOLL.rs,P0,memory,SQL_WINDOW,1502534,3535774,2.353207,-135.320732,true,3
248,11584,DATETIME_STRFTIME_ISO_Y2K_PLUS_10_SECONDS,SQLITE_PARITY_11584_DATETIME_STRFTIME_ISO_Y2K_PLUS_10_SECONDS.rs,P0,memory,SQL_DATETIME,1270234,2988548,2.352754,-135.275390,true,3
249,10604,NOT_LIKE_PRESERVES_NULL,SQLITE_PARITY_10604_NOT_LIKE_PRESERVES_NULL.rs,P0,memory,SQL_PATTERN,1290733,3036498,2.352538,-135.253767,true,3
250,00336,SCALAR_ARITH_028,SQLITE_PARITY_336_SCALAR_ARITH_028.rs,P1,memory,GEN_SQL_SCALAR,1479200,3478505,2.351612,-135.161236,true,3
251,11955,WIN_FIRST_VALUE_GROUPS_1_PREC_CURRENT,SQLITE_PARITY_11955_WIN_FIRST_VALUE_GROUPS_1_PREC_CURRENT.rs,P0,memory,SQL_WINDOW,1579901,3714472,2.351079,-135.107896,true,3
252,11600,DATETIME_DATE_Y2K_WEEKDAY_0,SQLITE_PARITY_11600_DATETIME_DATE_Y2K_WEEKDAY_0.rs,P0,memory,SQL_DATETIME,1234607,2902284,2.350776,-135.077559,true,3
253,11810,JSON_JSON_EXTRACT_MISSING,SQLITE_PARITY_11810_JSON_JSON_EXTRACT_MISSING.rs,P0,memory,SQL_JSON,1283380,3016180,2.350185,-135.018467,true,3
254,11808,JSON_JSON_EXTRACT_D_3,SQLITE_PARITY_11808_JSON_JSON_EXTRACT_D_3.rs,P0,memory,SQL_JSON,1352130,3177094,2.349696,-134.969567,true,3
255,11672,DATETIME_DATETIME_UNIX_MINUS_1_MONTH,SQLITE_PARITY_11672_DATETIME_DATETIME_UNIX_MINUS_1_MONTH.rs,P0,memory,SQL_DATETIME,1332122,3129985,2.349623,-134.962338,true,3
256,11358,AFFINITY_NUMERIC_REAL_HALF,SQLITE_PARITY_11358_AFFINITY_NUMERIC_REAL_HALF.rs,P0,memory,SQL_TYPE_AFFINITY,1341870,3152678,2.349466,-134.946604,true,3
257,11659,DATETIME_STRFTIME_ISO_DATE_2024_WEEKDAY_0,SQLITE_PARITY_11659_DATETIME_STRFTIME_ISO_DATE_2024_WEEKDAY_0.rs,P0,memory,SQL_DATETIME,1250157,2936650,2.349025,-134.902496,true,3
258,10612,LENGTH_BLOB_BYTE_COUNT,SQLITE_PARITY_10612_LENGTH_BLOB_BYTE_COUNT.rs,P0,memory,SQL_BLOB,1391073,3267246,2.348724,-134.872361,true,3
259,00877,CONSTRAINT_FK_SAVEPOINT_010,SQLITE_PARITY_877_CONSTRAINT_FK_SAVEPOINT_010.rs,P2,memory,GEN_SQL_CONSTRAINT_TX,1579651,3710024,2.348635,-134.863524,true,3
260,11407,STRING_LOWER_ABC,SQLITE_PARITY_11407_STRING_LOWER_ABC.rs,P0,memory,SQL_STRING,1298789,3049964,2.348314,-134.831370,true,3
261,11513,DATETIME_JULIANDAY_EPOCH_PLUS_1_YEAR,SQLITE_PARITY_11513_DATETIME_JULIANDAY_EPOCH_PLUS_1_YEAR.rs,P0,memory,SQL_DATETIME,1292166,3033273,2.347433,-134.743291,true,3
262,00351,SCALAR_NULL_COALESCE_031,SQLITE_PARITY_351_SCALAR_NULL_COALESCE_031.rs,P1,memory,GEN_SQL_SCALAR,1288549,3023624,2.346534,-134.653397,true,3
263,11629,DATETIME_STRFTIME_ISO_DATE_2024_PLUS_3_HOURS,SQLITE_PARITY_11629_DATETIME_STRFTIME_ISO_DATE_2024_PLUS_3_HOURS.rs,P0,memory,SQL_DATETIME,1229468,2884471,2.346113,-134.611312,true,3
264,11802,JSON_JSON_EXTRACT_A_B,SQLITE_PARITY_11802_JSON_JSON_EXTRACT_A_B.rs,P0,memory,SQL_JSON,1294731,3037510,2.346055,-134.605489,true,3
265,11920,WIN_COUNT_ROWS_UNBND_PREC_CURRENT,SQLITE_PARITY_11920_WIN_COUNT_ROWS_UNBND_PREC_CURRENT.rs,P0,memory,SQL_WINDOW,1403647,3292794,2.345885,-134.588468,true,3
266,00478,DML_WHERE_ORDER_LIMIT_091,SQLITE_PARITY_478_DML_WHERE_ORDER_LIMIT_091.rs,P1,memory,GEN_SQL_DML,1533674,3597410,2.345616,-134.561582,true,3
267,10234,OPT_DESERIALIZE,SQLITE_PARITY_10234_OPT_DESERIALIZE.rs,P0,memory,CLI_OPTION,1536769,3604274,2.345358,-134.535835,true,3
268,00899,CONSTRAINT_FK_SAVEPOINT_032,SQLITE_PARITY_899_CONSTRAINT_FK_SAVEPOINT_032.rs,P2,memory,GEN_SQL_CONSTRAINT_TX,1516060,3555261,2.345066,-134.506616,true,3
269,11079,MATH_SQRT_0_25,SQLITE_PARITY_11079_MATH_SQRT_0_25.rs,P1,memory,SQL_MATH,1266759,2970133,2.344671,-134.467093,true,3
270,00626,JOIN_SUBQUERY_EXISTS_019,SQLITE_PARITY_626_JOIN_SUBQUERY_EXISTS_019.rs,P1,memory,GEN_SQL_JOIN_SUBQUERY,1546217,3622809,2.343015,-134.301460,true,3
271,11205,CAST_INT_5_AS_INTEGER,SQLITE_PARITY_11205_CAST_INT_5_AS_INTEGER.rs,P0,memory,SQL_CAST,1359254,3184700,2.342976,-134.297637,true,3
272,00705,JOIN_SUBQUERY_EXISTS_098,SQLITE_PARITY_705_JOIN_SUBQUERY_EXISTS_098.rs,P1,memory,GEN_SQL_JOIN_SUBQUERY,1617522,3788973,2.342455,-134.245531,true,3
273,11085,MATH_TANH_1_0,SQLITE_PARITY_11085_MATH_TANH_1_0.rs,P1,memory,SQL_MATH,1253303,2935076,2.341873,-134.187264,true,3
274,10534,MULTIPLE_AGGREGATES_SAME_SELECT,SQLITE_PARITY_10534_MULTIPLE_AGGREGATES_SAME_SELECT.rs,P0,memory,SQL_AGGREGATE_ADV,1463962,3425595,2.339948,-133.994803,true,3
275,10610,HEX_OF_BLOB_UPPERCASE,SQLITE_PARITY_10610_HEX_OF_BLOB_UPPERCASE.rs,P0,memory,SQL_BLOB,1440897,3370561,2.339210,-133.921023,true,3
276,00092,PERCENTILE_FUNCTIONS_OPTIONAL,SQLITE_PARITY_092_PERCENTILE_FUNCTIONS_OPTIONAL.rs,P3,memory,SQL_FUNCTIONS_OPTIONAL,1351860,3162177,2.339131,-133.913053,true,3
277,10318,RECURSIVE_TRIGGERS_WITH_SAVEPOINTS,SQLITE_PARITY_10318_RECURSIVE_TRIGGERS_WITH_SAVEPOINTS.rs,P0,memory,SQL_TRANSACTION,1367509,3195980,2.337082,-133.708151,true,3
278,00068,CAST_AND_TYPE_AFFINITY,SQLITE_PARITY_068_CAST_AND_TYPE_AFFINITY.rs,P0,memory,SQL_EXPRESSIONS,1319929,3084660,2.336989,-133.698934,true,3
279,00602,AGG_GROUP_HAVING_095,SQLITE_PARITY_602_AGG_GROUP_HAVING_095.rs,P1,memory,GEN_SQL_AGGREGATE,1578589,3688633,2.336665,-133.666458,true,3
280,00640,JOIN_SUBQUERY_EXISTS_033,SQLITE_PARITY_640_JOIN_SUBQUERY_EXISTS_033.rs,P1,memory,GEN_SQL_JOIN_SUBQUERY,1512704,3534541,2.336571,-133.657146,true,3
281,11232,CAST_TEXT_NUM_AS_TEXT,SQLITE_PARITY_11232_CAST_TEXT_NUM_AS_TEXT.rs,P0,memory,SQL_CAST,1342171,3136067,2.336563,-133.656293,true,3
282,11857,JSON_ARROW_D_0,SQLITE_PARITY_11857_JSON_ARROW_D_0.rs,P0,memory,SQL_JSON,1396273,3262366,2.336481,-133.648148,true,3
283,11532,DATETIME_DATETIME_EPOCH_START_OF_DAY,SQLITE_PARITY_11532_DATETIME_DATETIME_EPOCH_START_OF_DAY.rs,P0,memory,SQL_DATETIME,1268862,2964292,2.336182,-133.618155,true,3
284,00314,SCALAR_STRING_022,SQLITE_PARITY_314_SCALAR_STRING_022.rs,P1,memory,GEN_SQL_SCALAR,1443012,3371052,2.336122,-133.612194,true,3
285,10294,BEGIN_COMMIT_BASIC,SQLITE_PARITY_10294_BEGIN_COMMIT_BASIC.rs,P0,memory,SQL_TRANSACTION,1336801,3120968,2.334654,-133.465415,true,3
286,00168,DOT_CHECK_CATALOG,SQLITE_PARITY_168_DOT_CHECK_CATALOG.rs,P4,catalog,CLI_CATALOG,1109841,2590334,2.333969,-133.396856,true,3
287,00450,DML_WHERE_ORDER_LIMIT_063,SQLITE_PARITY_450_DML_WHERE_ORDER_LIMIT_063.rs,P1,memory,GEN_SQL_DML,1506362,3515405,2.333705,-133.370531,true,3
288,11906,WIN_SUM_EXCL_CURRENT_ROW,SQLITE_PARITY_11906_WIN_SUM_EXCL_CURRENT_ROW.rs,P0,memory,SQL_WINDOW,1518184,3542767,2.333556,-133.355575,true,3
289,01023,JSON_EXTRACT_SET_016,SQLITE_PARITY_1023_JSON_EXTRACT_SET_016.rs,P2,memory,GEN_SQL_JSON,1450486,3384718,2.333506,-133.350615,true,3
290,00364,SCALAR_ARITH_035,SQLITE_PARITY_364_SCALAR_ARITH_035.rs,P1,memory,GEN_SQL_SCALAR,1311673,3060614,2.333367,-133.336662,true,3
291,11610,DATETIME_DATE_DATE_2024_PLUS_5_DAYS,SQLITE_PARITY_11610_DATETIME_DATE_DATE_2024_PLUS_5_DAYS.rs,P0,memory,SQL_DATETIME,1326130,3094258,2.333299,-133.329915,true,3
292,11969,WIN_LAST_VALUE_EXCL_NO_OTHERS,SQLITE_PARITY_11969_WIN_LAST_VALUE_EXCL_NO_OTHERS.rs,P0,memory,SQL_WINDOW,1457439,3399827,2.332741,-133.274051,true,3
293,00315,SCALAR_NULL_COALESCE_022,SQLITE_PARITY_315_SCALAR_NULL_COALESCE_022.rs,P1,memory,GEN_SQL_SCALAR,1454955,3393635,2.332467,-133.246733,true,3
294,00789,WINDOW_PARTITION_SUM_002,SQLITE_PARITY_789_WINDOW_PARTITION_SUM_002.rs,P2,memory,GEN_SQL_WINDOW,1389741,3241126,2.332180,-133.217988,true,3
295,10298,BEGIN_EXCLUSIVE_BASIC,SQLITE_PARITY_10298_BEGIN_EXCLUSIVE_BASIC.rs,P0,memory,SQL_TRANSACTION,1309809,3054062,2.331685,-133.168500,true,3
296,10131,MODE_HTML_BASIC,SQLITE_PARITY_10131_MODE_HTML_BASIC.rs,P0,memory,CLI_OUTPUT_MODE,1356208,3161926,2.331446,-133.144621,true,3
297,10239,OPT_HEADER_COLUMN_COMBO,SQLITE_PARITY_10239_OPT_HEADER_COLUMN_COMBO.rs,P0,memory,CLI_OPTION,1249907,2912935,2.330521,-133.052139,true,3
298,12015,PRAGMA_SECURE_DELETE,SQLITE_PARITY_12015_PRAGMA_SECURE_DELETE.rs,P1,memory,SQL_PRAGMA,1176798,2742502,2.330478,-133.047813,true,3
299,00192,OPT_INIT_TEMPFILE,SQLITE_PARITY_192_OPT_INIT_TEMPFILE.rs,P2,tempfile,CLI_OPTION_TEMPFILE,1271017,2961777,2.330242,-133.024185,true,3
300,11699,DATETIME_STRFTIME_ISO_UNIX_START_OF_DAY,SQLITE_PARITY_11699_DATETIME_STRFTIME_ISO_UNIX_START_OF_DAY.rs,P0,memory,SQL_DATETIME,1446318,3369539,2.329736,-132.973592,true,3
301,10163,DOT_MODE_COLUMN_AFTER_LIST,SQLITE_PARITY_10163_DOT_MODE_COLUMN_AFTER_LIST.rs,P0,memory,CLI_DOT_COMMAND,1256830,2927752,2.329473,-132.947336,true,3
302,11345,AFFINITY_VARCHAR_8_TEXT_BARE,SQLITE_PARITY_11345_AFFINITY_VARCHAR_8_TEXT_BARE.rs,P0,memory,SQL_TYPE_AFFINITY,1451988,3382214,2.329368,-132.936774,true,3
303,11520,DATETIME_DATE_EPOCH_PLUS_30_MINUTES,SQLITE_PARITY_11520_DATETIME_DATE_EPOCH_PLUS_30_MINUTES.rs,P0,memory,SQL_DATETIME,1348503,3139443,2.328095,-132.809493,true,3
304,00021,UPSERT_DO_NOTHING,SQLITE_PARITY_021_UPSERT_DO_NOTHING.rs,P0,memory,SQL_UPSERT,1400511,3260322,2.327952,-132.795173,true,3
305,00228,SCALAR_ARITH_001,SQLITE_PARITY_228_SCALAR_ARITH_001.rs,P1,memory,GEN_SQL_SCALAR,1287077,2995792,2.327593,-132.759345,true,3
306,10439,REC_NUMERIC_SERIES_ARITHMETIC,SQLITE_PARITY_10439_REC_NUMERIC_SERIES_ARITHMETIC.rs,P0,memory,SQL_RECURSIVE_CTE,1494900,3479067,2.327291,-132.729079,true,3
307,11723,DATETIME_JULIANDAY_EPOCH_BASE,SQLITE_PARITY_11723_DATETIME_JULIANDAY_EPOCH_BASE.rs,P0,memory,SQL_DATETIME,1304279,3035075,2.327014,-132.701362,true,3
308,00680,JOIN_SUBQUERY_EXISTS_073,SQLITE_PARITY_680_JOIN_SUBQUERY_EXISTS_073.rs,P1,memory,GEN_SQL_JOIN_SUBQUERY,1510159,3514023,2.326923,-132.692253,true,3
309,11087,MATH_TANH_10_0,SQLITE_PARITY_11087_MATH_TANH_10_0.rs,P1,memory,SQL_MATH,1325029,3083157,2.326860,-132.686002,true,3
310,00565,AGG_GROUP_HAVING_058,SQLITE_PARITY_565_AGG_GROUP_HAVING_058.rs,P1,memory,GEN_SQL_AGGREGATE,1550094,3606478,2.326619,-132.661890,true,3
311,11241,CAST_BLOB_HEX_AS_REAL,SQLITE_PARITY_11241_CAST_BLOB_HEX_AS_REAL.rs,P0,memory,SQL_CAST,1404679,3267957,2.326480,-132.647957,true,3
312,00670,JOIN_SUBQUERY_EXISTS_063,SQLITE_PARITY_670_JOIN_SUBQUERY_EXISTS_063.rs,P1,memory,GEN_SQL_JOIN_SUBQUERY,1493748,3475059,2.326402,-132.640245,true,3
313,00392,DML_WHERE_ORDER_LIMIT_005,SQLITE_PARITY_392_DML_WHERE_ORDER_LIMIT_005.rs,P1,memory,GEN_SQL_DML,1544564,3592201,2.325706,-132.570551,true,3
314,10075,SQLITE_SEQUENCE_VISIBLE_AFTER_INSERT,SQLITE_PARITY_10075_SQLITE_SEQUENCE_VISIBLE_AFTER_INSERT.rs,P0,memory,SQL_AUTOINCREMENT,1328435,3088998,2.325291,-132.529104,true,3
315,11719,DATETIME_STRFTIME_ISO_UNIX_UTC,SQLITE_PARITY_11719_DATETIME_STRFTIME_ISO_UNIX_UTC.rs,P0,memory,SQL_DATETIME,1471035,3420526,2.325251,-132.525127,true,3
316,00876,CONSTRAINT_FK_SAVEPOINT_009,SQLITE_PARITY_876_CONSTRAINT_FK_SAVEPOINT_009.rs,P2,memory,GEN_SQL_CONSTRAINT_TX,1428394,3321368,2.325246,-132.524640,true,3
317,10218,OPT_MODE_MARKDOWN,SQLITE_PARITY_10218_OPT_MODE_MARKDOWN.rs,P0,memory,CLI_OPTION,1385353,3220928,2.324987,-132.498721,true,3
318,10214,OPT_MODE_HTML,SQLITE_PARITY_10214_OPT_MODE_HTML.rs,P0,memory,CLI_OPTION,1424747,3311509,2.324279,-132.427863,true,3
319,00273,SCALAR_CAST_TYPEOF_012,SQLITE_PARITY_273_SCALAR_CAST_TYPEOF_012.rs,P1,memory,GEN_SQL_SCALAR,1443954,3354631,2.323226,-132.322567,true,3
320,10603,GLOB_WITH_NULL,SQLITE_PARITY_10603_GLOB_WITH_NULL.rs,P0,memory,SQL_PATTERN,1433554,3329624,2.322636,-132.263591,true,3
321,01034,JSON_EXTRACT_SET_027,SQLITE_PARITY_1034_JSON_EXTRACT_SET_027.rs,P2,memory,GEN_SQL_JSON,1616441,3754087,2.322440,-132.243985,true,3
322,01011,JSON_EXTRACT_SET_004,SQLITE_PARITY_1011_JSON_EXTRACT_SET_004.rs,P2,memory,GEN_SQL_JSON,1439165,3342027,2.322199,-132.219864,true,3
323,00732,CTE_RECURSIVE_MATRIX_025,SQLITE_PARITY_732_CTE_RECURSIVE_MATRIX_025.rs,P1,memory,GEN_SQL_CTE,1416051,3288255,2.322130,-132.213035,true,3
324,11939,WIN_MIN_EXCL_NO_OTHERS,SQLITE_PARITY_11939_WIN_MIN_EXCL_NO_OTHERS.rs,P0,memory,SQL_WINDOW,1440027,3343770,2.322019,-132.201896,true,3
325,11682,DATETIME_DATETIME_UNIX_PLUS_3_HOURS,SQLITE_PARITY_11682_DATETIME_DATETIME_UNIX_PLUS_3_HOURS.rs,P0,memory,SQL_DATETIME,1349746,3134133,2.322017,-132.201688,true,3
326,00548,AGG_GROUP_HAVING_041,SQLITE_PARITY_548_AGG_GROUP_HAVING_041.rs,P1,memory,GEN_SQL_AGGREGATE,1586063,3682512,2.321794,-132.179428,true,3
327,00335,SCALAR_NULL_COALESCE_027,SQLITE_PARITY_335_SCALAR_NULL_COALESCE_027.rs,P1,memory,GEN_SQL_SCALAR,1463902,3398644,2.321634,-132.163355,true,3
328,00164,DOT_IMPOSTER_CATALOG,SQLITE_PARITY_164_DOT_IMPOSTER_CATALOG.rs,P4,catalog,CLI_CATALOG,1194742,2773721,2.321607,-132.160667,true,3
329,11507,DATETIME_DATETIME_EPOCH_MINUS_1_MONTH,SQLITE_PARITY_11507_DATETIME_DATETIME_EPOCH_MINUS_1_MONTH.rs,P0,memory,SQL_DATETIME,1252231,2907134,2.321564,-132.156367,true,3
330,00293,SCALAR_CAST_TYPEOF_017,SQLITE_PARITY_293_SCALAR_CAST_TYPEOF_017.rs,P1,memory,GEN_SQL_SCALAR,1355656,3147108,2.321465,-132.146503,true,3
331,11342,AFFINITY_VARCHAR_8_REAL_HALF,SQLITE_PARITY_11342_AFFINITY_VARCHAR_8_REAL_HALF.rs,P0,memory,SQL_TYPE_AFFINITY,1318867,3061526,2.321330,-132.133035,true,3
332,00229,SCALAR_CAST_TYPEOF_001,SQLITE_PARITY_229_SCALAR_CAST_TYPEOF_001.rs,P1,memory,GEN_SQL_SCALAR,1322123,3067868,2.320410,-132.041043,true,3
333,00150,DOT_BACKUP_RESTORE_TEMPFILE,SQLITE_PARITY_150_DOT_BACKUP_RESTORE_TEMPFILE.rs,P1,tempfile,CLI_TEMPFILE,1971723,4574741,2.320174,-132.017428,true,3
334,11934,WIN_MIN_RANGE_UNBND_PREC_CURRENT,SQLITE_PARITY_11934_WIN_MIN_RANGE_UNBND_PREC_CURRENT.rs,P0,memory,SQL_WINDOW,1579330,3663706,2.319785,-131.978497,true,3
335,11840,JSON_QUOTE_STR,SQLITE_PARITY_11840_JSON_QUOTE_STR.rs,P0,memory,SQL_JSON,1378500,3197443,2.319509,-131.950889,true,3
336,11576,DATETIME_TIME_Y2K_PLUS_30_MINUTES,SQLITE_PARITY_11576_DATETIME_TIME_Y2K_PLUS_30_MINUTES.rs,P0,memory,SQL_DATETIME,1267279,2939455,2.319501,-131.950107,true,3
337,10058,INTPK_ALIAS_ROWID_NULL_AUTOFILL,SQLITE_PARITY_10058_INTPK_ALIAS_ROWID_NULL_AUTOFILL.rs,P0,memory,SQL_AUTOINCREMENT,1417914,3288716,2.319404,-131.940442,true,3
338,00845,WINDOW_PARTITION_SUM_058,SQLITE_PARITY_845_WINDOW_PARTITION_SUM_058.rs,P2,memory,GEN_SQL_WINDOW,1389551,3221429,2.318324,-131.832369,true,3
339,00973,VIEW_TRIGGER_GENERATED_026,SQLITE_PARITY_973_VIEW_TRIGGER_GENERATED_026.rs,P2,memory,GEN_SQL_VIEW_TRIGGER,1593056,3692520,2.317885,-131.788462,true,3
340,10312,ROLLBACK_ERASES_ALL_WRITES,SQLITE_PARITY_10312_ROLLBACK_ERASES_ALL_WRITES.rs,P0,memory,SQL_TRANSACTION,1502835,3482413,2.317229,-131.722910,true,3
341,00693,JOIN_SUBQUERY_EXISTS_086,SQLITE_PARITY_693_JOIN_SUBQUERY_EXISTS_086.rs,P1,memory,GEN_SQL_JOIN_SUBQUERY,1494730,3463547,2.317172,-131.717233,true,3
342,00102,WITH_MATERIALIZED_HINTS,SQLITE_PARITY_102_WITH_MATERIALIZED_HINTS.rs,P0,memory,SQL_CTE,1330349,3082495,2.317057,-131.705740,true,3
343,11854,JSON_DARROW_A_B_1_C,SQLITE_PARITY_11854_JSON_DARROW_A_B_1_C.rs,P0,memory,SQL_JSON,1374292,3184158,2.316944,-131.694429,true,3
344,10333,INSERT_OR_REPLACE_REPLACES_ROW,SQLITE_PARITY_10333_INSERT_OR_REPLACE_REPLACES_ROW.rs,P0,memory,SQL_UPSERT,1428785,3309926,2.316602,-131.660187,true,3
345,00704,JOIN_SUBQUERY_EXISTS_097,SQLITE_PARITY_704_JOIN_SUBQUERY_EXISTS_097.rs,P1,memory,GEN_SQL_JOIN_SUBQUERY,1480032,3427659,2.315936,-131.593574,true,3
346,11243,CAST_BLOB_HEX_AS_BLOB,SQLITE_PARITY_11243_CAST_BLOB_HEX_AS_BLOB.rs,P0,memory,SQL_CAST,1268060,2935969,2.315323,-131.532341,true,3
347,11579,DATETIME_STRFTIME_ISO_Y2K_PLUS_30_MINUTES,SQLITE_PARITY_11579_DATETIME_STRFTIME_ISO_Y2K_PLUS_30_MINUTES.rs,P0,memory,SQL_DATETIME,1328816,3076595,2.315290,-131.529045,true,3
348,00479,DML_WHERE_ORDER_LIMIT_092,SQLITE_PARITY_479_DML_WHERE_ORDER_LIMIT_092.rs,P1,memory,GEN_SQL_DML,1604317,3713491,2.314687,-131.468656,true,3
349,01048,JSON_EXTRACT_SET_041,SQLITE_PARITY_1048_JSON_EXTRACT_SET_041.rs,P2,memory,GEN_SQL_JSON,1458933,3376903,2.314639,-131.463885,true,3
350,10134,MODE_INSERT_NAMED_TARGET,SQLITE_PARITY_10134_MODE_INSERT_NAMED_TARGET.rs,P0,memory,CLI_OUTPUT_MODE,1450256,3356615,2.314498,-131.449827,true,3
351,01084,INDEX_SCHEMA_PRAGMA_017,SQLITE_PARITY_1084_INDEX_SCHEMA_PRAGMA_017.rs,P2,memory,GEN_SQL_INDEX_PRAGMA,1572086,3638238,2.314274,-131.427416,true,3
352,11217,CAST_REAL_3_14_AS_TEXT,SQLITE_PARITY_11217_CAST_REAL_3_14_AS_TEXT.rs,P0,memory,SQL_CAST,1339566,3099978,2.314166,-131.416593,true,3
353,01108,INDEX_SCHEMA_PRAGMA_041,SQLITE_PARITY_1108_INDEX_SCHEMA_PRAGMA_041.rs,P2,memory,GEN_SQL_INDEX_PRAGMA,1632721,3777662,2.313722,-131.372170,true,3
354,10146,MODE_JSON_WITH_NEWLINE_AND_QUOTE,SQLITE_PARITY_10146_MODE_JSON_WITH_NEWLINE_AND_QUOTE.rs,P0,memory,CLI_OUTPUT_MODE,1522383,3522338,2.313700,-131.370030,true,3
355,00325,SCALAR_CAST_TYPEOF_025,SQLITE_PARITY_325_SCALAR_CAST_TYPEOF_025.rs,P1,memory,GEN_SQL_SCALAR,1376365,3183477,2.312960,-131.295986,true,3
356,00098,CLI_REGEXP_OPTIONAL,SQLITE_PARITY_098_CLI_REGEXP_OPTIONAL.rs,P2,memory,CLI_EXTENSION_OPTIONAL,1307074,3022712,2.312579,-131.257909,true,3
357,00053,SELECT_WHERE_ORDER_LIMIT_OFFSET,SQLITE_PARITY_053_SELECT_WHERE_ORDER_LIMIT_OFFSET.rs,P0,memory,SQL_SELECT,1327774,3069782,2.311976,-131.197629,true,3
358,10047,SUM_EMPTY_RETURNS_NULL,SQLITE_PARITY_10047_SUM_EMPTY_RETURNS_NULL.rs,P0,memory,SQL_AGGREGATE_NULL,1402465,3242439,2.311957,-131.195716,true,3
359,10264,PRAGMA_APPLICATION_ID_DEFAULT,SQLITE_PARITY_10264_PRAGMA_APPLICATION_ID_DEFAULT.rs,P0,memory,SQL_PRAGMA,1280995,2961086,2.311552,-131.155157,true,3
360,00443,DML_WHERE_ORDER_LIMIT_056,SQLITE_PARITY_443_DML_WHERE_ORDER_LIMIT_056.rs,P1,memory,GEN_SQL_DML,1484901,3430955,2.310561,-131.056144,true,3
361,11303,AFFINITY_INTEGER_REAL_BIG,SQLITE_PARITY_11303_AFFINITY_INTEGER_REAL_BIG.rs,P0,memory,SQL_TYPE_AFFINITY,1361187,3145084,2.310545,-131.054513,true,3
362,00962,VIEW_TRIGGER_GENERATED_015,SQLITE_PARITY_962_VIEW_TRIGGER_GENERATED_015.rs,P2,memory,GEN_SQL_VIEW_TRIGGER,1499038,3462265,2.309658,-130.965793,true,3
363,00649,JOIN_SUBQUERY_EXISTS_042,SQLITE_PARITY_649_JOIN_SUBQUERY_EXISTS_042.rs,P1,memory,GEN_SQL_JOIN_SUBQUERY,1544324,3566252,2.309264,-130.926412,true,3
364,00085,CORE_RANDOM_SHAPE,SQLITE_PARITY_085_CORE_RANDOM_SHAPE.rs,P0,memory,SQL_FUNCTIONS,1242122,2867158,2.308274,-130.827407,true,3
365,00831,WINDOW_PARTITION_SUM_044,SQLITE_PARITY_831_WINDOW_PARTITION_SUM_044.rs,P2,memory,GEN_SQL_WINDOW,1484611,3426728,2.308166,-130.816557,true,3
366,10614,ZEROBLOB_TYPEOF_AND_HEX,SQLITE_PARITY_10614_ZEROBLOB_TYPEOF_AND_HEX.rs,P0,memory,SQL_BLOB,1401644,3234995,2.308000,-130.800046,true,3
367,00525,AGG_GROUP_HAVING_018,SQLITE_PARITY_525_AGG_GROUP_HAVING_018.rs,P1,memory,GEN_SQL_AGGREGATE,1630708,3763535,2.307915,-130.791472,true,3
368,00829,WINDOW_PARTITION_SUM_042,SQLITE_PARITY_829_WINDOW_PARTITION_SUM_042.rs,P2,memory,GEN_SQL_WINDOW,1488758,3435824,2.307846,-130.784587,true,3
369,00007,WITHOUT_ROWID_TABLE,SQLITE_PARITY_007_WITHOUT_ROWID_TABLE.rs,P0,memory,SQL_ROWID,1351268,3117712,2.307249,-130.724919,true,3
370,00442,DML_WHERE_ORDER_LIMIT_055,SQLITE_PARITY_442_DML_WHERE_ORDER_LIMIT_055.rs,P1,memory,GEN_SQL_DML,1553681,3582662,2.305919,-130.591865,true,3
371,10148,MODE_MARKDOWN_HEADERS_OFF_IGNORED,SQLITE_PARITY_10148_MODE_MARKDOWN_HEADERS_OFF_IGNORED.rs,P0,memory,CLI_OUTPUT_MODE,1336701,3081454,2.305268,-130.526797,true,3
372,10172,DOT_NULLVALUE_ANGLE,SQLITE_PARITY_10172_DOT_NULLVALUE_ANGLE.rs,P0,memory,CLI_DOT_COMMAND,1286415,2965524,2.305262,-130.526230,true,3
373,10216,OPT_MODE_LINE,SQLITE_PARITY_10216_OPT_MODE_LINE.rs,P0,memory,CLI_OPTION,1234617,2845708,2.304932,-130.493181,true,3
374,01067,JSON_EXTRACT_SET_060,SQLITE_PARITY_1067_JSON_EXTRACT_SET_060.rs,P2,memory,GEN_SQL_JSON,1447430,3335825,2.304654,-130.465377,true,3
375,11936,WIN_MIN_EXCL_CURRENT_ROW,SQLITE_PARITY_11936_WIN_MIN_EXCL_CURRENT_ROW.rs,P0,memory,SQL_WINDOW,1691643,3898641,2.304648,-130.464761,true,3
376,00286,SCALAR_STRING_015,SQLITE_PARITY_286_SCALAR_STRING_015.rs,P1,memory,GEN_SQL_SCALAR,1408036,3243981,2.303905,-130.390487,true,3
377,01014,JSON_EXTRACT_SET_007,SQLITE_PARITY_1014_JSON_EXTRACT_SET_007.rs,P2,memory,GEN_SQL_JSON,1637209,3771580,2.303664,-130.366435,true,3
378,11309,AFFINITY_BIGINT_INT_BIG,SQLITE_PARITY_11309_AFFINITY_BIGINT_INT_BIG.rs,P0,memory,SQL_TYPE_AFFINITY,1429757,3293596,2.303605,-130.360544,true,3
379,01123,INDEX_SCHEMA_PRAGMA_056,SQLITE_PARITY_1123_INDEX_SCHEMA_PRAGMA_056.rs,P2,memory,GEN_SQL_INDEX_PRAGMA,1620267,3731906,2.303266,-130.326607,true,3
380,01050,JSON_EXTRACT_SET_043,SQLITE_PARITY_1050_JSON_EXTRACT_SET_043.rs,P2,memory,GEN_SQL_JSON,1573118,3623209,2.303202,-130.320230,true,3
381,10151,CLI_FLAG_JSON,SQLITE_PARITY_10151_CLI_FLAG_JSON.rs,P0,memory,CLI_OUTPUT_MODE,1325710,3052940,2.302872,-130.287167,true,3
382,00800,WINDOW_PARTITION_SUM_013,SQLITE_PARITY_800_WINDOW_PARTITION_SUM_013.rs,P2,memory,GEN_SQL_WINDOW,1501142,3456805,2.302783,-130.278348,true,3
383,10474,COMPOUND_INTERSECT,SQLITE_PARITY_10474_COMPOUND_INTERSECT.rs,P0,memory,SQL_COMPOUND,1489019,3428671,2.302638,-130.263751,true,3
384,00091,MATH_FUNCTIONS_OPTIONAL,SQLITE_PARITY_091_MATH_FUNCTIONS_OPTIONAL.rs,P2,memory,SQL_FUNCTIONS_OPTIONAL,1262881,2907605,2.302359,-130.235865,true,3
385,10380,TXN_SPANS_ATTACHED_DBS,SQLITE_PARITY_10380_TXN_SPANS_ATTACHED_DBS.rs,P0,memory,SQL_ATTACH,1459834,3360212,2.301777,-130.177678,true,3
386,11915,WIN_AVG_GROUPS_1_PREC_CURRENT,SQLITE_PARITY_11915_WIN_AVG_GROUPS_1_PREC_CURRENT.rs,P0,memory,SQL_WINDOW,1498707,3448980,2.301304,-130.130372,true,3
387,11856,JSON_DARROW_D,SQLITE_PARITY_11856_JSON_DARROW_D.rs,P0,memory,SQL_JSON,1354735,3117432,2.301138,-130.113786,true,3
388,11075,MATH_SINH_2_0,SQLITE_PARITY_11075_MATH_SINH_2_0.rs,P1,memory,SQL_MATH,1348593,3102995,2.300913,-130.091288,true,3
389,10434,REC_DFS_ORDER_TREE,SQLITE_PARITY_10434_REC_DFS_ORDER_TREE.rs,P0,memory,SQL_RECURSIVE_CTE,1639113,3771380,2.300866,-130.086638,true,3
390,11564,DATETIME_STRFTIME_ISO_Y2K_MINUS_1_MONTH,SQLITE_PARITY_11564_DATETIME_STRFTIME_ISO_Y2K_MINUS_1_MONTH.rs,P0,memory,SQL_DATETIME,1265105,2909638,2.299918,-129.991819,true,3
391,11937,WIN_MIN_EXCL_GROUP,SQLITE_PARITY_11937_WIN_MIN_EXCL_GROUP.rs,P0,memory,SQL_WINDOW,1471907,3384137,2.299151,-129.915137,true,3
392,10596,GLOB_CHAR_CLASS,SQLITE_PARITY_10596_GLOB_CHAR_CLASS.rs,P0,memory,SQL_PATTERN,1370044,3149913,2.299133,-129.913273,true,3
393,11837,JSON_TYPE_DOC_ROOT,SQLITE_PARITY_11837_JSON_TYPE_DOC_ROOT.rs,P0,memory,SQL_JSON,1340528,3081154,2.298463,-129.846299,true,3
394,11401,STRING_LENGTH_,SQLITE_PARITY_11401_STRING_LENGTH_.rs,P0,memory,SQL_STRING,1328395,3052449,2.297847,-129.784740,true,3
395,11705,DATETIME_DATE_UNIX_START_OF_YEAR,SQLITE_PARITY_11705_DATETIME_DATE_UNIX_START_OF_YEAR.rs,P0,memory,SQL_DATETIME,1465484,3366654,2.297298,-129.729837,true,3
396,11099,MATH_LOG_2_0_1_0,SQLITE_PARITY_11099_MATH_LOG_2_0_1_0.rs,P1,memory,SQL_MATH,1349835,3100640,2.297051,-129.705112,true,3
397,00581,AGG_GROUP_HAVING_074,SQLITE_PARITY_581_AGG_GROUP_HAVING_074.rs,P1,memory,GEN_SQL_AGGREGATE,1558000,3578184,2.296652,-129.665212,true,3
398,10373,ATTACH_MEMORY_AS_AUX,SQLITE_PARITY_10373_ATTACH_MEMORY_AS_AUX.rs,P0,memory,SQL_ATTACH,1460546,3353820,2.296278,-129.627824,true,3
399,10467,JOIN_MIXED_INNER_OUTER,SQLITE_PARITY_10467_JOIN_MIXED_INNER_OUTER.rs,P0,memory,SQL_JOIN,1432341,3288295,2.295749,-129.574871,true,3
400,00225,OPT_NONCE_SAFE_MODE,SQLITE_PARITY_225_OPT_NONCE_SAFE_MODE.rs,P2,memory,CLI_OPTION,1367348,3138151,2.295064,-129.506388,true,3
401,00276,SCALAR_ARITH_013,SQLITE_PARITY_276_SCALAR_ARITH_013.rs,P1,memory,GEN_SQL_SCALAR,1353864,3106752,2.294730,-129.472975,true,3
402,10469,JOIN_VIEW_AS_RIGHT_SIDE,SQLITE_PARITY_10469_JOIN_VIEW_AS_RIGHT_SIDE.rs,P0,memory,SQL_JOIN,1539655,3532488,2.294337,-129.433737,true,3
403,00020,UPSERT_DO_UPDATE,SQLITE_PARITY_020_UPSERT_DO_UPDATE.rs,P0,memory,SQL_UPSERT,1387998,3184178,2.294080,-129.407967,true,3
404,00510,AGG_GROUP_HAVING_003,SQLITE_PARITY_510_AGG_GROUP_HAVING_003.rs,P1,memory,GEN_SQL_AGGREGATE,1603105,3677022,2.293688,-129.368756,true,3
405,10339,MULTIPLE_ON_CONFLICT_PK_BRANCH,SQLITE_PARITY_10339_MULTIPLE_ON_CONFLICT_PK_BRANCH.rs,P0,memory,SQL_UPSERT,1505801,3453087,2.293189,-129.318947,true,3
406,10268,PRAGMA_FOREIGN_KEY_CHECK_FINDS_VIOLATION_WITH_DEFER,SQLITE_PARITY_10268_PRAGMA_FOREIGN_KEY_CHECK_FINDS_VIOLATION_WITH_DEFER.rs,P0,memory,SQL_PRAGMA,1579319,3621497,2.293075,-129.307505,true,3
407,00446,DML_WHERE_ORDER_LIMIT_059,SQLITE_PARITY_446_DML_WHERE_ORDER_LIMIT_059.rs,P1,memory,GEN_SQL_DML,1500581,3440123,2.292527,-129.252736,true,3
408,01010,JSON_EXTRACT_SET_003,SQLITE_PARITY_1010_JSON_EXTRACT_SET_003.rs,P2,memory,GEN_SQL_JSON,1486554,3407872,2.292464,-129.246432,true,3
409,00786,CTE_RECURSIVE_MATRIX_079,SQLITE_PARITY_786_CTE_RECURSIVE_MATRIX_079.rs,P1,memory,GEN_SQL_CTE,1423696,3263609,2.292350,-129.234963,true,3
410,10486,COMPOUND_ORDER_BY_ORDINAL,SQLITE_PARITY_10486_COMPOUND_ORDER_BY_ORDINAL.rs,P0,memory,SQL_COMPOUND,1407174,3225466,2.292159,-129.215861,true,3
411,00280,SCALAR_ARITH_014,SQLITE_PARITY_280_SCALAR_ARITH_014.rs,P1,memory,GEN_SQL_SCALAR,1359264,3115478,2.292033,-129.203304,true,3
412,00252,SCALAR_ARITH_007,SQLITE_PARITY_252_SCALAR_ARITH_007.rs,P1,memory,GEN_SQL_SCALAR,1367068,3132089,2.291100,-129.109964,true,3
413,00697,JOIN_SUBQUERY_EXISTS_090,SQLITE_PARITY_697_JOIN_SUBQUERY_EXISTS_090.rs,P1,memory,GEN_SQL_JOIN_SUBQUERY,1586454,3634601,2.291022,-129.102199,true,3
414,00828,WINDOW_PARTITION_SUM_041,SQLITE_PARITY_828_WINDOW_PARTITION_SUM_041.rs,P2,memory,GEN_SQL_WINDOW,1417043,3246075,2.290739,-129.073853,true,3
415,11214,CAST_INT_NEG_3_AS_NUMERIC,SQLITE_PARITY_11214_CAST_INT_NEG_3_AS_NUMERIC.rs,P0,memory,SQL_CAST,1349615,3090692,2.290055,-129.005457,true,3
416,00081,BLOBS_HEX_ZEROBLOB,SQLITE_PARITY_081_BLOBS_HEX_ZEROBLOB.rs,P0,memory,SQL_FUNCTIONS,1278781,2927182,2.289041,-128.904089,true,3
417,00291,SCALAR_NULL_COALESCE_016,SQLITE_PARITY_291_SCALAR_NULL_COALESCE_016.rs,P1,memory,GEN_SQL_SCALAR,1336571,3059372,2.288971,-128.897081,true,3
418,11593,DATETIME_JULIANDAY_Y2K_START_OF_MONTH,SQLITE_PARITY_11593_DATETIME_JULIANDAY_Y2K_START_OF_MONTH.rs,P0,memory,SQL_DATETIME,1275896,2919918,2.288524,-128.852352,true,3
419,10342,MULTI_ROW_INSERT_UPSERT,SQLITE_PARITY_10342_MULTI_ROW_INSERT_UPSERT.rs,P0,memory,SQL_UPSERT,1475583,3376363,2.288155,-128.815526,true,3
420,10607,LIKE_MULTIBYTE_NOT_FOLDED,SQLITE_PARITY_10607_LIKE_MULTIBYTE_NOT_FOLDED.rs,P0,memory,SQL_PATTERN,1279753,2927782,2.287771,-128.777116,true,3
421,00969,VIEW_TRIGGER_GENERATED_022,SQLITE_PARITY_969_VIEW_TRIGGER_GENERATED_022.rs,P2,memory,GEN_SQL_VIEW_TRIGGER,1524216,3486421,2.287354,-128.735363,true,3
422,10307,ROLLBACK_TO_SAVEPOINT_INNER,SQLITE_PARITY_10307_ROLLBACK_TO_SAVEPOINT_INNER.rs,P0,memory,SQL_TRANSACTION,1388438,3175381,2.287017,-128.701678,true,3
423,00637,JOIN_SUBQUERY_EXISTS_030,SQLITE_PARITY_637_JOIN_SUBQUERY_EXISTS_030.rs,P1,memory,GEN_SQL_JOIN_SUBQUERY,1622272,3708641,2.286078,-128.607841,true,3
424,10079,ROWID_COLUMN_AS_PK_INSERT,SQLITE_PARITY_10079_ROWID_COLUMN_AS_PK_INSERT.rs,P0,memory,SQL_AUTOINCREMENT,1378399,3150975,2.285967,-128.596727,true,3
425,00330,SCALAR_STRING_026,SQLITE_PARITY_330_SCALAR_STRING_026.rs,P1,memory,GEN_SQL_SCALAR,1486144,3396079,2.285161,-128.516146,true,3
426,00777,CTE_RECURSIVE_MATRIX_070,SQLITE_PARITY_777_CTE_RECURSIVE_MATRIX_070.rs,P1,memory,GEN_SQL_CTE,1456638,3328492,2.285051,-128.505092,true,3
427,00771,CTE_RECURSIVE_MATRIX_064,SQLITE_PARITY_771_CTE_RECURSIVE_MATRIX_064.rs,P1,memory,GEN_SQL_CTE,1549594,3540293,2.284658,-128.465843,true,3
428,11088,MATH_TRUNC_1_4,SQLITE_PARITY_11088_MATH_TRUNC_1_4.rs,P1,memory,SQL_MATH,1328946,3035427,2.284086,-128.408604,true,3
429,10555,NO_SUCH_COLUMN,SQLITE_PARITY_10555_NO_SUCH_COLUMN.rs,P0,memory,SQL_ERROR_MESSAGES,1272519,2906373,2.283953,-128.395254,true,3
430,10093,STRICT_BLOB_ACCEPTS_BLOB,SQLITE_PARITY_10093_STRICT_BLOB_ACCEPTS_BLOB.rs,P0,memory,SQL_STRICT_TABLES,1403727,3205769,2.283755,-128.375532,true,3
431,00265,SCALAR_CAST_TYPEOF_010,SQLITE_PARITY_265_SCALAR_CAST_TYPEOF_010.rs,P1,memory,GEN_SQL_SCALAR,1354073,3092305,2.283706,-128.370627,true,3
432,11814,JSON_JSON_TYPE_A_B,SQLITE_PARITY_11814_JSON_JSON_TYPE_A_B.rs,P0,memory,SQL_JSON,1375484,3141167,2.283681,-128.368124,true,3
433,00936,CONSTRAINT_FK_SAVEPOINT_069,SQLITE_PARITY_936_CONSTRAINT_FK_SAVEPOINT_069.rs,P2,memory,GEN_SQL_CONSTRAINT_TX,1527742,3487453,2.282750,-128.274997,true,3
434,00553,AGG_GROUP_HAVING_046,SQLITE_PARITY_553_AGG_GROUP_HAVING_046.rs,P1,memory,GEN_SQL_AGGREGATE,1590962,3630373,2.281873,-128.187285,true,3
435,00462,DML_WHERE_ORDER_LIMIT_075,SQLITE_PARITY_462_DML_WHERE_ORDER_LIMIT_075.rs,P1,memory,GEN_SQL_DML,1551217,3538709,2.281247,-128.124692,true,3
436,00878,CONSTRAINT_FK_SAVEPOINT_011,SQLITE_PARITY_878_CONSTRAINT_FK_SAVEPOINT_011.rs,P2,memory,GEN_SQL_CONSTRAINT_TX,1624565,3705375,2.280841,-128.084133,true,3
437,11858,JSON_DARROW_D_0,SQLITE_PARITY_11858_JSON_DARROW_D_0.rs,P0,memory,SQL_JSON,1386024,3160283,2.280107,-128.010698,true,3
438,11104,MATH_POWER_2_0_10,SQLITE_PARITY_11104_MATH_POWER_2_0_10.rs,P1,memory,SQL_MATH,1437682,3277826,2.279938,-127.993812,true,3
439,10487,COMPOUND_THREE_WAY_UNION_ALL,SQLITE_PARITY_10487_COMPOUND_THREE_WAY_UNION_ALL.rs,P0,memory,SQL_COMPOUND,1426220,3249512,2.278409,-127.840866,true,3
440,11966,WIN_LAST_VALUE_EXCL_CURRENT_ROW,SQLITE_PARITY_11966_WIN_LAST_VALUE_EXCL_CURRENT_ROW.rs,P0,memory,SQL_WINDOW,1487607,3389156,2.278260,-127.826032,true,3
441,11631,DATETIME_TIME_DATE_2024_PLUS_30_MINUTES,SQLITE_PARITY_11631_DATETIME_TIME_DATE_2024_PLUS_30_MINUTES.rs,P0,memory,SQL_DATETIME,1289201,2937071,2.278210,-127.821030,true,3
442,10472,COMPOUND_UNION_ALL_PRESERVES_DUPES,SQLITE_PARITY_10472_COMPOUND_UNION_ALL_PRESERVES_DUPES.rs,P0,memory,SQL_COMPOUND,1403286,3196682,2.277998,-127.799750,true,3
443,10242,PRAGMA_FOREIGN_KEYS_OFF_AGAIN,SQLITE_PARITY_10242_PRAGMA_FOREIGN_KEYS_OFF_AGAIN.rs,P0,memory,SQL_PRAGMA,1344244,3061366,2.277389,-127.738863,true,3
444,11315,AFFINITY_BIGINT_NULL_LIT,SQLITE_PARITY_11315_AFFINITY_BIGINT_NULL_LIT.rs,P0,memory,SQL_TYPE_AFFINITY,1453903,3311078,2.277372,-127.737201,true,3
445,00889,CONSTRAINT_FK_SAVEPOINT_022,SQLITE_PARITY_889_CONSTRAINT_FK_SAVEPOINT_022.rs,P2,memory,GEN_SQL_CONSTRAINT_TX,1569592,3574477,2.277329,-127.732876,true,3
446,00910,CONSTRAINT_FK_SAVEPOINT_043,SQLITE_PARITY_910_CONSTRAINT_FK_SAVEPOINT_043.rs,P2,memory,GEN_SQL_CONSTRAINT_TX,1508236,3432769,2.276016,-127.601582,true,3
447,00300,SCALAR_ARITH_019,SQLITE_PARITY_300_SCALAR_ARITH_019.rs,P1,memory,GEN_SQL_SCALAR,1437262,3269711,2.274958,-127.495822,true,3
448,10392,SQLITE_MASTER_AFTER_CREATE_VIEW,SQLITE_PARITY_10392_SQLITE_MASTER_AFTER_CREATE_VIEW.rs,P0,memory,SQL_SCHEMA_INTROSPECTION,1401393,3188085,2.274940,-127.494001,true,3
449,10286,FK_DEFERRED_PASSES_INSIDE_TXN,SQLITE_PARITY_10286_FK_DEFERRED_PASSES_INSIDE_TXN.rs,P0,memory,SQL_FOREIGN_KEYS,1461557,3324935,2.274927,-127.492667,true,3
450,00070,LIKE_GLOB_MATCH_ESCAPE,SQLITE_PARITY_070_LIKE_GLOB_MATCH_ESCAPE.rs,P0,memory,SQL_OPERATORS,1260697,2867850,2.274813,-127.481306,true,3
451,00114,DOT_PRINT,SQLITE_PARITY_114_DOT_PRINT.rs,P0,memory,CLI_DOT_COMMAND,1024599,2329971,2.274032,-127.403208,true,3
452,11933,WIN_MIN_ROWS_2_PREC_CURRENT,SQLITE_PARITY_11933_WIN_MIN_ROWS_2_PREC_CURRENT.rs,P0,memory,SQL_WINDOW,1527322,3472163,2.273367,-127.336672,true,3
453,00808,WINDOW_PARTITION_SUM_021,SQLITE_PARITY_808_WINDOW_PARTITION_SUM_021.rs,P2,memory,GEN_SQL_WINDOW,1511762,3436556,2.273212,-127.321232,true,3
454,00145,DOT_SCANSTATS,SQLITE_PARITY_145_DOT_SCANSTATS.rs,P3,memory,CLI_DOT_COMMAND_DIAGNOSTIC,1307846,2972368,2.272720,-127.272018,true,3
455,00429,DML_WHERE_ORDER_LIMIT_042,SQLITE_PARITY_429_DML_WHERE_ORDER_LIMIT_042.rs,P1,memory,GEN_SQL_DML,1579340,3589025,2.272484,-127.248408,true,3
456,00773,CTE_RECURSIVE_MATRIX_066,SQLITE_PARITY_773_CTE_RECURSIVE_MATRIX_066.rs,P1,memory,GEN_SQL_CTE,1451398,3298124,2.272377,-127.237739,true,3
457,00533,AGG_GROUP_HAVING_026,SQLITE_PARITY_533_AGG_GROUP_HAVING_026.rs,P1,memory,GEN_SQL_AGGREGATE,1488978,3383385,2.272287,-127.228676,true,3
458,10136,MODE_TCL_BASIC,SQLITE_PARITY_10136_MODE_TCL_BASIC.rs,P0,memory,CLI_OUTPUT_MODE,1432923,3255834,2.272163,-127.216257,true,3
459,00458,DML_WHERE_ORDER_LIMIT_071,SQLITE_PARITY_458_DML_WHERE_ORDER_LIMIT_071.rs,P1,memory,GEN_SQL_DML,1552629,3527238,2.271784,-127.178418,true,3
460,00469,DML_WHERE_ORDER_LIMIT_082,SQLITE_PARITY_469_DML_WHERE_ORDER_LIMIT_082.rs,P1,memory,GEN_SQL_DML,1599448,3633439,2.271683,-127.168311,true,3
461,11597,DATETIME_DATETIME_Y2K_START_OF_YEAR,SQLITE_PARITY_11597_DATETIME_DATETIME_Y2K_START_OF_YEAR.rs,P0,memory,SQL_DATETIME,1287998,2925258,2.271167,-127.116657,true,3
462,00766,CTE_RECURSIVE_MATRIX_059,SQLITE_PARITY_766_CTE_RECURSIVE_MATRIX_059.rs,P1,memory,GEN_SQL_CTE,1568159,3561453,2.271105,-127.110452,true,3
463,00404,DML_WHERE_ORDER_LIMIT_017,SQLITE_PARITY_404_DML_WHERE_ORDER_LIMIT_017.rs,P1,memory,GEN_SQL_DML,1624386,3688152,2.270490,-127.048990,true,3
464,00054,JOINS_INNER_LEFT_CROSS_NATURAL,SQLITE_PARITY_054_JOINS_INNER_LEFT_CROSS_NATURAL.rs,P0,memory,SQL_JOIN,1583558,3595426,2.270473,-127.047320,true,3
465,11042,MATH_DEGREES_1_5707963267949,SQLITE_PARITY_11042_MATH_DEGREES_1_5707963267949.rs,P1,memory,SQL_MATH,1316423,2988848,2.270431,-127.043131,true,3
466,11614,DATETIME_STRFTIME_ISO_DATE_2024_PLUS_5_DAYS,SQLITE_PARITY_11614_DATETIME_STRFTIME_ISO_DATE_2024_PLUS_5_DAYS.rs,P0,memory,SQL_DATETIME,1384952,3143492,2.269748,-126.974798,true,3
467,01076,INDEX_SCHEMA_PRAGMA_009,SQLITE_PARITY_1076_INDEX_SCHEMA_PRAGMA_009.rs,P2,memory,GEN_SQL_INDEX_PRAGMA,1594228,3618380,2.269675,-126.967535,true,3
468,00456,DML_WHERE_ORDER_LIMIT_069,SQLITE_PARITY_456_DML_WHERE_ORDER_LIMIT_069.rs,P1,memory,GEN_SQL_DML,1541278,3497141,2.268988,-126.898781,true,3
469,11712,DATETIME_DATETIME_UNIX_WEEKDAY_0,SQLITE_PARITY_11712_DATETIME_DATETIME_UNIX_WEEKDAY_0.rs,P0,memory,SQL_DATETIME,1306484,2963310,2.268156,-126.815636,true,3
470,00897,CONSTRAINT_FK_SAVEPOINT_030,SQLITE_PARITY_897_CONSTRAINT_FK_SAVEPOINT_030.rs,P2,memory,GEN_SQL_CONSTRAINT_TX,1586454,3598032,2.267971,-126.797121,true,3
471,00718,CTE_RECURSIVE_MATRIX_011,SQLITE_PARITY_718_CTE_RECURSIVE_MATRIX_011.rs,P1,memory,GEN_SQL_CTE,1499358,3400348,2.267869,-126.786931,true,3
472,11688,DATETIME_JULIANDAY_UNIX_PLUS_30_MINUTES,SQLITE_PARITY_11688_DATETIME_JULIANDAY_UNIX_PLUS_30_MINUTES.rs,P0,memory,SQL_DATETIME,1384521,3139584,2.267632,-126.763191,true,3
473,00306,SCALAR_STRING_020,SQLITE_PARITY_306_SCALAR_STRING_020.rs,P1,memory,GEN_SQL_SCALAR,1461256,3312982,2.267215,-126.721533,true,3
474,10244,PRAGMA_CASE_SENSITIVE_LIKE_ON_AFFECTS_LIKE,SQLITE_PARITY_10244_PRAGMA_CASE_SENSITIVE_LIKE_ON_AFFECTS_LIKE.rs,P0,memory,SQL_PRAGMA,1306414,2961096,2.266583,-126.658318,true,3
475,11548,DATETIME_JULIANDAY_EPOCH_WEEKDAY_0,SQLITE_PARITY_11548_DATETIME_JULIANDAY_EPOCH_WEEKDAY_0.rs,P0,memory,SQL_DATETIME,1383500,3135777,2.266554,-126.655367,true,3
476,00445,DML_WHERE_ORDER_LIMIT_058,SQLITE_PARITY_445_DML_WHERE_ORDER_LIMIT_058.rs,P1,memory,GEN_SQL_DML,1568259,3554369,2.266443,-126.644260,true,3
477,10277,FK_DELETE_RESTRICT_REJECTED,SQLITE_PARITY_10277_FK_DELETE_RESTRICT_REJECTED.rs,P0,memory,SQL_FOREIGN_KEYS,1362069,3086273,2.265871,-126.587126,true,3
478,10072,INSERT_OR_REPLACE_OVERWRITES,SQLITE_PARITY_10072_INSERT_OR_REPLACE_OVERWRITES.rs,P0,memory,SQL_AUTOINCREMENT,1518665,3441034,2.265828,-126.582821,true,3
479,10206,OPT_INIT_FILE,SQLITE_PARITY_10206_OPT_INIT_FILE.rs,P0,memory,CLI_OPTION,1338854,3033503,2.265746,-126.574593,true,3
480,10442,REC_COLLATZ_LIKE,SQLITE_PARITY_10442_REC_COLLATZ_LIKE.rs,P0,memory,SQL_RECURSIVE_CTE,1499789,3398053,2.265687,-126.568737,true,3
481,11305,AFFINITY_INTEGER_TEXT_BARE,SQLITE_PARITY_11305_AFFINITY_INTEGER_TEXT_BARE.rs,P0,memory,SQL_TYPE_AFFINITY,1451478,3287785,2.265129,-126.512906,true,3
482,11671,DATETIME_TIME_UNIX_MINUS_1_MONTH,SQLITE_PARITY_11671_DATETIME_TIME_UNIX_MINUS_1_MONTH.rs,P0,memory,SQL_DATETIME,1287618,2916311,2.264888,-126.488834,true,3
483,00223,OPT_NOHEADER,SQLITE_PARITY_223_OPT_NOHEADER.rs,P2,memory,CLI_OPTION,1350427,3058511,2.264847,-126.484734,true,3
484,11340,AFFINITY_VARCHAR_8_INT_1,SQLITE_PARITY_11340_AFFINITY_VARCHAR_8_INT_1.rs,P0,memory,SQL_TYPE_AFFINITY,1351929,3061215,2.264331,-126.433119,true,3
485,01030,JSON_EXTRACT_SET_023,SQLITE_PARITY_1030_JSON_EXTRACT_SET_023.rs,P2,memory,GEN_SQL_JSON,1534194,3471963,2.263053,-126.305343,true,3
486,00960,VIEW_TRIGGER_GENERATED_013,SQLITE_PARITY_960_VIEW_TRIGGER_GENERATED_013.rs,P2,memory,GEN_SQL_VIEW_TRIGGER,1534976,3472795,2.262443,-126.244254,true,3
487,00529,AGG_GROUP_HAVING_022,SQLITE_PARITY_529_AGG_GROUP_HAVING_022.rs,P1,memory,GEN_SQL_AGGREGATE,1586293,3587542,2.261588,-126.158850,true,3
488,00495,DML_WHERE_ORDER_LIMIT_108,SQLITE_PARITY_495_DML_WHERE_ORDER_LIMIT_108.rs,P1,memory,GEN_SQL_DML,1728622,3908920,2.261293,-126.129252,true,3
489,00809,WINDOW_PARTITION_SUM_022,SQLITE_PARITY_809_WINDOW_PARTITION_SUM_022.rs,P2,memory,GEN_SQL_WINDOW,1538172,3478115,2.261200,-126.120031,true,3
490,00661,JOIN_SUBQUERY_EXISTS_054,SQLITE_PARITY_661_JOIN_SUBQUERY_EXISTS_054.rs,P1,memory,GEN_SQL_JOIN_SUBQUERY,1604838,3628830,2.261182,-126.118150,true,3
491,10215,OPT_MODE_JSON,SQLITE_PARITY_10215_OPT_MODE_JSON.rs,P0,memory,CLI_OPTION,1321482,2987896,2.261019,-126.101907,true,3
492,00072,ORDER_BY_NULLS_FIRST_LAST,SQLITE_PARITY_072_ORDER_BY_NULLS_FIRST_LAST.rs,P0,memory,SQL_SELECT,1397185,3159021,2.260990,-126.098978,true,3
493,00408,DML_WHERE_ORDER_LIMIT_021,SQLITE_PARITY_408_DML_WHERE_ORDER_LIMIT_021.rs,P1,memory,GEN_SQL_DML,1583568,3580228,2.260862,-126.086155,true,3
494,11633,DATETIME_JULIANDAY_DATE_2024_PLUS_30_MINUTES,SQLITE_PARITY_11633_DATETIME_JULIANDAY_DATE_2024_PLUS_30_MINUTES.rs,P0,memory,SQL_DATETIME,1297076,2932472,2.260833,-126.083283,true,3
495,01106,INDEX_SCHEMA_PRAGMA_039,SQLITE_PARITY_1106_INDEX_SCHEMA_PRAGMA_039.rs,P2,memory,GEN_SQL_INDEX_PRAGMA,1605840,3630513,2.260819,-126.081864,true,3
496,00417,DML_WHERE_ORDER_LIMIT_030,SQLITE_PARITY_417_DML_WHERE_ORDER_LIMIT_030.rs,P1,memory,GEN_SQL_DML,1563480,3533890,2.260272,-126.027196,true,3
497,11739,DATETIME_STRFTIME_ISO_UNIX_BASE,SQLITE_PARITY_11739_DATETIME_STRFTIME_ISO_UNIX_BASE.rs,P0,memory,SQL_DATETIME,1439284,3252828,2.260032,-126.003207,true,3
498,11617,DATETIME_DATETIME_DATE_2024_MINUS_1_MONTH,SQLITE_PARITY_11617_DATETIME_DATETIME_DATE_2024_MINUS_1_MONTH.rs,P0,memory,SQL_DATETIME,1278490,2889240,2.259885,-125.988471,true,3
499,10181,DOT_OPEN_MEMORY_RESETS,SQLITE_PARITY_10181_DOT_OPEN_MEMORY_RESETS.rs,P0,memory,CLI_DOT_COMMAND,1412144,3190610,2.259408,-125.940839,true,3
500,00567,AGG_GROUP_HAVING_060,SQLITE_PARITY_567_AGG_GROUP_HAVING_060.rs,P1,memory,GEN_SQL_AGGREGATE,1600460,3616056,2.259385,-125.938543,true,3
501,00214,DROP_TABLE,SQLITE_PARITY_214_DROP_TABLE.rs,P0,memory,SQL_DROP,1422413,3213544,2.259220,-125.922007,true,3
502,11914,WIN_AVG_RANGE_UNBND_PREC_CURRENT,SQLITE_PARITY_11914_WIN_AVG_RANGE_UNBND_PREC_CURRENT.rs,P0,memory,SQL_WINDOW,1439395,3251235,2.258751,-125.875107,true,3
503,00739,CTE_RECURSIVE_MATRIX_032,SQLITE_PARITY_739_CTE_RECURSIVE_MATRIX_032.rs,P1,memory,GEN_SQL_CTE,1427593,3224495,2.258693,-125.869348,true,3
504,00887,CONSTRAINT_FK_SAVEPOINT_020,SQLITE_PARITY_887_CONSTRAINT_FK_SAVEPOINT_020.rs,P2,memory,GEN_SQL_CONSTRAINT_TX,1475814,3333271,2.258598,-125.859831,true,3
505,01008,JSON_EXTRACT_SET_001,SQLITE_PARITY_1008_JSON_EXTRACT_SET_001.rs,P2,memory,GEN_SQL_JSON,1494770,3375801,2.258408,-125.840832,true,3
506,11061,MATH_LOG2_2_0,SQLITE_PARITY_11061_MATH_LOG2_2_0.rs,P1,memory,SQL_MATH,1250848,2824758,2.258274,-125.827439,true,3
507,00824,WINDOW_PARTITION_SUM_037,SQLITE_PARITY_824_WINDOW_PARTITION_SUM_037.rs,P2,memory,GEN_SQL_WINDOW,1485011,3353449,2.258198,-125.819809,true,3
508,00126,DOT_STATS,SQLITE_PARITY_126_DOT_STATS.rs,P3,memory,CLI_DOT_COMMAND_DIAGNOSTIC,1273721,2876176,2.258089,-125.808949,true,3
509,00334,SCALAR_STRING_027,SQLITE_PARITY_334_SCALAR_STRING_027.rs,P1,memory,GEN_SQL_SCALAR,1388900,3136257,2.258087,-125.808698,true,3
510,10378,CROSS_DB_JOIN,SQLITE_PARITY_10378_CROSS_DB_JOIN.rs,P0,memory,SQL_ATTACH,1484981,3353178,2.258061,-125.806121,true,3
511,10177,DOT_TABLES_NO_ARG,SQLITE_PARITY_10177_DOT_TABLES_NO_ARG.rs,P0,memory,CLI_DOT_COMMAND,1410460,3184499,2.257773,-125.777335,true,3
512,10070,CHANGES_AND_TOTAL_CHANGES,SQLITE_PARITY_10070_CHANGES_AND_TOTAL_CHANGES.rs,P0,memory,SQL_AUTOINCREMENT,1505861,3399686,2.257636,-125.763600,true,3
513,11621,DATETIME_TIME_DATE_2024_PLUS_1_YEAR,SQLITE_PARITY_11621_DATETIME_TIME_DATE_2024_PLUS_1_YEAR.rs,P0,memory,SQL_DATETIME,1365635,3082886,2.257474,-125.747436,true,3
514,10501,SCALAR_SUBQUERY_MULTI_ROW_TAKES_FIRST,SQLITE_PARITY_10501_SCALAR_SUBQUERY_MULTI_ROW_TAKES_FIRST.rs,P0,memory,SQL_SUBQUERY,1331781,3006461,2.257474,-125.747401,true,3
515,12014,PRAGMA_TRUSTED_SCHEMA,SQLITE_PARITY_12014_PRAGMA_TRUSTED_SCHEMA.rs,P1,memory,SQL_PRAGMA,1430117,3227661,2.256921,-125.692094,true,3
516,00749,CTE_RECURSIVE_MATRIX_042,SQLITE_PARITY_749_CTE_RECURSIVE_MATRIX_042.rs,P1,memory,GEN_SQL_CTE,1428865,3224073,2.256387,-125.638741,true,3
517,00540,AGG_GROUP_HAVING_033,SQLITE_PARITY_540_AGG_GROUP_HAVING_033.rs,P1,memory,GEN_SQL_AGGREGATE,1553191,3503392,2.255609,-125.560926,true,3
518,11307,AFFINITY_INTEGER_NULL_LIT,SQLITE_PARITY_11307_AFFINITY_INTEGER_NULL_LIT.rs,P0,memory,SQL_TYPE_AFFINITY,1452199,3275551,2.255580,-125.557999,true,3
519,10388,ALIAS_QUALIFIED_UPDATE_DELETE,SQLITE_PARITY_10388_ALIAS_QUALIFIED_UPDATE_DELETE.rs,P0,memory,SQL_ATTACH,1580042,3563807,2.255514,-125.551409,true,3
520,11648,DATETIME_JULIANDAY_DATE_2024_START_OF_MONTH,SQLITE_PARITY_11648_DATETIME_JULIANDAY_DATE_2024_START_OF_MONTH.rs,P0,memory,SQL_DATETIME,1370615,3090601,2.254901,-125.490090,true,3
521,11212,CAST_INT_NEG_3_AS_TEXT,SQLITE_PARITY_11212_CAST_INT_NEG_3_AS_TEXT.rs,P0,memory,SQL_CAST,1308547,2950596,2.254864,-125.486436,true,3
522,00527,AGG_GROUP_HAVING_020,SQLITE_PARITY_527_AGG_GROUP_HAVING_020.rs,P1,memory,GEN_SQL_AGGREGATE,1575152,3551203,2.254514,-125.451448,true,3
523,00921,CONSTRAINT_FK_SAVEPOINT_054,SQLITE_PARITY_921_CONSTRAINT_FK_SAVEPOINT_054.rs,P2,memory,GEN_SQL_CONSTRAINT_TX,1567207,3533259,2.254494,-125.449414,true,3
524,10091,STRICT_TEXT_COERCES_REAL,SQLITE_PARITY_10091_STRICT_TEXT_COERCES_REAL.rs,P0,memory,SQL_STRICT_TABLES,1431881,3227701,2.254168,-125.416847,true,3
525,11961,WIN_LAST_VALUE_ROWS_CURRENT_UNBND_FOLL,SQLITE_PARITY_11961_WIN_LAST_VALUE_ROWS_CURRENT_UNBND_FOLL.rs,P0,memory,SQL_WINDOW,1709847,3853406,2.253655,-125.365544,true,3
526,00254,SCALAR_STRING_007,SQLITE_PARITY_254_SCALAR_STRING_007.rs,P1,memory,GEN_SQL_SCALAR,1353762,3050756,2.253539,-125.353940,true,3
527,00386,SCALAR_STRING_040,SQLITE_PARITY_386_SCALAR_STRING_040.rs,P1,memory,GEN_SQL_SCALAR,1381636,3113354,2.253382,-125.338222,true,3
528,10082,STRICT_INT_ACCEPTS_NUMERIC_TEXT,SQLITE_PARITY_10082_STRICT_INT_ACCEPTS_NUMERIC_TEXT.rs,P0,memory,SQL_STRICT_TABLES,1408296,3172667,2.252841,-125.284102,true,3
529,00813,WINDOW_PARTITION_SUM_026,SQLITE_PARITY_813_WINDOW_PARTITION_SUM_026.rs,P2,memory,GEN_SQL_WINDOW,1388880,3128603,2.252609,-125.260858,true,3
530,10575,UPDATE_ON_VIEW,SQLITE_PARITY_10575_UPDATE_ON_VIEW.rs,P0,memory,SQL_ERROR_MESSAGES,1448703,3262306,2.251880,-125.188048,true,3
531,01086,INDEX_SCHEMA_PRAGMA_019,SQLITE_PARITY_1086_INDEX_SCHEMA_PRAGMA_019.rs,P2,memory,GEN_SQL_INDEX_PRAGMA,1584570,3567915,2.251661,-125.166133,true,3
532,11606,DATETIME_TIME_Y2K_UTC,SQLITE_PARITY_11606_DATETIME_TIME_Y2K_UTC.rs,P0,memory,SQL_DATETIME,1240358,2792807,2.251614,-125.161365,true,3
533,11059,MATH_LOG10_0_1,SQLITE_PARITY_11059_MATH_LOG10_0_1.rs,P1,memory,SQL_MATH,1341660,3020619,2.251404,-125.140423,true,3
534,00149,DOT_ONCE_TEMPFILE,SQLITE_PARITY_149_DOT_ONCE_TEMPFILE.rs,P1,tempfile,CLI_TEMPFILE,1439274,3240304,2.251346,-125.134616,true,3
535,11203,CAST_NULL_AS_BLOB,SQLITE_PARITY_11203_CAST_NULL_AS_BLOB.rs,P0,memory,SQL_CAST,1350146,3039574,2.251293,-125.129282,true,3
536,11504,DATETIME_STRFTIME_ISO_EPOCH_PLUS_5_DAYS,SQLITE_PARITY_11504_DATETIME_STRFTIME_ISO_EPOCH_PLUS_5_DAYS.rs,P0,memory,SQL_DATETIME,1267520,2853553,2.251288,-125.128834,true,3
537,00905,CONSTRAINT_FK_SAVEPOINT_038,SQLITE_PARITY_905_CONSTRAINT_FK_SAVEPOINT_038.rs,P2,memory,GEN_SQL_CONSTRAINT_TX,1484190,3340804,2.250927,-125.092744,true,3
538,00715,CTE_RECURSIVE_MATRIX_008,SQLITE_PARITY_715_CTE_RECURSIVE_MATRIX_008.rs,P1,memory,GEN_SQL_CTE,1488458,3350082,2.250706,-125.070644,true,3
539,00195,OPT_SAFE_MODE_BLOCKS_SHELL,SQLITE_PARITY_195_OPT_SAFE_MODE_BLOCKS_SHELL.rs,P2,memory,CLI_OPTION_NEGATIVE,1115402,2510382,2.250652,-125.065223,true,3
540,11327,AFFINITY_DOUBLE_REAL_BIG,SQLITE_PARITY_11327_AFFINITY_DOUBLE_REAL_BIG.rs,P0,memory,SQL_TYPE_AFFINITY,1378730,3102474,2.250240,-125.024044,true,3
541,00038,CREATE_TRIGGER_AFTER,SQLITE_PARITY_038_CREATE_TRIGGER_AFTER.rs,P0,memory,SQL_TRIGGER,1358943,3056166,2.248929,-124.892876,true,3
542,11551,DATETIME_TIME_EPOCH_UTC,SQLITE_PARITY_11551_DATETIME_TIME_EPOCH_UTC.rs,P0,memory,SQL_DATETIME,1363311,3065703,2.248719,-124.871874,true,3
543,11524,DATETIME_STRFTIME_ISO_EPOCH_PLUS_30_MINUTES,SQLITE_PARITY_11524_DATETIME_STRFTIME_ISO_EPOCH_PLUS_30_MINUTES.rs,P0,memory,SQL_DATETIME,1339846,3012603,2.248470,-124.846960,true,3
544,10226,OPT_NOFOLLOW,SQLITE_PARITY_10226_OPT_NOFOLLOW.rs,P0,memory,CLI_OPTION,1365315,3069512,2.248208,-124.820792,true,3
545,11534,DATETIME_STRFTIME_ISO_EPOCH_START_OF_DAY,SQLITE_PARITY_11534_DATETIME_STRFTIME_ISO_EPOCH_START_OF_DAY.rs,P0,memory,SQL_DATETIME,1269653,2853582,2.247529,-124.752905,true,3
546,11580,DATETIME_DATE_Y2K_PLUS_10_SECONDS,SQLITE_PARITY_11580_DATETIME_DATE_Y2K_PLUS_10_SECONDS.rs,P0,memory,SQL_DATETIME,1315320,2955786,2.247199,-124.719916,true,3
547,10521,GROUP_BY_HAVING_AGGREGATE,SQLITE_PARITY_10521_GROUP_BY_HAVING_AGGREGATE.rs,P0,memory,SQL_AGGREGATE_ADV,1436850,3228552,2.246965,-124.696524,true,3
548,11225,CAST_TEXT_42_AS_INTEGER,SQLITE_PARITY_11225_CAST_TEXT_42_AS_INTEGER.rs,P0,memory,SQL_CAST,1481806,3329444,2.246883,-124.688252,true,3
549,00690,JOIN_SUBQUERY_EXISTS_083,SQLITE_PARITY_690_JOIN_SUBQUERY_EXISTS_083.rs,P1,memory,GEN_SQL_JOIN_SUBQUERY,1610269,3618060,2.246867,-124.686683,true,3
550,00354,SCALAR_STRING_032,SQLITE_PARITY_354_SCALAR_STRING_032.rs,P1,memory,GEN_SQL_SCALAR,1340598,3012083,2.246820,-124.682045,true,3
551,10452,JOIN_COMMA_IMPLICIT_CROSS,SQLITE_PARITY_10452_JOIN_COMMA_IMPLICIT_CROSS.rs,P0,memory,SQL_JOIN,1436870,3227420,2.246146,-124.614614,true,3
552,00421,DML_WHERE_ORDER_LIMIT_034,SQLITE_PARITY_421_DML_WHERE_ORDER_LIMIT_034.rs,P1,memory,GEN_SQL_DML,1567678,3520866,2.245911,-124.591147,true,3
553,00938,CONSTRAINT_FK_SAVEPOINT_071,SQLITE_PARITY_938_CONSTRAINT_FK_SAVEPOINT_071.rs,P2,memory,GEN_SQL_CONSTRAINT_TX,1555525,3493253,2.245707,-124.570675,true,3
554,11055,MATH_LN_10_0,SQLITE_PARITY_11055_MATH_LN_10_0.rs,P1,memory,SQL_MATH,1342792,3015119,2.245410,-124.541031,true,3
555,01079,INDEX_SCHEMA_PRAGMA_012,SQLITE_PARITY_1079_INDEX_SCHEMA_PRAGMA_012.rs,P2,memory,GEN_SQL_INDEX_PRAGMA,1583959,3555882,2.244933,-124.493311,true,3
556,10116,MODE_LIST_NULLVALUE_NA,SQLITE_PARITY_10116_MODE_LIST_NULLVALUE_NA.rs,P0,memory,CLI_OUTPUT_MODE,1441298,3235525,2.244869,-124.486886,true,3
557,00166,DOT_SESSION_CATALOG,SQLITE_PARITY_166_DOT_SESSION_CATALOG.rs,P4,catalog,CLI_CATALOG,1135530,2548866,2.244649,-124.464875,true,3
558,11432,STRING_UNICODE_,SQLITE_PARITY_11432_STRING_UNICODE_.rs,P0,memory,SQL_STRING,1264354,2837963,2.244595,-124.459526,true,3
559,11086,MATH_TANH_1_0,SQLITE_PARITY_11086_MATH_TANH_1_0.rs,P1,memory,SQL_MATH,1344996,3018314,2.244106,-124.410630,true,3
560,11807,JSON_JSON_EXTRACT_D_0,SQLITE_PARITY_11807_JSON_JSON_EXTRACT_D_0.rs,P0,memory,SQL_JSON,1393238,3126189,2.243830,-124.382984,true,3
561,00791,WINDOW_PARTITION_SUM_004,SQLITE_PARITY_791_WINDOW_PARTITION_SUM_004.rs,P2,memory,GEN_SQL_WINDOW,1493047,3349592,2.243461,-124.346052,true,3
562,11831,JSON_JSON_ARRAY_LENGTH_D_0,SQLITE_PARITY_11831_JSON_JSON_ARRAY_LENGTH_D_0.rs,P0,memory,SQL_JSON,1526640,3424603,2.243229,-124.322892,true,3
563,12030,PRAGMA_SET_AUTOMATIC_INDEX_ON,SQLITE_PARITY_12030_PRAGMA_SET_AUTOMATIC_INDEX_ON.rs,P1,memory,SQL_PRAGMA,1228045,2754565,2.243049,-124.304891,true,3
564,11566,DATETIME_TIME_Y2K_PLUS_1_YEAR,SQLITE_PARITY_11566_DATETIME_TIME_Y2K_PLUS_1_YEAR.rs,P0,memory,SQL_DATETIME,1354425,3037931,2.242967,-124.296731,true,3
565,10331,ON_CONFLICT_WHERE_PARTIAL_INDEX_MATCH,SQLITE_PARITY_10331_ON_CONFLICT_WHERE_PARTIAL_INDEX_MATCH.rs,P0,memory,SQL_UPSERT,1584059,3552807,2.242850,-124.285017,true,3
566,00105,CASE_SENSITIVE_LIKE_PRAGMA,SQLITE_PARITY_105_CASE_SENSITIVE_LIKE_PRAGMA.rs,P2,memory,SQL_PRAGMA,1330880,2984961,2.242848,-124.284759,true,3
567,00262,SCALAR_STRING_009,SQLITE_PARITY_262_SCALAR_STRING_009.rs,P1,memory,GEN_SQL_SCALAR,1385212,3106542,2.242647,-124.264733,true,3
568,10259,PRAGMA_BUSY_TIMEOUT_DEFAULT,SQLITE_PARITY_10259_PRAGMA_BUSY_TIMEOUT_DEFAULT.rs,P0,memory,SQL_PRAGMA,1172860,2630199,2.242552,-124.255154,true,3
569,10330,DO_UPDATE_MIXED_EXISTING_AND_EXCLUDED,SQLITE_PARITY_10330_DO_UPDATE_MIXED_EXISTING_AND_EXCLUDED.rs,P0,memory,SQL_UPSERT,1460696,3275421,2.242370,-124.237008,true,3
570,11206,CAST_INT_5_AS_REAL,SQLITE_PARITY_11206_CAST_INT_5_AS_REAL.rs,P0,memory,SQL_CAST,1366207,3063279,2.242178,-124.217780,true,3
571,01013,JSON_EXTRACT_SET_006,SQLITE_PARITY_1013_JSON_EXTRACT_SET_006.rs,P2,memory,GEN_SQL_JSON,1523084,3414344,2.241731,-124.173059,true,3
572,00233,SCALAR_CAST_TYPEOF_002,SQLITE_PARITY_233_SCALAR_CAST_TYPEOF_002.rs,P1,memory,GEN_SQL_SCALAR,1411933,3164270,2.241091,-124.109076,true,3
573,11852,JSON_DARROW_A_B_1,SQLITE_PARITY_11852_JSON_DARROW_A_B_1.rs,P0,memory,SQL_JSON,1311883,2940036,2.241081,-124.108095,true,3
574,11824,JSON_JSON_ARRAY_LENGTH_,SQLITE_PARITY_11824_JSON_JSON_ARRAY_LENGTH_.rs,P0,memory,SQL_JSON,1378019,3087525,2.240553,-124.055329,true,3
575,01044,JSON_EXTRACT_SET_037,SQLITE_PARITY_1044_JSON_EXTRACT_SET_037.rs,P2,memory,GEN_SQL_JSON,1546297,3464289,2.240377,-124.037750,true,3
576,01033,JSON_EXTRACT_SET_026,SQLITE_PARITY_1033_JSON_EXTRACT_SET_026.rs,P2,memory,GEN_SQL_JSON,1554122,3480880,2.239773,-123.977268,true,3
577,00181,OPT_TABLE_MODE,SQLITE_PARITY_181_OPT_TABLE_MODE.rs,P2,memory,CLI_OPTION,1289542,2887707,2.239328,-123.932761,true,3
578,01066,JSON_EXTRACT_SET_059,SQLITE_PARITY_1066_JSON_EXTRACT_SET_059.rs,P2,memory,GEN_SQL_JSON,1636087,3663345,2.239089,-123.908936,true,3
579,00750,CTE_RECURSIVE_MATRIX_043,SQLITE_PARITY_750_CTE_RECURSIVE_MATRIX_043.rs,P1,memory,GEN_SQL_CTE,1539966,3447367,2.238599,-123.859942,true,3
580,00289,SCALAR_CAST_TYPEOF_016,SQLITE_PARITY_289_SCALAR_CAST_TYPEOF_016.rs,P1,memory,GEN_SQL_SCALAR,1536198,3438740,2.238474,-123.847447,true,3
581,00436,DML_WHERE_ORDER_LIMIT_049,SQLITE_PARITY_436_DML_WHERE_ORDER_LIMIT_049.rs,P1,memory,GEN_SQL_DML,1571656,3517880,2.238327,-123.832696,true,3
582,11073,MATH_SINH_1_0,SQLITE_PARITY_11073_MATH_SINH_1_0.rs,P1,memory,SQL_MATH,1348733,3018264,2.237851,-123.785138,true,3
583,11917,WIN_AVG_EXCL_GROUP,SQLITE_PARITY_11917_WIN_AVG_EXCL_GROUP.rs,P0,memory,SQL_WINDOW,1534555,3433771,2.237633,-123.763306,true,3
584,11023,MATH_ATANH_0_9,SQLITE_PARITY_11023_MATH_ATANH_0_9.rs,P1,memory,SQL_MATH,1500581,3357697,2.237598,-123.759797,true,3
585,10492,NOT_EXISTS_SUBQUERY,SQLITE_PARITY_10492_NOT_EXISTS_SUBQUERY.rs,P0,memory,SQL_SUBQUERY,1410670,3156185,2.237366,-123.736593,true,3
586,10200,OPT_ECHO_INPUT,SQLITE_PARITY_10200_OPT_ECHO_INPUT.rs,P0,memory,CLI_OPTION,1381967,3091814,2.237256,-123.725603,true,3
587,00768,CTE_RECURSIVE_MATRIX_061,SQLITE_PARITY_768_CTE_RECURSIVE_MATRIX_061.rs,P1,memory,GEN_SQL_CTE,1414868,3164662,2.236719,-123.671890,true,3
588,10464,JOIN_LEFT_TYPED_NULL_OUTPUT,SQLITE_PARITY_10464_JOIN_LEFT_TYPED_NULL_OUTPUT.rs,P0,memory,SQL_JOIN,1408667,3150404,2.236443,-123.644339,true,3
589,11427,STRING_QUOTE_NULL,SQLITE_PARITY_11427_STRING_QUOTE_NULL.rs,P0,memory,SQL_STRING,1288179,2880063,2.235763,-123.576304,true,3
590,10540,GROUPBY_EMPTY_VS_NO_GROUPBY_EMPTY,SQLITE_PARITY_10540_GROUPBY_EMPTY_VS_NO_GROUPBY_EMPTY.rs,P0,memory,SQL_AGGREGATE_ADV,1512113,3380570,2.235660,-123.565964,true,3
591,00656,JOIN_SUBQUERY_EXISTS_049,SQLITE_PARITY_656_JOIN_SUBQUERY_EXISTS_049.rs,P1,memory,GEN_SQL_JOIN_SUBQUERY,1548161,3460451,2.235201,-123.520099,true,3
592,01028,JSON_EXTRACT_SET_021,SQLITE_PARITY_1028_JSON_EXTRACT_SET_021.rs,P2,memory,GEN_SQL_JSON,1547630,3458357,2.234615,-123.461486,true,3
593,00937,CONSTRAINT_FK_SAVEPOINT_070,SQLITE_PARITY_937_CONSTRAINT_FK_SAVEPOINT_070.rs,P2,memory,GEN_SQL_CONSTRAINT_TX,1678879,3751553,2.234558,-123.455830,true,3
594,11954,WIN_FIRST_VALUE_RANGE_UNBND_PREC_CURRENT,SQLITE_PARITY_11954_WIN_FIRST_VALUE_RANGE_UNBND_PREC_CURRENT.rs,P0,memory,SQL_WINDOW,1539104,3439060,2.234456,-123.445589,true,3
595,11537,DATETIME_DATETIME_EPOCH_START_OF_MONTH,SQLITE_PARITY_11537_DATETIME_DATETIME_EPOCH_START_OF_MONTH.rs,P0,memory,SQL_DATETIME,1355706,3029075,2.234316,-123.431555,true,3
596,00486,DML_WHERE_ORDER_LIMIT_099,SQLITE_PARITY_486_DML_WHERE_ORDER_LIMIT_099.rs,P1,memory,GEN_SQL_DML,1537641,3434843,2.233839,-123.383937,true,3
597,11239,CAST_TEXT_BARE_AS_NUMERIC,SQLITE_PARITY_11239_CAST_TEXT_BARE_AS_NUMERIC.rs,P0,memory,SQL_CAST,1369413,3059001,2.233805,-123.380456,true,3
598,01094,INDEX_SCHEMA_PRAGMA_027,SQLITE_PARITY_1094_INDEX_SCHEMA_PRAGMA_027.rs,P2,memory,GEN_SQL_INDEX_PRAGMA,1642680,3669116,2.233616,-123.361580,true,3
599,10066,AUTOINCREMENT_PERSISTS_AFTER_DELETE_ALL,SQLITE_PARITY_10066_AUTOINCREMENT_PERSISTS_AFTER_DELETE_ALL.rs,P0,memory,SQL_AUTOINCREMENT,1576805,3521707,2.233445,-123.344485,true,3
600,00297,SCALAR_CAST_TYPEOF_018,SQLITE_PARITY_297_SCALAR_CAST_TYPEOF_018.rs,P1,memory,GEN_SQL_SCALAR,1351389,3018194,2.233401,-123.340134,true,3
601,11026,MATH_CEIL_1_4,SQLITE_PARITY_11026_MATH_CEIL_1_4.rs,P1,memory,SQL_MATH,1298839,2900772,2.233358,-123.335764,true,3
602,00422,DML_WHERE_ORDER_LIMIT_035,SQLITE_PARITY_422_DML_WHERE_ORDER_LIMIT_035.rs,P1,memory,GEN_SQL_DML,1503296,3357026,2.233110,-123.311045,true,3
603,00570,AGG_GROUP_HAVING_063,SQLITE_PARITY_570_AGG_GROUP_HAVING_063.rs,P1,memory,GEN_SQL_AGGREGATE,1528133,3412400,2.233052,-123.305170,true,3
604,10199,OPT_BATCH_NONINTERACTIVE,SQLITE_PARITY_10199_OPT_BATCH_NONINTERACTIVE.rs,P0,memory,CLI_OPTION,1465424,3272095,2.232866,-123.286571,true,3
605,00869,CONSTRAINT_FK_SAVEPOINT_002,SQLITE_PARITY_869_CONSTRAINT_FK_SAVEPOINT_002.rs,P2,memory,GEN_SQL_CONSTRAINT_TX,1638893,3659258,2.232762,-123.276199,true,3
606,00296,SCALAR_ARITH_018,SQLITE_PARITY_296_SCALAR_ARITH_018.rs,P1,memory,GEN_SQL_SCALAR,1359905,3036108,2.232588,-123.258831,true,3
607,11437,STRING_SOUNDEX_ROBERT,SQLITE_PARITY_11437_STRING_SOUNDEX_ROBERT.rs,P0,memory,SQL_STRING,1322033,2950897,2.232090,-123.209027,true,3
608,00464,DML_WHERE_ORDER_LIMIT_077,SQLITE_PARITY_464_DML_WHERE_ORDER_LIMIT_077.rs,P1,memory,GEN_SQL_DML,1599288,3569127,2.231697,-123.169748,true,3
609,00641,JOIN_SUBQUERY_EXISTS_034,SQLITE_PARITY_641_JOIN_SUBQUERY_EXISTS_034.rs,P1,memory,GEN_SQL_JOIN_SUBQUERY,1712492,3820724,2.231090,-123.109013,true,3
610,10026,ORDER_BY_ASC_NULL_FIRST_DEFAULT,SQLITE_PARITY_10026_ORDER_BY_ASC_NULL_FIRST_DEFAULT.rs,P0,memory,SQL_NULL_ORDER,1437782,3207432,2.230819,-123.081941,true,3
611,00100,SCHEMA_SQLITE_SCHEMA,SQLITE_PARITY_100_SCHEMA_SQLITE_SCHEMA.rs,P0,memory,SQL_SCHEMA,1313096,2929195,2.230755,-123.075464,true,3
612,11449,STRING_LIKE_A_ABC,SQLITE_PARITY_11449_STRING_LIKE_A_ABC.rs,P0,memory,SQL_STRING,1252130,2792637,2.230309,-123.030915,true,3
613,00874,CONSTRAINT_FK_SAVEPOINT_007,SQLITE_PARITY_874_CONSTRAINT_FK_SAVEPOINT_007.rs,P2,memory,GEN_SQL_CONSTRAINT_TX,1515850,3380280,2.229957,-122.995679,true,3
614,12017,PRAGMA_SOFT_HEAP_LIMIT,SQLITE_PARITY_12017_PRAGMA_SOFT_HEAP_LIMIT.rs,P1,memory,SQL_PRAGMA,1219699,2719839,2.229926,-122.992640,true,3
615,11902,WIN_SUM_ROWS_1_PREC_1_FOLL,SQLITE_PARITY_11902_WIN_SUM_ROWS_1_PREC_1_FOLL.rs,P0,memory,SQL_WINDOW,1652339,3684526,2.229885,-122.988503,true,3
616,00556,AGG_GROUP_HAVING_049,SQLITE_PARITY_556_AGG_GROUP_HAVING_049.rs,P1,memory,GEN_SQL_AGGREGATE,1611902,3594255,2.229822,-122.982228,true,3
617,00810,WINDOW_PARTITION_SUM_023,SQLITE_PARITY_810_WINDOW_PARTITION_SUM_023.rs,P2,memory,GEN_SQL_WINDOW,1456838,3247739,2.229307,-122.930690,true,3
618,00358,SCALAR_STRING_033,SQLITE_PARITY_358_SCALAR_STRING_033.rs,P1,memory,GEN_SQL_SCALAR,1498908,3340725,2.228773,-122.877255,true,3
619,10317,PRAGMA_RECURSIVE_TRIGGERS_ON_THEN_READ,SQLITE_PARITY_10317_PRAGMA_RECURSIVE_TRIGGERS_ON_THEN_READ.rs,P0,memory,SQL_TRANSACTION,1166588,2599782,2.228535,-122.853484,true,3
620,10619,BLOB_AFFINITY_TEXT_COLUMN,SQLITE_PARITY_10619_BLOB_AFFINITY_TEXT_COLUMN.rs,P0,memory,SQL_BLOB,1436790,3200740,2.227702,-122.770203,true,3
621,11332,AFFINITY_TEXT_INT_1,SQLITE_PARITY_11332_AFFINITY_TEXT_INT_1.rs,P0,memory,SQL_TYPE_AFFINITY,1357620,3024275,2.227630,-122.762997,true,3
622,11909,WIN_SUM_EXCL_NO_OTHERS,SQLITE_PARITY_11909_WIN_SUM_EXCL_NO_OTHERS.rs,P0,memory,SQL_WINDOW,1440357,3207573,2.226929,-122.692916,true,3
623,11404,STRING_OCTET_LENGTH_ABC,SQLITE_PARITY_11404_STRING_OCTET_LENGTH_ABC.rs,P0,memory,SQL_STRING,1396033,3108866,2.226929,-122.692873,true,3
624,00711,CTE_RECURSIVE_MATRIX_004,SQLITE_PARITY_711_CTE_RECURSIVE_MATRIX_004.rs,P1,memory,GEN_SQL_CTE,1520408,3385289,2.226566,-122.656616,true,3
625,11642,DATETIME_DATETIME_DATE_2024_START_OF_DAY,SQLITE_PARITY_11642_DATETIME_DATETIME_DATE_2024_START_OF_DAY.rs,P0,memory,SQL_DATETIME,1383319,3079931,2.226479,-122.647921,true,3
626,11817,JSON_JSON_TYPE_A_B_1_C,SQLITE_PARITY_11817_JSON_JSON_TYPE_A_B_1_C.rs,P0,memory,SQL_JSON,1462840,3256956,2.226461,-122.646086,true,3
627,00010,GENERATED_COLUMNS,SQLITE_PARITY_010_GENERATED_COLUMNS.rs,P0,memory,SQL_DDL,1462639,3256324,2.226335,-122.633473,true,3
628,00575,AGG_GROUP_HAVING_068,SQLITE_PARITY_575_AGG_GROUP_HAVING_068.rs,P1,memory,GEN_SQL_AGGREGATE,1704668,3794273,2.225813,-122.581347,true,3
629,00856,WINDOW_PARTITION_SUM_069,SQLITE_PARITY_856_WINDOW_PARTITION_SUM_069.rs,P2,memory,GEN_SQL_WINDOW,1431791,3186052,2.225221,-122.522142,true,3
630,10063,INTPK_NULL_PK_AFTER_DELETE_ALL,SQLITE_PARITY_10063_INTPK_NULL_PK_AFTER_DELETE_ALL.rs,P0,memory,SQL_AUTOINCREMENT,1430168,3182135,2.225008,-122.500783,true,3
631,01072,INDEX_SCHEMA_PRAGMA_005,SQLITE_PARITY_1072_INDEX_SCHEMA_PRAGMA_005.rs,P2,memory,GEN_SQL_INDEX_PRAGMA,1598256,3555031,2.224319,-122.431888,true,3
632,01062,JSON_EXTRACT_SET_055,SQLITE_PARITY_1062_JSON_EXTRACT_SET_055.rs,P2,memory,GEN_SQL_JSON,1539224,3423431,2.224128,-122.412787,true,3
633,10159,CLI_FLAG_ASCII,SQLITE_PARITY_10159_CLI_FLAG_ASCII.rs,P0,memory,CLI_OUTPUT_MODE,1368691,3043802,2.223878,-122.387814,true,3
634,00131,DOT_TIMEOUT,SQLITE_PARITY_131_DOT_TIMEOUT.rs,P0,memory,CLI_DOT_COMMAND,1286866,2861628,2.223719,-122.371871,true,3
635,10127,MODE_TABS_BASIC,SQLITE_PARITY_10127_MODE_TABS_BASIC.rs,P0,memory,CLI_OUTPUT_MODE,1417254,3151136,2.223409,-122.340949,true,3
636,00669,JOIN_SUBQUERY_EXISTS_062,SQLITE_PARITY_669_JOIN_SUBQUERY_EXISTS_062.rs,P1,memory,GEN_SQL_JOIN_SUBQUERY,1657168,3684245,2.223218,-122.321756,true,3
637,10321,BEGIN_THEN_DDL_THEN_ROLLBACK,SQLITE_PARITY_10321_BEGIN_THEN_DDL_THEN_ROLLBACK.rs,P0,memory,SQL_TRANSACTION,1433043,3185181,2.222670,-122.266952,true,3
638,00230,SCALAR_STRING_001,SQLITE_PARITY_230_SCALAR_STRING_001.rs,P1,memory,GEN_SQL_SCALAR,1284762,2855547,2.222627,-122.262723,true,3
639,10161,DOT_MODE_CSV_AFTER_LIST,SQLITE_PARITY_10161_DOT_MODE_CSV_AFTER_LIST.rs,P0,memory,CLI_DOT_COMMAND,1295192,2878620,2.222543,-122.254307,true,3
640,00621,JOIN_SUBQUERY_EXISTS_014,SQLITE_PARITY_621_JOIN_SUBQUERY_EXISTS_014.rs,P1,memory,GEN_SQL_JOIN_SUBQUERY,1694047,3764206,2.222020,-122.201981,true,3
641,11530,DATETIME_DATE_EPOCH_START_OF_DAY,SQLITE_PARITY_11530_DATETIME_DATE_EPOCH_START_OF_DAY.rs,P0,memory,SQL_DATETIME,1323515,2940797,2.221960,-122.195971,true,3
642,11972,WIN_DENSE_RANK_PARTITION,SQLITE_PARITY_11972_WIN_DENSE_RANK_PARTITION.rs,P0,memory,SQL_WINDOW,1537170,3415116,2.221691,-122.169051,true,3
643,00103,WINDOW_NAMED_WINDOW,SQLITE_PARITY_103_WINDOW_NAMED_WINDOW.rs,P0,memory,SQL_WINDOW,1394650,3098356,2.221601,-122.160112,true,3
644,11213,CAST_INT_NEG_3_AS_BLOB,SQLITE_PARITY_11213_CAST_INT_NEG_3_AS_BLOB.rs,P0,memory,SQL_CAST,1358652,3018284,2.221528,-122.152840,true,3
645,11932,WIN_MIN_ROWS_1_PREC_1_FOLL,SQLITE_PARITY_11932_WIN_MIN_ROWS_1_PREC_1_FOLL.rs,P0,memory,SQL_WINDOW,1602434,3559168,2.221101,-122.110115,true,3
646,11021,MATH_ATANH_0_5,SQLITE_PARITY_11021_MATH_ATANH_0_5.rs,P1,memory,SQL_MATH,1315280,2921140,2.220926,-122.092634,true,3
647,11725,DATETIME_DATE_Y2K_BASE,SQLITE_PARITY_11725_DATETIME_DATE_Y2K_BASE.rs,P0,memory,SQL_DATETIME,1382597,3070393,2.220743,-122.074328,true,3
648,11811,JSON_JSON_EXTRACT_A_B_99,SQLITE_PARITY_11811_JSON_JSON_EXTRACT_A_B_99.rs,P0,memory,SQL_JSON,1339817,2974602,2.220155,-122.015544,true,3
649,10437,REC_MUTUAL_REFERENCE_NON_RECURSIVE,SQLITE_PARITY_10437_REC_MUTUAL_REFERENCE_NON_RECURSIVE.rs,P0,memory,SQL_RECURSIVE_CTE,1442511,3202343,2.219978,-121.997822,true,3
650,12011,PRAGMA_THREADS,SQLITE_PARITY_12011_PRAGMA_THREADS.rs,P1,memory,SQL_PRAGMA,1227304,2724428,2.219848,-121.984773,true,3
651,10191,DOT_CHANGES_OFF,SQLITE_PARITY_10191_DOT_CHANGES_OFF.rs,P0,memory,CLI_DOT_COMMAND,1428986,3172045,2.219787,-121.978732,true,3
652,00639,JOIN_SUBQUERY_EXISTS_032,SQLITE_PARITY_639_JOIN_SUBQUERY_EXISTS_032.rs,P1,memory,GEN_SQL_JOIN_SUBQUERY,1584830,3517499,2.219480,-121.948032,true,3
653,10529,AGGREGATE_COLLATE_NOCASE_DISTINCT,SQLITE_PARITY_10529_AGGREGATE_COLLATE_NOCASE_DISTINCT.rs,P0,memory,SQL_AGGREGATE_ADV,1503396,3335665,2.218753,-121.875341,true,3
654,00324,SCALAR_ARITH_025,SQLITE_PARITY_324_SCALAR_ARITH_025.rs,P1,memory,GEN_SQL_SCALAR,1615128,3583344,2.218613,-121.861301,true,3
655,00848,WINDOW_PARTITION_SUM_061,SQLITE_PARITY_848_WINDOW_PARTITION_SUM_061.rs,P2,memory,GEN_SQL_WINDOW,1433033,3179079,2.218427,-121.842693,true,3
656,11349,AFFINITY_BLOB_INT_BIG,SQLITE_PARITY_11349_AFFINITY_BLOB_INT_BIG.rs,P0,memory,SQL_TYPE_AFFINITY,1415960,3141137,2.218380,-121.837976,true,3
657,10083,STRICT_INT_ACCEPTS_WHOLE_REAL,SQLITE_PARITY_10083_STRICT_INT_ACCEPTS_WHOLE_REAL.rs,P0,memory,SQL_STRICT_TABLES,1447741,3211520,2.218297,-121.829733,true,3
658,00975,VIEW_TRIGGER_GENERATED_028,SQLITE_PARITY_975_VIEW_TRIGGER_GENERATED_028.rs,P2,memory,GEN_SQL_VIEW_TRIGGER,1731939,3841944,2.218291,-121.829060,true,3
659,10119,MODE_COLUMN_HEADERS_OFF,SQLITE_PARITY_10119_MODE_COLUMN_HEADERS_OFF.rs,P0,memory,CLI_OUTPUT_MODE,1527832,3389106,2.218245,-121.824520,true,3
660,10084,STRICT_INT_REJECTS_NON_WHOLE_REAL,SQLITE_PARITY_10084_STRICT_INT_REJECTS_NON_WHOLE_REAL.rs,P0,memory,SQL_STRICT_TABLES,1420740,3150765,2.217693,-121.769289,true,3
661,00489,DML_WHERE_ORDER_LIMIT_102,SQLITE_PARITY_489_DML_WHERE_ORDER_LIMIT_102.rs,P1,memory,GEN_SQL_DML,1506331,3340575,2.217690,-121.768987,true,3
662,00363,SCALAR_NULL_COALESCE_034,SQLITE_PARITY_363_SCALAR_NULL_COALESCE_034.rs,P1,memory,GEN_SQL_SCALAR,1384691,3070363,2.217363,-121.736330,true,3
663,00857,WINDOW_PARTITION_SUM_070,SQLITE_PARITY_857_WINDOW_PARTITION_SUM_070.rs,P2,memory,GEN_SQL_WINDOW,1450987,3217110,2.217187,-121.718734,true,3
664,00086,DATE_TIME_FUNCTIONS,SQLITE_PARITY_086_DATE_TIME_FUNCTIONS.rs,P0,memory,SQL_FUNCTIONS,1382918,3066045,2.217084,-121.708373,true,3
665,00541,AGG_GROUP_HAVING_034,SQLITE_PARITY_541_AGG_GROUP_HAVING_034.rs,P1,memory,GEN_SQL_AGGREGATE,1626729,3606298,2.216902,-121.690152,true,3
666,00106,DOT_HELP,SQLITE_PARITY_106_DOT_HELP.rs,P0,memory,CLI_DOT_COMMAND,1050219,2328168,2.216840,-121.684049,true,3
667,00685,JOIN_SUBQUERY_EXISTS_078,SQLITE_PARITY_685_JOIN_SUBQUERY_EXISTS_078.rs,P1,memory,GEN_SQL_JOIN_SUBQUERY,1571355,3483204,2.216688,-121.668814,true,3
668,00440,DML_WHERE_ORDER_LIMIT_053,SQLITE_PARITY_440_DML_WHERE_ORDER_LIMIT_053.rs,P1,memory,GEN_SQL_DML,1642289,3639922,2.216371,-121.637117,true,3
669,00924,CONSTRAINT_FK_SAVEPOINT_057,SQLITE_PARITY_924_CONSTRAINT_FK_SAVEPOINT_057.rs,P2,memory,GEN_SQL_CONSTRAINT_TX,1517833,3363848,2.216217,-121.621746,true,3
670,00578,AGG_GROUP_HAVING_071,SQLITE_PARITY_578_AGG_GROUP_HAVING_071.rs,P1,memory,GEN_SQL_AGGREGATE,1588939,3520796,2.215816,-121.581571,true,3
671,10507,SUBQUERY_IN_UPDATE_SET,SQLITE_PARITY_10507_SUBQUERY_IN_UPDATE_SET.rs,P0,memory,SQL_SUBQUERY,1573879,3486961,2.215520,-121.552038,true,3
672,11673,DATETIME_JULIANDAY_UNIX_MINUS_1_MONTH,SQLITE_PARITY_11673_DATETIME_JULIANDAY_UNIX_MINUS_1_MONTH.rs,P0,memory,SQL_DATETIME,1304570,2889982,2.215276,-121.527553,true,3
673,10021,TYPEOF_NULL,SQLITE_PARITY_10021_TYPEOF_NULL.rs,P0,memory,SQL_NULL_SEMANTICS,1425057,3156566,2.215045,-121.504543,true,3
674,11833,JSON_JSON_ARRAY_LENGTH_E,SQLITE_PARITY_11833_JSON_JSON_ARRAY_LENGTH_E.rs,P0,memory,SQL_JSON,1371577,3036799,2.214093,-121.409297,true,3
675,00850,WINDOW_PARTITION_SUM_063,SQLITE_PARITY_850_WINDOW_PARTITION_SUM_063.rs,P2,memory,GEN_SQL_WINDOW,1538553,3406098,2.213832,-121.383209,true,3
676,01093,INDEX_SCHEMA_PRAGMA_026,SQLITE_PARITY_1093_INDEX_SCHEMA_PRAGMA_026.rs,P2,memory,GEN_SQL_INDEX_PRAGMA,1655445,3664237,2.213445,-121.344533,true,3
677,00499,DML_WHERE_ORDER_LIMIT_112,SQLITE_PARITY_499_DML_WHERE_ORDER_LIMIT_112.rs,P1,memory,GEN_SQL_DML,1617623,3579466,2.212794,-121.279371,true,3
678,10367,RETURNING_ROWID_NO_PK,SQLITE_PARITY_10367_RETURNING_ROWID_NO_PK.rs,P0,memory,SQL_RETURNING,1399881,3097634,2.212784,-121.278380,true,3
679,00040,INSTEAD_OF_TRIGGER_ON_VIEW,SQLITE_PARITY_040_INSTEAD_OF_TRIGGER_ON_VIEW.rs,P0,memory,SQL_TRIGGER,1461477,3232640,2.211899,-121.189933,true,3
680,11529,DATETIME_STRFTIME_ISO_EPOCH_PLUS_10_SECONDS,SQLITE_PARITY_11529_DATETIME_STRFTIME_ISO_EPOCH_PLUS_10_SECONDS.rs,P0,memory,SQL_DATETIME,1370134,3030598,2.211899,-121.189898,true,3
681,10150,CLI_FLAG_CSV,SQLITE_PARITY_10150_CLI_FLAG_CSV.rs,P0,memory,CLI_OUTPUT_MODE,1461287,3232009,2.211755,-121.175512,true,3
682,11970,WIN_ROW_NUMBER_PARTITION,SQLITE_PARITY_11970_WIN_ROW_NUMBER_PARTITION.rs,P0,memory,SQL_WINDOW,1447180,3199748,2.211023,-121.102282,true,3
683,00787,CTE_RECURSIVE_MATRIX_080,SQLITE_PARITY_787_CTE_RECURSIVE_MATRIX_080.rs,P1,memory,GEN_SQL_CTE,1498817,3313623,2.210826,-121.082560,true,3
684,10506,SUBQUERY_IN_INSERT_VALUES,SQLITE_PARITY_10506_SUBQUERY_IN_INSERT_VALUES.rs,P0,memory,SQL_SUBQUERY,1492796,3300078,2.210669,-121.066911,true,3
685,00127,DOT_LIMIT,SQLITE_PARITY_127_DOT_LIMIT.rs,P0,memory,CLI_DOT_COMMAND,1160657,2565828,2.210669,-121.066861,true,3
686,00989,VIEW_TRIGGER_GENERATED_042,SQLITE_PARITY_989_VIEW_TRIGGER_GENERATED_042.rs,P2,memory,GEN_SQL_VIEW_TRIGGER,1649533,3646243,2.210470,-121.046987,true,3
687,10432,REC_MATERIALIZED_HINT,SQLITE_PARITY_10432_REC_MATERIALIZED_HINT.rs,P0,memory,SQL_RECURSIVE_CTE,1542550,3409615,2.210376,-121.037568,true,3
688,11445,STRING_FORMAT_D_S_42_FOO,SQLITE_PARITY_11445_STRING_FORMAT_D_S_42_FOO.rs,P0,memory,SQL_STRING,1344706,2970965,2.209379,-120.937885,true,3
689,11803,JSON_JSON_EXTRACT_A_B_0,SQLITE_PARITY_11803_JSON_JSON_EXTRACT_A_B_0.rs,P0,memory,SQL_JSON,1458041,3221319,2.209347,-120.934734,true,3
690,00130,DOT_OPEN_MEMORY,SQLITE_PARITY_130_DOT_OPEN_MEMORY.rs,P0,memory,CLI_DOT_COMMAND,1398838,3090371,2.209242,-120.924153,true,3
691,00488,DML_WHERE_ORDER_LIMIT_101,SQLITE_PARITY_488_DML_WHERE_ORDER_LIMIT_101.rs,P1,memory,GEN_SQL_DML,1679630,3709102,2.208285,-120.828516,true,3
692,11947,WIN_MAX_EXCL_GROUP,SQLITE_PARITY_11947_WIN_MAX_EXCL_GROUP.rs,P0,memory,SQL_WINDOW,1539044,3398094,2.207925,-120.792518,true,3
693,11080,MATH_TAN_0_0,SQLITE_PARITY_11080_MATH_TAN_0_0.rs,P1,memory,SQL_MATH,1309238,2890042,2.207423,-120.742294,true,3
694,10325,DO_UPDATE_WHERE_MATCH,SQLITE_PARITY_10325_DO_UPDATE_WHERE_MATCH.rs,P0,memory,SQL_UPSERT,1417494,3128593,2.207130,-120.712962,true,3
695,00569,AGG_GROUP_HAVING_062,SQLITE_PARITY_569_AGG_GROUP_HAVING_062.rs,P1,memory,GEN_SQL_AGGREGATE,1487035,3281362,2.206647,-120.664746,true,3
696,00025,BEGIN_MODES,SQLITE_PARITY_025_BEGIN_MODES.rs,P0,memory,SQL_TRANSACTION,1341219,2959282,2.206412,-120.641223,true,3
697,00060,FILTER_CLAUSE,SQLITE_PARITY_060_FILTER_CLAUSE.rs,P0,memory,SQL_AGGREGATE,1398688,3085742,2.206169,-120.616892,true,3
698,10398,PRAGMA_TABLE_XINFO_INCLUDES_GENERATED,SQLITE_PARITY_10398_PRAGMA_TABLE_XINFO_INCLUDES_GENERATED.rs,P0,memory,SQL_SCHEMA_INTROSPECTION,1402906,3094989,2.206127,-120.612714,true,3
699,11544,DATETIME_STRFTIME_ISO_EPOCH_START_OF_YEAR,SQLITE_PARITY_11544_DATETIME_STRFTIME_ISO_EPOCH_START_OF_YEAR.rs,P0,memory,SQL_DATETIME,1380845,3046197,2.206038,-120.603833,true,3
700,10544,AGGREGATE_IN_SUBQUERY_IN_SELECT_LIST,SQLITE_PARITY_10544_AGGREGATE_IN_SUBQUERY_IN_SELECT_LIST.rs,P0,memory,SQL_AGGREGATE_ADV,1484510,3274799,2.205980,-120.597975,true,3
701,01015,JSON_EXTRACT_SET_008,SQLITE_PARITY_1015_JSON_EXTRACT_SET_008.rs,P2,memory,GEN_SQL_JSON,1699096,3748016,2.205888,-120.588831,true,3
702,00632,JOIN_SUBQUERY_EXISTS_025,SQLITE_PARITY_632_JOIN_SUBQUERY_EXISTS_025.rs,P1,memory,GEN_SQL_JOIN_SUBQUERY,1612242,3555902,2.205563,-120.556343,true,3
703,10272,FK_REFS_PK_HAPPY,SQLITE_PARITY_10272_FK_REFS_PK_HAPPY.rs,P0,memory,SQL_FOREIGN_KEYS,1548602,3414163,2.204674,-120.467428,true,3
704,12021,PRAGMA_REVERSE_UNORDERED_SELECTS,SQLITE_PARITY_12021_PRAGMA_REVERSE_UNORDERED_SELECTS.rs,P1,memory,SQL_PRAGMA,1147883,2530090,2.204136,-120.413579,true,3
705,12008,PRAGMA_CHECKPOINT_FULLFSYNC,SQLITE_PARITY_12008_PRAGMA_CHECKPOINT_FULLFSYNC.rs,P1,memory,SQL_PRAGMA,1254645,2764524,2.203431,-120.343125,true,3
706,11863,JSON_ARROW_MISSING,SQLITE_PARITY_11863_JSON_ARROW_MISSING.rs,P0,memory,SQL_JSON,1466366,3230917,2.203350,-120.334964,true,3
707,10003,NULL_LT_NUMBER_IS_NULL,SQLITE_PARITY_10003_NULL_LT_NUMBER_IS_NULL.rs,P0,memory,SQL_NULL_SEMANTICS,1385082,3051798,2.203334,-120.333381,true,3
708,00660,JOIN_SUBQUERY_EXISTS_053,SQLITE_PARITY_660_JOIN_SUBQUERY_EXISTS_053.rs,P1,memory,GEN_SQL_JOIN_SUBQUERY,1604498,3534863,2.203096,-120.309592,true,3
709,00742,CTE_RECURSIVE_MATRIX_035,SQLITE_PARITY_742_CTE_RECURSIVE_MATRIX_035.rs,P1,memory,GEN_SQL_CTE,1508857,3323772,2.202841,-120.284096,true,3
710,00312,SCALAR_ARITH_022,SQLITE_PARITY_312_SCALAR_ARITH_022.rs,P1,memory,GEN_SQL_SCALAR,1589730,3501098,2.202322,-120.232241,true,3
711,01075,INDEX_SCHEMA_PRAGMA_008,SQLITE_PARITY_1075_INDEX_SCHEMA_PRAGMA_008.rs,P2,memory,GEN_SQL_INDEX_PRAGMA,1625798,3580378,2.202228,-120.222808,true,3
712,10328,DO_UPDATE_REFERENCES_EXCLUDED,SQLITE_PARITY_10328_DO_UPDATE_REFERENCES_EXCLUDED.rs,P0,memory,SQL_UPSERT,1450736,3194768,2.202170,-120.217048,true,3
713,00426,DML_WHERE_ORDER_LIMIT_039,SQLITE_PARITY_426_DML_WHERE_ORDER_LIMIT_039.rs,P1,memory,GEN_SQL_DML,1567748,3452376,2.202124,-120.212432,true,3
714,11302,AFFINITY_INTEGER_REAL_HALF,SQLITE_PARITY_11302_AFFINITY_INTEGER_REAL_HALF.rs,P0,memory,SQL_TYPE_AFFINITY,1498877,3300248,2.201814,-120.181376,true,3
715,10167,DOT_SEPARATOR_PIPE,SQLITE_PARITY_10167_DOT_SEPARATOR_PIPE.rs,P0,memory,CLI_DOT_COMMAND,1328525,2925067,2.201740,-120.174028,true,3
716,01096,INDEX_SCHEMA_PRAGMA_029,SQLITE_PARITY_1096_INDEX_SCHEMA_PRAGMA_029.rs,P2,memory,GEN_SQL_INDEX_PRAGMA,1634765,3598683,2.201346,-120.134576,true,3
717,00244,SCALAR_ARITH_005,SQLITE_PARITY_244_SCALAR_ARITH_005.rs,P1,memory,GEN_SQL_SCALAR,1299630,2860616,2.201100,-120.110031,true,3
718,00281,SCALAR_CAST_TYPEOF_014,SQLITE_PARITY_281_SCALAR_CAST_TYPEOF_014.rs,P1,memory,GEN_SQL_SCALAR,1418695,3122021,2.200629,-120.062875,true,3
719,11420,STRING_TRIM_HI,SQLITE_PARITY_11420_STRING_TRIM_HI.rs,P0,memory,SQL_STRING,1307656,2876906,2.200048,-120.004802,true,3
720,11201,CAST_NULL_AS_REAL,SQLITE_PARITY_11201_CAST_NULL_AS_REAL.rs,P0,memory,SQL_CAST,1464452,3221850,2.200038,-120.003797,true,3
721,00609,JOIN_SUBQUERY_EXISTS_002,SQLITE_PARITY_609_JOIN_SUBQUERY_EXISTS_002.rs,P1,memory,GEN_SQL_JOIN_SUBQUERY,1599859,3519283,2.199746,-119.974573,true,3
722,00744,CTE_RECURSIVE_MATRIX_037,SQLITE_PARITY_744_CTE_RECURSIVE_MATRIX_037.rs,P1,memory,GEN_SQL_CTE,1521340,3346515,2.199715,-119.971538,true,3
723,01053,JSON_EXTRACT_SET_046,SQLITE_PARITY_1053_JSON_EXTRACT_SET_046.rs,P2,memory,GEN_SQL_JSON,1569762,3452306,2.199254,-119.925441,true,3
724,11636,DATETIME_TIME_DATE_2024_PLUS_10_SECONDS,SQLITE_PARITY_11636_DATETIME_TIME_DATE_2024_PLUS_10_SECONDS.rs,P0,memory,SQL_DATETIME,1337792,2941930,2.199094,-119.909373,true,3
725,11635,DATETIME_DATE_DATE_2024_PLUS_10_SECONDS,SQLITE_PARITY_11635_DATETIME_DATE_DATE_2024_PLUS_10_SECONDS.rs,P0,memory,SQL_DATETIME,1372408,3018014,2.199065,-119.906471,true,3
726,00484,DML_WHERE_ORDER_LIMIT_097,SQLITE_PARITY_484_DML_WHERE_ORDER_LIMIT_097.rs,P1,memory,GEN_SQL_DML,1580081,3474147,2.198714,-119.871450,true,3
727,11025,MATH_CEIL_1_6,SQLITE_PARITY_11025_MATH_CEIL_1_6.rs,P1,memory,SQL_MATH,1379261,3031970,2.198257,-119.825689,true,3
728,11540,DATETIME_DATE_EPOCH_START_OF_YEAR,SQLITE_PARITY_11540_DATETIME_DATE_EPOCH_START_OF_YEAR.rs,P0,memory,SQL_DATETIME,1340598,2946899,2.198197,-119.819737,true,3
729,11012,MATH_ASINH_1_0,SQLITE_PARITY_11012_MATH_ASINH_1_0.rs,P1,memory,SQL_MATH,1419447,3119986,2.198029,-119.802923,true,3
730,00666,JOIN_SUBQUERY_EXISTS_059,SQLITE_PARITY_666_JOIN_SUBQUERY_EXISTS_059.rs,P1,memory,GEN_SQL_JOIN_SUBQUERY,1605871,3529602,2.197936,-119.793620,true,3
731,11702,DATETIME_DATETIME_UNIX_START_OF_MONTH,SQLITE_PARITY_11702_DATETIME_DATETIME_UNIX_START_OF_MONTH.rs,P0,memory,SQL_DATETIME,1361989,2993528,2.197909,-119.790909,true,3
732,11957,WIN_FIRST_VALUE_EXCL_GROUP,SQLITE_PARITY_11957_WIN_FIRST_VALUE_EXCL_GROUP.rs,P0,memory,SQL_WINDOW,1580312,3473295,2.197854,-119.785397,true,3
733,00871,CONSTRAINT_FK_SAVEPOINT_004,SQLITE_PARITY_871_CONSTRAINT_FK_SAVEPOINT_004.rs,P2,memory,GEN_SQL_CONSTRAINT_TX,1586092,3485909,2.197797,-119.779748,true,3
734,10101,STRICT_VALID_DEFAULT_APPLIED,SQLITE_PARITY_10101_STRICT_VALID_DEFAULT_APPLIED.rs,P0,memory,SQL_STRICT_TABLES,1417022,3114096,2.197634,-119.763419,true,3
735,11037,MATH_COSH_1_0,SQLITE_PARITY_11037_MATH_COSH_1_0.rs,P1,memory,SQL_MATH,1360195,2989209,2.197633,-119.763269,true,3
736,11581,DATETIME_TIME_Y2K_PLUS_10_SECONDS,SQLITE_PARITY_11581_DATETIME_TIME_Y2K_PLUS_10_SECONDS.rs,P0,memory,SQL_DATETIME,1423114,3127030,2.197315,-119.731518,true,3
737,01041,JSON_EXTRACT_SET_034,SQLITE_PARITY_1041_JSON_EXTRACT_SET_034.rs,P2,memory,GEN_SQL_JSON,1541268,3386471,2.197198,-119.719802,true,3
738,10329,DO_UPDATE_REFERENCES_EXISTING,SQLITE_PARITY_10329_DO_UPDATE_REFERENCES_EXISTING.rs,P0,memory,SQL_UPSERT,1461928,3211871,2.197010,-119.701039,true,3
739,00980,VIEW_TRIGGER_GENERATED_033,SQLITE_PARITY_980_VIEW_TRIGGER_GENERATED_033.rs,P2,memory,GEN_SQL_VIEW_TRIGGER,1669511,3667343,2.196657,-119.665699,true,3
740,11709,DATETIME_STRFTIME_ISO_UNIX_START_OF_YEAR,SQLITE_PARITY_11709_DATETIME_STRFTIME_ISO_UNIX_START_OF_YEAR.rs,P0,memory,SQL_DATETIME,1498037,3289979,2.196193,-119.619342,true,3
741,00249,SCALAR_CAST_TYPEOF_006,SQLITE_PARITY_249_SCALAR_CAST_TYPEOF_006.rs,P1,memory,GEN_SQL_SCALAR,1484501,3260142,2.196120,-119.611977,true,3
742,00932,CONSTRAINT_FK_SAVEPOINT_065,SQLITE_PARITY_932_CONSTRAINT_FK_SAVEPOINT_065.rs,P2,memory,GEN_SQL_CONSTRAINT_TX,1497906,3288836,2.195622,-119.562242,true,3
743,00067,CASE_COALESCE_NULLIF_IIF,SQLITE_PARITY_067_CASE_COALESCE_NULLIF_IIF.rs,P0,memory,SQL_EXPRESSIONS,1332853,2926310,2.195523,-119.552344,true,3
744,00903,CONSTRAINT_FK_SAVEPOINT_036,SQLITE_PARITY_903_CONSTRAINT_FK_SAVEPOINT_036.rs,P2,memory,GEN_SQL_CONSTRAINT_TX,1657658,3637777,2.194528,-119.452806,true,3
745,10087,STRICT_REAL_COERCES_INTEGER,SQLITE_PARITY_10087_STRICT_REAL_COERCES_INTEGER.rs,P0,memory,SQL_STRICT_TABLES,1383600,3036308,2.194498,-119.449841,true,3
746,11619,DATETIME_STRFTIME_ISO_DATE_2024_MINUS_1_MONTH,SQLITE_PARITY_11619_DATETIME_STRFTIME_ISO_DATE_2024_MINUS_1_MONTH.rs,P0,memory,SQL_DATETIME,1327123,2912074,2.194276,-119.427589,true,3
747,00572,AGG_GROUP_HAVING_065,SQLITE_PARITY_572_AGG_GROUP_HAVING_065.rs,P1,memory,GEN_SQL_AGGREGATE,1505220,3302392,2.193960,-119.395969,true,3
748,11549,DATETIME_STRFTIME_ISO_EPOCH_WEEKDAY_0,SQLITE_PARITY_11549_DATETIME_STRFTIME_ISO_EPOCH_WEEKDAY_0.rs,P0,memory,SQL_DATETIME,1357781,2978820,2.193888,-119.388841,true,3
749,00947,CONSTRAINT_FK_SAVEPOINT_080,SQLITE_PARITY_947_CONSTRAINT_FK_SAVEPOINT_080.rs,P2,memory,GEN_SQL_CONSTRAINT_TX,1614165,3540794,2.193576,-119.357625,true,3
750,00624,JOIN_SUBQUERY_EXISTS_017,SQLITE_PARITY_624_JOIN_SUBQUERY_EXISTS_017.rs,P1,memory,GEN_SQL_JOIN_SUBQUERY,1669842,3662925,2.193576,-119.357580,true,3
751,10118,MODE_COLUMN_DEFAULT,SQLITE_PARITY_10118_MODE_COLUMN_DEFAULT.rs,P0,memory,CLI_OUTPUT_MODE,1488928,3264030,2.192201,-119.220137,true,3
752,10158,CLI_FLAG_TABS,SQLITE_PARITY_10158_CLI_FLAG_TABS.rs,P0,memory,CLI_OUTPUT_MODE,1421041,3114977,2.192039,-119.203879,true,3
753,11800,JSON_JSON_EXTRACT_,SQLITE_PARITY_11800_JSON_JSON_EXTRACT_.rs,P0,memory,SQL_JSON,1367649,2997715,2.191875,-119.187452,true,3
754,10068,AUTOINCREMENT_NULL_PK_AUTOFILL,SQLITE_PARITY_10068_AUTOINCREMENT_NULL_PK_AUTOFILL.rs,P0,memory,SQL_AUTOINCREMENT,1470744,3223552,2.191783,-119.178321,true,3
755,11502,DATETIME_DATETIME_EPOCH_PLUS_5_DAYS,SQLITE_PARITY_11502_DATETIME_DATETIME_EPOCH_PLUS_5_DAYS.rs,P0,memory,SQL_DATETIME,1367940,2997786,2.191460,-119.146015,true,3
756,00979,VIEW_TRIGGER_GENERATED_032,SQLITE_PARITY_979_VIEW_TRIGGER_GENERATED_032.rs,P2,memory,GEN_SQL_VIEW_TRIGGER,1736327,3804993,2.191403,-119.140346,true,3
757,10238,OPT_INIT_WITH_READ,SQLITE_PARITY_10238_OPT_INIT_WITH_READ.rs,P0,memory,CLI_OPTION,1450426,3178318,2.191300,-119.129966,true,3
758,11039,MATH_COSH_2_0,SQLITE_PARITY_11039_MATH_COSH_2_0.rs,P1,memory,SQL_MATH,1393238,3052849,2.191190,-119.118988,true,3
759,00528,AGG_GROUP_HAVING_021,SQLITE_PARITY_528_AGG_GROUP_HAVING_021.rs,P1,memory,GEN_SQL_AGGREGATE,1589078,3481681,2.191007,-119.100699,true,3
760,10462,JOIN_NOT_INDEXED_HINT,SQLITE_PARITY_10462_JOIN_NOT_INDEXED_HINT.rs,P0,memory,SQL_JOIN,1488338,3260854,2.190936,-119.093647,true,3
761,10362,UPSERT_RETURNING_UPDATE_PATH,SQLITE_PARITY_10362_UPSERT_RETURNING_UPDATE_PATH.rs,P0,memory,SQL_RETURNING,1392777,3051417,2.190887,-119.088698,true,3
762,00431,DML_WHERE_ORDER_LIMIT_044,SQLITE_PARITY_431_DML_WHERE_ORDER_LIMIT_044.rs,P1,memory,GEN_SQL_DML,1617662,3543689,2.190624,-119.062388,true,3
763,10379,CROSS_DB_INSERT_SELECT,SQLITE_PARITY_10379_CROSS_DB_INSERT_SELECT.rs,P0,memory,SQL_ATTACH,1521341,3332569,2.190547,-119.054702,true,3
764,11812,JSON_JSON_TYPE_,SQLITE_PARITY_11812_JSON_JSON_TYPE_.rs,P0,memory,SQL_JSON,1405060,3076856,2.189840,-118.983958,true,3
765,00500,DML_WHERE_ORDER_LIMIT_113,SQLITE_PARITY_500_DML_WHERE_ORDER_LIMIT_113.rs,P1,memory,GEN_SQL_DML,1759050,3851031,2.189268,-118.926750,true,3
766,00964,VIEW_TRIGGER_GENERATED_017,SQLITE_PARITY_964_VIEW_TRIGGER_GENERATED_017.rs,P2,memory,GEN_SQL_VIEW_TRIGGER,1739934,3807358,2.188220,-118.821978,true,3
767,00778,CTE_RECURSIVE_MATRIX_071,SQLITE_PARITY_778_CTE_RECURSIVE_MATRIX_071.rs,P1,memory,GEN_SQL_CTE,1623774,3552937,2.188074,-118.807359,true,3
768,00333,SCALAR_CAST_TYPEOF_027,SQLITE_PARITY_333_SCALAR_CAST_TYPEOF_027.rs,P1,memory,GEN_SQL_SCALAR,1437371,3145044,2.188053,-118.805305,true,3
769,11411,STRING_UPPER_ABC,SQLITE_PARITY_11411_STRING_UPPER_ABC.rs,P0,memory,SQL_STRING,1367890,2992586,2.187739,-118.773878,true,3
770,10040,DISTINCT_ORDER_BY_ASC_NULL_FIRST,SQLITE_PARITY_10040_DISTINCT_ORDER_BY_ASC_NULL_FIRST.rs,P0,memory,SQL_NULL_ORDER,1463791,3202163,2.187582,-118.758211,true,3
771,11655,DATETIME_DATE_DATE_2024_WEEKDAY_0,SQLITE_PARITY_11655_DATETIME_DATE_DATE_2024_WEEKDAY_0.rs,P0,memory,SQL_DATETIME,1370995,2999027,2.187482,-118.748208,true,3
772,00493,DML_WHERE_ORDER_LIMIT_106,SQLITE_PARITY_493_DML_WHERE_ORDER_LIMIT_106.rs,P1,memory,GEN_SQL_DML,1637030,3580448,2.187161,-118.716090,true,3
773,10538,MIN_MAX_OVER_BLOBS_BYTEWISE,SQLITE_PARITY_10538_MIN_MAX_OVER_BLOBS_BYTEWISE.rs,P0,memory,SQL_AGGREGATE_ADV,1444755,3159712,2.187023,-118.702271,true,3
774,11234,CAST_TEXT_NUM_AS_NUMERIC,SQLITE_PARITY_11234_CAST_TEXT_NUM_AS_NUMERIC.rs,P0,memory,SQL_CAST,1362850,2980493,2.186956,-118.695601,true,3
775,11533,DATETIME_JULIANDAY_EPOCH_START_OF_DAY,SQLITE_PARITY_11533_DATETIME_JULIANDAY_EPOCH_START_OF_DAY.rs,P0,memory,SQL_DATETIME,1377067,3011071,2.186583,-118.658279,true,3
776,12016,PRAGMA_MMAP_SIZE,SQLITE_PARITY_12016_PRAGMA_MMAP_SIZE.rs,P1,memory,SQL_PRAGMA,1218787,2664935,2.186547,-118.654695,true,3
777,11716,DATETIME_TIME_UNIX_UTC,SQLITE_PARITY_11716_DATETIME_TIME_UNIX_UTC.rs,P0,memory,SQL_DATETIME,1532621,3350604,2.186192,-118.619215,true,3
778,00137,DOT_VERSION,SQLITE_PARITY_137_DOT_VERSION.rs,P2,memory,CLI_DOT_COMMAND_DIAGNOSTIC,1163052,2542553,2.186104,-118.610432,true,3
779,00774,CTE_RECURSIVE_MATRIX_067,SQLITE_PARITY_774_CTE_RECURSIVE_MATRIX_067.rs,P1,memory,GEN_SQL_CTE,1533393,3351705,2.185810,-118.580951,true,3
780,10007,IS_DISTINCT_FROM_BASIC,SQLITE_PARITY_10007_IS_DISTINCT_FROM_BASIC.rs,P0,memory,SQL_NULL_SEMANTICS,1323796,2893147,2.185493,-118.549308,true,3
781,11070,MATH_SIN_3_14159265358979,SQLITE_PARITY_11070_MATH_SIN_3_14159265358979.rs,P1,memory,SQL_MATH,1452289,3173708,2.185314,-118.531436,true,3
782,11028,MATH_CEILING_1_4,SQLITE_PARITY_11028_MATH_CEILING_1_4.rs,P1,memory,SQL_MATH,1435527,3136719,2.185064,-118.506444,true,3
783,10031,ORDER_BY_DESC_NULLS_LAST_EXPLICIT,SQLITE_PARITY_10031_ORDER_BY_DESC_NULLS_LAST_EXPLICIT.rs,P0,memory,SQL_NULL_ORDER,1439425,3145154,2.185007,-118.500721,true,3
784,00759,CTE_RECURSIVE_MATRIX_052,SQLITE_PARITY_759_CTE_RECURSIVE_MATRIX_052.rs,P1,memory,GEN_SQL_CTE,1512103,3303344,2.184603,-118.460250,true,3
785,11836,JSON_VALID_DOC,SQLITE_PARITY_11836_JSON_VALID_DOC.rs,P0,memory,SQL_JSON,1365014,2981475,2.184208,-118.420837,true,3
786,11842,JSON_QUOTE_REAL,SQLITE_PARITY_11842_JSON_QUOTE_REAL.rs,P0,memory,SQL_JSON,1447320,3160634,2.183784,-118.378382,true,3
787,00379,SCALAR_NULL_COALESCE_038,SQLITE_PARITY_379_SCALAR_NULL_COALESCE_038.rs,P1,memory,GEN_SQL_SCALAR,1404680,3067478,2.183756,-118.375573,true,3
788,11826,JSON_JSON_ARRAY_LENGTH_A_B,SQLITE_PARITY_11826_JSON_JSON_ARRAY_LENGTH_A_B.rs,P0,memory,SQL_JSON,1424437,3110469,2.183648,-118.364800,true,3
789,00571,AGG_GROUP_HAVING_064,SQLITE_PARITY_571_AGG_GROUP_HAVING_064.rs,P1,memory,GEN_SQL_AGGREGATE,1569521,3426888,2.183397,-118.339735,true,3
790,10267,PRAGMA_FOREIGN_KEY_CHECK_EMPTY,SQLITE_PARITY_10267_PRAGMA_FOREIGN_KEY_CHECK_EMPTY.rs,P0,memory,SQL_PRAGMA,1441419,3147168,2.183382,-118.338179,true,3
791,10497,CORRELATED_SUBQUERY_IN_WHERE,SQLITE_PARITY_10497_CORRELATED_SUBQUERY_IN_WHERE.rs,P0,memory,SQL_SUBQUERY,1584009,3458317,2.183269,-118.326853,true,3
792,11715,DATETIME_DATE_UNIX_UTC,SQLITE_PARITY_11715_DATETIME_DATE_UNIX_UTC.rs,P0,memory,SQL_DATETIME,1445566,3155964,2.183203,-118.320298,true,3
793,11612,DATETIME_DATETIME_DATE_2024_PLUS_5_DAYS,SQLITE_PARITY_11612_DATETIME_DATETIME_DATE_2024_PLUS_5_DAYS.rs,P0,memory,SQL_DATETIME,1370515,2992085,2.183183,-118.318296,true,3
794,01074,INDEX_SCHEMA_PRAGMA_007,SQLITE_PARITY_1074_INDEX_SCHEMA_PRAGMA_007.rs,P2,memory,GEN_SQL_INDEX_PRAGMA,1625126,3547596,2.182967,-118.296674,true,3
795,11325,AFFINITY_DOUBLE_INT_BIG,SQLITE_PARITY_11325_AFFINITY_DOUBLE_INT_BIG.rs,P0,memory,SQL_TYPE_AFFINITY,1609066,3512520,2.182956,-118.295583,true,3
796,10194,DOT_TIMEOUT_100,SQLITE_PARITY_10194_DOT_TIMEOUT_100.rs,P0,memory,CLI_DOT_COMMAND,1486455,3244763,2.182887,-118.288680,true,3
797,11675,DATETIME_DATE_UNIX_PLUS_1_YEAR,SQLITE_PARITY_11675_DATETIME_DATE_UNIX_PLUS_1_YEAR.rs,P0,memory,SQL_DATETIME,1364934,2979251,2.182707,-118.270700,true,3
798,10011,NOT_NULL_IS_NULL,SQLITE_PARITY_10011_NOT_NULL_IS_NULL.rs,P0,memory,SQL_NULL_SEMANTICS,1309769,2858702,2.182600,-118.260014,true,3
799,10132,MODE_HTML_HEADERS_ON,SQLITE_PARITY_10132_MODE_HTML_HEADERS_ON.rs,P0,memory,CLI_OUTPUT_MODE,1549142,3380831,2.182389,-118.238935,true,3
800,00594,AGG_GROUP_HAVING_087,SQLITE_PARITY_594_AGG_GROUP_HAVING_087.rs,P1,memory,GEN_SQL_AGGREGATE,1660694,3624172,2.182324,-118.232378,true,3
801,00241,SCALAR_CAST_TYPEOF_004,SQLITE_PARITY_241_SCALAR_CAST_TYPEOF_004.rs,P1,memory,GEN_SQL_SCALAR,1355637,2957940,2.181956,-118.195579,true,3
802,10015,COALESCE_PICKS_FIRST_NON_NULL,SQLITE_PARITY_10015_COALESCE_PICKS_FIRST_NON_NULL.rs,P0,memory,SQL_NULL_SEMANTICS,1413847,3084931,2.181941,-118.194119,true,3
803,11630,DATETIME_DATE_DATE_2024_PLUS_30_MINUTES,SQLITE_PARITY_11630_DATETIME_DATE_DATE_2024_PLUS_30_MINUTES.rs,P0,memory,SQL_DATETIME,1317174,2873470,2.181542,-118.154169,true,3
804,00288,SCALAR_ARITH_016,SQLITE_PARITY_288_SCALAR_ARITH_016.rs,P1,memory,GEN_SQL_SCALAR,1410421,3076585,2.181324,-118.132387,true,3
805,10509,NESTED_THREE_LEVEL_SUBQUERY,SQLITE_PARITY_10509_NESTED_THREE_LEVEL_SUBQUERY.rs,P0,memory,SQL_SUBQUERY,1471456,3209616,2.181252,-118.125177,true,3
806,00563,AGG_GROUP_HAVING_056,SQLITE_PARITY_563_AGG_GROUP_HAVING_056.rs,P1,memory,GEN_SQL_AGGREGATE,1706100,3721225,2.181129,-118.112948,true,3
807,11587,DATETIME_DATETIME_Y2K_START_OF_DAY,SQLITE_PARITY_11587_DATETIME_DATETIME_Y2K_START_OF_DAY.rs,P0,memory,SQL_DATETIME,1285584,2803537,2.180750,-118.074976,true,3
808,00457,DML_WHERE_ORDER_LIMIT_070,SQLITE_PARITY_457_DML_WHERE_ORDER_LIMIT_070.rs,P1,memory,GEN_SQL_DML,1596292,3481080,2.180729,-118.072884,true,3
809,10498,CORRELATED_SUBQUERY_IN_SELECT_LIST,SQLITE_PARITY_10498_CORRELATED_SUBQUERY_IN_SELECT_LIST.rs,P0,memory,SQL_SUBQUERY,1585952,3458468,2.180689,-118.068895,true,3
810,11512,DATETIME_DATETIME_EPOCH_PLUS_1_YEAR,SQLITE_PARITY_11512_DATETIME_DATETIME_EPOCH_PLUS_1_YEAR.rs,P0,memory,SQL_DATETIME,1385704,3021631,2.180575,-118.057464,true,3
811,10262,PRAGMA_SCHEMA_VERSION_INCREMENTS_ON_DDL,SQLITE_PARITY_10262_PRAGMA_SCHEMA_VERSION_INCREMENTS_ON_DDL.rs,P0,memory,SQL_PRAGMA,1354173,2952690,2.180438,-118.043780,true,3
812,10314,ROLLBACK_OF_SAVEPOINT_PRESERVES_OUTER,SQLITE_PARITY_10314_ROLLBACK_OF_SAVEPOINT_PRESERVES_OUTER.rs,P0,memory,SQL_TRANSACTION,1441849,3143161,2.179952,-117.995158,true,3
813,11861,JSON_ARROW_E,SQLITE_PARITY_11861_JSON_ARROW_E.rs,P0,memory,SQL_JSON,1533023,3341466,2.179658,-117.965810,true,3
814,00202,OPT_APPEND_TEMPFILE,SQLITE_PARITY_202_OPT_APPEND_TEMPFILE.rs,P4,tempfile,CLI_OPTION_TEMPFILE,1611641,3512170,2.179251,-117.925084,true,3
815,00949,VIEW_TRIGGER_GENERATED_002,SQLITE_PARITY_949_VIEW_TRIGGER_GENERATED_002.rs,P2,memory,GEN_SQL_VIEW_TRIGGER,1527382,3328462,2.179194,-117.919420,true,3
816,00123,DOT_ECHO,SQLITE_PARITY_123_DOT_ECHO.rs,P0,memory,CLI_DOT_COMMAND,1244696,2712325,2.179106,-117.910638,true,3
817,00879,CONSTRAINT_FK_SAVEPOINT_012,SQLITE_PARITY_879_CONSTRAINT_FK_SAVEPOINT_012.rs,P2,memory,GEN_SQL_CONSTRAINT_TX,1509258,3288636,2.178975,-117.897536,true,3
818,11060,MATH_LOG2_1_0,SQLITE_PARITY_11060_MATH_LOG2_1_0.rs,P1,memory,SQL_MATH,1337763,2914258,2.178456,-117.845612,true,3
819,10081,STRICT_INT_ACCEPTS_INT_LITERAL,SQLITE_PARITY_10081_STRICT_INT_ACCEPTS_INT_LITERAL.rs,P0,memory,SQL_STRICT_TABLES,1451087,3160924,2.178315,-117.831460,true,3
820,00622,JOIN_SUBQUERY_EXISTS_015,SQLITE_PARITY_622_JOIN_SUBQUERY_EXISTS_015.rs,P1,memory,GEN_SQL_JOIN_SUBQUERY,1564592,3407842,2.178103,-117.810266,true,3
821,00410,DML_WHERE_ORDER_LIMIT_023,SQLITE_PARITY_410_DML_WHERE_ORDER_LIMIT_023.rs,P1,memory,GEN_SQL_DML,1661276,3618310,2.178031,-117.803062,true,3
822,11032,MATH_COS_0_0,SQLITE_PARITY_11032_MATH_COS_0_0.rs,P1,memory,SQL_MATH,1392546,3032391,2.177588,-117.758767,true,3
823,00259,SCALAR_NULL_COALESCE_008,SQLITE_PARITY_259_SCALAR_NULL_COALESCE_008.rs,P1,memory,GEN_SQL_SCALAR,1369332,2981575,2.177394,-117.739379,true,3
824,10045,SUM_AVG_IGNORE_NULL,SQLITE_PARITY_10045_SUM_AVG_IGNORE_NULL.rs,P0,memory,SQL_AGGREGATE_NULL,1483208,3229113,2.177114,-117.711407,true,3
825,11711,DATETIME_TIME_UNIX_WEEKDAY_0,SQLITE_PARITY_11711_DATETIME_TIME_UNIX_WEEKDAY_0.rs,P0,memory,SQL_DATETIME,1358011,2956016,2.176725,-117.672464,true,3
826,11844,JSON_DARROW_,SQLITE_PARITY_11844_JSON_DARROW_.rs,P0,memory,SQL_JSON,1344005,2925338,2.176583,-117.658268,true,3
827,10597,GLOB_CHAR_RANGE,SQLITE_PARITY_10597_GLOB_CHAR_RANGE.rs,P0,memory,SQL_PATTERN,1429045,3110218,2.176431,-117.643111,true,3
828,00915,CONSTRAINT_FK_SAVEPOINT_048,SQLITE_PARITY_915_CONSTRAINT_FK_SAVEPOINT_048.rs,P2,memory,GEN_SQL_CONSTRAINT_TX,1577366,3432979,2.176400,-117.639977,true,3
829,11665,DATETIME_DATE_UNIX_PLUS_5_DAYS,SQLITE_PARITY_11665_DATETIME_DATE_UNIX_PLUS_5_DAYS.rs,P0,memory,SQL_DATETIME,1388639,3021710,2.176023,-117.602271,true,3
830,00518,AGG_GROUP_HAVING_011,SQLITE_PARITY_518_AGG_GROUP_HAVING_011.rs,P1,memory,GEN_SQL_AGGREGATE,1566987,3409435,2.175790,-117.579023,true,3
831,11646,DATETIME_TIME_DATE_2024_START_OF_MONTH,SQLITE_PARITY_11646_DATETIME_TIME_DATE_2024_START_OF_MONTH.rs,P0,memory,SQL_DATETIME,1418977,3086924,2.175457,-117.545739,true,3
832,10032,CREATE_INDEX_ASC_DEFAULT_OK,SQLITE_PARITY_10032_CREATE_INDEX_ASC_DEFAULT_OK.rs,P0,memory,SQL_NULL_ORDER,1472227,3202683,2.175400,-117.540026,true,3
833,10225,OPT_VFS_UNIX,SQLITE_PARITY_10225_OPT_VFS_UNIX.rs,P0,memory,CLI_OPTION,1390433,3024025,2.174880,-117.488006,true,3
834,00065,CTE_RECURSIVE,SQLITE_PARITY_065_CTE_RECURSIVE.rs,P0,memory,SQL_CTE,1378349,2997615,2.174787,-117.478665,true,3
835,00738,CTE_RECURSIVE_MATRIX_031,SQLITE_PARITY_738_CTE_RECURSIVE_MATRIX_031.rs,P1,memory,GEN_SQL_CTE,1553542,3378556,2.174744,-117.474391,true,3
836,10456,JOIN_LATERAL_LIKE_CORRELATED,SQLITE_PARITY_10456_JOIN_LATERAL_LIKE_CORRELATED.rs,P0,memory,SQL_JOIN,1554113,3379418,2.174500,-117.449954,true,3
837,01039,JSON_EXTRACT_SET_032,SQLITE_PARITY_1039_JSON_EXTRACT_SET_032.rs,P2,memory,GEN_SQL_JSON,1553591,3378175,2.174430,-117.443008,true,3
838,11076,MATH_SQRT_0_0,SQLITE_PARITY_11076_MATH_SQRT_0_0.rs,P1,memory,SQL_MATH,1513475,3290620,2.174215,-117.421497,true,3
839,00107,DOT_HELP_PATTERN,SQLITE_PARITY_107_DOT_HELP_PATTERN.rs,P0,memory,CLI_DOT_COMMAND,1149456,2498640,2.173759,-117.375872,true,3
840,00524,AGG_GROUP_HAVING_017,SQLITE_PARITY_524_AGG_GROUP_HAVING_017.rs,P1,memory,GEN_SQL_AGGREGATE,1561536,3393935,2.173459,-117.345934,true,3
841,10514,AVG_DISTINCT_BASIC,SQLITE_PARITY_10514_AVG_DISTINCT_BASIC.rs,P0,memory,SQL_AGGREGATE_ADV,1436760,3122651,2.173398,-117.339778,true,3
842,00961,VIEW_TRIGGER_GENERATED_014,SQLITE_PARITY_961_VIEW_TRIGGER_GENERATED_014.rs,P2,memory,GEN_SQL_VIEW_TRIGGER,1615649,3511358,2.173342,-117.334211,true,3
843,11220,CAST_REAL_0_AS_INTEGER,SQLITE_PARITY_11220_CAST_REAL_0_AS_INTEGER.rs,P0,memory,SQL_CAST,1397175,3036399,2.173242,-117.324172,true,3
844,11403,STRING_LENGTH_H_LLO,SQLITE_PARITY_11403_STRING_LENGTH_H_LLO.rs,P0,memory,SQL_STRING,1418906,3083337,2.173038,-117.303824,true,3
845,00234,SCALAR_STRING_002,SQLITE_PARITY_234_SCALAR_STRING_002.rs,P1,memory,GEN_SQL_SCALAR,1435969,3119796,2.172607,-117.260679,true,3
846,10589,LIKE_ESCAPE_UNDERSCORE,SQLITE_PARITY_10589_LIKE_ESCAPE_UNDERSCORE.rs,P0,memory,SQL_PATTERN,1384691,3007605,2.172041,-117.204055,true,3
847,10479,COMPOUND_LIMIT_OFFSET,SQLITE_PARITY_10479_COMPOUND_LIMIT_OFFSET.rs,P0,memory,SQL_COMPOUND,1435678,3118173,2.171917,-117.191668,true,3
848,11599,DATETIME_STRFTIME_ISO_Y2K_START_OF_YEAR,SQLITE_PARITY_11599_DATETIME_STRFTIME_ISO_Y2K_START_OF_YEAR.rs,P0,memory,SQL_DATETIME,1348733,2929216,2.171828,-117.182793,true,3
849,00996,VIEW_TRIGGER_GENERATED_049,SQLITE_PARITY_996_VIEW_TRIGGER_GENERATED_049.rs,P2,memory,GEN_SQL_VIEW_TRIGGER,1645836,3574197,2.171660,-117.166048,true,3
850,11965,WIN_LAST_VALUE_GROUPS_1_PREC_CURRENT,SQLITE_PARITY_11965_WIN_LAST_VALUE_GROUPS_1_PREC_CURRENT.rs,P0,memory,SQL_WINDOW,1735505,3768865,2.171624,-117.162440,true,3
851,10364,RETURNING_WITH_SCALAR_SUBQUERY,SQLITE_PARITY_10364_RETURNING_WITH_SCALAR_SUBQUERY.rs,P0,memory,SQL_RETURNING,1445126,3138171,2.171555,-117.155528,true,3
852,00378,SCALAR_STRING_038,SQLITE_PARITY_378_SCALAR_STRING_038.rs,P1,memory,GEN_SQL_SCALAR,1362610,2958721,2.171363,-117.136305,true,3
853,10375,QUALIFIED_TABLE_REF,SQLITE_PARITY_10375_QUALIFIED_TABLE_REF.rs,P0,memory,SQL_ATTACH,1517373,3294668,2.171297,-117.129737,true,3
854,11609,DATETIME_STRFTIME_ISO_Y2K_UTC,SQLITE_PARITY_11609_DATETIME_STRFTIME_ISO_Y2K_UTC.rs,P0,memory,SQL_DATETIME,1315140,2855275,2.171081,-117.108065,true,3
855,10510,SUBQUERY_WITH_COLLATE,SQLITE_PARITY_10510_SUBQUERY_WITH_COLLATE.rs,P0,memory,SQL_SUBQUERY,1494470,3244512,2.171012,-117.101180,true,3
856,00151,DOT_SAVE_RESTORE_TEMPFILE,SQLITE_PARITY_151_DOT_SAVE_RESTORE_TEMPFILE.rs,P1,tempfile,CLI_TEMPFILE,2094435,4547038,2.171009,-117.100937,true,3
857,11435,STRING_ZEROBLOB_0,SQLITE_PARITY_11435_STRING_ZEROBLOB_0.rs,P0,memory,SQL_STRING,1333795,2895622,2.170965,-117.096480,true,3
858,00619,JOIN_SUBQUERY_EXISTS_012,SQLITE_PARITY_619_JOIN_SUBQUERY_EXISTS_012.rs,P1,memory,GEN_SQL_JOIN_SUBQUERY,1594088,3460070,2.170564,-117.056398,true,3
859,00255,SCALAR_NULL_COALESCE_007,SQLITE_PARITY_255_SCALAR_NULL_COALESCE_007.rs,P1,memory,GEN_SQL_SCALAR,1417684,3076785,2.170290,-117.028971,true,3
860,00170,OPT_VERSION,SQLITE_PARITY_170_OPT_VERSION.rs,P1,memory,CLI_OPTION,1116073,2422175,2.170266,-117.026574,true,3
861,11809,JSON_JSON_EXTRACT_E,SQLITE_PARITY_11809_JSON_JSON_EXTRACT_E.rs,P0,memory,SQL_JSON,1425449,3092555,2.169530,-116.953044,true,3
862,00653,JOIN_SUBQUERY_EXISTS_046,SQLITE_PARITY_653_JOIN_SUBQUERY_EXISTS_046.rs,P1,memory,GEN_SQL_JOIN_SUBQUERY,1608215,3488314,2.169059,-116.905949,true,3
863,00643,JOIN_SUBQUERY_EXISTS_036,SQLITE_PARITY_643_JOIN_SUBQUERY_EXISTS_036.rs,P1,memory,GEN_SQL_JOIN_SUBQUERY,1702613,3692822,2.168914,-116.891449,true,3
864,10288,PRAGMA_DEFER_FOREIGN_KEYS_FOR_TXN,SQLITE_PARITY_10288_PRAGMA_DEFER_FOREIGN_KEYS_FOR_TXN.rs,P0,memory,SQL_FOREIGN_KEYS,1500931,3255122,2.168735,-116.873527,true,3
865,11202,CAST_NULL_AS_TEXT,SQLITE_PARITY_11202_CAST_NULL_AS_TEXT.rs,P0,memory,SQL_CAST,1324217,2871567,2.168502,-116.850184,true,3
866,11236,CAST_TEXT_BARE_AS_REAL,SQLITE_PARITY_11236_CAST_TEXT_BARE_AS_REAL.rs,P0,memory,SQL_CAST,1378440,2988718,2.168189,-116.818868,true,3
867,01037,JSON_EXTRACT_SET_030,SQLITE_PARITY_1037_JSON_EXTRACT_SET_030.rs,P2,memory,GEN_SQL_JSON,1605109,3479788,2.167945,-116.794498,true,3
868,00894,CONSTRAINT_FK_SAVEPOINT_027,SQLITE_PARITY_894_CONSTRAINT_FK_SAVEPOINT_027.rs,P2,memory,GEN_SQL_CONSTRAINT_TX,1616400,3503774,2.167640,-116.764044,true,3
869,10170,DOT_NULLVALUE_NULL,SQLITE_PARITY_10170_DOT_NULLVALUE_NULL.rs,P0,memory,CLI_DOT_COMMAND,1416482,3070292,2.167547,-116.754749,true,3
870,00284,SCALAR_ARITH_015,SQLITE_PARITY_284_SCALAR_ARITH_015.rs,P1,memory,GEN_SQL_SCALAR,1566135,3394416,2.167384,-116.738404,true,3
871,10041,DISTINCT_ORDER_BY_DESC_NULLS_LAST,SQLITE_PARITY_10041_DISTINCT_ORDER_BY_DESC_NULLS_LAST.rs,P0,memory,SQL_NULL_ORDER,1426851,3091793,2.166865,-116.686466,true,3
872,11964,WIN_LAST_VALUE_RANGE_UNBND_PREC_CURRENT,SQLITE_PARITY_11964_WIN_LAST_VALUE_RANGE_UNBND_PREC_CURRENT.rs,P0,memory,SQL_WINDOW,1402195,3038062,2.166647,-116.664729,true,3
873,00373,SCALAR_CAST_TYPEOF_037,SQLITE_PARITY_373_SCALAR_CAST_TYPEOF_037.rs,P1,memory,GEN_SQL_SCALAR,1435748,3110128,2.166207,-116.620744,true,3
874,00511,AGG_GROUP_HAVING_004,SQLITE_PARITY_511_AGG_GROUP_HAVING_004.rs,P1,memory,GEN_SQL_AGGREGATE,1606922,3480599,2.166004,-116.600370,true,3
875,11219,CAST_REAL_3_14_AS_NUMERIC,SQLITE_PARITY_11219_CAST_REAL_3_14_AS_NUMERIC.rs,P0,memory,SQL_CAST,1411332,3056717,2.165838,-116.583837,true,3
876,11400,STRING_LENGTH_ABC,SQLITE_PARITY_11400_STRING_LENGTH_ABC.rs,P0,memory,SQL_STRING,1455695,3152698,2.165768,-116.576824,true,3
877,11363,AFFINITY_NUMERIC_NULL_LIT,SQLITE_PARITY_11363_AFFINITY_NUMERIC_NULL_LIT.rs,P0,memory,SQL_TYPE_AFFINITY,1432532,3102363,2.165650,-116.565005,true,3
878,00745,CTE_RECURSIVE_MATRIX_038,SQLITE_PARITY_745_CTE_RECURSIVE_MATRIX_038.rs,P1,memory,GEN_SQL_CTE,1566255,3391831,2.165568,-116.556755,true,3
879,00942,CONSTRAINT_FK_SAVEPOINT_075,SQLITE_PARITY_942_CONSTRAINT_FK_SAVEPOINT_075.rs,P2,memory,GEN_SQL_CONSTRAINT_TX,1616080,3499606,2.165491,-116.549057,true,3
880,10061,INTPK_NEXT_AUTO_ABOVE_EXPLICIT,SQLITE_PARITY_10061_INTPK_NEXT_AUTO_ABOVE_EXPLICIT.rs,P0,memory,SQL_AUTOINCREMENT,1456968,3155003,2.165458,-116.545799,true,3
881,11963,WIN_LAST_VALUE_ROWS_2_PREC_CURRENT,SQLITE_PARITY_11963_WIN_LAST_VALUE_ROWS_2_PREC_CURRENT.rs,P0,memory,SQL_WINDOW,1559112,3376031,2.165355,-116.535502,true,3
882,11233,CAST_TEXT_NUM_AS_BLOB,SQLITE_PARITY_11233_CAST_TEXT_NUM_AS_BLOB.rs,P0,memory,SQL_CAST,1459723,3160804,2.165345,-116.534507,true,3
883,11448,STRING_CONCAT_WS_A_B_C,SQLITE_PARITY_11448_STRING_CONCAT_WS_A_B_C.rs,P0,memory,SQL_STRING,1381175,2990572,2.165238,-116.523757,true,3
884,10499,DERIVED_TABLE_IN_FROM_WITH_ALIAS,SQLITE_PARITY_10499_DERIVED_TABLE_IN_FROM_WITH_ALIAS.rs,P0,memory,SQL_SUBQUERY,1535788,3323742,2.164193,-116.419324,true,3
885,00814,WINDOW_PARTITION_SUM_027,SQLITE_PARITY_814_WINDOW_PARTITION_SUM_027.rs,P2,memory,GEN_SQL_WINDOW,1528705,3308294,2.164115,-116.411538,true,3
886,11004,MATH_ACOSH_1_0,SQLITE_PARITY_11004_MATH_ACOSH_1_0.rs,P1,memory,SQL_MATH,1350587,2922733,2.164046,-116.404645,true,3
887,00713,CTE_RECURSIVE_MATRIX_006,SQLITE_PARITY_713_CTE_RECURSIVE_MATRIX_006.rs,P1,memory,GEN_SQL_CTE,1494971,3235044,2.163951,-116.395101,true,3
888,00950,VIEW_TRIGGER_GENERATED_003,SQLITE_PARITY_950_VIEW_TRIGGER_GENERATED_003.rs,P2,memory,GEN_SQL_VIEW_TRIGGER,1672557,3618410,2.163400,-116.340011,true,3
889,11666,DATETIME_TIME_UNIX_PLUS_5_DAYS,SQLITE_PARITY_11666_DATETIME_TIME_UNIX_PLUS_5_DAYS.rs,P0,memory,SQL_DATETIME,1376727,2978168,2.163223,-116.322336,true,3
890,11419,STRING_RTRIM_NO_SPACE,SQLITE_PARITY_11419_STRING_RTRIM_NO_SPACE.rs,P0,memory,SQL_STRING,1364804,2952159,2.163064,-116.306444,true,3
891,00428,DML_WHERE_ORDER_LIMIT_041,SQLITE_PARITY_428_DML_WHERE_ORDER_LIMIT_041.rs,P1,memory,GEN_SQL_DML,1793105,3877821,2.162629,-116.262907,true,3
892,01017,JSON_EXTRACT_SET_010,SQLITE_PARITY_1017_JSON_EXTRACT_SET_010.rs,P2,memory,GEN_SQL_JSON,1631699,3527999,2.162163,-116.216287,true,3
893,00188,OPT_HEADER,SQLITE_PARITY_188_OPT_HEADER.rs,P1,memory,CLI_OPTION,1312906,2838524,2.162016,-116.201617,true,3
894,00004,TABLE_CONSTRAINTS_SUCCESS,SQLITE_PARITY_004_TABLE_CONSTRAINTS_SUCCESS.rs,P0,memory,SQL_CONSTRAINTS,1483018,3204577,2.160848,-116.084835,true,3
895,10104,STRICT_INTEGER_PK_ALIAS,SQLITE_PARITY_10104_STRICT_INTEGER_PK_ALIAS.rs,P0,memory,SQL_STRICT_TABLES,1531569,3309245,2.160689,-116.068946,true,3
896,01063,JSON_EXTRACT_SET_056,SQLITE_PARITY_1063_JSON_EXTRACT_SET_056.rs,P2,memory,GEN_SQL_JSON,1562248,3375511,2.160676,-116.067551,true,3
897,00990,VIEW_TRIGGER_GENERATED_043,SQLITE_PARITY_990_VIEW_TRIGGER_GENERATED_043.rs,P2,memory,GEN_SQL_VIEW_TRIGGER,1656136,3577794,2.160326,-116.032621,true,3
898,00508,AGG_GROUP_HAVING_001,SQLITE_PARITY_508_AGG_GROUP_HAVING_001.rs,P1,memory,GEN_SQL_AGGREGATE,1821428,3934138,2.159920,-115.991958,true,3
899,00780,CTE_RECURSIVE_MATRIX_073,SQLITE_PARITY_780_CTE_RECURSIVE_MATRIX_073.rs,P1,memory,GEN_SQL_CTE,1517894,3276873,2.158829,-115.882861,true,3
900,10205,OPT_NEWLINE_AT,SQLITE_PARITY_10205_OPT_NEWLINE_AT.rs,P0,memory,CLI_OPTION,1503797,3246386,2.158793,-115.879271,true,3
901,11029,MATH_CEILING_1_6,SQLITE_PARITY_11029_MATH_CEILING_1_6.rs,P1,memory,SQL_MATH,1357661,2930499,2.158491,-115.849096,true,3
902,10149,MODE_TABLE_BASIC,SQLITE_PARITY_10149_MODE_TABLE_BASIC.rs,P0,memory,CLI_OUTPUT_MODE,1507054,3252748,2.158349,-115.834867,true,3
903,00155,DOT_DBTOTXT_TEMPFILE,SQLITE_PARITY_155_DOT_DBTOTXT_TEMPFILE.rs,P3,tempfile,CLI_TEMPFILE,1864841,4024690,2.158195,-115.819472,true,3
904,00714,CTE_RECURSIVE_MATRIX_007,SQLITE_PARITY_714_CTE_RECURSIVE_MATRIX_007.rs,P1,memory,GEN_SQL_CTE,1495051,3225657,2.157556,-115.755650,true,3
905,00492,DML_WHERE_ORDER_LIMIT_105,SQLITE_PARITY_492_DML_WHERE_ORDER_LIMIT_105.rs,P1,memory,GEN_SQL_DML,1683247,3631265,2.157298,-115.729777,true,3
906,11728,DATETIME_JULIANDAY_Y2K_BASE,SQLITE_PARITY_11728_DATETIME_JULIANDAY_Y2K_BASE.rs,P0,memory,SQL_DATETIME,1356629,2926530,2.157207,-115.720731,true,3
907,11570,DATETIME_DATE_Y2K_PLUS_3_HOURS,SQLITE_PARITY_11570_DATETIME_DATE_Y2K_PLUS_3_HOURS.rs,P0,memory,SQL_DATETIME,1384130,2985743,2.157126,-115.712614,true,3
908,11440,STRING_SUBSTR_ABCDEF_2_3,SQLITE_PARITY_11440_STRING_SUBSTR_ABCDEF_2_3.rs,P0,memory,SQL_STRING,1424066,3070854,2.156399,-115.639865,true,3
909,11590,DATETIME_DATE_Y2K_START_OF_MONTH,SQLITE_PARITY_11590_DATETIME_DATE_Y2K_START_OF_MONTH.rs,P0,memory,SQL_DATETIME,1411222,3042891,2.156210,-115.621001,true,3
910,00793,WINDOW_PARTITION_SUM_006,SQLITE_PARITY_793_WINDOW_PARTITION_SUM_006.rs,P2,memory,GEN_SQL_WINDOW,1611310,3473997,2.156008,-115.600784,true,3
911,00045,REINDEX_COMMAND,SQLITE_PARITY_045_REINDEX_COMMAND.rs,P0,memory,SQL_REINDEX,1536499,3312090,2.155608,-115.560830,true,3
912,10431,REC_DEPTH_LIMIT_WHERE,SQLITE_PARITY_10431_REC_DEPTH_LIMIT_WHERE.rs,P0,memory,SQL_RECURSIVE_CTE,1421842,3064472,2.155283,-115.528308,true,3
913,10360,DELETE_WHERE_RETURNING_FILTERED,SQLITE_PARITY_10360_DELETE_WHERE_RETURNING_FILTERED.rs,P0,memory,SQL_RETURNING,1529606,3296551,2.155163,-115.516349,true,3
914,11005,MATH_ACOSH_2_0,SQLITE_PARITY_11005_MATH_ACOSH_2_0.rs,P1,memory,SQL_MATH,1434256,3090511,2.154783,-115.478339,true,3
915,00466,DML_WHERE_ORDER_LIMIT_079,SQLITE_PARITY_466_DML_WHERE_ORDER_LIMIT_079.rs,P1,memory,GEN_SQL_DML,1652859,3561413,2.154699,-115.469862,true,3
916,00668,JOIN_SUBQUERY_EXISTS_061,SQLITE_PARITY_668_JOIN_SUBQUERY_EXISTS_061.rs,P1,memory,GEN_SQL_JOIN_SUBQUERY,1646137,3546333,2.154336,-115.433649,true,3
917,11511,DATETIME_TIME_EPOCH_PLUS_1_YEAR,SQLITE_PARITY_11511_DATETIME_TIME_EPOCH_PLUS_1_YEAR.rs,P0,memory,SQL_DATETIME,1430218,3080752,2.154044,-115.404365,true,3
918,00305,SCALAR_CAST_TYPEOF_020,SQLITE_PARITY_305_SCALAR_CAST_TYPEOF_020.rs,P1,memory,GEN_SQL_SCALAR,1538883,3314605,2.153903,-115.390319,true,3
919,01009,JSON_EXTRACT_SET_002,SQLITE_PARITY_1009_JSON_EXTRACT_SET_002.rs,P2,memory,GEN_SQL_JSON,1572617,3386050,2.153131,-115.313074,true,3
920,00648,JOIN_SUBQUERY_EXISTS_041,SQLITE_PARITY_648_JOIN_SUBQUERY_EXISTS_041.rs,P1,memory,GEN_SQL_JOIN_SUBQUERY,1712933,3688143,2.153116,-115.311574,true,3
921,10427,REC_COUNTER_UNION_DEDUPES,SQLITE_PARITY_10427_REC_COUNTER_UNION_DEDUPES.rs,P0,memory,SQL_RECURSIVE_CTE,1511792,3255052,2.153108,-115.310836,true,3
922,00645,JOIN_SUBQUERY_EXISTS_038,SQLITE_PARITY_645_JOIN_SUBQUERY_EXISTS_038.rs,P1,memory,GEN_SQL_JOIN_SUBQUERY,1569782,3379698,2.152973,-115.297283,true,3
923,00638,JOIN_SUBQUERY_EXISTS_031,SQLITE_PARITY_638_JOIN_SUBQUERY_EXISTS_031.rs,P1,memory,GEN_SQL_JOIN_SUBQUERY,1743461,3753346,2.152813,-115.281328,true,3
924,10147,MODE_MARKDOWN_BASIC,SQLITE_PARITY_10147_MODE_MARKDOWN_BASIC.rs,P0,memory,CLI_OUTPUT_MODE,1450416,3122371,2.152742,-115.274170,true,3
925,01043,JSON_EXTRACT_SET_036,SQLITE_PARITY_1043_JSON_EXTRACT_SET_036.rs,P2,memory,GEN_SQL_JSON,1592766,3428752,2.152703,-115.270291,true,3
926,10473,COMPOUND_UNION_DEDUPLICATES,SQLITE_PARITY_10473_COMPOUND_UNION_DEDUPLICATES.rs,P0,memory,SQL_COMPOUND,1449854,3120658,2.152395,-115.239465,true,3
927,11071,MATH_SIN_1_5707963267949,SQLITE_PARITY_11071_MATH_SIN_1_5707963267949.rs,P1,memory,SQL_MATH,1323706,2849024,2.152309,-115.230875,true,3
928,11093,MATH_ATAN2_1_0_0_0,SQLITE_PARITY_11093_MATH_ATAN2_1_0_0_0.rs,P1,memory,SQL_MATH,1378038,2965744,2.152150,-115.214965,true,3
929,10429,REC_GRAPH_CYCLE_DETECT_NOT_IN,SQLITE_PARITY_10429_REC_GRAPH_CYCLE_DETECT_NOT_IN.rs,P0,memory,SQL_RECURSIVE_CTE,1623954,3494526,2.151863,-115.186268,true,3
930,00119,DOT_EQP,SQLITE_PARITY_119_DOT_EQP.rs,P0,memory,CLI_DOT_COMMAND,1477087,3178136,2.151624,-115.162411,true,3
931,00069,COLLATE_NOCASE_RTRIM_BINARY,SQLITE_PARITY_069_COLLATE_NOCASE_RTRIM_BINARY.rs,P0,memory,SQL_COLLATION,1446619,3112532,2.151591,-115.159071,true,3
932,00236,SCALAR_ARITH_003,SQLITE_PARITY_236_SCALAR_ARITH_003.rs,P1,memory,GEN_SQL_SCALAR,1422142,3059652,2.151439,-115.143917,true,3
933,00012,INSERT_DEFAULT_VALUES,SQLITE_PARITY_012_INSERT_DEFAULT_VALUES.rs,P0,memory,SQL_INSERT,1358692,2923084,2.151396,-115.139561,true,3
934,00459,DML_WHERE_ORDER_LIMIT_072,SQLITE_PARITY_459_DML_WHERE_ORDER_LIMIT_072.rs,P1,memory,GEN_SQL_DML,1538363,3309576,2.151362,-115.136219,true,3
935,00360,SCALAR_ARITH_034,SQLITE_PARITY_360_SCALAR_ARITH_034.rs,P1,memory,GEN_SQL_SCALAR,1361408,2928745,2.151262,-115.126178,true,3
936,11654,DATETIME_STRFTIME_ISO_DATE_2024_START_OF_YEAR,SQLITE_PARITY_11654_DATETIME_STRFTIME_ISO_DATE_2024_START_OF_YEAR.rs,P0,memory,SQL_DATETIME,1345327,2892897,2.150330,-115.032999,true,3
937,10096,STRICT_ANY_PRESERVES_INPUT_TYPES,SQLITE_PARITY_10096_STRICT_ANY_PRESERVES_INPUT_TYPES.rs,P0,memory,SQL_STRICT_TABLES,1474081,3169701,2.150290,-115.028957,true,3
938,00920,CONSTRAINT_FK_SAVEPOINT_053,SQLITE_PARITY_920_CONSTRAINT_FK_SAVEPOINT_053.rs,P2,memory,GEN_SQL_CONSTRAINT_TX,1522853,3274519,2.150253,-115.025285,true,3
939,11586,DATETIME_TIME_Y2K_START_OF_DAY,SQLITE_PARITY_11586_DATETIME_TIME_Y2K_START_OF_DAY.rs,P0,memory,SQL_DATETIME,1325920,2851018,2.150219,-115.021872,true,3
940,10616,BLOB_ORDER_BYTEWISE,SQLITE_PARITY_10616_BLOB_ORDER_BYTEWISE.rs,P0,memory,SQL_BLOB,1495011,3214486,2.150142,-115.014204,true,3
941,11506,DATETIME_TIME_EPOCH_MINUS_1_MONTH,SQLITE_PARITY_11506_DATETIME_TIME_EPOCH_MINUS_1_MONTH.rs,P0,memory,SQL_DATETIME,1433113,3081294,2.150071,-115.007051,true,3
942,00923,CONSTRAINT_FK_SAVEPOINT_056,SQLITE_PARITY_923_CONSTRAINT_FK_SAVEPOINT_056.rs,P2,memory,GEN_SQL_CONSTRAINT_TX,1542029,3315427,2.150042,-115.004193,true,3
943,00634,JOIN_SUBQUERY_EXISTS_027,SQLITE_PARITY_634_JOIN_SUBQUERY_EXISTS_027.rs,P1,memory,GEN_SQL_JOIN_SUBQUERY,1735746,3731685,2.149903,-114.990269,true,3
944,00184,OPT_ASCII_MODE,SQLITE_PARITY_184_OPT_ASCII_MODE.rs,P2,memory,CLI_OPTION,1371507,2948562,2.149870,-114.987018,true,3
945,00723,CTE_RECURSIVE_MATRIX_016,SQLITE_PARITY_723_CTE_RECURSIVE_MATRIX_016.rs,P1,memory,GEN_SQL_CTE,1481034,3183287,2.149368,-114.936794,true,3
946,10527,AGGREGATE_OVER_ALL_NULL_SET,SQLITE_PARITY_10527_AGGREGATE_OVER_ALL_NULL_SET.rs,P0,memory,SQL_AGGREGATE_ADV,1524557,3276523,2.149164,-114.916399,true,3
947,00242,SCALAR_STRING_004,SQLITE_PARITY_242_SCALAR_STRING_004.rs,P1,memory,GEN_SQL_SCALAR,1407074,3023805,2.149002,-114.900211,true,3
948,00050,PRAGMA_TABLE_INFO_FUNCTION,SQLITE_PARITY_050_PRAGMA_TABLE_INFO_FUNCTION.rs,P0,memory,SQL_PRAGMA,1387988,2982787,2.149001,-114.900057,true,3
949,00057,COMPOUND_SELECT_UNION_INTERSECT_EXCEPT,SQLITE_PARITY_057_COMPOUND_SELECT_UNION_INTERSECT_EXCEPT.rs,P0,memory,SQL_SELECT,1464222,3145786,2.148435,-114.843514,true,3
950,01047,JSON_EXTRACT_SET_040,SQLITE_PARITY_1047_JSON_EXTRACT_SET_040.rs,P2,memory,GEN_SQL_JSON,1632801,3507580,2.148198,-114.819810,true,3
951,11948,WIN_MAX_EXCL_TIES,SQLITE_PARITY_11948_WIN_MAX_EXCL_TIES.rs,P0,memory,SQL_WINDOW,1683176,3615445,2.147990,-114.798987,true,3
952,00463,DML_WHERE_ORDER_LIMIT_076,SQLITE_PARITY_463_DML_WHERE_ORDER_LIMIT_076.rs,P1,memory,GEN_SQL_DML,1542500,3312922,2.147761,-114.776143,true,3
953,01057,JSON_EXTRACT_SET_050,SQLITE_PARITY_1057_JSON_EXTRACT_SET_050.rs,P2,memory,GEN_SQL_JSON,1545325,3318873,2.147686,-114.768609,true,3
954,10595,GLOB_QUESTION_WILDCARD,SQLITE_PARITY_10595_GLOB_QUESTION_WILDCARD.rs,P0,memory,SQL_PATTERN,1400571,3007875,2.147606,-114.760623,true,3
955,11656,DATETIME_TIME_DATE_2024_WEEKDAY_0,SQLITE_PARITY_11656_DATETIME_TIME_DATE_2024_WEEKDAY_0.rs,P0,memory,SQL_DATETIME,1417814,3044484,2.147308,-114.730846,true,3
956,01029,JSON_EXTRACT_SET_022,SQLITE_PARITY_1029_JSON_EXTRACT_SET_022.rs,P2,memory,GEN_SQL_JSON,1686203,3620183,2.146944,-114.694375,true,3
957,00630,JOIN_SUBQUERY_EXISTS_023,SQLITE_PARITY_630_JOIN_SUBQUERY_EXISTS_023.rs,P1,memory,GEN_SQL_JOIN_SUBQUERY,1681443,3609724,2.146801,-114.680129,true,3
958,00728,CTE_RECURSIVE_MATRIX_021,SQLITE_PARITY_728_CTE_RECURSIVE_MATRIX_021.rs,P1,memory,GEN_SQL_CTE,1478459,3173828,2.146714,-114.671357,true,3
959,00657,JOIN_SUBQUERY_EXISTS_050,SQLITE_PARITY_657_JOIN_SUBQUERY_EXISTS_050.rs,P1,memory,GEN_SQL_JOIN_SUBQUERY,1583448,3398965,2.146559,-114.655928,true,3
960,00138,DOT_VFSNAME_LIST_INFO,SQLITE_PARITY_138_DOT_VFSNAME_LIST_INFO.rs,P3,memory,CLI_DOT_COMMAND_DIAGNOSTIC,1130962,2426895,2.145868,-114.586785,true,3
961,00108,DOT_MODE_CSV_AND_QUOTE,SQLITE_PARITY_108_DOT_MODE_CSV_AND_QUOTE.rs,P0,memory,CLI_DOT_COMMAND,1432493,3073579,2.145615,-114.561537,true,3
962,00720,CTE_RECURSIVE_MATRIX_013,SQLITE_PARITY_720_CTE_RECURSIVE_MATRIX_013.rs,P1,memory,GEN_SQL_CTE,1565103,3357386,2.145153,-114.515339,true,3
963,00032,UNIQUE_INDEX_FAILURE,SQLITE_PARITY_032_UNIQUE_INDEX_FAILURE.rs,P0,memory,SQL_INDEX_NEGATIVE,1380324,2960856,2.145044,-114.504421,true,3
964,10044,COUNT_STAR_VS_COUNT_COL_WITH_NULLS,SQLITE_PARITY_10044_COUNT_STAR_VS_COUNT_COL_WITH_NULLS.rs,P0,memory,SQL_AGGREGATE_NULL,1487226,3190099,2.144999,-114.499948,true,3
965,01122,INDEX_SCHEMA_PRAGMA_055,SQLITE_PARITY_1122_INDEX_SCHEMA_PRAGMA_055.rs,P2,memory,GEN_SQL_INDEX_PRAGMA,1750754,3755260,2.144939,-114.493869,true,3
966,10340,ON_CONFLICT_COLLATE_NOCASE_TARGET,SQLITE_PARITY_10340_ON_CONFLICT_COLLATE_NOCASE_TARGET.rs,P0,memory,SQL_UPSERT,1618805,3472184,2.144906,-114.490566,true,3
967,10060,INTPK_EXPLICIT_VALUE_USED,SQLITE_PARITY_10060_INTPK_EXPLICIT_VALUE_USED.rs,P0,memory,SQL_AUTOINCREMENT,1389601,2980453,2.144826,-114.482646,true,3
968,01083,INDEX_SCHEMA_PRAGMA_016,SQLITE_PARITY_1083_INDEX_SCHEMA_PRAGMA_016.rs,P2,memory,GEN_SQL_INDEX_PRAGMA,1754011,3761852,2.144714,-114.471403,true,3
969,10315,MULTI_PHASE_TXN_STATE_VISIBILITY,SQLITE_PARITY_10315_MULTI_PHASE_TXN_STATE_VISIBILITY.rs,P0,memory,SQL_TRANSACTION,1479291,3172626,2.144694,-114.469364,true,3
970,10178,DOT_TABLES_PATTERN,SQLITE_PARITY_10178_DOT_TABLES_PATTERN.rs,P0,memory,CLI_DOT_COMMAND,1465554,3143130,2.144670,-114.467021,true,3
971,00629,JOIN_SUBQUERY_EXISTS_022,SQLITE_PARITY_629_JOIN_SUBQUERY_EXISTS_022.rs,P1,memory,GEN_SQL_JOIN_SUBQUERY,1737329,3725613,2.144449,-114.444875,true,3
972,00935,CONSTRAINT_FK_SAVEPOINT_068,SQLITE_PARITY_935_CONSTRAINT_FK_SAVEPOINT_068.rs,P2,memory,GEN_SQL_CONSTRAINT_TX,1587655,3404596,2.144418,-114.441803,true,3
973,11043,MATH_DEGREES_3_14159265358979,SQLITE_PARITY_11043_MATH_DEGREES_3_14159265358979.rs,P1,memory,SQL_MATH,1396724,2995151,2.144411,-114.441149,true,3
974,00058,GROUP_BY_HAVING,SQLITE_PARITY_058_GROUP_BY_HAVING.rs,P0,memory,SQL_AGGREGATE,1375805,2950266,2.144393,-114.439256,true,3
975,00308,SCALAR_ARITH_021,SQLITE_PARITY_308_SCALAR_ARITH_021.rs,P1,memory,GEN_SQL_SCALAR,1405961,3014928,2.144389,-114.438950,true,3
976,11331,AFFINITY_DOUBLE_NULL_LIT,SQLITE_PARITY_11331_AFFINITY_DOUBLE_NULL_LIT.rs,P0,memory,SQL_TYPE_AFFINITY,1425820,3057278,2.144224,-114.422438,true,3
977,00453,DML_WHERE_ORDER_LIMIT_066,SQLITE_PARITY_453_DML_WHERE_ORDER_LIMIT_066.rs,P1,memory,GEN_SQL_DML,1670893,3582392,2.143998,-114.399845,true,3
978,10122,MODE_COLUMN_WIDTH_SMALL_WRAPS,SQLITE_PARITY_10122_MODE_COLUMN_WIDTH_SMALL_WRAPS.rs,P0,memory,CLI_OUTPUT_MODE,1486515,3186462,2.143579,-114.357877,true,3
979,00544,AGG_GROUP_HAVING_037,SQLITE_PARITY_544_AGG_GROUP_HAVING_037.rs,P1,memory,GEN_SQL_AGGREGATE,1584951,3397402,2.143538,-114.353756,true,3
980,00698,JOIN_SUBQUERY_EXISTS_091,SQLITE_PARITY_698_JOIN_SUBQUERY_EXISTS_091.rs,P1,memory,GEN_SQL_JOIN_SUBQUERY,1686092,3613290,2.142997,-114.299694,true,3
981,00852,WINDOW_PARTITION_SUM_065,SQLITE_PARITY_852_WINDOW_PARTITION_SUM_065.rs,P2,memory,GEN_SQL_WINDOW,1578488,3382614,2.142946,-114.294565,true,3
982,00413,DML_WHERE_ORDER_LIMIT_026,SQLITE_PARITY_413_DML_WHERE_ORDER_LIMIT_026.rs,P1,memory,GEN_SQL_DML,1646617,3527739,2.142416,-114.241624,true,3
983,00730,CTE_RECURSIVE_MATRIX_023,SQLITE_PARITY_730_CTE_RECURSIVE_MATRIX_023.rs,P1,memory,GEN_SQL_CTE,1500841,3215297,2.142330,-114.233020,true,3
984,10480,COMPOUND_DIFFERENT_COLUMN_COUNT_ERRORS,SQLITE_PARITY_10480_COMPOUND_DIFFERENT_COLUMN_COUNT_ERRORS.rs,P0,memory,SQL_COMPOUND,1326922,2842652,2.142290,-114.229020,true,3
985,00172,OPT_CMD,SQLITE_PARITY_172_OPT_CMD.rs,P1,memory,CLI_OPTION,1393699,2985512,2.142150,-114.214978,true,3
986,00425,DML_WHERE_ORDER_LIMIT_038,SQLITE_PARITY_425_DML_WHERE_ORDER_LIMIT_038.rs,P1,memory,GEN_SQL_DML,1687174,3613992,2.142039,-114.203870,true,3
987,00514,AGG_GROUP_HAVING_007,SQLITE_PARITY_514_AGG_GROUP_HAVING_007.rs,P1,memory,GEN_SQL_AGGREGATE,1607874,3443499,2.141647,-114.164729,true,3
988,10190,DOT_CHANGES_ON,SQLITE_PARITY_10190_DOT_CHANGES_ON.rs,P0,memory,CLI_DOT_COMMAND,1430238,3062448,2.141216,-114.121566,true,3
989,11336,AFFINITY_TEXT_TEXT_NUM,SQLITE_PARITY_11336_AFFINITY_TEXT_TEXT_NUM.rs,P0,memory,SQL_TYPE_AFFINITY,1470814,3148822,2.140870,-114.087029,true,3
990,00063,WINDOW_EXCLUDE_CURRENT_ROW,SQLITE_PARITY_063_WINDOW_EXCLUDE_CURRENT_ROW.rs,P0,memory,SQL_WINDOW,1428445,3057648,2.140543,-114.054304,true,3
991,00024,SAVEPOINT_ROLLBACK_RELEASE,SQLITE_PARITY_024_SAVEPOINT_ROLLBACK_RELEASE.rs,P0,memory,SQL_SAVEPOINT,1451759,3107423,2.140454,-114.045375,true,3
992,11224,CAST_REAL_0_AS_NUMERIC,SQLITE_PARITY_11224_CAST_REAL_0_AS_NUMERIC.rs,P0,memory,SQL_CAST,1481996,3172116,2.140435,-114.043493,true,3
993,11321,AFFINITY_REAL_TEXT_BARE,SQLITE_PARITY_11321_AFFINITY_REAL_TEXT_BARE.rs,P0,memory,SQL_TYPE_AFFINITY,1574461,3370001,2.140416,-114.041567,true,3
994,11645,DATETIME_DATE_DATE_2024_START_OF_MONTH,SQLITE_PARITY_11645_DATETIME_DATE_DATE_2024_START_OF_MONTH.rs,P0,memory,SQL_DATETIME,1399219,2994749,2.140300,-114.030041,true,3
995,11660,DATETIME_DATE_DATE_2024_UTC,SQLITE_PARITY_11660_DATETIME_DATE_DATE_2024_UTC.rs,P0,memory,SQL_DATETIME,1340117,2868210,2.140268,-114.026835,true,3
996,00487,DML_WHERE_ORDER_LIMIT_100,SQLITE_PARITY_487_DML_WHERE_ORDER_LIMIT_100.rs,P1,memory,GEN_SQL_DML,1713253,3666601,2.140140,-114.013984,true,3
997,11658,DATETIME_JULIANDAY_DATE_2024_WEEKDAY_0,SQLITE_PARITY_11658_DATETIME_JULIANDAY_DATE_2024_WEEKDAY_0.rs,P0,memory,SQL_DATETIME,1411212,3020188,2.140138,-114.013770,true,3
998,00018,DELETE_RETURNING,SQLITE_PARITY_018_DELETE_RETURNING.rs,P0,memory,SQL_DELETE,1490572,3189909,2.140057,-114.005697,true,3
999,01082,INDEX_SCHEMA_PRAGMA_015,SQLITE_PARITY_1082_INDEX_SCHEMA_PRAGMA_015.rs,P2,memory,GEN_SQL_INDEX_PRAGMA,1709657,3658756,2.140053,-114.005265,true,3
1000,00116,DOT_DATABASES,SQLITE_PARITY_116_DOT_DATABASES.rs,P0,memory,CLI_DOT_COMMAND,1157190,2476108,2.139759,-113.975924,true,3
1001,10017,NULLIF_BASIC,SQLITE_PARITY_10017_NULLIF_BASIC.rs,P0,memory,SQL_NULL_SEMANTICS,1410159,3017162,2.139590,-113.958993,true,3
1002,00642,JOIN_SUBQUERY_EXISTS_035,SQLITE_PARITY_642_JOIN_SUBQUERY_EXISTS_035.rs,P1,memory,GEN_SQL_JOIN_SUBQUERY,1733322,3708130,2.139320,-113.931976,true,3
1003,00337,SCALAR_CAST_TYPEOF_028,SQLITE_PARITY_337_SCALAR_CAST_TYPEOF_028.rs,P1,memory,GEN_SQL_SCALAR,1466487,3137039,2.139152,-113.915227,true,3
1004,10069,LAST_INSERT_ROWID_BASIC,SQLITE_PARITY_10069_LAST_INSERT_ROWID_BASIC.rs,P0,memory,SQL_AUTOINCREMENT,1413847,3024236,2.139012,-113.901221,true,3
1005,11722,DATETIME_DATETIME_EPOCH_BASE,SQLITE_PARITY_11722_DATETIME_DATETIME_EPOCH_BASE.rs,P0,memory,SQL_DATETIME,1469562,3143391,2.138999,-113.899856,true,3
1006,00002,LITERALS_AND_TYPEOF,SQLITE_PARITY_002_LITERALS_AND_TYPEOF.rs,P0,memory,SQL_EXPRESSIONS,1382387,2956177,2.138458,-113.845833,true,3
1007,00652,JOIN_SUBQUERY_EXISTS_045,SQLITE_PARITY_652_JOIN_SUBQUERY_EXISTS_045.rs,P1,memory,GEN_SQL_JOIN_SUBQUERY,1646717,3521086,2.138246,-113.824598,true,3
1008,00646,JOIN_SUBQUERY_EXISTS_039,SQLITE_PARITY_646_JOIN_SUBQUERY_EXISTS_039.rs,P1,memory,GEN_SQL_JOIN_SUBQUERY,1679419,3590728,2.138078,-113.807751,true,3
1009,00992,VIEW_TRIGGER_GENERATED_045,SQLITE_PARITY_992_VIEW_TRIGGER_GENERATED_045.rs,P2,memory,GEN_SQL_VIEW_TRIGGER,1807362,3864206,2.138037,-113.803654,true,3
1010,11608,DATETIME_JULIANDAY_Y2K_UTC,SQLITE_PARITY_11608_DATETIME_JULIANDAY_Y2K_UTC.rs,P0,memory,SQL_DATETIME,1301534,2782538,2.137891,-113.789113,true,3
1011,00278,SCALAR_STRING_013,SQLITE_PARITY_278_SCALAR_STRING_013.rs,P1,memory,GEN_SQL_SCALAR,1481254,3166574,2.137766,-113.776570,true,3
1012,00627,JOIN_SUBQUERY_EXISTS_020,SQLITE_PARITY_627_JOIN_SUBQUERY_EXISTS_020.rs,P1,memory,GEN_SQL_JOIN_SUBQUERY,1716279,3668936,2.137727,-113.772702,true,3
1013,11668,DATETIME_JULIANDAY_UNIX_PLUS_5_DAYS,SQLITE_PARITY_11668_DATETIME_JULIANDAY_UNIX_PLUS_5_DAYS.rs,P0,memory,SQL_DATETIME,1436549,3070764,2.137598,-113.759781,true,3
1014,11353,AFFINITY_BLOB_TEXT_BARE,SQLITE_PARITY_11353_AFFINITY_BLOB_TEXT_BARE.rs,P0,memory,SQL_TYPE_AFFINITY,1537762,3286242,2.137029,-113.702901,true,3
1015,00246,SCALAR_STRING_005,SQLITE_PARITY_246_SCALAR_STRING_005.rs,P1,memory,GEN_SQL_SCALAR,1373520,2934967,2.136821,-113.682145,true,3
1016,10599,NOT_GLOB_BASIC,SQLITE_PARITY_10599_NOT_GLOB_BASIC.rs,P0,memory,SQL_PATTERN,1398478,2988277,2.136807,-113.680659,true,3
1017,11527,DATETIME_DATETIME_EPOCH_PLUS_10_SECONDS,SQLITE_PARITY_11527_DATETIME_DATETIME_EPOCH_PLUS_10_SECONDS.rs,P0,memory,SQL_DATETIME,1379472,2947621,2.136775,-113.677479,true,3
1018,11522,DATETIME_DATETIME_EPOCH_PLUS_30_MINUTES,SQLITE_PARITY_11522_DATETIME_DATETIME_EPOCH_PLUS_30_MINUTES.rs,P0,memory,SQL_DATETIME,1408296,3009087,2.136686,-113.668646,true,3
1019,10171,DOT_NULLVALUE_EMPTY,SQLITE_PARITY_10171_DOT_NULLVALUE_EMPTY.rs,P0,memory,CLI_DOT_COMMAND,1377187,2942551,2.136639,-113.663867,true,3
1020,11628,DATETIME_JULIANDAY_DATE_2024_PLUS_3_HOURS,SQLITE_PARITY_11628_DATETIME_JULIANDAY_DATE_2024_PLUS_3_HOURS.rs,P0,memory,SQL_DATETIME,1329938,2841109,2.136272,-113.627177,true,3
1021,00342,SCALAR_STRING_029,SQLITE_PARITY_342_SCALAR_STRING_029.rs,P1,memory,GEN_SQL_SCALAR,1451438,3100349,2.136053,-113.605335,true,3
1022,00748,CTE_RECURSIVE_MATRIX_041,SQLITE_PARITY_748_CTE_RECURSIVE_MATRIX_041.rs,P1,memory,GEN_SQL_CTE,1580222,3375340,2.135991,-113.599102,true,3
1023,11860,JSON_DARROW_D_3,SQLITE_PARITY_11860_JSON_DARROW_D_3.rs,P0,memory,SQL_JSON,1576775,3367776,2.135863,-113.586339,true,3
1024,11230,CAST_TEXT_NUM_AS_INTEGER,SQLITE_PARITY_11230_CAST_TEXT_NUM_AS_INTEGER.rs,P0,memory,SQL_CAST,1415300,3022562,2.135633,-113.563343,true,3
1025,00817,WINDOW_PARTITION_SUM_030,SQLITE_PARITY_817_WINDOW_PARTITION_SUM_030.rs,P2,memory,GEN_SQL_WINDOW,1491453,3185069,2.135548,-113.554768,true,3
1026,00717,CTE_RECURSIVE_MATRIX_010,SQLITE_PARITY_717_CTE_RECURSIVE_MATRIX_010.rs,P1,memory,GEN_SQL_CTE,1533333,3274440,2.135505,-113.550481,true,3
1027,10054,FILTER_WHERE_IS_NOT_NULL,SQLITE_PARITY_10054_FILTER_WHERE_IS_NOT_NULL.rs,P0,memory,SQL_AGGREGATE_NULL,1502504,3208514,2.135445,-113.544456,true,3
1028,10126,MODE_CSV_COMMA_AND_NEWLINE,SQLITE_PARITY_10126_MODE_CSV_COMMA_AND_NEWLINE.rs,P0,memory,CLI_OUTPUT_MODE,1468570,3135616,2.135149,-113.514916,true,3
1029,11324,AFFINITY_DOUBLE_INT_1,SQLITE_PARITY_11324_AFFINITY_DOUBLE_INT_1.rs,P0,memory,SQL_TYPE_AFFINITY,1415801,3022923,2.135133,-113.513269,true,3
1030,00864,WINDOW_PARTITION_SUM_077,SQLITE_PARITY_864_WINDOW_PARTITION_SUM_077.rs,P2,memory,GEN_SQL_WINDOW,1546779,3302512,2.135090,-113.508976,true,3
1031,11558,DATETIME_JULIANDAY_Y2K_PLUS_5_DAYS,SQLITE_PARITY_11558_DATETIME_JULIANDAY_Y2K_PLUS_5_DAYS.rs,P0,memory,SQL_DATETIME,1374923,2935478,2.135013,-113.501265,true,3
1032,11604,DATETIME_STRFTIME_ISO_Y2K_WEEKDAY_0,SQLITE_PARITY_11604_DATETIME_STRFTIME_ISO_Y2K_WEEKDAY_0.rs,P0,memory,SQL_DATETIME,1332763,2845156,2.134780,-113.478015,true,3
1033,10598,GLOB_NEGATED_CHAR_CLASS,SQLITE_PARITY_10598_GLOB_NEGATED_CHAR_CLASS.rs,P0,memory,SQL_PATTERN,1390503,2968089,2.134543,-113.454340,true,3
1034,00415,DML_WHERE_ORDER_LIMIT_028,SQLITE_PARITY_415_DML_WHERE_ORDER_LIMIT_028.rs,P1,memory,GEN_SQL_DML,1668098,3560190,2.134281,-113.428108,true,3
1035,00506,DML_WHERE_ORDER_LIMIT_119,SQLITE_PARITY_506_DML_WHERE_ORDER_LIMIT_119.rs,P1,memory,GEN_SQL_DML,1856155,3961500,2.134251,-113.425064,true,3
1036,10108,MODE_LIST_DEFAULT_PIPE,SQLITE_PARITY_10108_MODE_LIST_DEFAULT_PIPE.rs,P0,memory,CLI_OUTPUT_MODE,1431280,3054483,2.134092,-113.409186,true,3
1037,00883,CONSTRAINT_FK_SAVEPOINT_016,SQLITE_PARITY_883_CONSTRAINT_FK_SAVEPOINT_016.rs,P2,memory,GEN_SQL_CONSTRAINT_TX,1537330,3280641,2.133986,-113.398620,true,3
1038,01092,INDEX_SCHEMA_PRAGMA_025,SQLITE_PARITY_1092_INDEX_SCHEMA_PRAGMA_025.rs,P2,memory,GEN_SQL_INDEX_PRAGMA,1646317,3513172,2.133958,-113.395841,true,3
1039,10484,COMPOUND_PRESERVES_TYPED_NULLS,SQLITE_PARITY_10484_COMPOUND_PRESERVES_TYPED_NULLS.rs,P0,memory,SQL_COMPOUND,1402445,2992406,2.133706,-113.370649,true,3
1040,00439,DML_WHERE_ORDER_LIMIT_052,SQLITE_PARITY_439_DML_WHERE_ORDER_LIMIT_052.rs,P1,memory,GEN_SQL_DML,1602083,3418131,2.133554,-113.355425,true,3
1041,10347,ON_CONFLICT_DO_UPDATE_RETURNING_STAR,SQLITE_PARITY_10347_ON_CONFLICT_DO_UPDATE_RETURNING_STAR.rs,P0,memory,SQL_UPSERT,1484661,3167496,2.133481,-113.348098,true,3
1042,11563,DATETIME_JULIANDAY_Y2K_MINUS_1_MONTH,SQLITE_PARITY_11563_DATETIME_JULIANDAY_Y2K_MINUS_1_MONTH.rs,P0,memory,SQL_DATETIME,1393919,2973579,2.133251,-113.325093,true,3
1043,00682,JOIN_SUBQUERY_EXISTS_075,SQLITE_PARITY_682_JOIN_SUBQUERY_EXISTS_075.rs,P1,memory,GEN_SQL_JOIN_SUBQUERY,1680612,3584577,2.132900,-113.289980,true,3
1044,00269,SCALAR_CAST_TYPEOF_011,SQLITE_PARITY_269_SCALAR_CAST_TYPEOF_011.rs,P1,memory,GEN_SQL_SCALAR,1469422,3134084,2.132869,-113.286857,true,3
1045,00860,WINDOW_PARTITION_SUM_073,SQLITE_PARITY_860_WINDOW_PARTITION_SUM_073.rs,P2,memory,GEN_SQL_WINDOW,1574872,3358328,2.132445,-113.244505,true,3
1046,01120,INDEX_SCHEMA_PRAGMA_053,SQLITE_PARITY_1120_INDEX_SCHEMA_PRAGMA_053.rs,P2,memory,GEN_SQL_INDEX_PRAGMA,1724064,3675989,2.132165,-113.216505,true,3
1047,00089,JSON_TABLE_VALUED_FUNCTIONS,SQLITE_PARITY_089_JSON_TABLE_VALUED_FUNCTIONS.rs,P0,memory,SQL_JSON,1349855,2877929,2.132028,-113.202825,true,3
1048,00332,SCALAR_ARITH_027,SQLITE_PARITY_332_SCALAR_ARITH_027.rs,P1,memory,GEN_SQL_SCALAR,1457700,3107704,2.131923,-113.192289,true,3
1049,00724,CTE_RECURSIVE_MATRIX_017,SQLITE_PARITY_724_CTE_RECURSIVE_MATRIX_017.rs,P1,memory,GEN_SQL_CTE,1516421,3232640,2.131756,-113.175629,true,3
1050,00473,DML_WHERE_ORDER_LIMIT_086,SQLITE_PARITY_473_DML_WHERE_ORDER_LIMIT_086.rs,P1,memory,GEN_SQL_DML,1620348,3453729,2.131474,-113.147361,true,3
1051,11019,MATH_ATAN_10_0,SQLITE_PARITY_11019_MATH_ATAN_10_0.rs,P1,memory,SQL_MATH,1462028,3115758,2.131121,-113.112061,true,3
1052,11559,DATETIME_STRFTIME_ISO_Y2K_PLUS_5_DAYS,SQLITE_PARITY_11559_DATETIME_STRFTIME_ISO_Y2K_PLUS_5_DAYS.rs,P0,memory,SQL_DATETIME,1363101,2904669,2.130927,-113.092720,true,3
1053,10435,REC_WITH_LIMIT_PUSHED_DOWN,SQLITE_PARITY_10435_REC_WITH_LIMIT_PUSHED_DOWN.rs,P0,memory,SQL_RECURSIVE_CTE,1489440,3173528,2.130685,-113.068536,true,3
1054,11409,STRING_LOWER_ABC,SQLITE_PARITY_11409_STRING_LOWER_ABC.rs,P0,memory,SQL_STRING,1477207,3147278,2.130560,-113.055990,true,3
1055,12001,PRAGMA_PAGE_COUNT,SQLITE_PARITY_12001_PRAGMA_PAGE_COUNT.rs,P1,memory,SQL_PRAGMA,1374021,2927362,2.130507,-113.050747,true,3
1056,00546,AGG_GROUP_HAVING_039,SQLITE_PARITY_546_AGG_GROUP_HAVING_039.rs,P1,memory,GEN_SQL_AGGREGATE,1661565,3539160,2.130016,-113.001598,true,3
1057,10293,FK_SELF_REFERENTIAL_CASCADE,SQLITE_PARITY_10293_FK_SELF_REFERENTIAL_CASCADE.rs,P0,memory,SQL_FOREIGN_KEYS,1573028,3350413,2.129913,-112.991314,true,3
1058,00790,WINDOW_PARTITION_SUM_003,SQLITE_PARITY_790_WINDOW_PARTITION_SUM_003.rs,P2,memory,GEN_SQL_WINDOW,1585342,3376633,2.129908,-112.990825,true,3
1059,00551,AGG_GROUP_HAVING_044,SQLITE_PARITY_551_AGG_GROUP_HAVING_044.rs,P1,memory,GEN_SQL_AGGREGATE,1717472,3657685,2.129691,-112.969120,true,3
1060,00521,AGG_GROUP_HAVING_014,SQLITE_PARITY_521_AGG_GROUP_HAVING_014.rs,P1,memory,GEN_SQL_AGGREGATE,1601031,3409174,2.129362,-112.936164,true,3
1061,10453,JOIN_SELF,SQLITE_PARITY_10453_JOIN_SELF.rs,P0,memory,SQL_JOIN,1587476,3379829,2.129058,-112.905833,true,3
1062,11341,AFFINITY_VARCHAR_8_INT_BIG,SQLITE_PARITY_11341_AFFINITY_VARCHAR_8_INT_BIG.rs,P0,memory,SQL_TYPE_AFFINITY,1524727,3246136,2.128995,-112.899490,true,3
1063,00972,VIEW_TRIGGER_GENERATED_025,SQLITE_PARITY_972_VIEW_TRIGGER_GENERATED_025.rs,P2,memory,GEN_SQL_VIEW_TRIGGER,1677084,3570339,2.128897,-112.889694,true,3
1064,10154,CLI_FLAG_LINE,SQLITE_PARITY_10154_CLI_FLAG_LINE.rs,P0,memory,CLI_OUTPUT_MODE,1532461,3262286,2.128789,-112.878892,true,3
1065,00268,SCALAR_ARITH_011,SQLITE_PARITY_268_SCALAR_ARITH_011.rs,P1,memory,GEN_SQL_SCALAR,1428394,3040747,2.128787,-112.878730,true,3
1066,11572,DATETIME_DATETIME_Y2K_PLUS_3_HOURS,SQLITE_PARITY_11572_DATETIME_DATETIME_Y2K_PLUS_3_HOURS.rs,P0,memory,SQL_DATETIME,1414287,3010690,2.128769,-112.876877,true,3
1067,00834,WINDOW_PARTITION_SUM_047,SQLITE_PARITY_834_WINDOW_PARTITION_SUM_047.rs,P2,memory,GEN_SQL_WINDOW,1589118,3382614,2.128611,-112.861097,true,3
1068,10202,OPT_NOHEADER_LIST,SQLITE_PARITY_10202_OPT_NOHEADER_LIST.rs,P0,memory,CLI_OPTION,1536078,3269660,2.128577,-112.857680,true,3
1069,10164,DOT_MODE_MARKDOWN_RESET_SEPARATOR,SQLITE_PARITY_10164_DOT_MODE_MARKDOWN_RESET_SEPARATOR.rs,P0,memory,CLI_DOT_COMMAND,1384461,2946829,2.128503,-112.850272,true,3
1070,00968,VIEW_TRIGGER_GENERATED_021,SQLITE_PARITY_968_VIEW_TRIGGER_GENERATED_021.rs,P2,memory,GEN_SQL_VIEW_TRIGGER,1697594,3613241,2.128448,-112.844826,true,3
1071,10370,UPDATE_WITH_EXPR_RETURNING,SQLITE_PARITY_10370_UPDATE_WITH_EXPR_RETURNING.rs,P0,memory,SQL_RETURNING,1561596,3323171,2.128061,-112.806065,true,3
1072,01049,JSON_EXTRACT_SET_042,SQLITE_PARITY_1049_JSON_EXTRACT_SET_042.rs,P2,memory,GEN_SQL_JSON,1703666,3625494,2.128054,-112.805444,true,3
1073,00504,DML_WHERE_ORDER_LIMIT_117,SQLITE_PARITY_504_DML_WHERE_ORDER_LIMIT_117.rs,P1,memory,GEN_SQL_DML,1729484,3680318,2.127986,-112.798615,true,3
1074,11426,STRING_QUOTE_1,SQLITE_PARITY_11426_STRING_QUOTE_1.rs,P0,memory,SQL_STRING,1377999,2932131,2.127818,-112.781794,true,3
1075,10249,PRAGMA_DEFER_FOREIGN_KEYS_TOGGLE,SQLITE_PARITY_10249_PRAGMA_DEFER_FOREIGN_KEYS_TOGGLE.rs,P0,memory,SQL_PRAGMA,1359183,2891975,2.127730,-112.773041,true,3
1076,00708,CTE_RECURSIVE_MATRIX_001,SQLITE_PARITY_708_CTE_RECURSIVE_MATRIX_001.rs,P1,memory,GEN_SQL_CTE,1558210,3315056,2.127477,-112.747704,true,3
1077,00976,VIEW_TRIGGER_GENERATED_029,SQLITE_PARITY_976_VIEW_TRIGGER_GENERATED_029.rs,P2,memory,GEN_SQL_VIEW_TRIGGER,1651026,3512440,2.127429,-112.742864,true,3
1078,00999,VIEW_TRIGGER_GENERATED_052,SQLITE_PARITY_999_VIEW_TRIGGER_GENERATED_052.rs,P2,memory,GEN_SQL_VIEW_TRIGGER,1706992,3631415,2.127377,-112.737670,true,3
1079,11209,CAST_INT_5_AS_NUMERIC,SQLITE_PARITY_11209_CAST_INT_5_AS_NUMERIC.rs,P0,memory,SQL_CAST,1418776,3018254,2.127365,-112.736471,true,3
1080,00914,CONSTRAINT_FK_SAVEPOINT_047,SQLITE_PARITY_914_CONSTRAINT_FK_SAVEPOINT_047.rs,P2,memory,GEN_SQL_CONSTRAINT_TX,1638422,3485268,2.127210,-112.721021,true,3
1081,11841,JSON_QUOTE_NULL_LIT,SQLITE_PARITY_11841_JSON_QUOTE_NULL_LIT.rs,P0,memory,SQL_JSON,1457910,3101241,2.127183,-112.718275,true,3
1082,00588,AGG_GROUP_HAVING_081,SQLITE_PARITY_588_AGG_GROUP_HAVING_081.rs,P1,memory,GEN_SQL_AGGREGATE,1613855,3432889,2.127136,-112.713596,true,3
1083,00087,DATE_TIMEDIFF_FUNCTION,SQLITE_PARITY_087_DATE_TIMEDIFF_FUNCTION.rs,P0,memory,SQL_FUNCTIONS,1344445,2859674,2.127029,-112.702937,true,3
1084,10338,MULTIPLE_ON_CONFLICT_CLAUSES,SQLITE_PARITY_10338_MULTIPLE_ON_CONFLICT_CLAUSES.rs,P0,memory,SQL_UPSERT,1595991,3394717,2.127028,-112.702766,true,3
1085,00111,DOT_HEADERS,SQLITE_PARITY_111_DOT_HEADERS.rs,P0,memory,CLI_DOT_COMMAND,1445777,3074981,2.126871,-112.687088,true,3
1086,01032,JSON_EXTRACT_SET_025,SQLITE_PARITY_1032_JSON_EXTRACT_SET_025.rs,P2,memory,GEN_SQL_JSON,1621489,3448639,2.126835,-112.683466,true,3
1087,11907,WIN_SUM_EXCL_GROUP,SQLITE_PARITY_11907_WIN_SUM_EXCL_GROUP.rs,P0,memory,SQL_WINDOW,1515850,3223773,2.126710,-112.670977,true,3
1088,11848,JSON_DARROW_A_B,SQLITE_PARITY_11848_JSON_DARROW_A_B.rs,P0,memory,SQL_JSON,1330960,2830398,2.126584,-112.658382,true,3
1089,00383,SCALAR_NULL_COALESCE_039,SQLITE_PARITY_383_SCALAR_NULL_COALESCE_039.rs,P1,memory,GEN_SQL_SCALAR,1420740,3020298,2.125863,-112.586258,true,3
1090,00970,VIEW_TRIGGER_GENERATED_023,SQLITE_PARITY_970_VIEW_TRIGGER_GENERATED_023.rs,P2,memory,GEN_SQL_VIEW_TRIGGER,1663700,3535965,2.125362,-112.536214,true,3
1091,11226,CAST_TEXT_42_AS_REAL,SQLITE_PARITY_11226_CAST_TEXT_42_AS_REAL.rs,P0,memory,SQL_CAST,1409598,2995701,2.125217,-112.521655,true,3
1092,11320,AFFINITY_REAL_TEXT_NUM,SQLITE_PARITY_11320_AFFINITY_REAL_TEXT_NUM.rs,P0,memory,SQL_TYPE_AFFINITY,1427934,3034535,2.125123,-112.512273,true,3
1093,00930,CONSTRAINT_FK_SAVEPOINT_063,SQLITE_PARITY_930_CONSTRAINT_FK_SAVEPOINT_063.rs,P2,memory,GEN_SQL_CONSTRAINT_TX,1611722,3424733,2.124891,-112.489064,true,3
1094,11103,MATH_POW_10_0_1,SQLITE_PARITY_11103_MATH_POW_10_0_1.rs,P1,memory,SQL_MATH,1414928,3006552,2.124880,-112.487985,true,3
1095,11528,DATETIME_JULIANDAY_EPOCH_PLUS_10_SECONDS,SQLITE_PARITY_11528_DATETIME_JULIANDAY_EPOCH_PLUS_10_SECONDS.rs,P0,memory,SQL_DATETIME,1376586,2925068,2.124871,-112.487124,true,3
1096,11696,DATETIME_TIME_UNIX_START_OF_DAY,SQLITE_PARITY_11696_DATETIME_TIME_UNIX_START_OF_DAY.rs,P0,memory,SQL_DATETIME,1411382,2998947,2.124830,-112.483013,true,3
1097,00097,CLI_GENERATE_SERIES_OPTIONAL,SQLITE_PARITY_097_CLI_GENERATE_SERIES_OPTIONAL.rs,P2,memory,CLI_EXTENSION_OPTIONAL,1397025,2968219,2.124671,-112.467136,true,3
1098,00385,SCALAR_CAST_TYPEOF_040,SQLITE_PARITY_385_SCALAR_CAST_TYPEOF_040.rs,P1,memory,GEN_SQL_SCALAR,1480493,3145485,2.124620,-112.461997,true,3
1099,10620,QUOTE_BLOB_HEX_LITERAL,SQLITE_PARITY_10620_QUOTE_BLOB_HEX_LITERAL.rs,P0,memory,SQL_BLOB,1418886,3014387,2.124474,-112.447441,true,3
1100,11681,DATETIME_TIME_UNIX_PLUS_3_HOURS,SQLITE_PARITY_11681_DATETIME_TIME_UNIX_PLUS_3_HOURS.rs,P0,memory,SQL_DATETIME,1345978,2859193,2.124249,-112.424943,true,3
1101,11634,DATETIME_STRFTIME_ISO_DATE_2024_PLUS_30_MINUTES,SQLITE_PARITY_11634_DATETIME_STRFTIME_ISO_DATE_2024_PLUS_30_MINUTES.rs,P0,memory,SQL_DATETIME,1268412,2694141,2.124027,-112.402674,true,3
1102,00371,SCALAR_NULL_COALESCE_036,SQLITE_PARITY_371_SCALAR_NULL_COALESCE_036.rs,P1,memory,GEN_SQL_SCALAR,1441018,3060585,2.123905,-112.390477,true,3
1103,00892,CONSTRAINT_FK_SAVEPOINT_025,SQLITE_PARITY_892_CONSTRAINT_FK_SAVEPOINT_025.rs,P2,memory,GEN_SQL_CONSTRAINT_TX,1667838,3542076,2.123753,-112.375303,true,3
1104,10135,MODE_INSERT_NAMED_TARGET_WITH_BLOB,SQLITE_PARITY_10135_MODE_INSERT_NAMED_TARGET_WITH_BLOB.rs,P0,memory,CLI_OUTPUT_MODE,1486234,3156385,2.123747,-112.374700,true,3
1105,00650,JOIN_SUBQUERY_EXISTS_043,SQLITE_PARITY_650_JOIN_SUBQUERY_EXISTS_043.rs,P1,memory,GEN_SQL_JOIN_SUBQUERY,1788797,3798271,2.123366,-112.336615,true,3
1106,10120,MODE_COLUMN_WIDTH_10_8_4,SQLITE_PARITY_10120_MODE_COLUMN_WIDTH_10_8_4.rs,P0,memory,CLI_OUTPUT_MODE,1519396,3226117,2.123289,-112.328912,true,3
1107,10124,MODE_CSV_HEADERS_ON,SQLITE_PARITY_10124_MODE_CSV_HEADERS_ON.rs,P0,memory,CLI_OUTPUT_MODE,1482126,3146777,2.123151,-112.315080,true,3
1108,10447,JOIN_LEFT_WHERE_ON_LEFT_OK,SQLITE_PARITY_10447_JOIN_LEFT_WHERE_ON_LEFT_OK.rs,P0,memory,SQL_JOIN,1398217,2968370,2.122968,-112.296804,true,3
1109,01119,INDEX_SCHEMA_PRAGMA_052,SQLITE_PARITY_1119_INDEX_SCHEMA_PRAGMA_052.rs,P2,memory,GEN_SQL_INDEX_PRAGMA,1724635,3661121,2.122838,-112.283817,true,3
1110,10128,MODE_TABS_HEADERS_ON,SQLITE_PARITY_10128_MODE_TABS_HEADERS_ON.rs,P0,memory,CLI_OUTPUT_MODE,1521530,3229665,2.122643,-112.264300,true,3
1111,11227,CAST_TEXT_42_AS_TEXT,SQLITE_PARITY_11227_CAST_TEXT_42_AS_TEXT.rs,P0,memory,SQL_CAST,1454003,3086202,2.122555,-112.255546,true,3
1112,11505,DATETIME_DATE_EPOCH_MINUS_1_MONTH,SQLITE_PARITY_11505_DATETIME_DATE_EPOCH_MINUS_1_MONTH.rs,P0,memory,SQL_DATETIME,1436950,3049994,2.122547,-112.254706,true,3
1113,12003,PRAGMA_MAX_PAGE_COUNT,SQLITE_PARITY_12003_PRAGMA_MAX_PAGE_COUNT.rs,P1,memory,SQL_PRAGMA,1344295,2853261,2.122496,-112.249618,true,3
1114,01025,JSON_EXTRACT_SET_018,SQLITE_PARITY_1025_JSON_EXTRACT_SET_018.rs,P2,memory,GEN_SQL_JSON,1583668,3361304,2.122480,-112.248022,true,3
1115,00498,DML_WHERE_ORDER_LIMIT_111,SQLITE_PARITY_498_DML_WHERE_ORDER_LIMIT_111.rs,P1,memory,GEN_SQL_DML,1820146,3863203,2.122469,-112.246875,true,3
1116,10543,TOTAL_ALL_NULL_RETURNS_ZERO_REAL,SQLITE_PARITY_10543_TOTAL_ALL_NULL_RETURNS_ZERO_REAL.rs,P0,memory,SQL_AGGREGATE_ADV,1489429,3160864,2.122199,-112.219851,true,3
1117,00604,AGG_GROUP_HAVING_097,SQLITE_PARITY_604_AGG_GROUP_HAVING_097.rs,P1,memory,GEN_SQL_AGGREGATE,1570763,3333391,2.122148,-112.214764,true,3
1118,11208,CAST_INT_5_AS_BLOB,SQLITE_PARITY_11208_CAST_INT_5_AS_BLOB.rs,P0,memory,SQL_CAST,1373791,2915289,2.122076,-112.207607,true,3
1119,01080,INDEX_SCHEMA_PRAGMA_013,SQLITE_PARITY_1080_INDEX_SCHEMA_PRAGMA_013.rs,P2,memory,GEN_SQL_INDEX_PRAGMA,1675101,3554479,2.121949,-112.194906,true,3
1120,10400,PRAGMA_INDEX_INFO_TVF,SQLITE_PARITY_10400_PRAGMA_INDEX_INFO_TVF.rs,P0,memory,SQL_SCHEMA_INTROSPECTION,1485162,3151256,2.121826,-112.182644,true,3
1121,00776,CTE_RECURSIVE_MATRIX_069,SQLITE_PARITY_776_CTE_RECURSIVE_MATRIX_069.rs,P1,memory,GEN_SQL_CTE,1540387,3267937,2.121504,-112.150388,true,3
1122,10476,COMPOUND_MIXED_LEFT_TO_RIGHT,SQLITE_PARITY_10476_COMPOUND_MIXED_LEFT_TO_RIGHT.rs,P0,memory,SQL_COMPOUND,1479001,3137049,2.121059,-112.105942,true,3
1123,10270,PRAGMA_FOREIGN_KEYS_DEFAULT_OFF,SQLITE_PARITY_10270_PRAGMA_FOREIGN_KEYS_DEFAULT_OFF.rs,P0,memory,SQL_FOREIGN_KEYS,1334286,2830008,2.120991,-112.099055,true,3
1124,10057,AVG_TYPEOF_REAL_WITH_NULLS,SQLITE_PARITY_10057_AVG_TYPEOF_REAL_WITH_NULLS.rs,P0,memory,SQL_AGGREGATE_NULL,1516271,3215918,2.120939,-112.093880,true,3
1125,11054,MATH_LN_0_5,SQLITE_PARITY_11054_MATH_LN_0_5.rs,P1,memory,SQL_MATH,1381665,2930378,2.120903,-112.090340,true,3
1126,00716,CTE_RECURSIVE_MATRIX_009,SQLITE_PARITY_716_CTE_RECURSIVE_MATRIX_009.rs,P1,memory,GEN_SQL_CTE,1473139,3124375,2.120896,-112.089626,true,3
1127,00309,SCALAR_CAST_TYPEOF_021,SQLITE_PARITY_309_SCALAR_CAST_TYPEOF_021.rs,P1,memory,GEN_SQL_SCALAR,1487176,3153270,2.120307,-112.030721,true,3
1128,00901,CONSTRAINT_FK_SAVEPOINT_034,SQLITE_PARITY_901_CONSTRAINT_FK_SAVEPOINT_034.rs,P2,memory,GEN_SQL_CONSTRAINT_TX,1587075,3364800,2.120127,-112.012665,true,3
1129,11006,MATH_ACOSH_10_0,SQLITE_PARITY_11006_MATH_ACOSH_10_0.rs,P1,memory,SQL_MATH,1377057,2919487,2.120092,-112.009162,true,3
1130,10449,JOIN_FULL_OUTER,SQLITE_PARITY_10449_JOIN_FULL_OUTER.rs,P0,memory,SQL_JOIN,1498286,3175862,2.119663,-111.966340,true,3
1131,10121,MODE_COLUMN_WIDTH_LARGE,SQLITE_PARITY_10121_MODE_COLUMN_WIDTH_LARGE.rs,P0,memory,CLI_OUTPUT_MODE,1574581,3337258,2.119458,-111.945781,true,3
1132,00136,DOT_LOG,SQLITE_PARITY_136_DOT_LOG.rs,P0,memory,CLI_DOT_COMMAND,1352250,2865896,2.119354,-111.935367,true,3
1133,11081,MATH_TAN_0_7853981633974483,SQLITE_PARITY_11081_MATH_TAN_0_7853981633974483.rs,P1,memory,SQL_MATH,1390082,2946068,2.119348,-111.934835,true,3
1134,11531,DATETIME_TIME_EPOCH_START_OF_DAY,SQLITE_PARITY_11531_DATETIME_TIME_EPOCH_START_OF_DAY.rs,P0,memory,SQL_DATETIME,1457129,3087826,2.119116,-111.911643,true,3
1135,10210,OPT_MODE_ASCII,SQLITE_PARITY_10210_OPT_MODE_ASCII.rs,P0,memory,CLI_OPTION,1498046,3174450,2.119060,-111.906043,true,3
1136,11686,DATETIME_TIME_UNIX_PLUS_30_MINUTES,SQLITE_PARITY_11686_DATETIME_TIME_UNIX_PLUS_30_MINUTES.rs,P0,memory,SQL_DATETIME,1522262,3225707,2.119022,-111.902222,true,3
1137,10537,MIN_MAX_OVER_STRINGS_LEXICOGRAPHIC,SQLITE_PARITY_10537_MIN_MAX_OVER_STRINGS_LEXICOGRAPHIC.rs,P0,memory,SQL_AGGREGATE_ADV,1513796,3207723,2.118993,-111.899292,true,3
1138,00596,AGG_GROUP_HAVING_089,SQLITE_PARITY_596_AGG_GROUP_HAVING_089.rs,P1,memory,GEN_SQL_AGGREGATE,1665873,3529622,2.118782,-111.878216,true,3
1139,00361,SCALAR_CAST_TYPEOF_034,SQLITE_PARITY_361_SCALAR_CAST_TYPEOF_034.rs,P1,memory,GEN_SQL_SCALAR,1441228,3053000,2.118332,-111.833242,true,3
1140,01060,JSON_EXTRACT_SET_053,SQLITE_PARITY_1060_JSON_EXTRACT_SET_053.rs,P2,memory,GEN_SQL_JSON,1592294,3372985,2.118318,-111.831797,true,3
1141,00673,JOIN_SUBQUERY_EXISTS_066,SQLITE_PARITY_673_JOIN_SUBQUERY_EXISTS_066.rs,P1,memory,GEN_SQL_JOIN_SUBQUERY,1717732,3638409,2.118147,-111.814707,true,3
1142,11561,DATETIME_TIME_Y2K_MINUS_1_MONTH,SQLITE_PARITY_11561_DATETIME_TIME_Y2K_MINUS_1_MONTH.rs,P0,memory,SQL_DATETIME,1352691,2865165,2.118122,-111.812232,true,3
1143,11406,STRING_OCTET_LENGTH_H_LLO,SQLITE_PARITY_11406_STRING_OCTET_LENGTH_H_LLO.rs,P0,memory,SQL_STRING,1451919,3075292,2.118088,-111.808785,true,3
1144,11919,WIN_AVG_EXCL_NO_OTHERS,SQLITE_PARITY_11919_WIN_AVG_EXCL_NO_OTHERS.rs,P0,memory,SQL_WINDOW,1644494,3483044,2.118003,-111.800347,true,3
1145,10016,IFNULL_TWO_ARG,SQLITE_PARITY_10016_IFNULL_TWO_ARG.rs,P0,memory,SQL_NULL_SEMANTICS,1426040,3019987,2.117744,-111.774354,true,3
1146,10374,DETACH_AFTER_ATTACH,SQLITE_PARITY_10374_DETACH_AFTER_ATTACH.rs,P0,memory,SQL_ATTACH,1448021,3066496,2.117715,-111.771514,true,3
1147,10344,ON_CONFLICT_DEFAULTED_COLUMN,SQLITE_PARITY_10344_ON_CONFLICT_DEFAULTED_COLUMN.rs,P0,memory,SQL_UPSERT,1492696,3161034,2.117668,-111.766763,true,3
1148,00215,TRANSACTION_SYNONYMS_END_COMMIT_TRANSACTION,SQLITE_PARITY_215_TRANSACTION_SYNONYMS_END_COMMIT_TRANSACTION.rs,P0,memory,SQL_TRANSACTION,1585011,3356284,2.117515,-111.751464,true,3
1149,11727,DATETIME_DATETIME_Y2K_BASE,SQLITE_PARITY_11727_DATETIME_DATETIME_Y2K_BASE.rs,P0,memory,SQL_DATETIME,1429196,3026199,2.117414,-111.741357,true,3
1150,10407,PRAGMA_TABLE_LIST_TEMP_AND_TEMP_MASTER,SQLITE_PARITY_10407_PRAGMA_TABLE_LIST_TEMP_AND_TEMP_MASTER.rs,P0,memory,SQL_SCHEMA_INTROSPECTION,1476205,3125567,2.117299,-111.729875,true,3
1151,00047,PRAGMA_FOREIGN_KEYS,SQLITE_PARITY_047_PRAGMA_FOREIGN_KEYS.rs,P0,memory,SQL_PRAGMA,1285554,2721773,2.117198,-111.719850,true,3
1152,11229,CAST_TEXT_42_AS_NUMERIC,SQLITE_PARITY_11229_CAST_TEXT_42_AS_NUMERIC.rs,P0,memory,SQL_CAST,1478238,3129435,2.117003,-111.700349,true,3
1153,00430,DML_WHERE_ORDER_LIMIT_043,SQLITE_PARITY_430_DML_WHERE_ORDER_LIMIT_043.rs,P1,memory,GEN_SQL_DML,1697434,3593032,2.116743,-111.674327,true,3
1154,00855,WINDOW_PARTITION_SUM_068,SQLITE_PARITY_855_WINDOW_PARTITION_SUM_068.rs,P2,memory,GEN_SQL_WINDOW,1572097,3326518,2.115975,-111.597503,true,3
1155,10255,PRAGMA_SECURE_DELETE_TOGGLE,SQLITE_PARITY_10255_PRAGMA_SECURE_DELETE_TOGGLE.rs,P0,memory,SQL_PRAGMA,1271728,2690574,2.115684,-111.568354,true,3
1156,10376,SCHEMA_ISOLATION_SAME_NAME,SQLITE_PARITY_10376_SCHEMA_ISOLATION_SAME_NAME.rs,P0,memory,SQL_ATTACH,1594269,3372635,2.115474,-111.547424,true,3
1157,01114,INDEX_SCHEMA_PRAGMA_047,SQLITE_PARITY_1114_INDEX_SCHEMA_PRAGMA_047.rs,P2,memory,GEN_SQL_INDEX_PRAGMA,1624115,3435735,2.115451,-111.545057,true,3
1158,10143,MODE_BOX_HEADERS_OFF,SQLITE_PARITY_10143_MODE_BOX_HEADERS_OFF.rs,P0,memory,CLI_OUTPUT_MODE,1522863,3221499,2.115423,-111.542273,true,3
1159,11652,DATETIME_DATETIME_DATE_2024_START_OF_YEAR,SQLITE_PARITY_11652_DATETIME_DATETIME_DATE_2024_START_OF_YEAR.rs,P0,memory,SQL_DATETIME,1463120,3094949,2.115308,-111.530770,true,3
1160,11106,MATH_MOD_10_3,SQLITE_PARITY_11106_MATH_MOD_10_3.rs,P1,memory,SQL_MATH,1395602,2951788,2.115064,-111.506432,true,3
1161,00323,SCALAR_NULL_COALESCE_024,SQLITE_PARITY_323_SCALAR_NULL_COALESCE_024.rs,P1,memory,GEN_SQL_SCALAR,1485422,3141357,2.114791,-111.479095,true,3
1162,00725,CTE_RECURSIVE_MATRIX_018,SQLITE_PARITY_725_CTE_RECURSIVE_MATRIX_018.rs,P1,memory,GEN_SQL_CTE,1501422,3174149,2.114095,-111.409517,true,3
1163,11946,WIN_MAX_EXCL_CURRENT_ROW,SQLITE_PARITY_11946_WIN_MAX_EXCL_CURRENT_ROW.rs,P0,memory,SQL_WINDOW,1598456,3377956,2.113262,-111.326180,true,3
1164,11568,DATETIME_JULIANDAY_Y2K_PLUS_1_YEAR,SQLITE_PARITY_11568_DATETIME_JULIANDAY_Y2K_PLUS_1_YEAR.rs,P0,memory,SQL_DATETIME,1391054,2939485,2.113135,-111.313508,true,3
1165,00782,CTE_RECURSIVE_MATRIX_075,SQLITE_PARITY_782_CTE_RECURSIVE_MATRIX_075.rs,P1,memory,GEN_SQL_CTE,1508346,3187274,2.113092,-111.309209,true,3
1166,11036,MATH_COSH_0_0,SQLITE_PARITY_11036_MATH_COSH_0_0.rs,P1,memory,SQL_MATH,1398918,2955886,2.112980,-111.298017,true,3
1167,00858,WINDOW_PARTITION_SUM_071,SQLITE_PARITY_858_WINDOW_PARTITION_SUM_071.rs,P2,memory,GEN_SQL_WINDOW,1679479,3548208,2.112684,-111.268375,true,3
1168,11535,DATETIME_DATE_EPOCH_START_OF_MONTH,SQLITE_PARITY_11535_DATETIME_DATE_EPOCH_START_OF_MONTH.rs,P0,memory,SQL_DATETIME,1375695,2905381,2.111937,-111.193688,true,3
1169,12018,PRAGMA_HARD_HEAP_LIMIT,SQLITE_PARITY_12018_PRAGMA_HARD_HEAP_LIMIT.rs,P1,memory,SQL_PRAGMA,1286936,2717865,2.111888,-111.188824,true,3
1170,11830,JSON_JSON_ARRAY_LENGTH_D,SQLITE_PARITY_11830_JSON_JSON_ARRAY_LENGTH_D.rs,P0,memory,SQL_JSON,1429406,3018384,2.111635,-111.163518,true,3
1171,00055,JOINS_RIGHT_FULL_OUTER,SQLITE_PARITY_055_JOINS_RIGHT_FULL_OUTER.rs,P0,memory,SQL_JOIN,1563040,3300358,2.111499,-111.149939,true,3
1172,00470,DML_WHERE_ORDER_LIMIT_083,SQLITE_PARITY_470_DML_WHERE_ORDER_LIMIT_083.rs,P1,memory,GEN_SQL_DML,1736468,3665179,2.110709,-111.070921,true,3
1173,01018,JSON_EXTRACT_SET_011,SQLITE_PARITY_1018_JSON_EXTRACT_SET_011.rs,P2,memory,GEN_SQL_JSON,1655143,3493233,2.110532,-111.053244,true,3
1174,10405,PRAGMA_MODULE_LIST_FILTER,SQLITE_PARITY_10405_PRAGMA_MODULE_LIST_FILTER.rs,P0,memory,SQL_SCHEMA_INTROSPECTION,1391214,2935447,2.109990,-110.998955,true,3
1175,00617,JOIN_SUBQUERY_EXISTS_010,SQLITE_PARITY_617_JOIN_SUBQUERY_EXISTS_010.rs,P1,memory,GEN_SQL_JOIN_SUBQUERY,1693856,3573786,2.109852,-110.985231,true,3
1176,10448,JOIN_RIGHT_BASIC,SQLITE_PARITY_10448_JOIN_RIGHT_BASIC.rs,P0,memory,SQL_JOIN,1625968,3430244,2.109663,-110.966267,true,3
1177,10048,TOTAL_VS_SUM_ALL_NULL_AND_EMPTY,SQLITE_PARITY_10048_TOTAL_VS_SUM_ALL_NULL_AND_EMPTY.rs,P0,memory,SQL_AGGREGATE_NULL,1502264,3168549,2.109183,-110.918254,true,3
1178,11849,JSON_ARROW_A_B_0,SQLITE_PARITY_11849_JSON_ARROW_A_B_0.rs,P0,memory,SQL_JSON,1381626,2913796,2.108961,-110.896147,true,3
1179,10601,LIKE_ON_INTEGER_COERCES,SQLITE_PARITY_10601_LIKE_ON_INTEGER_COERCES.rs,P0,memory,SQL_PATTERN,1440998,3039003,2.108957,-110.895713,true,3
1180,00667,JOIN_SUBQUERY_EXISTS_060,SQLITE_PARITY_667_JOIN_SUBQUERY_EXISTS_060.rs,P1,memory,GEN_SQL_JOIN_SUBQUERY,1643642,3466233,2.108873,-110.887347,true,3
1181,10542,TOTAL_EMPTY_RETURNS_ZERO_REAL,SQLITE_PARITY_10542_TOTAL_EMPTY_RETURNS_ZERO_REAL.rs,P0,memory,SQL_AGGREGATE_ADV,1553000,3274078,2.108228,-110.822795,true,3
1182,00695,JOIN_SUBQUERY_EXISTS_088,SQLITE_PARITY_695_JOIN_SUBQUERY_EXISTS_088.rs,P1,memory,GEN_SQL_JOIN_SUBQUERY,1686964,3556253,2.108079,-110.807877,true,3
1183,11911,WIN_AVG_ROWS_CURRENT_UNBND_FOLL,SQLITE_PARITY_11911_WIN_AVG_ROWS_CURRENT_UNBND_FOLL.rs,P0,memory,SQL_WINDOW,1579070,3328512,2.107894,-110.789389,true,3
1184,11013,MATH_ASINH_0_0,SQLITE_PARITY_11013_MATH_ASINH_0_0.rs,P1,memory,SQL_MATH,1344395,2833725,2.107807,-110.780686,true,3
1185,00217,DETACH_DATABASE_SYNTAX,SQLITE_PARITY_217_DETACH_DATABASE_SYNTAX.rs,P0,memory,SQL_ATTACH,1539144,3243881,2.107588,-110.758772,true,3
1186,11588,DATETIME_JULIANDAY_Y2K_START_OF_DAY,SQLITE_PARITY_11588_DATETIME_JULIANDAY_Y2K_START_OF_DAY.rs,P0,memory,SQL_DATETIME,1324438,2791275,2.107517,-110.751655,true,3
1187,11065,MATH_RADIANS_90_0,SQLITE_PARITY_11065_MATH_RADIANS_90_0.rs,P1,memory,SQL_MATH,1376386,2900731,2.107498,-110.749819,true,3
1188,00614,JOIN_SUBQUERY_EXISTS_007,SQLITE_PARITY_614_JOIN_SUBQUERY_EXISTS_007.rs,P1,memory,GEN_SQL_JOIN_SUBQUERY,1688847,3558858,2.107271,-110.727082,true,3
1189,11443,STRING_REPLACE_AABBAA_B_X,SQLITE_PARITY_11443_STRING_REPLACE_AABBAA_B_X.rs,P0,memory,SQL_STRING,1485071,3129354,2.107208,-110.720834,true,3
1190,10326,DO_UPDATE_WHERE_FILTERED_OUT,SQLITE_PARITY_10326_DO_UPDATE_WHERE_FILTERED_OUT.rs,P0,memory,SQL_UPSERT,1482016,3122592,2.106989,-110.698940,true,3
1191,11574,DATETIME_STRFTIME_ISO_Y2K_PLUS_3_HOURS,SQLITE_PARITY_11574_DATETIME_STRFTIME_ISO_Y2K_PLUS_3_HOURS.rs,P0,memory,SQL_DATETIME,1371176,2888940,2.106907,-110.690677,true,3
1192,10114,MODE_LIST_NULLVALUE_EMPTY,SQLITE_PARITY_10114_MODE_LIST_NULLVALUE_EMPTY.rs,P0,memory,CLI_OUTPUT_MODE,1649813,3475069,2.106341,-110.634114,true,3
1193,11027,MATH_CEIL_1_6,SQLITE_PARITY_11027_MATH_CEIL_1_6.rs,P1,memory,SQL_MATH,1441018,3035126,2.106237,-110.623740,true,3
1194,00598,AGG_GROUP_HAVING_091,SQLITE_PARITY_598_AGG_GROUP_HAVING_091.rs,P1,memory,GEN_SQL_AGGREGATE,1683617,3545652,2.105973,-110.597303,true,3
1195,10477,COMPOUND_ORDER_BY_FINAL,SQLITE_PARITY_10477_COMPOUND_ORDER_BY_FINAL.rs,P0,memory,SQL_COMPOUND,1409999,2968610,2.105399,-110.539866,true,3
1196,01042,JSON_EXTRACT_SET_035,SQLITE_PARITY_1042_JSON_EXTRACT_SET_035.rs,P2,memory,GEN_SQL_JSON,1624175,3419403,2.105317,-110.531685,true,3
1197,10180,DOT_READ_FILE,SQLITE_PARITY_10180_DOT_READ_FILE.rs,P0,memory,CLI_DOT_COMMAND,1613635,3397061,2.105223,-110.522268,true,3
1198,00015,UPDATE_BASIC,SQLITE_PARITY_015_UPDATE_BASIC.rs,P0,memory,SQL_UPDATE,1472958,3100610,2.105023,-110.502268,true,3
1199,10284,FK_UPDATE_SET_NULL_NULLIFIES_CHILD,SQLITE_PARITY_10284_FK_UPDATE_SET_NULL_NULLIFIES_CHILD.rs,P0,memory,SQL_FOREIGN_KEYS,1692274,3562254,2.105010,-110.501018,true,3
1200,10023,NOT_NULL_DEFAULT_ACCEPTED,SQLITE_PARITY_10023_NOT_NULL_DEFAULT_ACCEPTED.rs,P0,memory,SQL_NULL_SEMANTICS,1405962,2959432,2.104916,-110.491606,true,3
1201,11350,AFFINITY_BLOB_REAL_HALF,SQLITE_PARITY_11350_AFFINITY_BLOB_REAL_HALF.rs,P0,memory,SQL_TYPE_AFFINITY,1457539,3067848,2.104814,-110.481366,true,3
1202,11517,DATETIME_DATETIME_EPOCH_PLUS_3_HOURS,SQLITE_PARITY_11517_DATETIME_DATETIME_EPOCH_PLUS_3_HOURS.rs,P0,memory,SQL_DATETIME,1529515,3217972,2.103917,-110.391660,true,3
1203,12031,PRAGMA_SET_THREADS_0,SQLITE_PARITY_12031_PRAGMA_SET_THREADS_0.rs,P1,memory,SQL_PRAGMA,1214269,2554636,2.103847,-110.384684,true,3
1204,00396,DML_WHERE_ORDER_LIMIT_009,SQLITE_PARITY_396_DML_WHERE_ORDER_LIMIT_009.rs,P1,memory,GEN_SQL_DML,1709487,3596379,2.103777,-110.377675,true,3
1205,00224,OPT_STATS,SQLITE_PARITY_224_OPT_STATS.rs,P3,memory,CLI_OPTION_DIAGNOSTIC,1374181,2890903,2.103728,-110.372797,true,3
1206,11945,WIN_MAX_GROUPS_1_PREC_CURRENT,SQLITE_PARITY_11945_WIN_MAX_GROUPS_1_PREC_CURRENT.rs,P0,memory,SQL_WINDOW,1629735,3428391,2.103649,-110.364937,true,3
1207,10074,NO_SQLITE_SEQUENCE_WITHOUT_AUTOINCREMENT,SQLITE_PARITY_10074_NO_SQLITE_SEQUENCE_WITHOUT_AUTOINCREMENT.rs,P0,memory,SQL_AUTOINCREMENT,1440517,3030337,2.103645,-110.364543,true,3
1208,11436,STRING_ZEROBLOB_4,SQLITE_PARITY_11436_STRING_ZEROBLOB_4.rs,P0,memory,SQL_STRING,1372389,2886916,2.103570,-110.356976,true,3
1209,00441,DML_WHERE_ORDER_LIMIT_054,SQLITE_PARITY_441_DML_WHERE_ORDER_LIMIT_054.rs,P1,memory,GEN_SQL_DML,1616600,3400498,2.103488,-110.348757,true,3
1210,10283,FK_UPDATE_CASCADE_REWRITES_CHILD,SQLITE_PARITY_10283_FK_UPDATE_CASCADE_REWRITES_CHILD.rs,P0,memory,SQL_FOREIGN_KEYS,1588337,3340293,2.103013,-110.301277,true,3
1211,11592,DATETIME_DATETIME_Y2K_START_OF_MONTH,SQLITE_PARITY_11592_DATETIME_DATETIME_Y2K_START_OF_MONTH.rs,P0,memory,SQL_DATETIME,1404829,2954213,2.102899,-110.289864,true,3
1212,10252,PRAGMA_QUERY_ONLY_READS_DEFAULT,SQLITE_PARITY_10252_PRAGMA_QUERY_ONLY_READS_DEFAULT.rs,P0,memory,SQL_PRAGMA,1287217,2706784,2.102819,-110.281872,true,3
1213,00862,WINDOW_PARTITION_SUM_075,SQLITE_PARITY_862_WINDOW_PARTITION_SUM_075.rs,P2,memory,GEN_SQL_WINDOW,1548942,3257066,2.102768,-110.276821,true,3
1214,10324,ON_CONFLICT_COL_DO_UPDATE,SQLITE_PARITY_10324_ON_CONFLICT_COL_DO_UPDATE.rs,P0,memory,SQL_UPSERT,1515459,3186653,2.102764,-110.276425,true,3
1215,10627,EMPTY_BLOB_ORDER,SQLITE_PARITY_10627_EMPTY_BLOB_ORDER.rs,P0,memory,SQL_BLOB,1333926,2804429,2.102387,-110.238724,true,3
1216,00311,SCALAR_NULL_COALESCE_021,SQLITE_PARITY_311_SCALAR_NULL_COALESCE_021.rs,P1,memory,GEN_SQL_SCALAR,1324368,2783920,2.102074,-110.207435,true,3
1217,00474,DML_WHERE_ORDER_LIMIT_087,SQLITE_PARITY_474_DML_WHERE_ORDER_LIMIT_087.rs,P1,memory,GEN_SQL_DML,1691753,3555602,2.101726,-110.172643,true,3
1218,00409,DML_WHERE_ORDER_LIMIT_022,SQLITE_PARITY_409_DML_WHERE_ORDER_LIMIT_022.rs,P1,memory,GEN_SQL_DML,1724013,3623160,2.101585,-110.158508,true,3
1219,00066,VALUES_STATEMENT,SQLITE_PARITY_066_VALUES_STATEMENT.rs,P0,memory,SQL_VALUES,1366147,2870935,2.101483,-110.148322,true,3
1220,00438,DML_WHERE_ORDER_LIMIT_051,SQLITE_PARITY_438_DML_WHERE_ORDER_LIMIT_051.rs,P1,memory,GEN_SQL_DML,1616289,3396089,2.101164,-110.116446,true,3
1221,11862,JSON_DARROW_E,SQLITE_PARITY_11862_JSON_DARROW_E.rs,P0,memory,SQL_JSON,1597575,3356554,2.101031,-110.103062,true,3
1222,11567,DATETIME_DATETIME_Y2K_PLUS_1_YEAR,SQLITE_PARITY_11567_DATETIME_DATETIME_Y2K_PLUS_1_YEAR.rs,P0,memory,SQL_DATETIME,1374252,2886885,2.100696,-110.069551,true,3
1223,00287,SCALAR_NULL_COALESCE_015,SQLITE_PARITY_287_SCALAR_NULL_COALESCE_015.rs,P1,memory,GEN_SQL_SCALAR,1438594,3021710,2.100461,-110.046059,true,3
1224,11582,DATETIME_DATETIME_Y2K_PLUS_10_SECONDS,SQLITE_PARITY_11582_DATETIME_DATETIME_Y2K_PLUS_10_SECONDS.rs,P0,memory,SQL_DATETIME,1361418,2859584,2.100445,-110.044527,true,3
1225,10203,OPT_NULLVALUE_LITERAL,SQLITE_PARITY_10203_OPT_NULLVALUE_LITERAL.rs,P0,memory,CLI_OPTION,1405901,2952840,2.100319,-110.031859,true,3
1226,01065,JSON_EXTRACT_SET_058,SQLITE_PARITY_1065_JSON_EXTRACT_SET_058.rs,P2,memory,GEN_SQL_JSON,1644554,3453788,2.100137,-110.013657,true,3
1227,00974,VIEW_TRIGGER_GENERATED_027,SQLITE_PARITY_974_VIEW_TRIGGER_GENERATED_027.rs,P2,memory,GEN_SQL_VIEW_TRIGGER,1815457,3812397,2.099965,-109.996546,true,3
1228,00099,CLI_UINT_COLLATION_OPTIONAL,SQLITE_PARITY_099_CLI_UINT_COLLATION_OPTIONAL.rs,P3,memory,CLI_EXTENSION_OPTIONAL,1414708,2970554,2.099765,-109.976476,true,3
1229,00078,ON_CONFLICT_ALGORITHMS,SQLITE_PARITY_078_ON_CONFLICT_ALGORITHMS.rs,P0,memory,SQL_CONFLICT,1488658,3125828,2.099762,-109.976234,true,3
1230,00983,VIEW_TRIGGER_GENERATED_036,SQLITE_PARITY_983_VIEW_TRIGGER_GENERATED_036.rs,P2,memory,GEN_SQL_VIEW_TRIGGER,1740525,3654569,2.099693,-109.969348,true,3
1231,00503,DML_WHERE_ORDER_LIMIT_116,SQLITE_PARITY_503_DML_WHERE_ORDER_LIMIT_116.rs,P1,memory,GEN_SQL_DML,1718103,3607209,2.099530,-109.953012,true,3
1232,11843,JSON_ARROW_,SQLITE_PARITY_11843_JSON_ARROW_.rs,P0,memory,SQL_JSON,1431520,3005460,2.099489,-109.948866,true,3
1233,00122,DOT_CHANGES,SQLITE_PARITY_122_DOT_CHANGES.rs,P0,memory,CLI_DOT_COMMAND,1414598,2969923,2.099482,-109.948197,true,3
1234,00592,AGG_GROUP_HAVING_085,SQLITE_PARITY_592_AGG_GROUP_HAVING_085.rs,P1,memory,GEN_SQL_AGGREGATE,1685831,3539130,2.099339,-109.933855,true,3
1235,10369,INSERT_DEFAULT_KEY_RETURNING,SQLITE_PARITY_10369_INSERT_DEFAULT_KEY_RETURNING.rs,P0,memory,SQL_RETURNING,1485463,3118173,2.099125,-109.912532,true,3
1236,11500,DATETIME_DATE_EPOCH_PLUS_5_DAYS,SQLITE_PARITY_11500_DATETIME_DATE_EPOCH_PLUS_5_DAYS.rs,P0,memory,SQL_DATETIME,1352571,2838984,2.098954,-109.895377,true,3
1237,00737,CTE_RECURSIVE_MATRIX_030,SQLITE_PARITY_737_CTE_RECURSIVE_MATRIX_030.rs,P1,memory,GEN_SQL_CTE,1597835,3353769,2.098946,-109.894576,true,3
1238,00963,VIEW_TRIGGER_GENERATED_016,SQLITE_PARITY_963_VIEW_TRIGGER_GENERATED_016.rs,P2,memory,GEN_SQL_VIEW_TRIGGER,1771023,3716706,2.098621,-109.862097,true,3
1239,10441,REC_FACTORIAL,SQLITE_PARITY_10441_REC_FACTORIAL.rs,P0,memory,SQL_RECURSIVE_CTE,1441620,3025407,2.098616,-109.861614,true,3
1240,11601,DATETIME_TIME_Y2K_WEEKDAY_0,SQLITE_PARITY_11601_DATETIME_TIME_Y2K_WEEKDAY_0.rs,P0,memory,SQL_DATETIME,1485953,3118023,2.098332,-109.833218,true,3
1241,00352,SCALAR_ARITH_032,SQLITE_PARITY_352_SCALAR_ARITH_032.rs,P1,memory,GEN_SQL_SCALAR,1373871,2882688,2.098223,-109.822320,true,3
1242,10323,ON_CONFLICT_COL_DO_NOTHING,SQLITE_PARITY_10323_ON_CONFLICT_COL_DO_NOTHING.rs,P0,memory,SQL_UPSERT,1463671,3071084,2.098206,-109.820650,true,3
1243,11425,STRING_QUOTE_A_B,SQLITE_PARITY_11425_STRING_QUOTE_A_B.rs,P0,memory,SQL_STRING,1427172,2994429,2.098156,-109.815565,true,3
1244,00827,WINDOW_PARTITION_SUM_040,SQLITE_PARITY_827_WINDOW_PARTITION_SUM_040.rs,P2,memory,GEN_SQL_WINDOW,1593867,3344171,2.098149,-109.814934,true,3
1245,00576,AGG_GROUP_HAVING_069,SQLITE_PARITY_576_AGG_GROUP_HAVING_069.rs,P1,memory,GEN_SQL_AGGREGATE,1619817,3398283,2.097943,-109.794255,true,3
1246,00977,VIEW_TRIGGER_GENERATED_030,SQLITE_PARITY_977_VIEW_TRIGGER_GENERATED_030.rs,P2,memory,GEN_SQL_VIEW_TRIGGER,1734915,3639730,2.097930,-109.792987,true,3
1247,00260,SCALAR_ARITH_009,SQLITE_PARITY_260_SCALAR_ARITH_009.rs,P1,memory,GEN_SQL_SCALAR,1426020,2991173,2.097567,-109.756736,true,3
1248,10365,INSERT_SELECT_RETURNING,SQLITE_PARITY_10365_INSERT_SELECT_RETURNING.rs,P0,memory,SQL_RETURNING,1571385,3295769,2.097366,-109.736570,true,3
1249,10019,CASE_WHEN_NULL_MATCH,SQLITE_PARITY_10019_CASE_WHEN_NULL_MATCH.rs,P0,memory,SQL_NULL_SEMANTICS,1446188,3033082,2.097294,-109.729440,true,3
1250,10051,GROUP_CONCAT_ALL_NULL_RETURNS_NULL,SQLITE_PARITY_10051_GROUP_CONCAT_ALL_NULL_RETURNS_NULL.rs,P0,memory,SQL_AGGREGATE_NULL,1479271,3101992,2.096973,-109.697344,true,3
1251,00531,AGG_GROUP_HAVING_024,SQLITE_PARITY_531_AGG_GROUP_HAVING_024.rs,P1,memory,GEN_SQL_AGGREGATE,1733121,3634150,2.096882,-109.688187,true,3
1252,00754,CTE_RECURSIVE_MATRIX_047,SQLITE_PARITY_754_CTE_RECURSIVE_MATRIX_047.rs,P1,memory,GEN_SQL_CTE,1559763,3270461,2.096768,-109.676791,true,3
1253,00904,CONSTRAINT_FK_SAVEPOINT_037,SQLITE_PARITY_904_CONSTRAINT_FK_SAVEPOINT_037.rs,P2,memory,GEN_SQL_CONSTRAINT_TX,1571625,3294267,2.096090,-109.608972,true,3
1254,00061,WINDOW_ROW_NUMBER_RANK,SQLITE_PARITY_061_WINDOW_ROW_NUMBER_RANK.rs,P0,memory,SQL_WINDOW,1557839,3265021,2.095865,-109.586549,true,3
1255,11515,DATETIME_DATE_EPOCH_PLUS_3_HOURS,SQLITE_PARITY_11515_DATETIME_DATE_EPOCH_PLUS_3_HOURS.rs,P0,memory,SQL_DATETIME,1451839,3042811,2.095832,-109.583225,true,3
1256,00356,SCALAR_ARITH_033,SQLITE_PARITY_356_SCALAR_ARITH_033.rs,P1,memory,GEN_SQL_SCALAR,1440557,3019076,2.095770,-109.576990,true,3
1257,01111,INDEX_SCHEMA_PRAGMA_044,SQLITE_PARITY_1111_INDEX_SCHEMA_PRAGMA_044.rs,P2,memory,GEN_SQL_INDEX_PRAGMA,1650324,3457806,2.095229,-109.522857,true,3
1258,11927,WIN_COUNT_EXCL_GROUP,SQLITE_PARITY_11927_WIN_COUNT_EXCL_GROUP.rs,P0,memory,SQL_WINDOW,1669801,3498102,2.094921,-109.492149,true,3
1259,10260,PRAGMA_BUSY_TIMEOUT_SET,SQLITE_PARITY_10260_PRAGMA_BUSY_TIMEOUT_SET.rs,P0,memory,SQL_PRAGMA,1514618,3172857,2.094823,-109.482325,true,3
1260,00658,JOIN_SUBQUERY_EXISTS_051,SQLITE_PARITY_658_JOIN_SUBQUERY_EXISTS_051.rs,P1,memory,GEN_SQL_JOIN_SUBQUERY,1705379,3572434,2.094804,-109.480356,true,3
1261,11348,AFFINITY_BLOB_INT_1,SQLITE_PARITY_11348_AFFINITY_BLOB_INT_1.rs,P0,memory,SQL_TYPE_AFFINITY,1463450,3064993,2.094361,-109.436127,true,3
1262,11851,JSON_ARROW_A_B_1,SQLITE_PARITY_11851_JSON_ARROW_A_B_1.rs,P0,memory,SQL_JSON,1387246,2905230,2.094243,-109.424284,true,3
1263,11591,DATETIME_TIME_Y2K_START_OF_MONTH,SQLITE_PARITY_11591_DATETIME_TIME_Y2K_START_OF_MONTH.rs,P0,memory,SQL_DATETIME,1398968,2928695,2.093468,-109.346819,true,3
1264,00896,CONSTRAINT_FK_SAVEPOINT_029,SQLITE_PARITY_896_CONSTRAINT_FK_SAVEPOINT_029.rs,P2,memory,GEN_SQL_CONSTRAINT_TX,1599658,3348209,2.093078,-109.307802,true,3
1265,00344,SCALAR_ARITH_030,SQLITE_PARITY_344_SCALAR_ARITH_030.rs,P1,memory,GEN_SQL_SCALAR,1412835,2956657,2.092712,-109.271217,true,3
1266,00605,AGG_GROUP_HAVING_098,SQLITE_PARITY_605_AGG_GROUP_HAVING_098.rs,P1,memory,GEN_SQL_AGGREGATE,1639114,3429683,2.092401,-109.240053,true,3
1267,00250,SCALAR_STRING_006,SQLITE_PARITY_250_SCALAR_STRING_006.rs,P1,memory,GEN_SQL_SCALAR,1387396,2902495,2.092045,-109.204510,true,3
1268,01005,VIEW_TRIGGER_GENERATED_058,SQLITE_PARITY_1005_VIEW_TRIGGER_GENERATED_058.rs,P2,memory,GEN_SQL_VIEW_TRIGGER,1732690,3624291,2.091713,-109.171346,true,3
1269,00727,CTE_RECURSIVE_MATRIX_020,SQLITE_PARITY_727_CTE_RECURSIVE_MATRIX_020.rs,P1,memory,GEN_SQL_CTE,1616530,3381011,2.091524,-109.152382,true,3
1270,11067,MATH_RADIANS_180_0,SQLITE_PARITY_11067_MATH_RADIANS_180_0.rs,P1,memory,SQL_MATH,1431380,2993738,2.091505,-109.150470,true,3
1271,10382,PRAGMA_DATABASE_LIST_ATTACHED,SQLITE_PARITY_10382_PRAGMA_DATABASE_LIST_ATTACHED.rs,P0,memory,SQL_ATTACH,1453411,3039815,2.091504,-109.150405,true,3
1272,11053,MATH_LN_2_0,SQLITE_PARITY_11053_MATH_LN_2_0.rs,P1,memory,SQL_MATH,1431340,2992916,2.090989,-109.098886,true,3
1273,01098,INDEX_SCHEMA_PRAGMA_031,SQLITE_PARITY_1098_INDEX_SCHEMA_PRAGMA_031.rs,P2,memory,GEN_SQL_INDEX_PRAGMA,1677877,3508392,2.090971,-109.097091,true,3
1274,11676,DATETIME_TIME_UNIX_PLUS_1_YEAR,SQLITE_PARITY_11676_DATETIME_TIME_UNIX_PLUS_1_YEAR.rs,P0,memory,SQL_DATETIME,1585953,3316168,2.090962,-109.096234,true,3
1275,11244,CAST_BLOB_HEX_AS_NUMERIC,SQLITE_PARITY_11244_CAST_BLOB_HEX_AS_NUMERIC.rs,P0,memory,SQL_CAST,1520859,3179971,2.090905,-109.090455,true,3
1276,00841,WINDOW_PARTITION_SUM_054,SQLITE_PARITY_841_WINDOW_PARTITION_SUM_054.rs,P2,memory,GEN_SQL_WINDOW,1584560,3312621,2.090562,-109.056205,true,3
1277,11446,STRING_PRINTF_05D_7,SQLITE_PARITY_11446_STRING_PRINTF_05D_7.rs,P0,memory,SQL_STRING,1437291,3003817,2.089916,-108.991568,true,3
1278,00395,DML_WHERE_ORDER_LIMIT_008,SQLITE_PARITY_395_DML_WHERE_ORDER_LIMIT_008.rs,P1,memory,GEN_SQL_DML,1576375,3294437,2.089882,-108.988153,true,3
1279,00888,CONSTRAINT_FK_SAVEPOINT_021,SQLITE_PARITY_888_CONSTRAINT_FK_SAVEPOINT_021.rs,P2,memory,GEN_SQL_CONSTRAINT_TX,1625718,3397312,2.089730,-108.973020,true,3
1280,00752,CTE_RECURSIVE_MATRIX_045,SQLITE_PARITY_752_CTE_RECURSIVE_MATRIX_045.rs,P1,memory,GEN_SQL_CTE,1615599,3375902,2.089567,-108.956678,true,3
1281,11846,JSON_DARROW_A,SQLITE_PARITY_11846_JSON_DARROW_A.rs,P0,memory,SQL_JSON,1400352,2925879,2.089388,-108.938824,true,3
1282,00550,AGG_GROUP_HAVING_043,SQLITE_PARITY_550_AGG_GROUP_HAVING_043.rs,P1,memory,GEN_SQL_AGGREGATE,1652819,3452887,2.089090,-108.908961,true,3
1283,10313,COMMIT_AFTER_ONLY_SELECTS,SQLITE_PARITY_10313_COMMIT_AFTER_ONLY_SELECTS.rs,P0,memory,SQL_TRANSACTION,1512884,3159662,2.088502,-108.850249,true,3
1284,11096,MATH_ATAN2_1_0_1_0,SQLITE_PARITY_11096_MATH_ATAN2_1_0_1_0.rs,P1,memory,SQL_MATH,1411953,2948683,2.088372,-108.837192,true,3
1285,11943,WIN_MAX_ROWS_2_PREC_CURRENT,SQLITE_PARITY_11943_WIN_MAX_ROWS_2_PREC_CURRENT.rs,P0,memory,SQL_WINDOW,1632120,3407431,2.087733,-108.773313,true,3
1286,10187,DOT_PRINT_MESSAGE,SQLITE_PARITY_10187_DOT_PRINT_MESSAGE.rs,P0,memory,CLI_DOT_COMMAND,1169524,2441642,2.087723,-108.772287,true,3
1287,11900,WIN_SUM_ROWS_UNBND_PREC_CURRENT,SQLITE_PARITY_11900_WIN_SUM_ROWS_UNBND_PREC_CURRENT.rs,P0,memory,SQL_WINDOW,1540066,3215177,2.087688,-108.768780,true,3
1288,10302,SAVEPOINT_DEPTH_1_RELEASE,SQLITE_PARITY_10302_SAVEPOINT_DEPTH_1_RELEASE.rs,P0,memory,SQL_TRANSACTION,1510159,3152628,2.087613,-108.761329,true,3
1289,00574,AGG_GROUP_HAVING_067,SQLITE_PARITY_574_AGG_GROUP_HAVING_067.rs,P1,memory,GEN_SQL_AGGREGATE,1699207,3547195,2.087559,-108.755908,true,3
1290,00998,VIEW_TRIGGER_GENERATED_051,SQLITE_PARITY_998_VIEW_TRIGGER_GENERATED_051.rs,P2,memory,GEN_SQL_VIEW_TRIGGER,1756846,3667262,2.087412,-108.741233,true,3
1291,10028,ORDER_BY_ASC_NULLS_LAST_OVERRIDE,SQLITE_PARITY_10028_ORDER_BY_ASC_NULLS_LAST_OVERRIDE.rs,P0,memory,SQL_NULL_ORDER,1468600,3065273,2.087208,-108.720754,true,3
1292,11543,DATETIME_JULIANDAY_EPOCH_START_OF_YEAR,SQLITE_PARITY_11543_DATETIME_JULIANDAY_EPOCH_START_OF_YEAR.rs,P0,memory,SQL_DATETIME,1435097,2995151,2.087072,-108.707216,true,3
1293,10536,AVG_EQUALS_SUM_OVER_COUNT_MANUAL,SQLITE_PARITY_10536_AVG_EQUALS_SUM_OVER_COUNT_MANUAL.rs,P0,memory,SQL_AGGREGATE_ADV,1571785,3280330,2.087009,-108.700936,true,3
1294,01069,INDEX_SCHEMA_PRAGMA_002,SQLITE_PARITY_1069_INDEX_SCHEMA_PRAGMA_002.rs,P2,memory,GEN_SQL_INDEX_PRAGMA,1805588,3768254,2.086995,-108.699548,true,3
1295,00080,NOT_NULL_FAILURE,SQLITE_PARITY_080_NOT_NULL_FAILURE.rs,P0,memory,SQL_CONSTRAINTS_NEGATIVE,1382627,2885292,2.086819,-108.681879,true,3
1296,12036,PRAGMA_SET_REVERSE_UNORDERED_SELECTS_ON,SQLITE_PARITY_12036_PRAGMA_SET_REVERSE_UNORDERED_SELECTS_ON.rs,P1,memory,SQL_PRAGMA,1239346,2586147,2.086703,-108.670299,true,3
1297,11670,DATETIME_DATE_UNIX_MINUS_1_MONTH,SQLITE_PARITY_11670_DATETIME_DATE_UNIX_MINUS_1_MONTH.rs,P0,memory,SQL_DATETIME,1398658,2918295,2.086496,-108.649648,true,3
1298,01006,VIEW_TRIGGER_GENERATED_059,SQLITE_PARITY_1006_VIEW_TRIGGER_GENERATED_059.rs,P2,memory,GEN_SQL_VIEW_TRIGGER,1700770,3548398,2.086348,-108.634795,true,3
1299,10617,BLOB_EQUALITY_SAME_BYTES,SQLITE_PARITY_10617_BLOB_EQUALITY_SAME_BYTES.rs,P0,memory,SQL_BLOB,1392617,2905321,2.086231,-108.623117,true,3
1300,00734,CTE_RECURSIVE_MATRIX_027,SQLITE_PARITY_734_CTE_RECURSIVE_MATRIX_027.rs,P1,memory,GEN_SQL_CTE,1636428,3413432,2.085904,-108.590418,true,3
1301,11003,MATH_ACOS_0_5,SQLITE_PARITY_11003_MATH_ACOS_0_5.rs,P1,memory,SQL_MATH,1605209,3348159,2.085809,-108.580876,true,3
1302,00001,SELECT_CORE_EXPRESSIONS,SQLITE_PARITY_001_SELECT_CORE_EXPRESSIONS.rs,P0,memory,SQL_SELECT,1420590,2962850,2.085648,-108.564751,true,3
1303,00283,SCALAR_NULL_COALESCE_014,SQLITE_PARITY_283_SCALAR_NULL_COALESCE_014.rs,P1,memory,GEN_SQL_SCALAR,1490542,3108675,2.085600,-108.560041,true,3
1304,00916,CONSTRAINT_FK_SAVEPOINT_049,SQLITE_PARITY_916_CONSTRAINT_FK_SAVEPOINT_049.rs,P2,memory,GEN_SQL_CONSTRAINT_TX,1584780,3305057,2.085499,-108.549893,true,3
1305,00368,SCALAR_ARITH_036,SQLITE_PARITY_368_SCALAR_ARITH_036.rs,P1,memory,GEN_SQL_SCALAR,1381055,2879742,2.085175,-108.517546,true,3
1306,00699,JOIN_SUBQUERY_EXISTS_092,SQLITE_PARITY_699_JOIN_SUBQUERY_EXISTS_092.rs,P1,memory,GEN_SQL_JOIN_SUBQUERY,1704927,3554219,2.084675,-108.467518,true,3
1307,11560,DATETIME_DATE_Y2K_MINUS_1_MONTH,SQLITE_PARITY_11560_DATETIME_DATE_Y2K_MINUS_1_MONTH.rs,P0,memory,SQL_DATETIME,1395161,2908417,2.084646,-108.464614,true,3
1308,00615,JOIN_SUBQUERY_EXISTS_008,SQLITE_PARITY_615_JOIN_SUBQUERY_EXISTS_008.rs,P1,memory,GEN_SQL_JOIN_SUBQUERY,1691261,3525054,2.084276,-108.427558,true,3
1309,00579,AGG_GROUP_HAVING_072,SQLITE_PARITY_579_AGG_GROUP_HAVING_072.rs,P1,memory,GEN_SQL_AGGREGATE,1586664,3307020,2.084260,-108.425981,true,3
1310,10245,PRAGMA_CASE_SENSITIVE_LIKE_OFF_AFFECTS_LIKE,SQLITE_PARITY_10245_PRAGMA_CASE_SENSITIVE_LIKE_OFF_AFFECTS_LIKE.rs,P0,memory,SQL_PRAGMA,1452580,3027461,2.084196,-108.419571,true,3
1311,00815,WINDOW_PARTITION_SUM_028,SQLITE_PARITY_815_WINDOW_PARTITION_SUM_028.rs,P2,memory,GEN_SQL_WINDOW,1618054,3371763,2.083838,-108.383836,true,3
1312,00237,SCALAR_CAST_TYPEOF_003,SQLITE_PARITY_237_SCALAR_CAST_TYPEOF_003.rs,P1,memory,GEN_SQL_SCALAR,1436309,2992616,2.083546,-108.354609,true,3
1313,00651,JOIN_SUBQUERY_EXISTS_044,SQLITE_PARITY_651_JOIN_SUBQUERY_EXISTS_044.rs,P1,memory,GEN_SQL_JOIN_SUBQUERY,1741888,3629191,2.083481,-108.348126,true,3
1314,10310,ROLLBACK_TO_UNKNOWN_SAVEPOINT_REJECTED,SQLITE_PARITY_10310_ROLLBACK_TO_UNKNOWN_SAVEPOINT_REJECTED.rs,P0,memory,SQL_TRANSACTION,1183381,2465277,2.083249,-108.324876,true,3
1315,10168,DOT_SEPARATOR_SEMI,SQLITE_PARITY_10168_DOT_SEPARATOR_SEMI.rs,P0,memory,CLI_DOT_COMMAND,1361127,2835338,2.083081,-108.308115,true,3
1316,11598,DATETIME_JULIANDAY_Y2K_START_OF_YEAR,SQLITE_PARITY_11598_DATETIME_JULIANDAY_Y2K_START_OF_YEAR.rs,P0,memory,SQL_DATETIME,1408396,2933764,2.083053,-108.305335,true,3
1317,10397,PRAGMA_TABLE_INFO_TVF,SQLITE_PARITY_10397_PRAGMA_TABLE_INFO_TVF.rs,P0,memory,SQL_SCHEMA_INTROSPECTION,1534505,3196432,2.083038,-108.303785,true,3
1318,11928,WIN_COUNT_EXCL_TIES,SQLITE_PARITY_11928_WIN_COUNT_EXCL_TIES.rs,P0,memory,SQL_WINDOW,1613154,3359951,2.082846,-108.284578,true,3
1319,11434,STRING_CHAR_65_66_67,SQLITE_PARITY_11434_STRING_CHAR_65_66_67.rs,P0,memory,SQL_STRING,1433584,2985703,2.082684,-108.268438,true,3
1320,00213,SQL_WAL_CHECKPOINT_TEMPFILE,SQLITE_PARITY_213_SQL_WAL_CHECKPOINT_TEMPFILE.rs,P2,tempfile,SQL_TEMPFILE,1865622,3885456,2.082660,-108.265983,true,3
1321,10145,MODE_JSON_WITH_BLOB,SQLITE_PARITY_10145_MODE_JSON_WITH_BLOB.rs,P0,memory,CLI_OUTPUT_MODE,1590150,3311169,2.082300,-108.229978,true,3
1322,01036,JSON_EXTRACT_SET_029,SQLITE_PARITY_1036_JSON_EXTRACT_SET_029.rs,P2,memory,GEN_SQL_JSON,1654672,3445523,2.082300,-108.229969,true,3
1323,12022,PRAGMA_STATS,SQLITE_PARITY_12022_PRAGMA_STATS.rs,P1,memory,SQL_PRAGMA,1173341,2443096,2.082170,-108.217049,true,3
1324,01091,INDEX_SCHEMA_PRAGMA_024,SQLITE_PARITY_1091_INDEX_SCHEMA_PRAGMA_024.rs,P2,memory,GEN_SQL_INDEX_PRAGMA,1671714,3480620,2.082067,-108.206667,true,3
1325,11827,JSON_JSON_ARRAY_LENGTH_A_B_0,SQLITE_PARITY_11827_JSON_JSON_ARRAY_LENGTH_A_B_0.rs,P0,memory,SQL_JSON,1421231,2959022,2.082013,-108.201341,true,3
1326,10500,MULTIPLE_DERIVED_TABLES_IN_FROM,SQLITE_PARITY_10500_MULTIPLE_DERIVED_TABLES_IN_FROM.rs,P0,memory,SQL_SUBQUERY,1638812,3412009,2.082001,-108.200147,true,3
1327,11866,JSON_DARROW_A_B_99,SQLITE_PARITY_11866_JSON_DARROW_A_B_99.rs,P0,memory,SQL_JSON,1468511,3057288,2.081897,-108.189656,true,3
1328,11938,WIN_MIN_EXCL_TIES,SQLITE_PARITY_11938_WIN_MIN_EXCL_TIES.rs,P0,memory,SQL_WINDOW,1639975,3414143,2.081826,-108.182625,true,3
1329,11575,DATETIME_DATE_Y2K_PLUS_30_MINUTES,SQLITE_PARITY_11575_DATETIME_DATE_Y2K_PLUS_30_MINUTES.rs,P0,memory,SQL_DATETIME,1418135,2951808,2.081472,-108.147179,true,3
1330,00919,CONSTRAINT_FK_SAVEPOINT_052,SQLITE_PARITY_919_CONSTRAINT_FK_SAVEPOINT_052.rs,P2,memory,GEN_SQL_CONSTRAINT_TX,1623664,3379488,2.081396,-108.139615,true,3
1331,00981,VIEW_TRIGGER_GENERATED_034,SQLITE_PARITY_981_VIEW_TRIGGER_GENERATED_034.rs,P2,memory,GEN_SQL_VIEW_TRIGGER,1748891,3640101,2.081377,-108.137671,true,3
1332,00147,DOT_IMPORT_CSV_TEMPFILE,SQLITE_PARITY_147_DOT_IMPORT_CSV_TEMPFILE.rs,P1,tempfile,CLI_TEMPFILE,1941716,4040790,2.081041,-108.104069,true,3
1333,11361,AFFINITY_NUMERIC_TEXT_BARE,SQLITE_PARITY_11361_AFFINITY_NUMERIC_TEXT_BARE.rs,P0,memory,SQL_TYPE_AFFINITY,1502936,3127601,2.080994,-108.099413,true,3
1334,00676,JOIN_SUBQUERY_EXISTS_069,SQLITE_PARITY_676_JOIN_SUBQUERY_EXISTS_069.rs,P1,memory,GEN_SQL_JOIN_SUBQUERY,1683096,3502511,2.080993,-108.099300,true,3
1335,00587,AGG_GROUP_HAVING_080,SQLITE_PARITY_587_AGG_GROUP_HAVING_080.rs,P1,memory,GEN_SQL_AGGREGATE,1619806,3370612,2.080874,-108.087388,true,3
1336,10366,WITH_PREFIX_INSERT_SELECT_RETURNING,SQLITE_PARITY_10366_WITH_PREFIX_INSERT_SELECT_RETURNING.rs,P0,memory,SQL_RETURNING,1540787,3206150,2.080852,-108.085219,true,3
1337,11222,CAST_REAL_0_AS_TEXT,SQLITE_PARITY_11222_CAST_REAL_0_AS_TEXT.rs,P0,memory,SQL_CAST,1415830,2945877,2.080671,-108.067141,true,3
1338,10485,COMPOUND_DISTINCT_INSIDE_VS_UNION,SQLITE_PARITY_10485_COMPOUND_DISTINCT_INSIDE_VS_UNION.rs,P0,memory,SQL_COMPOUND,1534665,3192985,2.080575,-108.057459,true,3
1339,10025,NULL_GLOB_PATTERN,SQLITE_PARITY_10025_NULL_GLOB_PATTERN.rs,P0,memory,SQL_NULL_SEMANTICS,1405460,2924066,2.080505,-108.050460,true,3
1340,00169,DOT_NONCE_SAFE_MODE,SQLITE_PARITY_169_DOT_NONCE_SAFE_MODE.rs,P2,memory,CLI_DOT_COMMAND,1413576,2940738,2.080354,-108.035366,true,3
1341,11940,WIN_MAX_ROWS_UNBND_PREC_CURRENT,SQLITE_PARITY_11940_WIN_MAX_ROWS_UNBND_PREC_CURRENT.rs,P0,memory,SQL_WINDOW,1562919,3251235,2.080233,-108.023256,true,3
1342,00112,DOT_SEPARATOR,SQLITE_PARITY_112_DOT_SEPARATOR.rs,P0,memory,CLI_DOT_COMMAND,1343814,2795001,2.079902,-107.990168,true,3
1343,01022,JSON_EXTRACT_SET_015,SQLITE_PARITY_1022_JSON_EXTRACT_SET_015.rs,P2,memory,GEN_SQL_JSON,1678107,3490007,2.079729,-107.972853,true,3
1344,11200,CAST_NULL_AS_INTEGER,SQLITE_PARITY_11200_CAST_NULL_AS_INTEGER.rs,P0,memory,SQL_CAST,1469091,3054502,2.079178,-107.917821,true,3
1345,10426,REC_SIMPLE_COUNTER_UNION_ALL,SQLITE_PARITY_10426_REC_SIMPLE_COUNTER_UNION_ALL.rs,P0,memory,SQL_RECURSIVE_CTE,1472197,3060624,2.078950,-107.895003,true,3
1346,00384,SCALAR_ARITH_040,SQLITE_PARITY_384_SCALAR_ARITH_040.rs,P1,memory,GEN_SQL_SCALAR,1379963,2867740,2.078128,-107.812818,true,3
1347,00870,CONSTRAINT_FK_SAVEPOINT_003,SQLITE_PARITY_870_CONSTRAINT_FK_SAVEPOINT_003.rs,P2,memory,GEN_SQL_CONSTRAINT_TX,1659111,3447827,2.078117,-107.811714,true,3
1348,10519,GROUP_CONCAT_DELIMITER_ORDER_BY,SQLITE_PARITY_10519_GROUP_CONCAT_DELIMITER_ORDER_BY.rs,P0,memory,SQL_AGGREGATE_ADV,1546137,3212672,2.077870,-107.787020,true,3
1349,00736,CTE_RECURSIVE_MATRIX_029,SQLITE_PARITY_736_CTE_RECURSIVE_MATRIX_029.rs,P1,memory,GEN_SQL_CTE,1590721,3304596,2.077420,-107.742024,true,3
1350,00895,CONSTRAINT_FK_SAVEPOINT_028,SQLITE_PARITY_895_CONSTRAINT_FK_SAVEPOINT_028.rs,P2,memory,GEN_SQL_CONSTRAINT_TX,1688928,3508603,2.077414,-107.741419,true,3
1351,00703,JOIN_SUBQUERY_EXISTS_096,SQLITE_PARITY_703_JOIN_SUBQUERY_EXISTS_096.rs,P1,memory,GEN_SQL_JOIN_SUBQUERY,1698225,3527758,2.077321,-107.732073,true,3
1352,00507,DML_WHERE_ORDER_LIMIT_120,SQLITE_PARITY_507_DML_WHERE_ORDER_LIMIT_120.rs,P1,memory,GEN_SQL_DML,1727951,3589415,2.077267,-107.726666,true,3
1353,11942,WIN_MAX_ROWS_1_PREC_1_FOLL,SQLITE_PARITY_11942_WIN_MAX_ROWS_1_PREC_1_FOLL.rs,P0,memory,SQL_WINDOW,1644834,3415306,2.076383,-107.638339,true,3
1354,00586,AGG_GROUP_HAVING_079,SQLITE_PARITY_586_AGG_GROUP_HAVING_079.rs,P1,memory,GEN_SQL_AGGREGATE,1658800,3443760,2.076055,-107.605498,true,3
1355,00367,SCALAR_NULL_COALESCE_035,SQLITE_PARITY_367_SCALAR_NULL_COALESCE_035.rs,P1,memory,GEN_SQL_SCALAR,1440998,2991282,2.075840,-107.584049,true,3
1356,00212,SQL_VACUUM_INTO_TEMPFILE,SQLITE_PARITY_212_SQL_VACUUM_INTO_TEMPFILE.rs,P2,tempfile,SQL_TEMPFILE,2203642,4573759,2.075545,-107.554539,true,3
1357,00253,SCALAR_CAST_TYPEOF_007,SQLITE_PARITY_253_SCALAR_CAST_TYPEOF_007.rs,P1,memory,GEN_SQL_SCALAR,1434296,2976896,2.075510,-107.551022,true,3
1358,00039,CREATE_TRIGGER_BEFORE,SQLITE_PARITY_039_CREATE_TRIGGER_BEFORE.rs,P0,memory,SQL_TRIGGER,1585311,3289648,2.075081,-107.508054,true,3
1359,00721,CTE_RECURSIVE_MATRIX_014,SQLITE_PARITY_721_CTE_RECURSIVE_MATRIX_014.rs,P1,memory,GEN_SQL_CTE,1528313,3171173,2.074950,-107.494996,true,3
1360,00585,AGG_GROUP_HAVING_078,SQLITE_PARITY_585_AGG_GROUP_HAVING_078.rs,P1,memory,GEN_SQL_AGGREGATE,1656035,3436185,2.074947,-107.494709,true,3
1361,10577,ORDER_BY_OUT_OF_RANGE,SQLITE_PARITY_10577_ORDER_BY_OUT_OF_RANGE.rs,P0,memory,SQL_ERROR_MESSAGES,1356388,2814329,2.074870,-107.487017,true,3
1362,00339,SCALAR_NULL_COALESCE_028,SQLITE_PARITY_339_SCALAR_NULL_COALESCE_028.rs,P1,memory,GEN_SQL_SCALAR,1532110,3178919,2.074863,-107.486342,true,3
1363,11638,DATETIME_JULIANDAY_DATE_2024_PLUS_10_SECONDS,SQLITE_PARITY_11638_DATETIME_JULIANDAY_DATE_2024_PLUS_10_SECONDS.rs,P0,memory,SQL_DATETIME,1388178,2880052,2.074699,-107.469935,true,3
1364,00554,AGG_GROUP_HAVING_047,SQLITE_PARITY_554_AGG_GROUP_HAVING_047.rs,P1,memory,GEN_SQL_AGGREGATE,1728373,3584847,2.074117,-107.411652,true,3
1365,10144,MODE_JSON_BASIC,SQLITE_PARITY_10144_MODE_JSON_BASIC.rs,P0,memory,CLI_OUTPUT_MODE,1527752,3168689,2.074086,-107.408598,true,3
1366,10212,OPT_MODE_COLUMN,SQLITE_PARITY_10212_OPT_MODE_COLUMN.rs,P0,memory,CLI_OPTION,1450305,3007685,2.073829,-107.382930,true,3
1367,11031,MATH_CEILING_1_6,SQLITE_PARITY_11031_MATH_CEILING_1_6.rs,P1,memory,SQL_MATH,1413496,2930969,2.073560,-107.356017,true,3
1368,00985,VIEW_TRIGGER_GENERATED_038,SQLITE_PARITY_985_VIEW_TRIGGER_GENERATED_038.rs,P2,memory,GEN_SQL_VIEW_TRIGGER,1671474,3465762,2.073476,-107.347646,true,3
1369,11596,DATETIME_TIME_Y2K_START_OF_YEAR,SQLITE_PARITY_11596_DATETIME_TIME_Y2K_START_OF_YEAR.rs,P0,memory,SQL_DATETIME,1394300,2891044,2.073473,-107.347343,true,3
1370,11718,DATETIME_JULIANDAY_UNIX_UTC,SQLITE_PARITY_11718_DATETIME_JULIANDAY_UNIX_UTC.rs,P0,memory,SQL_DATETIME,1440748,2987305,2.073440,-107.344032,true,3
1371,00677,JOIN_SUBQUERY_EXISTS_070,SQLITE_PARITY_677_JOIN_SUBQUERY_EXISTS_070.rs,P1,memory,GEN_SQL_JOIN_SUBQUERY,1745374,3618380,2.073126,-107.312587,true,3
1372,00406,DML_WHERE_ORDER_LIMIT_019,SQLITE_PARITY_406_DML_WHERE_ORDER_LIMIT_019.rs,P1,memory,GEN_SQL_DML,1711770,3548578,2.073046,-107.304603,true,3
1373,00407,DML_WHERE_ORDER_LIMIT_020,SQLITE_PARITY_407_DML_WHERE_ORDER_LIMIT_020.rs,P1,memory,GEN_SQL_DML,1705228,3534722,2.072874,-107.287354,true,3
1374,00148,DOT_OUTPUT_TEMPFILE,SQLITE_PARITY_148_DOT_OUTPUT_TEMPFILE.rs,P1,tempfile,CLI_TEMPFILE,1595580,3307322,2.072802,-107.280237,true,3
1375,10027,ORDER_BY_DESC_NULL_LAST_DEFAULT,SQLITE_PARITY_10027_ORDER_BY_DESC_NULL_LAST_DEFAULT.rs,P0,memory,SQL_NULL_ORDER,1563149,3239783,2.072600,-107.260024,true,3
1376,00927,CONSTRAINT_FK_SAVEPOINT_060,SQLITE_PARITY_927_CONSTRAINT_FK_SAVEPOINT_060.rs,P2,memory,GEN_SQL_CONSTRAINT_TX,1699588,3522468,2.072542,-107.254229,true,3
1377,11360,AFFINITY_NUMERIC_TEXT_NUM,SQLITE_PARITY_11360_AFFINITY_NUMERIC_TEXT_NUM.rs,P0,memory,SQL_TYPE_AFFINITY,1474521,3055635,2.072290,-107.228992,true,3
1378,11044,MATH_EXP_0_0,SQLITE_PARITY_11044_MATH_EXP_0_0.rs,P1,memory,SQL_MATH,1431240,2965764,2.072164,-107.216400,true,3
1379,11064,MATH_RADIANS_0_0,SQLITE_PARITY_11064_MATH_RADIANS_0_0.rs,P1,memory,SQL_MATH,1372298,2843063,2.071753,-107.175337,true,3
1380,10155,CLI_FLAG_MARKDOWN,SQLITE_PARITY_10155_CLI_FLAG_MARKDOWN.rs,P0,memory,CLI_OUTPUT_MODE,1532170,3173448,2.071211,-107.121142,true,3
1381,11422,STRING_HEX_A,SQLITE_PARITY_11422_STRING_HEX_A.rs,P0,memory,SQL_STRING,1381736,2861678,2.071074,-107.107436,true,3
1382,11326,AFFINITY_DOUBLE_REAL_HALF,SQLITE_PARITY_11326_AFFINITY_DOUBLE_REAL_HALF.rs,P0,memory,SQL_TYPE_AFFINITY,1506973,3120889,2.070965,-107.096544,true,3
1383,11553,DATETIME_JULIANDAY_EPOCH_UTC,SQLITE_PARITY_11553_DATETIME_JULIANDAY_EPOCH_UTC.rs,P0,memory,SQL_DATETIME,1434716,2970704,2.070587,-107.058679,true,3
1384,00948,VIEW_TRIGGER_GENERATED_001,SQLITE_PARITY_948_VIEW_TRIGGER_GENERATED_001.rs,P2,memory,GEN_SQL_VIEW_TRIGGER,1742238,3607379,2.070543,-107.054317,true,3
1385,00785,CTE_RECURSIVE_MATRIX_078,SQLITE_PARITY_785_CTE_RECURSIVE_MATRIX_078.rs,P1,memory,GEN_SQL_CTE,1569652,3249803,2.070397,-107.039713,true,3
1386,10220,OPT_MODE_TABLE,SQLITE_PARITY_10220_OPT_MODE_TABLE.rs,P0,memory,CLI_OPTION,1360365,2816332,2.070277,-107.027673,true,3
1387,11033,MATH_COS_1_0,SQLITE_PARITY_11033_MATH_COS_1_0.rs,P1,memory,SQL_MATH,1457139,3016080,2.069864,-106.986430,true,3
1388,00944,CONSTRAINT_FK_SAVEPOINT_077,SQLITE_PARITY_944_CONSTRAINT_FK_SAVEPOINT_077.rs,P2,memory,GEN_SQL_CONSTRAINT_TX,1692454,3503072,2.069818,-106.981815,true,3
1389,11714,DATETIME_STRFTIME_ISO_UNIX_WEEKDAY_0,SQLITE_PARITY_11714_DATETIME_STRFTIME_ISO_UNIX_WEEKDAY_0.rs,P0,memory,SQL_DATETIME,1490531,3084579,2.069450,-106.944975,true,3
1390,10494,NOT_IN_SELECT_WITH_NULL_RETURNS_NULL,SQLITE_PARITY_10494_NOT_IN_SELECT_WITH_NULL_RETURNS_NULL.rs,P0,memory,SQL_SUBQUERY,1521501,3147960,2.068983,-106.898319,true,3
1391,10343,INSERT_SELECT_UPSERT,SQLITE_PARITY_10343_INSERT_SELECT_UPSERT.rs,P0,memory,SQL_UPSERT,1537371,3180622,2.068871,-106.887082,true,3
1392,10050,GROUP_CONCAT_SKIPS_NULL,SQLITE_PARITY_10050_GROUP_CONCAT_SKIPS_NULL.rs,P0,memory,SQL_AGGREGATE_NULL,1496313,3095560,2.068792,-106.879176,true,3
1393,00467,DML_WHERE_ORDER_LIMIT_080,SQLITE_PARITY_467_DML_WHERE_ORDER_LIMIT_080.rs,P1,memory,GEN_SQL_DML,1733151,3585308,2.068665,-106.866453,true,3
1394,00757,CTE_RECURSIVE_MATRIX_050,SQLITE_PARITY_757_CTE_RECURSIVE_MATRIX_050.rs,P1,memory,GEN_SQL_CTE,1654993,3422740,2.068130,-106.812959,true,3
1395,11223,CAST_REAL_0_AS_BLOB,SQLITE_PARITY_11223_CAST_REAL_0_AS_BLOB.rs,P0,memory,SQL_CAST,1471145,3042440,2.068076,-106.807623,true,3
1396,00865,WINDOW_PARTITION_SUM_078,SQLITE_PARITY_865_WINDOW_PARTITION_SUM_078.rs,P2,memory,GEN_SQL_WINDOW,1441700,2981154,2.067805,-106.780468,true,3
1397,11687,DATETIME_DATETIME_UNIX_PLUS_30_MINUTES,SQLITE_PARITY_11687_DATETIME_DATETIME_UNIX_PLUS_30_MINUTES.rs,P0,memory,SQL_DATETIME,1415540,2926832,2.067643,-106.764344,true,3
1398,00536,AGG_GROUP_HAVING_029,SQLITE_PARITY_536_AGG_GROUP_HAVING_029.rs,P1,memory,GEN_SQL_AGGREGATE,1732740,3581751,2.067102,-106.710239,true,3
1399,11402,STRING_LENGTH_A_B,SQLITE_PARITY_11402_STRING_LENGTH_A_B.rs,P0,memory,SQL_STRING,1466446,3031108,2.066976,-106.697553,true,3
1400,11689,DATETIME_STRFTIME_ISO_UNIX_PLUS_30_MINUTES,SQLITE_PARITY_11689_DATETIME_STRFTIME_ISO_UNIX_PLUS_30_MINUTES.rs,P0,memory,SQL_DATETIME,1445426,2987195,2.066654,-106.665371,true,3
1401,00940,CONSTRAINT_FK_SAVEPOINT_073,SQLITE_PARITY_940_CONSTRAINT_FK_SAVEPOINT_073.rs,P2,memory,GEN_SQL_CONSTRAINT_TX,1603555,3313343,2.066248,-106.624843,true,3
1402,10404,PRAGMA_COLLATION_LIST,SQLITE_PARITY_10404_PRAGMA_COLLATION_LIST.rs,P0,memory,SQL_SCHEMA_INTROSPECTION,1413546,2920600,2.066151,-106.615137,true,3
1403,10623,BLOB_INDEX_LOOKUP,SQLITE_PARITY_10623_BLOB_INDEX_LOOKUP.rs,P0,memory,SQL_BLOB,1594940,3295198,2.066033,-106.603258,true,3
1404,10231,OPT_NONCE_WITH_SAFE,SQLITE_PARITY_10231_OPT_NONCE_WITH_SAFE.rs,P0,memory,CLI_OPTION,1408046,2908917,2.065925,-106.592469,true,3
1405,10133,MODE_INSERT_DEFAULT,SQLITE_PARITY_10133_MODE_INSERT_DEFAULT.rs,P0,memory,CLI_OUTPUT_MODE,1535527,3171935,2.065698,-106.569797,true,3
1406,11323,AFFINITY_REAL_NULL_LIT,SQLITE_PARITY_11323_AFFINITY_REAL_NULL_LIT.rs,P0,memory,SQL_TYPE_AFFINITY,1448292,2990702,2.064986,-106.498551,true,3
1407,00821,WINDOW_PARTITION_SUM_034,SQLITE_PARITY_821_WINDOW_PARTITION_SUM_034.rs,P2,memory,GEN_SQL_WINDOW,1598466,3300508,2.064797,-106.479712,true,3
1408,11690,DATETIME_DATE_UNIX_PLUS_10_SECONDS,SQLITE_PARITY_11690_DATETIME_DATE_UNIX_PLUS_10_SECONDS.rs,P0,memory,SQL_DATETIME,1410020,2911392,2.064788,-106.478773,true,3
1409,10475,COMPOUND_EXCEPT,SQLITE_PARITY_10475_COMPOUND_EXCEPT.rs,P0,memory,SQL_COMPOUND,1567638,3236817,2.064773,-106.477324,true,3
1410,10263,PRAGMA_USER_VERSION_DEFAULT,SQLITE_PARITY_10263_PRAGMA_USER_VERSION_DEFAULT.rs,P0,memory,SQL_PRAGMA,1363652,2815590,2.064742,-106.474232,true,3
1411,10337,ON_CONFLICT_RETURNING_INSERTED_ON_FRESH,SQLITE_PARITY_10337_ON_CONFLICT_RETURNING_INSERTED_ON_FRESH.rs,P0,memory,SQL_UPSERT,1539615,3178829,2.064691,-106.469085,true,3
1412,11310,AFFINITY_BIGINT_REAL_HALF,SQLITE_PARITY_11310_AFFINITY_BIGINT_REAL_HALF.rs,P0,memory,SQL_TYPE_AFFINITY,1506051,3109447,2.064636,-106.463593,true,3
1413,10271,PRAGMA_FOREIGN_KEYS_ON_THEN_READ,SQLITE_PARITY_10271_PRAGMA_FOREIGN_KEYS_ON_THEN_READ.rs,P0,memory,SQL_FOREIGN_KEYS,1369453,2827353,2.064586,-106.458564,true,3
1414,10227,OPT_STATS,SQLITE_PARITY_10227_OPT_STATS.rs,P0,memory,CLI_OPTION,1424958,2941890,2.064545,-106.454506,true,3
1415,11632,DATETIME_DATETIME_DATE_2024_PLUS_30_MINUTES,SQLITE_PARITY_11632_DATETIME_DATETIME_DATE_2024_PLUS_30_MINUTES.rs,P0,memory,SQL_DATETIME,1431681,2955726,2.064514,-106.451437,true,3
1416,00370,SCALAR_STRING_036,SQLITE_PARITY_370_SCALAR_STRING_036.rs,P1,memory,GEN_SQL_SCALAR,1435908,2964393,2.064473,-106.447279,true,3
1417,11941,WIN_MAX_ROWS_CURRENT_UNBND_FOLL,SQLITE_PARITY_11941_WIN_MAX_ROWS_CURRENT_UNBND_FOLL.rs,P0,memory,SQL_WINDOW,1717822,3546264,2.064395,-106.439550,true,3
1418,00635,JOIN_SUBQUERY_EXISTS_028,SQLITE_PARITY_635_JOIN_SUBQUERY_EXISTS_028.rs,P1,memory,GEN_SQL_JOIN_SUBQUERY,1707814,3525304,2.064220,-106.422011,true,3
1419,00501,DML_WHERE_ORDER_LIMIT_114,SQLITE_PARITY_501_DML_WHERE_ORDER_LIMIT_114.rs,P1,memory,GEN_SQL_DML,1814706,3745732,2.064099,-106.409854,true,3
1420,00797,WINDOW_PARTITION_SUM_010,SQLITE_PARITY_797_WINDOW_PARTITION_SUM_010.rs,P2,memory,GEN_SQL_WINDOW,1535036,3168238,2.063950,-106.395029,true,3
1421,11334,AFFINITY_TEXT_REAL_HALF,SQLITE_PARITY_11334_AFFINITY_TEXT_REAL_HALF.rs,P0,memory,SQL_TYPE_AFFINITY,1517162,3131158,2.063826,-106.382575,true,3
1422,11539,DATETIME_STRFTIME_ISO_EPOCH_START_OF_MONTH,SQLITE_PARITY_11539_DATETIME_STRFTIME_ISO_EPOCH_START_OF_MONTH.rs,P0,memory,SQL_DATETIME,1470363,3034465,2.063752,-106.375228,true,3
1423,11089,MATH_TRUNC_1_6,SQLITE_PARITY_11089_MATH_TRUNC_1_6.rs,P1,memory,SQL_MATH,1442982,2977668,2.063552,-106.355173,true,3
1424,10305,SAVEPOINT_DEPTH_4_RELEASE,SQLITE_PARITY_10305_SAVEPOINT_DEPTH_4_RELEASE.rs,P0,memory,SQL_TRANSACTION,1538353,3174220,2.063389,-106.338857,true,3
1425,00625,JOIN_SUBQUERY_EXISTS_018,SQLITE_PARITY_625_JOIN_SUBQUERY_EXISTS_018.rs,P1,memory,GEN_SQL_JOIN_SUBQUERY,1748039,3606247,2.063024,-106.302434,true,3
1426,00485,DML_WHERE_ORDER_LIMIT_098,SQLITE_PARITY_485_DML_WHERE_ORDER_LIMIT_098.rs,P1,memory,GEN_SQL_DML,1676844,3459289,2.062976,-106.297604,true,3
1427,11847,JSON_ARROW_A_B,SQLITE_PARITY_11847_JSON_ARROW_A_B.rs,P0,memory,SQL_JSON,1563721,3225907,2.062968,-106.296839,true,3
1428,00731,CTE_RECURSIVE_MATRIX_024,SQLITE_PARITY_731_CTE_RECURSIVE_MATRIX_024.rs,P1,memory,GEN_SQL_CTE,1633051,3368607,2.062769,-106.276901,true,3
1429,11433,STRING_CHAR_97,SQLITE_PARITY_11433_STRING_CHAR_97.rs,P0,memory,SQL_STRING,1430358,2950415,2.062711,-106.271087,true,3
1430,10071,REPLACE_INTO_KEEPS_PK_RESETS_ROWID,SQLITE_PARITY_10071_REPLACE_INTO_KEEPS_PK_RESETS_ROWID.rs,P0,memory,SQL_AUTOINCREMENT,1534204,3164611,2.062705,-106.270548,true,3
1431,00435,DML_WHERE_ORDER_LIMIT_048,SQLITE_PARITY_435_DML_WHERE_ORDER_LIMIT_048.rs,P1,memory,GEN_SQL_DML,1671334,3447196,2.062542,-106.254166,true,3
1432,00561,AGG_GROUP_HAVING_054,SQLITE_PARITY_561_AGG_GROUP_HAVING_054.rs,P1,memory,GEN_SQL_AGGREGATE,1657799,3418983,2.062363,-106.236281,true,3
1433,11647,DATETIME_DATETIME_DATE_2024_START_OF_MONTH,SQLITE_PARITY_11647_DATETIME_DATETIME_DATE_2024_START_OF_MONTH.rs,P0,memory,SQL_DATETIME,1431219,2951548,2.062262,-106.226161,true,3
1434,10406,PRAGMA_WRITABLE_SCHEMA_DEFAULT_OFF,SQLITE_PARITY_10406_PRAGMA_WRITABLE_SCHEMA_DEFAULT_OFF.rs,P0,memory,SQL_SCHEMA_INTROSPECTION,1218226,2512106,2.062102,-106.210178,true,3
1435,00618,JOIN_SUBQUERY_EXISTS_011,SQLITE_PARITY_618_JOIN_SUBQUERY_EXISTS_011.rs,P1,memory,GEN_SQL_JOIN_SUBQUERY,1697875,3500748,2.061841,-106.184083,true,3
1436,11864,JSON_DARROW_MISSING,SQLITE_PARITY_11864_JSON_DARROW_MISSING.rs,P0,memory,SQL_JSON,1465294,3021049,2.061736,-106.173573,true,3
1437,00849,WINDOW_PARTITION_SUM_062,SQLITE_PARITY_849_WINDOW_PARTITION_SUM_062.rs,P2,memory,GEN_SQL_WINDOW,1644554,3390459,2.061628,-106.162826,true,3
1438,00633,JOIN_SUBQUERY_EXISTS_026,SQLITE_PARITY_633_JOIN_SUBQUERY_EXISTS_026.rs,P1,memory,GEN_SQL_JOIN_SUBQUERY,1652909,3407110,2.061281,-106.128105,true,3
1439,11850,JSON_DARROW_A_B_0,SQLITE_PARITY_11850_JSON_DARROW_A_B_0.rs,P0,memory,SQL_JSON,1472147,3034475,2.061258,-106.125815,true,3
1440,10345,ON_CONFLICT_NO_TARGET_DO_NOTHING_MIXED_BATCH,SQLITE_PARITY_10345_ON_CONFLICT_NO_TARGET_DO_NOTHING_MIXED_BATCH.rs,P0,memory,SQL_UPSERT,1557258,3209877,2.061236,-106.123648,true,3
1441,11312,AFFINITY_BIGINT_TEXT_NUM,SQLITE_PARITY_11312_AFFINITY_BIGINT_TEXT_NUM.rs,P0,memory,SQL_TYPE_AFFINITY,1548682,3192164,2.061213,-106.121334,true,3
1442,00866,WINDOW_PARTITION_SUM_079,SQLITE_PARITY_866_WINDOW_PARTITION_SUM_079.rs,P2,memory,GEN_SQL_WINDOW,1587125,3271103,2.061024,-106.102418,true,3
1443,00042,TEMP_TABLE_TEMP_SCHEMA,SQLITE_PARITY_042_TEMP_TABLE_TEMP_SCHEMA.rs,P0,memory,SQL_TEMP,1493127,3077126,2.060860,-106.086019,true,3
1444,00186,OPT_NEWLINE,SQLITE_PARITY_186_OPT_NEWLINE.rs,P2,memory,CLI_OPTION,1414108,2914157,2.060774,-106.077400,true,3
1445,10033,CREATE_INDEX_DESC_DEFAULT_OK,SQLITE_PARITY_10033_CREATE_INDEX_DESC_DEFAULT_OK.rs,P0,memory,SQL_NULL_ORDER,1602454,3302161,2.060690,-106.069004,true,3
1446,10156,CLI_FLAG_TABLE,SQLITE_PARITY_10156_CLI_FLAG_TABLE.rs,P0,memory,CLI_OUTPUT_MODE,1498757,3087856,2.060278,-106.027795,true,3
1447,00719,CTE_RECURSIVE_MATRIX_012,SQLITE_PARITY_719_CTE_RECURSIVE_MATRIX_012.rs,P1,memory,GEN_SQL_CTE,1588327,3272345,2.060246,-106.024641,true,3
1448,00825,WINDOW_PARTITION_SUM_038,SQLITE_PARITY_825_WINDOW_PARTITION_SUM_038.rs,P2,memory,GEN_SQL_WINDOW,1553732,3200549,2.059911,-105.991059,true,3
1449,10153,CLI_FLAG_BOX,SQLITE_PARITY_10153_CLI_FLAG_BOX.rs,P0,memory,CLI_OUTPUT_MODE,1596132,3287133,2.059437,-105.943681,true,3
1450,11423,STRING_HEX_,SQLITE_PARITY_11423_STRING_HEX_.rs,P0,memory,SQL_STRING,1447751,2981484,2.059390,-105.939005,true,3
1451,11101,MATH_POW_3_0_2,SQLITE_PARITY_11101_MATH_POW_3_0_2.rs,P1,memory,SQL_MATH,1448903,2983378,2.059060,-105.905985,true,3
1452,00216,ROLLBACK_TRANSACTION_SYNTAX,SQLITE_PARITY_216_ROLLBACK_TRANSACTION_SYNTAX.rs,P0,memory,SQL_TRANSACTION,1512533,3114015,2.058808,-105.880797,true,3
1453,00560,AGG_GROUP_HAVING_053,SQLITE_PARITY_560_AGG_GROUP_HAVING_053.rs,P1,memory,GEN_SQL_AGGREGATE,1693636,3486751,2.058737,-105.873694,true,3
1454,00481,DML_WHERE_ORDER_LIMIT_094,SQLITE_PARITY_481_DML_WHERE_ORDER_LIMIT_094.rs,P1,memory,GEN_SQL_DML,1734955,3571682,2.058660,-105.865973,true,3
1455,11357,AFFINITY_NUMERIC_INT_BIG,SQLITE_PARITY_11357_AFFINITY_NUMERIC_INT_BIG.rs,P0,memory,SQL_TYPE_AFFINITY,1445386,2975212,2.058420,-105.842038,true,3
1456,00526,AGG_GROUP_HAVING_019,SQLITE_PARITY_526_AGG_GROUP_HAVING_019.rs,P1,memory,GEN_SQL_AGGREGATE,1630667,3355733,2.057890,-105.788981,true,3
1457,00803,WINDOW_PARTITION_SUM_016,SQLITE_PARITY_803_WINDOW_PARTITION_SUM_016.rs,P2,memory,GEN_SQL_WINDOW,1683818,3464930,2.057782,-105.778178,true,3
1458,00317,SCALAR_CAST_TYPEOF_023,SQLITE_PARITY_317_SCALAR_CAST_TYPEOF_023.rs,P1,memory,GEN_SQL_SCALAR,1448582,2980562,2.057572,-105.757216,true,3
1459,01045,JSON_EXTRACT_SET_038,SQLITE_PARITY_1045_JSON_EXTRACT_SET_038.rs,P2,memory,GEN_SQL_JSON,1621359,3335806,2.057414,-105.741356,true,3
1460,10065,AUTOINCREMENT_MONOTONIC_AFTER_DELETE,SQLITE_PARITY_10065_AUTOINCREMENT_MONOTONIC_AFTER_DELETE.rs,P0,memory,SQL_AUTOINCREMENT,1553571,3195870,2.057112,-105.711229,true,3
1461,11806,JSON_JSON_EXTRACT_D,SQLITE_PARITY_11806_JSON_JSON_EXTRACT_D.rs,P0,memory,SQL_JSON,1471005,3025999,2.057096,-105.709634,true,3
1462,00353,SCALAR_CAST_TYPEOF_032,SQLITE_PARITY_353_SCALAR_CAST_TYPEOF_032.rs,P1,memory,GEN_SQL_SCALAR,1512283,3110429,2.056777,-105.677707,true,3
1463,11300,AFFINITY_INTEGER_INT_1,SQLITE_PARITY_11300_AFFINITY_INTEGER_INT_1.rs,P0,memory,SQL_TYPE_AFFINITY,1494860,3074551,2.056748,-105.674846,true,3
1464,11228,CAST_TEXT_42_AS_BLOB,SQLITE_PARITY_11228_CAST_TEXT_42_AS_BLOB.rs,P0,memory,SQL_CAST,1502624,3089800,2.056270,-105.626957,true,3
1465,00573,AGG_GROUP_HAVING_066,SQLITE_PARITY_573_AGG_GROUP_HAVING_066.rs,P1,memory,GEN_SQL_AGGREGATE,1703755,3503183,2.056154,-105.615420,true,3
1466,00674,JOIN_SUBQUERY_EXISTS_067,SQLITE_PARITY_674_JOIN_SUBQUERY_EXISTS_067.rs,P1,memory,GEN_SQL_JOIN_SUBQUERY,1728973,3554709,2.055966,-105.596559,true,3
1467,11679,DATETIME_STRFTIME_ISO_UNIX_PLUS_1_YEAR,SQLITE_PARITY_11679_DATETIME_STRFTIME_ISO_UNIX_PLUS_1_YEAR.rs,P0,memory,SQL_DATETIME,1572767,3233512,2.055938,-105.593836,true,3
1468,01056,JSON_EXTRACT_SET_049,SQLITE_PARITY_1056_JSON_EXTRACT_SET_049.rs,P2,memory,GEN_SQL_JSON,1630286,3351364,2.055691,-105.569084,true,3
1469,10454,JOIN_MULTI_TABLE_CHAINED_ON,SQLITE_PARITY_10454_JOIN_MULTI_TABLE_CHAINED_ON.rs,P0,memory,SQL_JOIN,1588157,3264560,2.055565,-105.556504,true,3
1470,00251,SCALAR_NULL_COALESCE_006,SQLITE_PARITY_251_SCALAR_NULL_COALESCE_006.rs,P1,memory,GEN_SQL_SCALAR,1388409,2853603,2.055304,-105.530431,true,3
1471,00873,CONSTRAINT_FK_SAVEPOINT_006,SQLITE_PARITY_873_CONSTRAINT_FK_SAVEPOINT_006.rs,P2,memory,GEN_SQL_CONSTRAINT_TX,1715217,3524843,2.055042,-105.504202,true,3
1472,01035,JSON_EXTRACT_SET_028,SQLITE_PARITY_1035_JSON_EXTRACT_SET_028.rs,P2,memory,GEN_SQL_JSON,1758880,3614483,2.054991,-105.499124,true,3
1473,00084,CORE_FORMAT_QUOTE_HEX,SQLITE_PARITY_084_CORE_FORMAT_QUOTE_HEX.rs,P0,memory,SQL_FUNCTIONS,1440206,2959412,2.054853,-105.485326,true,3
1474,00372,SCALAR_ARITH_037,SQLITE_PARITY_372_SCALAR_ARITH_037.rs,P1,memory,GEN_SQL_SCALAR,1463731,3007454,2.054649,-105.464939,true,3
1475,10311,TXN_SEES_OWN_WRITES,SQLITE_PARITY_10311_TXN_SEES_OWN_WRITES.rs,P0,memory,SQL_TRANSACTION,1552820,3189890,2.054256,-105.425613,true,3
1476,00928,CONSTRAINT_FK_SAVEPOINT_061,SQLITE_PARITY_928_CONSTRAINT_FK_SAVEPOINT_061.rs,P2,memory,GEN_SQL_CONSTRAINT_TX,1669090,3428651,2.054204,-105.420379,true,3
1477,00375,SCALAR_NULL_COALESCE_037,SQLITE_PARITY_375_SCALAR_NULL_COALESCE_037.rs,P1,memory,GEN_SQL_SCALAR,1399329,2874472,2.054179,-105.417882,true,3
1478,00279,SCALAR_NULL_COALESCE_013,SQLITE_PARITY_279_SCALAR_NULL_COALESCE_013.rs,P1,memory,GEN_SQL_SCALAR,1471786,3023274,2.054153,-105.415325,true,3
1479,10213,OPT_MODE_CSV,SQLITE_PARITY_10213_OPT_MODE_CSV.rs,P0,memory,CLI_OPTION,1422483,2921852,2.054051,-105.405056,true,3
1480,01099,INDEX_SCHEMA_PRAGMA_032,SQLITE_PARITY_1099_INDEX_SCHEMA_PRAGMA_032.rs,P2,memory,GEN_SQL_INDEX_PRAGMA,1688207,3467555,2.053987,-105.398686,true,3
1481,00064,CTE_NON_RECURSIVE,SQLITE_PARITY_064_CTE_NON_RECURSIVE.rs,P0,memory,SQL_CTE,1426611,2930178,2.053943,-105.394323,true,3
1482,10250,PRAGMA_IGNORE_CHECK_CONSTRAINTS_TOGGLE,SQLITE_PARITY_10250_PRAGMA_IGNORE_CHECK_CONSTRAINTS_TOGGLE.rs,P0,memory,SQL_PRAGMA,1231141,2528286,2.053612,-105.361206,true,3
1483,01121,INDEX_SCHEMA_PRAGMA_054,SQLITE_PARITY_1121_INDEX_SCHEMA_PRAGMA_054.rs,P2,memory,GEN_SQL_INDEX_PRAGMA,1700469,3491941,2.053516,-105.351641,true,3
1484,00090,JSON_MUTATION_FUNCTIONS,SQLITE_PARITY_090_JSON_MUTATION_FUNCTIONS.rs,P0,memory,SQL_JSON,1406432,2887277,2.052909,-105.290906,true,3
1485,00917,CONSTRAINT_FK_SAVEPOINT_050,SQLITE_PARITY_917_CONSTRAINT_FK_SAVEPOINT_050.rs,P2,memory,GEN_SQL_CONSTRAINT_TX,1695039,3479758,2.052907,-105.290734,true,3
1486,11967,WIN_LAST_VALUE_EXCL_GROUP,SQLITE_PARITY_11967_WIN_LAST_VALUE_EXCL_GROUP.rs,P0,memory,SQL_WINDOW,1699408,3488674,2.052876,-105.287606,true,3
1487,11014,MATH_ASINH_1_0,SQLITE_PARITY_11014_MATH_ASINH_1_0.rs,P1,memory,SQL_MATH,1273511,2614019,2.052608,-105.260810,true,3
1488,11526,DATETIME_TIME_EPOCH_PLUS_10_SECONDS,SQLITE_PARITY_11526_DATETIME_TIME_EPOCH_PLUS_10_SECONDS.rs,P0,memory,SQL_DATETIME,1416001,2906342,2.052500,-105.249996,true,3
1489,11091,MATH_TRUNC_1_6,SQLITE_PARITY_11091_MATH_TRUNC_1_6.rs,P1,memory,SQL_MATH,1512413,3103957,2.052321,-105.232103,true,3
1490,11641,DATETIME_TIME_DATE_2024_START_OF_DAY,SQLITE_PARITY_11641_DATETIME_TIME_DATE_2024_START_OF_DAY.rs,P0,memory,SQL_DATETIME,1395973,2864984,2.052320,-105.232050,true,3
1491,10348,INSERT_OR_REPLACE_FIRES_DELETE_THEN_INSERT,SQLITE_PARITY_10348_INSERT_OR_REPLACE_FIRES_DELETE_THEN_INSERT.rs,P0,memory,SQL_UPSERT,1500621,3079630,2.052237,-105.223704,true,3
1492,00679,JOIN_SUBQUERY_EXISTS_072,SQLITE_PARITY_679_JOIN_SUBQUERY_EXISTS_072.rs,P1,memory,GEN_SQL_JOIN_SUBQUERY,1701742,3492201,2.052133,-105.213305,true,3
1493,11441,STRING_SUBSTR_ABCDEF_2,SQLITE_PARITY_11441_STRING_SUBSTR_ABCDEF_2.rs,P0,memory,SQL_STRING,1435538,2945767,2.052030,-105.202997,true,3
1494,10223,OPT_LOOKASIDE_ZERO,SQLITE_PARITY_10223_OPT_LOOKASIDE_ZERO.rs,P0,memory,CLI_OPTION,1426160,2926470,2.051993,-105.199276,true,3
1495,11523,DATETIME_JULIANDAY_EPOCH_PLUS_30_MINUTES,SQLITE_PARITY_11523_DATETIME_JULIANDAY_EPOCH_PLUS_30_MINUTES.rs,P0,memory,SQL_DATETIME,1430067,2933694,2.051438,-105.143815,true,3
1496,00304,SCALAR_ARITH_020,SQLITE_PARITY_304_SCALAR_ARITH_020.rs,P1,memory,GEN_SQL_SCALAR,1434867,2943523,2.051426,-105.142567,true,3
1497,01027,JSON_EXTRACT_SET_020,SQLITE_PARITY_1027_JSON_EXTRACT_SET_020.rs,P2,memory,GEN_SQL_JSON,1751867,3593563,2.051276,-105.127615,true,3
1498,00833,WINDOW_PARTITION_SUM_046,SQLITE_PARITY_833_WINDOW_PARTITION_SUM_046.rs,P2,memory,GEN_SQL_WINDOW,1531149,3140726,2.051222,-105.122166,true,3
1499,00397,DML_WHERE_ORDER_LIMIT_010,SQLITE_PARITY_397_DML_WHERE_ORDER_LIMIT_010.rs,P1,memory,GEN_SQL_DML,1682385,3450121,2.050732,-105.073215,true,3
1500,11237,CAST_TEXT_BARE_AS_TEXT,SQLITE_PARITY_11237_CAST_TEXT_BARE_AS_TEXT.rs,P0,memory,SQL_CAST,1409639,2890512,2.050534,-105.053351,true,3
1501,00891,CONSTRAINT_FK_SAVEPOINT_024,SQLITE_PARITY_891_CONSTRAINT_FK_SAVEPOINT_024.rs,P2,memory,GEN_SQL_CONSTRAINT_TX,1652448,3388364,2.050512,-105.051173,true,3
1502,10371,INSERT_SELECT_RANGE_RETURNING,SQLITE_PARITY_10371_INSERT_SELECT_RANGE_RETURNING.rs,P0,memory,SQL_RETURNING,1519437,3115538,2.050456,-105.045553,true,3
1503,00988,VIEW_TRIGGER_GENERATED_041,SQLITE_PARITY_988_VIEW_TRIGGER_GENERATED_041.rs,P2,memory,GEN_SQL_VIEW_TRIGGER,1730086,3547306,2.050364,-105.036397,true,3
1504,00925,CONSTRAINT_FK_SAVEPOINT_058,SQLITE_PARITY_925_CONSTRAINT_FK_SAVEPOINT_058.rs,P2,memory,GEN_SQL_CONSTRAINT_TX,1664190,3411789,2.050120,-105.011988,true,3
1505,10422,ALTER_ADD_COLUMN_ON_WITHOUT_ROWID,SQLITE_PARITY_10422_ALTER_ADD_COLUMN_ON_WITHOUT_ROWID.rs,P0,memory,SQL_ALTER,1669311,3422049,2.049977,-104.997691,true,3
1506,01064,JSON_EXTRACT_SET_057,SQLITE_PARITY_1064_JSON_EXTRACT_SET_057.rs,P2,memory,GEN_SQL_JSON,1630096,3341616,2.049950,-104.995043,true,3
1507,11068,MATH_SIN_0_0,SQLITE_PARITY_11068_MATH_SIN_0_0.rs,P1,memory,SQL_MATH,1424587,2920099,2.049786,-104.978636,true,3
1508,00954,VIEW_TRIGGER_GENERATED_007,SQLITE_PARITY_954_VIEW_TRIGGER_GENERATED_007.rs,P2,memory,GEN_SQL_VIEW_TRIGGER,1768017,3623750,2.049613,-104.961265,true,3
1509,11347,AFFINITY_VARCHAR_8_NULL_LIT,SQLITE_PARITY_11347_AFFINITY_VARCHAR_8_NULL_LIT.rs,P0,memory,SQL_TYPE_AFFINITY,1519156,3113434,2.049450,-104.944983,true,3
1510,11805,JSON_JSON_EXTRACT_A_B_1_C,SQLITE_PARITY_11805_JSON_JSON_EXTRACT_A_B_1_C.rs,P0,memory,SQL_JSON,1455485,2982927,2.049439,-104.943850,true,3
1511,11924,WIN_COUNT_RANGE_UNBND_PREC_CURRENT,SQLITE_PARITY_11924_WIN_COUNT_RANGE_UNBND_PREC_CURRENT.rs,P0,memory,SQL_WINDOW,1615058,3309957,2.049435,-104.943538,true,3
1512,10029,ORDER_BY_DESC_NULLS_FIRST_OVERRIDE,SQLITE_PARITY_10029_ORDER_BY_DESC_NULLS_FIRST_OVERRIDE.rs,P0,memory,SQL_NULL_ORDER,1474111,3021040,2.049398,-104.939791,true,3
1513,11562,DATETIME_DATETIME_Y2K_MINUS_1_MONTH,SQLITE_PARITY_11562_DATETIME_DATETIME_Y2K_MINUS_1_MONTH.rs,P0,memory,SQL_DATETIME,1518074,3110910,2.049248,-104.924793,true,3
1514,10217,OPT_MODE_LIST,SQLITE_PARITY_10217_OPT_MODE_LIST.rs,P0,memory,CLI_OPTION,1415360,2900120,2.049033,-104.903346,true,3
1515,11968,WIN_LAST_VALUE_EXCL_TIES,SQLITE_PARITY_11968_WIN_LAST_VALUE_EXCL_TIES.rs,P0,memory,SQL_WINDOW,1607954,3294727,2.049018,-104.901819,true,3
1516,10221,OPT_MODE_TABS,SQLITE_PARITY_10221_OPT_MODE_TABS.rs,P0,memory,CLI_OPTION,1421531,2912664,2.048963,-104.896270,true,3
1517,11090,MATH_TRUNC_1_4,SQLITE_PARITY_11090_MATH_TRUNC_1_4.rs,P1,memory,SQL_MATH,1405281,2878249,2.048166,-104.816617,true,3
1518,10611,UNHEX_RECOVERS_BLOB,SQLITE_PARITY_10611_UNHEX_RECOVERS_BLOB.rs,P0,memory,SQL_BLOB,1496884,3065825,2.048138,-104.813800,true,3
1519,11447,STRING_CONCAT_A_B_C,SQLITE_PARITY_11447_STRING_CONCAT_A_B_C.rs,P0,memory,SQL_STRING,1411742,2891404,2.048111,-104.811077,true,3
1520,00313,SCALAR_CAST_TYPEOF_022,SQLITE_PARITY_313_SCALAR_CAST_TYPEOF_022.rs,P1,memory,GEN_SQL_SCALAR,1433845,2936349,2.047885,-104.788453,true,3
1521,11821,JSON_JSON_TYPE_E,SQLITE_PARITY_11821_JSON_JSON_TYPE_E.rs,P0,memory,SQL_JSON,1450086,2969141,2.047562,-104.756201,true,3
1522,00875,CONSTRAINT_FK_SAVEPOINT_008,SQLITE_PARITY_875_CONSTRAINT_FK_SAVEPOINT_008.rs,P2,memory,GEN_SQL_CONSTRAINT_TX,1693136,3466653,2.047475,-104.747463,true,3
1523,10073,REPLACE_WITH_AUTOINCREMENT,SQLITE_PARITY_10073_REPLACE_WITH_AUTOINCREMENT.rs,P0,memory,SQL_AUTOINCREMENT,1533172,3139123,2.047470,-104.746956,true,3
1524,10531,FILTER_VS_CASE_WHEN_EQUIVALENCE,SQLITE_PARITY_10531_FILTER_VS_CASE_WHEN_EQUIVALENCE.rs,P0,memory,SQL_AGGREGATE_ADV,1620047,3316779,2.047335,-104.733505,true,3
1525,11056,MATH_LOG10_1_0,SQLITE_PARITY_11056_MATH_LOG10_1_0.rs,P1,memory,SQL_MATH,1447760,2963991,2.047294,-104.729444,true,3
1526,01000,VIEW_TRIGGER_GENERATED_053,SQLITE_PARITY_1000_VIEW_TRIGGER_GENERATED_053.rs,P2,memory,GEN_SQL_VIEW_TRIGGER,1768608,3620764,2.047239,-104.723941,true,3
1527,00346,SCALAR_STRING_030,SQLITE_PARITY_346_SCALAR_STRING_030.rs,P1,memory,GEN_SQL_SCALAR,1466005,3001182,2.047184,-104.718401,true,3
1528,00912,CONSTRAINT_FK_SAVEPOINT_045,SQLITE_PARITY_912_CONSTRAINT_FK_SAVEPOINT_045.rs,P2,memory,GEN_SQL_CONSTRAINT_TX,1639544,3356365,2.047133,-104.713323,true,3
1529,10609,BLOB_LITERAL_TYPEOF,SQLITE_PARITY_10609_BLOB_LITERAL_TYPEOF.rs,P0,memory,SQL_BLOB,1430067,2927382,2.047024,-104.702437,true,3
1530,00411,DML_WHERE_ORDER_LIMIT_024,SQLITE_PARITY_411_DML_WHERE_ORDER_LIMIT_024.rs,P1,memory,GEN_SQL_DML,1660885,3399586,2.046852,-104.685213,true,3
1531,11622,DATETIME_DATETIME_DATE_2024_PLUS_1_YEAR,SQLITE_PARITY_11622_DATETIME_DATETIME_DATE_2024_PLUS_1_YEAR.rs,P0,memory,SQL_DATETIME,1441479,2949955,2.046478,-104.647796,true,3
1532,10020,EXISTS_WITH_NULL_ROWS,SQLITE_PARITY_10020_EXISTS_WITH_NULL_ROWS.rs,P0,memory,SQL_NULL_SEMANTICS,1495231,3059332,2.046060,-104.605977,true,3
1533,00318,SCALAR_STRING_023,SQLITE_PARITY_318_SCALAR_STRING_023.rs,P1,memory,GEN_SQL_SCALAR,1519497,3108656,2.045845,-104.584543,true,3
1534,01019,JSON_EXTRACT_SET_012,SQLITE_PARITY_1019_JSON_EXTRACT_SET_012.rs,P2,memory,GEN_SQL_JSON,1641818,3358658,2.045694,-104.569447,true,3
1535,00772,CTE_RECURSIVE_MATRIX_065,SQLITE_PARITY_772_CTE_RECURSIVE_MATRIX_065.rs,P1,memory,GEN_SQL_CTE,1572457,3216730,2.045671,-104.567120,true,3
1536,00295,SCALAR_NULL_COALESCE_017,SQLITE_PARITY_295_SCALAR_NULL_COALESCE_017.rs,P1,memory,GEN_SQL_SCALAR,1523084,3115578,2.045572,-104.557201,true,3
1537,00502,DML_WHERE_ORDER_LIMIT_115,SQLITE_PARITY_502_DML_WHERE_ORDER_LIMIT_115.rs,P1,memory,GEN_SQL_DML,1754822,3589525,2.045521,-104.552086,true,3
1538,10428,REC_TREE_TRAVERSAL_PARENT_CHILD,SQLITE_PARITY_10428_REC_TREE_TRAVERSAL_PARENT_CHILD.rs,P0,memory,SQL_RECURSIVE_CTE,1681243,3439000,2.045510,-104.551038,true,3
1539,00608,JOIN_SUBQUERY_EXISTS_001,SQLITE_PARITY_608_JOIN_SUBQUERY_EXISTS_001.rs,P1,memory,GEN_SQL_JOIN_SUBQUERY,1707773,3493054,2.045385,-104.538542,true,3
1540,10458,JOIN_ORDER_INDEPENDENCE,SQLITE_PARITY_10458_JOIN_ORDER_INDEPENDENCE.rs,P0,memory,SQL_JOIN,1613345,3298835,2.044718,-104.471765,true,3
1541,00491,DML_WHERE_ORDER_LIMIT_104,SQLITE_PARITY_491_DML_WHERE_ORDER_LIMIT_104.rs,P1,memory,GEN_SQL_DML,1737530,3552706,2.044688,-104.468757,true,3
1542,00401,DML_WHERE_ORDER_LIMIT_014,SQLITE_PARITY_401_DML_WHERE_ORDER_LIMIT_014.rs,P1,memory,GEN_SQL_DML,1674921,3424433,2.044534,-104.453404,true,3
1543,11704,DATETIME_STRFTIME_ISO_UNIX_START_OF_MONTH,SQLITE_PARITY_11704_DATETIME_STRFTIME_ISO_UNIX_START_OF_MONTH.rs,P0,memory,SQL_DATETIME,1431971,2927713,2.044534,-104.453372,true,3
1544,10625,BLOB_VS_TEXT_DIFFERENT_TYPES,SQLITE_PARITY_10625_BLOB_VS_TEXT_DIFFERENT_TYPES.rs,P0,memory,SQL_BLOB,1438984,2941579,2.044205,-104.420549,true,3
1545,00946,CONSTRAINT_FK_SAVEPOINT_079,SQLITE_PARITY_946_CONSTRAINT_FK_SAVEPOINT_079.rs,P2,memory,GEN_SQL_CONSTRAINT_TX,1657979,3389126,2.044131,-104.413084,true,3
1546,00350,SCALAR_STRING_031,SQLITE_PARITY_350_SCALAR_STRING_031.rs,P1,memory,GEN_SQL_SCALAR,1473901,3012733,2.044054,-104.405384,true,3
1547,11108,MATH_MOD_7_3,SQLITE_PARITY_11108_MATH_MOD_7_3.rs,P1,memory,SQL_MATH,1425358,2913346,2.043940,-104.393984,true,3
1548,00740,CTE_RECURSIVE_MATRIX_033,SQLITE_PARITY_740_CTE_RECURSIVE_MATRIX_033.rs,P1,memory,GEN_SQL_CTE,1549945,3167948,2.043910,-104.390995,true,3
1549,00235,SCALAR_NULL_COALESCE_002,SQLITE_PARITY_235_SCALAR_NULL_COALESCE_002.rs,P1,memory,GEN_SQL_SCALAR,1395843,2852881,2.043841,-104.384089,true,3
1550,00552,AGG_GROUP_HAVING_045,SQLITE_PARITY_552_AGG_GROUP_HAVING_045.rs,P1,memory,GEN_SQL_AGGREGATE,1721138,3517699,2.043822,-104.382159,true,3
1551,10222,OPT_MMAP_ZERO,SQLITE_PARITY_10222_OPT_MMAP_ZERO.rs,P0,memory,CLI_OPTION,1369463,2798929,2.043815,-104.381498,true,3
1552,10354,INSERT_MULTI_ROW_RETURNING,SQLITE_PARITY_10354_INSERT_MULTI_ROW_RETURNING.rs,P0,memory,SQL_RETURNING,1441329,2945446,2.043563,-104.356257,true,3
1553,11083,MATH_TAN_1_0,SQLITE_PARITY_11083_MATH_TAN_1_0.rs,P1,memory,SQL_MATH,1479371,3023073,2.043485,-104.348537,true,3
1554,11701,DATETIME_TIME_UNIX_START_OF_MONTH,SQLITE_PARITY_11701_DATETIME_TIME_UNIX_START_OF_MONTH.rs,P0,memory,SQL_DATETIME,1413486,2888318,2.043401,-104.340050,true,3
1555,11041,MATH_DEGREES_3_14159265358979,SQLITE_PARITY_11041_MATH_DEGREES_3_14159265358979.rs,P1,memory,SQL_MATH,1417133,2895441,2.043168,-104.316814,true,3
1556,10184,DOT_HELP_LISTS_COMMANDS,SQLITE_PARITY_10184_DOT_HELP_LISTS_COMMANDS.rs,P0,memory,CLI_DOT_COMMAND,1243594,2540850,2.043151,-104.315074,true,3
1557,11603,DATETIME_JULIANDAY_Y2K_WEEKDAY_0,SQLITE_PARITY_11603_DATETIME_JULIANDAY_Y2K_WEEKDAY_0.rs,P0,memory,SQL_DATETIME,1410139,2880634,2.042801,-104.280145,true,3
1558,11541,DATETIME_TIME_EPOCH_START_OF_YEAR,SQLITE_PARITY_11541_DATETIME_TIME_EPOCH_START_OF_YEAR.rs,P0,memory,SQL_DATETIME,1448021,2957779,2.042635,-104.263543,true,3
1559,10022,UNIQUE_ALLOWS_MULTIPLE_NULLS,SQLITE_PARITY_10022_UNIQUE_ALLOWS_MULTIPLE_NULLS.rs,P0,memory,SQL_NULL_SEMANTICS,1531860,3128713,2.042428,-104.242751,true,3
1560,11545,DATETIME_DATE_EPOCH_WEEKDAY_0,SQLITE_PARITY_11545_DATETIME_DATE_EPOCH_WEEKDAY_0.rs,P0,memory,SQL_DATETIME,1433113,2926931,2.042359,-104.235884,true,3
1561,00027,FOREIGN_KEY_FAILURE,SQLITE_PARITY_027_FOREIGN_KEY_FAILURE.rs,P0,memory,SQL_FOREIGN_KEYS_NEGATIVE,1521651,3107654,2.042291,-104.229091,true,3
1562,00775,CTE_RECURSIVE_MATRIX_068,SQLITE_PARITY_775_CTE_RECURSIVE_MATRIX_068.rs,P1,memory,GEN_SQL_CTE,1597384,3262266,2.042255,-104.225534,true,3
1563,10541,HAVING_IS_NULL_FILTER,SQLITE_PARITY_10541_HAVING_IS_NULL_FILTER.rs,P0,memory,SQL_AGGREGATE_ADV,1520228,3104668,2.042238,-104.223840,true,3
1564,00403,DML_WHERE_ORDER_LIMIT_016,SQLITE_PARITY_403_DML_WHERE_ORDER_LIMIT_016.rs,P1,memory,GEN_SQL_DML,1735676,3544470,2.042127,-104.212653,true,3
1565,11708,DATETIME_JULIANDAY_UNIX_START_OF_YEAR,SQLITE_PARITY_11708_DATETIME_JULIANDAY_UNIX_START_OF_YEAR.rs,P0,memory,SQL_DATETIME,1374542,2806844,2.042021,-104.202127,true,3
1566,10444,JOIN_INNER_ON,SQLITE_PARITY_10444_JOIN_INNER_ON.rs,P0,memory,SQL_JOIN,1571395,3208765,2.041985,-104.198499,true,3
1567,10349,ON_CONFLICT_DO_UPDATE_PRESERVES_ROWID,SQLITE_PARITY_10349_ON_CONFLICT_DO_UPDATE_PRESERVES_ROWID.rs,P0,memory,SQL_UPSERT,1505430,3074060,2.041981,-104.198136,true,3
1568,11051,MATH_FLOOR_1_6,SQLITE_PARITY_11051_MATH_FLOOR_1_6.rs,P1,memory,SQL_MATH,1370224,2797546,2.041671,-104.167056,true,3
1569,00075,EXPLAIN_QUERY_PLAN,SQLITE_PARITY_075_EXPLAIN_QUERY_PLAN.rs,P0,memory,SQL_EXPLAIN,1533533,3130687,2.041487,-104.148655,true,3
1570,00620,JOIN_SUBQUERY_EXISTS_013,SQLITE_PARITY_620_JOIN_SUBQUERY_EXISTS_013.rs,P1,memory,GEN_SQL_JOIN_SUBQUERY,1758699,3590327,2.041468,-104.146758,true,3
1571,00139,DOT_LINT_FKEY_INDEXES,SQLITE_PARITY_139_DOT_LINT_FKEY_INDEXES.rs,P3,memory,CLI_DOT_COMMAND_DIAGNOSTIC,1551227,3166685,2.041407,-104.140658,true,3
1572,00987,VIEW_TRIGGER_GENERATED_040,SQLITE_PARITY_987_VIEW_TRIGGER_GENERATED_040.rs,P2,memory,GEN_SQL_VIEW_TRIGGER,1726518,3524342,2.041300,-104.130047,true,3
1573,00689,JOIN_SUBQUERY_EXISTS_082,SQLITE_PARITY_689_JOIN_SUBQUERY_EXISTS_082.rs,P1,memory,GEN_SQL_JOIN_SUBQUERY,1687685,3444562,2.040998,-104.099817,true,3
1574,10513,SUM_DISTINCT_BASIC,SQLITE_PARITY_10513_SUM_DISTINCT_BASIC.rs,P0,memory,SQL_AGGREGATE_ADV,1554112,3171734,2.040866,-104.086578,true,3
1575,11542,DATETIME_DATETIME_EPOCH_START_OF_YEAR,SQLITE_PARITY_11542_DATETIME_DATETIME_EPOCH_START_OF_YEAR.rs,P0,memory,SQL_DATETIME,1472407,3004939,2.040834,-104.083450,true,3
1576,00707,JOIN_SUBQUERY_EXISTS_100,SQLITE_PARITY_707_JOIN_SUBQUERY_EXISTS_100.rs,P1,memory,GEN_SQL_JOIN_SUBQUERY,1708444,3486410,2.040693,-104.069317,true,3
1577,12012,PRAGMA_DATA_VERSION,SQLITE_PARITY_12012_PRAGMA_DATA_VERSION.rs,P1,memory,SQL_PRAGMA,1345968,2746069,2.040219,-104.021864,true,3
1578,00675,JOIN_SUBQUERY_EXISTS_068,SQLITE_PARITY_675_JOIN_SUBQUERY_EXISTS_068.rs,P1,memory,GEN_SQL_JOIN_SUBQUERY,1706732,3481972,2.040140,-104.013987,true,3
1579,11623,DATETIME_JULIANDAY_DATE_2024_PLUS_1_YEAR,SQLITE_PARITY_11623_DATETIME_JULIANDAY_DATE_2024_PLUS_1_YEAR.rs,P0,memory,SQL_DATETIME,1403427,2862970,2.039985,-103.998498,true,3
1580,11216,CAST_REAL_3_14_AS_REAL,SQLITE_PARITY_11216_CAST_REAL_3_14_AS_REAL.rs,P0,memory,SQL_CAST,1433694,2924477,2.039820,-103.981952,true,3
1581,10067,AUTOINCREMENT_EXPLICIT_BUMPS_SEQ,SQLITE_PARITY_10067_AUTOINCREMENT_EXPLICIT_BUMPS_SEQ.rs,P0,memory,SQL_AUTOINCREMENT,1569332,3201140,2.039811,-103.981057,true,3
1582,00146,DOT_READ_TEMPFILE,SQLITE_PARITY_146_DOT_READ_TEMPFILE.rs,P1,tempfile,CLI_TEMPFILE,1571515,3205409,2.039694,-103.969354,true,3
1583,00187,OPT_NULLVALUE,SQLITE_PARITY_187_OPT_NULLVALUE.rs,P1,memory,CLI_OPTION,1328845,2710141,2.039471,-103.947112,true,3
1584,10037,CREATE_INDEX_DESC_NULLS_FIRST_REJECTED,SQLITE_PARITY_10037_CREATE_INDEX_DESC_NULLS_FIRST_REJECTED.rs,P0,memory,SQL_NULL_ORDER,1324708,2701284,2.039154,-103.915429,true,3
1585,12027,PRAGMA_SET_MMAP_SIZE_0,SQLITE_PARITY_12027_PRAGMA_SET_MMAP_SIZE_0.rs,P1,memory,SQL_PRAGMA,1211804,2470918,2.039041,-103.904097,true,3
1586,00290,SCALAR_STRING_016,SQLITE_PARITY_290_SCALAR_STRING_016.rs,P1,memory,GEN_SQL_SCALAR,1549393,3159261,2.039031,-103.903141,true,3
1587,11301,AFFINITY_INTEGER_INT_BIG,SQLITE_PARITY_11301_AFFINITY_INTEGER_INT_BIG.rs,P0,memory,SQL_TYPE_AFFINITY,1459904,2976665,2.038946,-103.894571,true,3
1588,10393,SQLITE_MASTER_AFTER_CREATE_TRIGGER,SQLITE_PARITY_10393_SQLITE_MASTER_AFTER_CREATE_TRIGGER.rs,P0,memory,SQL_SCHEMA_INTROSPECTION,1344014,2740148,2.038779,-103.877936,true,3
1589,11667,DATETIME_DATETIME_UNIX_PLUS_5_DAYS,SQLITE_PARITY_11667_DATETIME_DATETIME_UNIX_PLUS_5_DAYS.rs,P0,memory,SQL_DATETIME,1419367,2893398,2.038513,-103.851294,true,3
1590,00272,SCALAR_ARITH_012,SQLITE_PARITY_272_SCALAR_ARITH_012.rs,P1,memory,GEN_SQL_SCALAR,1462288,2980703,2.038383,-103.838300,true,3
1591,10038,ORDER_BY_COLLATE_NOCASE_ASC_DEFAULT,SQLITE_PARITY_10038_ORDER_BY_COLLATE_NOCASE_ASC_DEFAULT.rs,P0,memory,SQL_NULL_ORDER,1526219,3110919,2.038318,-103.831757,true,3
1592,11077,MATH_SQRT_1_0,SQLITE_PARITY_11077_MATH_SQRT_1_0.rs,P1,memory,SQL_MATH,1311603,2673100,2.038040,-103.804047,true,3
1593,11337,AFFINITY_TEXT_TEXT_BARE,SQLITE_PARITY_11337_AFFINITY_TEXT_TEXT_BARE.rs,P0,memory,SQL_TYPE_AFFINITY,1393407,2839416,2.037751,-103.775064,true,3
1594,11930,WIN_MIN_ROWS_UNBND_PREC_CURRENT,SQLITE_PARITY_11930_WIN_MIN_ROWS_UNBND_PREC_CURRENT.rs,P0,memory,SQL_WINDOW,1655624,3373066,2.037338,-103.733819,true,3
1595,00143,DOT_QUIT,SQLITE_PARITY_143_DOT_QUIT.rs,P0,memory,CLI_DOT_COMMAND,1111805,2264858,2.037100,-103.710003,true,3
1596,12037,PRAGMA_SET_ENCODING_UTF_8,SQLITE_PARITY_12037_PRAGMA_SET_ENCODING_UTF_8.rs,P1,memory,SQL_PRAGMA,1337772,2725130,2.037066,-103.706611,true,3
1597,00922,CONSTRAINT_FK_SAVEPOINT_055,SQLITE_PARITY_922_CONSTRAINT_FK_SAVEPOINT_055.rs,P2,memory,GEN_SQL_CONSTRAINT_TX,1686393,3434692,2.036709,-103.670912,true,3
1598,10402,PRAGMA_DATABASE_LIST_DEFAULT,SQLITE_PARITY_10402_PRAGMA_DATABASE_LIST_DEFAULT.rs,P0,memory,SQL_SCHEMA_INTROSPECTION,1404449,2860446,2.036703,-103.670336,true,3
1599,00781,CTE_RECURSIVE_MATRIX_074,SQLITE_PARITY_781_CTE_RECURSIVE_MATRIX_074.rs,P1,memory,GEN_SQL_CTE,1625037,3309666,2.036671,-103.667117,true,3
1600,10030,ORDER_BY_ASC_NULLS_FIRST_EXPLICIT,SQLITE_PARITY_10030_ORDER_BY_ASC_NULLS_FIRST_EXPLICIT.rs,P0,memory,SQL_NULL_ORDER,1528373,3112623,2.036560,-103.655979,true,3
1601,00678,JOIN_SUBQUERY_EXISTS_071,SQLITE_PARITY_678_JOIN_SUBQUERY_EXISTS_071.rs,P1,memory,GEN_SQL_JOIN_SUBQUERY,1713314,3489146,2.036490,-103.648952,true,3
1602,12009,PRAGMA_AUTO_VACUUM,SQLITE_PARITY_12009_PRAGMA_AUTO_VACUUM.rs,P1,memory,SQL_PRAGMA,1309849,2667340,2.036372,-103.637213,true,3
1603,00835,WINDOW_PARTITION_SUM_048,SQLITE_PARITY_835_WINDOW_PARTITION_SUM_048.rs,P2,memory,GEN_SQL_WINDOW,1588036,3233451,2.036132,-103.613205,true,3
1604,00516,AGG_GROUP_HAVING_009,SQLITE_PARITY_516_AGG_GROUP_HAVING_009.rs,P1,memory,GEN_SQL_AGGREGATE,1674761,3409746,2.035960,-103.595976,true,3
1605,10457,JOIN_COALESCE_ON_JOIN_COL,SQLITE_PARITY_10457_JOIN_COALESCE_ON_JOIN_COL.rs,P0,memory,SQL_JOIN,1417654,2886164,2.035873,-103.587335,true,3
1606,00898,CONSTRAINT_FK_SAVEPOINT_031,SQLITE_PARITY_898_CONSTRAINT_FK_SAVEPOINT_031.rs,P2,memory,GEN_SQL_CONSTRAINT_TX,1651256,3361424,2.035677,-103.567708,true,3
1607,00859,WINDOW_PARTITION_SUM_072,SQLITE_PARITY_859_WINDOW_PARTITION_SUM_072.rs,P2,memory,GEN_SQL_WINDOW,1639584,3337579,2.035626,-103.562550,true,3
1608,00823,WINDOW_PARTITION_SUM_036,SQLITE_PARITY_823_WINDOW_PARTITION_SUM_036.rs,P2,memory,GEN_SQL_WINDOW,1635447,3328783,2.035396,-103.539644,true,3
1609,11095,MATH_ATAN2_1_0_1_0,SQLITE_PARITY_11095_MATH_ATAN2_1_0_1_0.rs,P1,memory,SQL_MATH,1436179,2922863,2.035166,-103.516623,true,3
1610,11501,DATETIME_TIME_EPOCH_PLUS_5_DAYS,SQLITE_PARITY_11501_DATETIME_TIME_EPOCH_PLUS_5_DAYS.rs,P0,memory,SQL_DATETIME,1406132,2861577,2.035070,-103.506996,true,3
1611,00911,CONSTRAINT_FK_SAVEPOINT_044,SQLITE_PARITY_911_CONSTRAINT_FK_SAVEPOINT_044.rs,P2,memory,GEN_SQL_CONSTRAINT_TX,1674961,3407972,2.034658,-103.465752,true,3
1612,11424,STRING_HEX_X_01AB,SQLITE_PARITY_11424_STRING_HEX_X_01AB.rs,P0,memory,SQL_STRING,1460074,2970263,2.034324,-103.432360,true,3
1613,11565,DATETIME_DATE_Y2K_PLUS_1_YEAR,SQLITE_PARITY_11565_DATETIME_DATE_Y2K_PLUS_1_YEAR.rs,P0,memory,SQL_DATETIME,1450286,2948843,2.033284,-103.328378,true,3
1614,00606,AGG_GROUP_HAVING_099,SQLITE_PARITY_606_AGG_GROUP_HAVING_099.rs,P1,memory,GEN_SQL_AGGREGATE,1582315,3216770,2.032952,-103.295172,true,3
1615,11204,CAST_NULL_AS_NUMERIC,SQLITE_PARITY_11204_CAST_NULL_AS_NUMERIC.rs,P0,memory,SQL_CAST,1431289,2909608,2.032858,-103.285849,true,3
1616,01110,INDEX_SCHEMA_PRAGMA_043,SQLITE_PARITY_1110_INDEX_SCHEMA_PRAGMA_043.rs,P2,memory,GEN_SQL_INDEX_PRAGMA,1719185,3494556,2.032682,-103.268176,true,3
1617,11413,STRING_UPPER_ABC,SQLITE_PARITY_11413_STRING_UPPER_ABC.rs,P0,memory,SQL_STRING,1458161,2963931,2.032650,-103.265003,true,3
1618,00929,CONSTRAINT_FK_SAVEPOINT_062,SQLITE_PARITY_929_CONSTRAINT_FK_SAVEPOINT_062.rs,P2,memory,GEN_SQL_CONSTRAINT_TX,1727170,3510666,2.032612,-103.261173,true,3
1619,11335,AFFINITY_TEXT_REAL_BIG,SQLITE_PARITY_11335_AFFINITY_TEXT_REAL_BIG.rs,P0,memory,SQL_TYPE_AFFINITY,1543612,3137190,2.032370,-103.236953,true,3
1620,00854,WINDOW_PARTITION_SUM_067,SQLITE_PARITY_854_WINDOW_PARTITION_SUM_067.rs,P2,memory,GEN_SQL_WINDOW,1594809,3239273,2.031135,-103.113539,true,3
1621,00321,SCALAR_CAST_TYPEOF_024,SQLITE_PARITY_321_SCALAR_CAST_TYPEOF_024.rs,P1,memory,GEN_SQL_SCALAR,1644163,3339372,2.031047,-103.104680,true,3
1622,11328,AFFINITY_DOUBLE_TEXT_NUM,SQLITE_PARITY_11328_AFFINITY_DOUBLE_TEXT_NUM.rs,P0,memory,SQL_TYPE_AFFINITY,1446549,2937691,2.030827,-103.082716,true,3
1623,00684,JOIN_SUBQUERY_EXISTS_077,SQLITE_PARITY_684_JOIN_SUBQUERY_EXISTS_077.rs,P1,memory,GEN_SQL_JOIN_SUBQUERY,1652568,3355422,2.030429,-103.042901,true,3
1624,00398,DML_WHERE_ORDER_LIMIT_011,SQLITE_PARITY_398_DML_WHERE_ORDER_LIMIT_011.rs,P1,memory,GEN_SQL_DML,1709045,3470039,2.030397,-103.039651,true,3
1625,00726,CTE_RECURSIVE_MATRIX_019,SQLITE_PARITY_726_CTE_RECURSIVE_MATRIX_019.rs,P1,memory,GEN_SQL_CTE,1605419,3259631,2.030393,-103.039269,true,3
1626,11547,DATETIME_DATETIME_EPOCH_WEEKDAY_0,SQLITE_PARITY_11547_DATETIME_DATETIME_EPOCH_WEEKDAY_0.rs,P0,memory,SQL_DATETIME,1446379,2936339,2.030131,-103.013111,true,3
1627,00088,JSON_SCALAR_FUNCTIONS,SQLITE_PARITY_088_JSON_SCALAR_FUNCTIONS.rs,P0,memory,SQL_JSON,1419397,2880384,2.029301,-102.930118,true,3
1628,00945,CONSTRAINT_FK_SAVEPOINT_078,SQLITE_PARITY_945_CONSTRAINT_FK_SAVEPOINT_078.rs,P2,memory,GEN_SQL_CONSTRAINT_TX,1666986,3382815,2.029300,-102.930019,true,3
1629,00694,JOIN_SUBQUERY_EXISTS_087,SQLITE_PARITY_694_JOIN_SUBQUERY_EXISTS_087.rs,P1,memory,GEN_SQL_JOIN_SUBQUERY,1690150,3429593,2.029165,-102.916487,true,3
1630,11832,JSON_JSON_ARRAY_LENGTH_D_3,SQLITE_PARITY_11832_JSON_JSON_ARRAY_LENGTH_D_3.rs,P0,memory,SQL_JSON,1356889,2753142,2.029010,-102.901048,true,3
1631,00951,VIEW_TRIGGER_GENERATED_004,SQLITE_PARITY_951_VIEW_TRIGGER_GENERATED_004.rs,P2,memory,GEN_SQL_VIEW_TRIGGER,1715257,3480208,2.028972,-102.897175,true,3
1632,00952,VIEW_TRIGGER_GENERATED_005,SQLITE_PARITY_952_VIEW_TRIGGER_GENERATED_005.rs,P2,memory,GEN_SQL_VIEW_TRIGGER,1699958,3449130,2.028950,-102.895013,true,3
1633,10001,NULL_EQ_NULL_IS_NULL,SQLITE_PARITY_10001_NULL_EQ_NULL_IS_NULL.rs,P0,memory,SQL_NULL_SEMANTICS,1440167,2921210,2.028383,-102.838282,true,3
1634,11519,DATETIME_STRFTIME_ISO_EPOCH_PLUS_3_HOURS,SQLITE_PARITY_11519_DATETIME_STRFTIME_ISO_EPOCH_PLUS_3_HOURS.rs,P0,memory,SQL_DATETIME,1474842,2991473,2.028335,-102.833456,true,3
1635,11318,AFFINITY_REAL_REAL_HALF,SQLITE_PARITY_11318_AFFINITY_REAL_REAL_HALF.rs,P0,memory,SQL_TYPE_AFFINITY,1491744,3025057,2.027866,-102.786604,true,3
1636,10139,MODE_QUOTE_BASIC,SQLITE_PARITY_10139_MODE_QUOTE_BASIC.rs,P0,memory,CLI_OUTPUT_MODE,1529276,3101031,2.027777,-102.777720,true,3
1637,10297,BEGIN_IMMEDIATE_BASIC,SQLITE_PARITY_10297_BEGIN_IMMEDIATE_BASIC.rs,P0,memory,SQL_TRANSACTION,1512714,3067397,2.027744,-102.774417,true,3
1638,11317,AFFINITY_REAL_INT_BIG,SQLITE_PARITY_11317_AFFINITY_REAL_INT_BIG.rs,P0,memory,SQL_TYPE_AFFINITY,1552510,3148030,2.027704,-102.770353,true,3
1639,00034,EXPRESSION_INDEX,SQLITE_PARITY_034_EXPRESSION_INDEX.rs,P0,memory,SQL_INDEX,1519506,3081063,2.027674,-102.767413,true,3
1640,11613,DATETIME_JULIANDAY_DATE_2024_PLUS_5_DAYS,SQLITE_PARITY_11613_DATETIME_JULIANDAY_DATE_2024_PLUS_5_DAYS.rs,P0,memory,SQL_DATETIME,1432212,2903647,2.027386,-102.738631,true,3
1641,00788,WINDOW_PARTITION_SUM_001,SQLITE_PARITY_788_WINDOW_PARTITION_SUM_001.rs,P2,memory,GEN_SQL_WINDOW,1625007,3294457,2.027349,-102.734942,true,3
1642,00918,CONSTRAINT_FK_SAVEPOINT_051,SQLITE_PARITY_918_CONSTRAINT_FK_SAVEPOINT_051.rs,P2,memory,GEN_SQL_CONSTRAINT_TX,1697223,3440683,2.027243,-102.724274,true,3
1643,00881,CONSTRAINT_FK_SAVEPOINT_014,SQLITE_PARITY_881_CONSTRAINT_FK_SAVEPOINT_014.rs,P2,memory,GEN_SQL_CONSTRAINT_TX,1681814,3408984,2.026968,-102.696850,true,3
1644,10257,PRAGMA_LOCKING_MODE_NORMAL,SQLITE_PARITY_10257_PRAGMA_LOCKING_MODE_NORMAL.rs,P0,memory,SQL_PRAGMA,1380052,2797286,2.026942,-102.694246,true,3
1645,10628,CAST_TEXT_TO_BLOB,SQLITE_PARITY_10628_CAST_TEXT_TO_BLOB.rs,P0,memory,SQL_BLOB,1475294,2990261,2.026892,-102.689159,true,3
1646,11516,DATETIME_TIME_EPOCH_PLUS_3_HOURS,SQLITE_PARITY_11516_DATETIME_TIME_EPOCH_PLUS_3_HOURS.rs,P0,memory,SQL_DATETIME,1413666,2864563,2.026336,-102.633649,true,3
1647,00555,AGG_GROUP_HAVING_048,SQLITE_PARITY_555_AGG_GROUP_HAVING_048.rs,P1,memory,GEN_SQL_AGGREGATE,1634544,3312100,2.026314,-102.631437,true,3
1648,11351,AFFINITY_BLOB_REAL_BIG,SQLITE_PARITY_11351_AFFINITY_BLOB_REAL_BIG.rs,P0,memory,SQL_TYPE_AFFINITY,1560234,3161285,2.026161,-102.616082,true,3
1649,00424,DML_WHERE_ORDER_LIMIT_037,SQLITE_PARITY_424_DML_WHERE_ORDER_LIMIT_037.rs,P1,memory,GEN_SQL_DML,1614156,3270432,2.026094,-102.609413,true,3
1650,11211,CAST_INT_NEG_3_AS_REAL,SQLITE_PARITY_11211_CAST_INT_NEG_3_AS_REAL.rs,P0,memory,SQL_CAST,1428344,2893949,2.026087,-102.608685,true,3
1651,11706,DATETIME_TIME_UNIX_START_OF_YEAR,SQLITE_PARITY_11706_DATETIME_TIME_UNIX_START_OF_YEAR.rs,P0,memory,SQL_DATETIME,1460375,2958691,2.025980,-102.598031,true,3
1652,11417,STRING_RTRIM_HI,SQLITE_PARITY_11417_STRING_RTRIM_HI.rs,P0,memory,SQL_STRING,1448883,2935116,2.025778,-102.577848,true,3
1653,11820,JSON_JSON_TYPE_D_3,SQLITE_PARITY_11820_JSON_JSON_TYPE_D_3.rs,P0,memory,SQL_JSON,1492826,3023564,2.025396,-102.539613,true,3
1654,10608,GLOB_CASE_SENSITIVE_ALWAYS,SQLITE_PARITY_10608_GLOB_CASE_SENSITIVE_ALWAYS.rs,P0,memory,SQL_PATTERN,1460655,2958390,2.025386,-102.538587,true,3
1655,11615,DATETIME_DATE_DATE_2024_MINUS_1_MONTH,SQLITE_PARITY_11615_DATETIME_DATE_DATE_2024_MINUS_1_MONTH.rs,P0,memory,SQL_DATETIME,1428544,2893117,2.025221,-102.522078,true,3
1656,00610,JOIN_SUBQUERY_EXISTS_003,SQLITE_PARITY_610_JOIN_SUBQUERY_EXISTS_003.rs,P1,memory,GEN_SQL_JOIN_SUBQUERY,1838280,3722888,2.025202,-102.520182,true,3
1657,11098,MATH_LOG_2_0_8_0,SQLITE_PARITY_11098_MATH_LOG_2_0_8_0.rs,P1,memory,SQL_MATH,1436540,2908306,2.024521,-102.452142,true,3
1658,11637,DATETIME_DATETIME_DATE_2024_PLUS_10_SECONDS,SQLITE_PARITY_11637_DATETIME_DATETIME_DATE_2024_PLUS_10_SECONDS.rs,P0,memory,SQL_DATETIME,1499939,3036549,2.024448,-102.444833,true,3
1659,00799,WINDOW_PARTITION_SUM_012,SQLITE_PARITY_799_WINDOW_PARTITION_SUM_012.rs,P2,memory,GEN_SQL_WINDOW,1569662,3177104,2.024069,-102.406888,true,3
1660,11818,JSON_JSON_TYPE_D,SQLITE_PARITY_11818_JSON_JSON_TYPE_D.rs,P0,memory,SQL_JSON,1515569,3067477,2.023977,-102.397713,true,3
1661,00044,ANALYZE_SQLITE_STAT1,SQLITE_PARITY_044_ANALYZE_SQLITE_STAT1.rs,P0,memory,SQL_ANALYZE,1522943,3082376,2.023960,-102.396019,true,3
1662,10530,FILTER_PLUS_DISTINCT_COMBO,SQLITE_PARITY_10530_FILTER_PLUS_DISTINCT_COMBO.rs,P0,memory,SQL_AGGREGATE_ADV,1619496,3277245,2.023620,-102.362031,true,3
1663,01089,INDEX_SCHEMA_PRAGMA_022,SQLITE_PARITY_1089_INDEX_SCHEMA_PRAGMA_022.rs,P2,memory,GEN_SQL_INDEX_PRAGMA,1801761,3645893,2.023516,-102.351644,true,3
1664,10002,NULL_NEQ_NULL_IS_NULL,SQLITE_PARITY_10002_NULL_NEQ_NULL_IS_NULL.rs,P0,memory,SQL_NULL_SEMANTICS,1414187,2861598,2.023493,-102.349336,true,3
1665,10008,IS_NOT_DISTINCT_FROM_BASIC,SQLITE_PARITY_10008_IS_NOT_DISTINCT_FROM_BASIC.rs,P0,memory,SQL_NULL_SEMANTICS,1443493,2920689,2.023348,-102.334823,true,3
1666,11639,DATETIME_STRFTIME_ISO_DATE_2024_PLUS_10_SECONDS,SQLITE_PARITY_11639_DATETIME_STRFTIME_ISO_DATE_2024_PLUS_10_SECONDS.rs,P0,memory,SQL_DATETIME,1477247,2988809,2.023229,-102.322902,true,3
1667,00872,CONSTRAINT_FK_SAVEPOINT_005,SQLITE_PARITY_872_CONSTRAINT_FK_SAVEPOINT_005.rs,P2,memory,GEN_SQL_CONSTRAINT_TX,1707602,3454730,2.023147,-102.314708,true,3
1668,01051,JSON_EXTRACT_SET_044,SQLITE_PARITY_1051_JSON_EXTRACT_SET_044.rs,P2,memory,GEN_SQL_JSON,1691953,3422920,2.023059,-102.305856,true,3
1669,00662,JOIN_SUBQUERY_EXISTS_055,SQLITE_PARITY_662_JOIN_SUBQUERY_EXISTS_055.rs,P1,memory,GEN_SQL_JOIN_SUBQUERY,1772044,3583765,2.022391,-102.239053,true,3
1670,00512,AGG_GROUP_HAVING_005,SQLITE_PARITY_512_AGG_GROUP_HAVING_005.rs,P1,memory,GEN_SQL_AGGREGATE,1540897,3116160,2.022303,-102.230259,true,3
1671,10396,SQLITE_STAT1_AFTER_ANALYZE,SQLITE_PARITY_10396_SQLITE_STAT1_AFTER_ANALYZE.rs,P0,memory,SQL_SCHEMA_INTROSPECTION,1614476,3264560,2.022055,-102.205545,true,3
1672,00886,CONSTRAINT_FK_SAVEPOINT_019,SQLITE_PARITY_886_CONSTRAINT_FK_SAVEPOINT_019.rs,P2,memory,GEN_SQL_CONSTRAINT_TX,1676264,3389337,2.021959,-102.195895,true,3
1673,00763,CTE_RECURSIVE_MATRIX_056,SQLITE_PARITY_763_CTE_RECURSIVE_MATRIX_056.rs,P1,memory,GEN_SQL_CTE,1586544,3207863,2.021919,-102.191871,true,3
1674,10446,JOIN_LEFT_PRESERVES_NULL,SQLITE_PARITY_10446_JOIN_LEFT_PRESERVES_NULL.rs,P0,memory,SQL_JOIN,1595340,3225426,2.021780,-102.177968,true,3
1675,10592,LIKE_CASE_SENSITIVE_PRAGMA_ON,SQLITE_PARITY_10592_LIKE_CASE_SENSITIVE_PRAGMA_ON.rs,P0,memory,SQL_PATTERN,1402696,2835298,2.021320,-102.132037,true,3
1676,00316,SCALAR_ARITH_023,SQLITE_PARITY_316_SCALAR_ARITH_023.rs,P1,memory,GEN_SQL_SCALAR,1465314,2961807,2.021278,-102.127803,true,3
1677,10346,ON_CONFLICT_DO_UPDATE_NO_OP_VALUES,SQLITE_PARITY_10346_ON_CONFLICT_DO_UPDATE_NO_OP_VALUES.rs,P0,memory,SQL_UPSERT,1558250,3148752,2.020698,-102.069758,true,3
1678,11643,DATETIME_JULIANDAY_DATE_2024_START_OF_DAY,SQLITE_PARITY_11643_DATETIME_JULIANDAY_DATE_2024_START_OF_DAY.rs,P0,memory,SQL_DATETIME,1487356,3005490,2.020693,-102.069310,true,3
1679,01095,INDEX_SCHEMA_PRAGMA_028,SQLITE_PARITY_1095_INDEX_SCHEMA_PRAGMA_028.rs,P2,memory,GEN_SQL_INDEX_PRAGMA,1777896,3592412,2.020597,-102.059738,true,3
1680,01117,INDEX_SCHEMA_PRAGMA_050,SQLITE_PARITY_1117_INDEX_SCHEMA_PRAGMA_050.rs,P2,memory,GEN_SQL_INDEX_PRAGMA,1697404,3429663,2.020534,-102.053430,true,3
1681,00178,OPT_HTML_MODE,SQLITE_PARITY_178_OPT_HTML_MODE.rs,P2,memory,CLI_OPTION,1362239,2752331,2.020446,-102.044649,true,3
1682,00807,WINDOW_PARTITION_SUM_020,SQLITE_PARITY_807_WINDOW_PARTITION_SUM_020.rs,P2,memory,GEN_SQL_WINDOW,1635025,3303334,2.020357,-102.035688,true,3
1683,00240,SCALAR_ARITH_004,SQLITE_PARITY_240_SCALAR_ARITH_004.rs,P1,memory,GEN_SQL_SCALAR,1463421,2956287,2.020121,-102.012066,true,3
1684,10280,FK_DELETE_SET_DEFAULT_FALLS_BACK,SQLITE_PARITY_10280_FK_DELETE_SET_DEFAULT_FALLS_BACK.rs,P0,memory,SQL_FOREIGN_KEYS,1656175,3345123,2.019788,-101.978837,true,3
1685,10208,OPT_VERSION,SQLITE_PARITY_10208_OPT_VERSION.rs,P0,memory,CLI_OPTION,1116704,2255380,2.019676,-101.967576,true,3
1686,01113,INDEX_SCHEMA_PRAGMA_046,SQLITE_PARITY_1113_INDEX_SCHEMA_PRAGMA_046.rs,P2,memory,GEN_SQL_INDEX_PRAGMA,1748380,3529772,2.018881,-101.888148,true,3
1687,10613,OCTET_LENGTH_BLOB,SQLITE_PARITY_10613_OCTET_LENGTH_BLOB.rs,P0,memory,SQL_BLOB,1522974,3074651,2.018847,-101.884668,true,3
1688,01118,INDEX_SCHEMA_PRAGMA_051,SQLITE_PARITY_1118_INDEX_SCHEMA_PRAGMA_051.rs,P2,memory,GEN_SQL_INDEX_PRAGMA,1770883,3575128,2.018839,-101.883919,true,3
1689,00735,CTE_RECURSIVE_MATRIX_028,SQLITE_PARITY_735_CTE_RECURSIVE_MATRIX_028.rs,P1,memory,GEN_SQL_CTE,1630477,3291472,2.018717,-101.871722,true,3
1690,00534,AGG_GROUP_HAVING_027,SQLITE_PARITY_534_AGG_GROUP_HAVING_027.rs,P1,memory,GEN_SQL_AGGREGATE,1734243,3500767,2.018614,-101.861389,true,3
1691,00743,CTE_RECURSIVE_MATRIX_036,SQLITE_PARITY_743_CTE_RECURSIVE_MATRIX_036.rs,P1,memory,GEN_SQL_CTE,1594298,3217702,2.018256,-101.825631,true,3
1692,10004,NULL_PLUS_INT_IS_NULL,SQLITE_PARITY_10004_NULL_PLUS_INT_IS_NULL.rs,P0,memory,SQL_NULL_SEMANTICS,1419588,2864703,2.017982,-101.798198,true,3
1693,10169,DOT_SEPARATOR_TAB,SQLITE_PARITY_10169_DOT_SEPARATOR_TAB.rs,P0,memory,CLI_DOT_COMMAND,1351790,2727684,2.017831,-101.783117,true,3
1694,00584,AGG_GROUP_HAVING_077,SQLITE_PARITY_584_AGG_GROUP_HAVING_077.rs,P1,memory,GEN_SQL_AGGREGATE,1649764,3328872,2.017787,-101.778679,true,3
1695,00941,CONSTRAINT_FK_SAVEPOINT_074,SQLITE_PARITY_941_CONSTRAINT_FK_SAVEPOINT_074.rs,P2,memory,GEN_SQL_CONSTRAINT_TX,1694668,3418873,2.017429,-101.742937,true,3
1696,00271,SCALAR_NULL_COALESCE_011,SQLITE_PARITY_271_SCALAR_NULL_COALESCE_011.rs,P1,memory,GEN_SQL_SCALAR,1461788,2948903,2.017326,-101.732604,true,3
1697,10052,COUNT_DISTINCT_EXCLUDES_NULL,SQLITE_PARITY_10052_COUNT_DISTINCT_EXCLUDES_NULL.rs,P0,memory,SQL_AGGREGATE_NULL,1596573,3220807,2.017325,-101.732523,true,3
1698,01058,JSON_EXTRACT_SET_051,SQLITE_PARITY_1058_JSON_EXTRACT_SET_051.rs,P2,memory,GEN_SQL_JSON,1503526,3032872,2.017173,-101.717297,true,3
1699,10009,NULL_AND_FALSE_SHORTCIRCUIT,SQLITE_PARITY_10009_NULL_AND_FALSE_SHORTCIRCUIT.rs,P0,memory,SQL_NULL_SEMANTICS,1416241,2856608,2.017035,-101.703524,true,3
1700,11405,STRING_OCTET_LENGTH_,SQLITE_PARITY_11405_STRING_OCTET_LENGTH_.rs,P0,memory,SQL_STRING,1528414,3082817,2.017004,-101.700390,true,3
1701,00190,OPT_BAIL,SQLITE_PARITY_190_OPT_BAIL.rs,P1,memory,CLI_OPTION_NEGATIVE,1222945,2466099,2.016525,-101.652486,true,3
1702,00185,OPT_SEPARATOR,SQLITE_PARITY_185_OPT_SEPARATOR.rs,P1,memory,CLI_OPTION,1357129,2736561,2.016434,-101.643396,true,3
1703,11058,MATH_LOG10_100_0,SQLITE_PARITY_11058_MATH_LOG10_100_0.rs,P1,memory,SQL_MATH,1307686,2636521,2.016173,-101.617284,true,3
1704,00545,AGG_GROUP_HAVING_038,SQLITE_PARITY_545_AGG_GROUP_HAVING_038.rs,P1,memory,GEN_SQL_AGGREGATE,1744483,3516908,2.016017,-101.601735,true,3
1705,00542,AGG_GROUP_HAVING_035,SQLITE_PARITY_542_AGG_GROUP_HAVING_035.rs,P1,memory,GEN_SQL_AGGREGATE,1745985,3519693,2.015878,-101.587814,true,3
1706,00846,WINDOW_PARTITION_SUM_059,SQLITE_PARITY_846_WINDOW_PARTITION_SUM_059.rs,P2,memory,GEN_SQL_WINDOW,1626799,3279358,2.015835,-101.583478,true,3
1707,01087,INDEX_SCHEMA_PRAGMA_020,SQLITE_PARITY_1087_INDEX_SCHEMA_PRAGMA_020.rs,P2,memory,GEN_SQL_INDEX_PRAGMA,1787454,3602580,2.015481,-101.548124,true,3
1708,11550,DATETIME_DATE_EPOCH_UTC,SQLITE_PARITY_11550_DATETIME_DATE_EPOCH_UTC.rs,P0,memory,SQL_DATETIME,1468951,2960545,2.015414,-101.541440,true,3
1709,00967,VIEW_TRIGGER_GENERATED_020,SQLITE_PARITY_967_VIEW_TRIGGER_GENERATED_020.rs,P2,memory,GEN_SQL_VIEW_TRIGGER,1702975,3432158,2.015390,-101.538954,true,3
1710,00393,DML_WHERE_ORDER_LIMIT_006,SQLITE_PARITY_393_DML_WHERE_ORDER_LIMIT_006.rs,P1,memory,GEN_SQL_DML,1743191,3513031,2.015287,-101.528748,true,3
1711,10102,STRICT_MISMATCHED_DEFAULT_REJECTED_ON_INSERT,SQLITE_PARITY_10102_STRICT_MISMATCHED_DEFAULT_REJECTED_ON_INSERT.rs,P0,memory,SQL_STRICT_TABLES,1361447,2743634,2.015234,-101.523379,true,3
1712,11442,STRING_SUBSTRING_ABCDEF_2_3,SQLITE_PARITY_11442_STRING_SUBSTRING_ABCDEF_2_3.rs,P0,memory,SQL_STRING,1406693,2834606,2.015085,-101.508503,true,3
1713,10285,FK_UPDATE_SET_DEFAULT_FALLS_BACK,SQLITE_PARITY_10285_FK_UPDATE_SET_DEFAULT_FALLS_BACK.rs,P0,memory,SQL_FOREIGN_KEYS,1689989,3405307,2.014988,-101.498767,true,3
1714,10092,STRICT_TEXT_REJECTS_BLOB,SQLITE_PARITY_10092_STRICT_TEXT_REJECTS_BLOB.rs,P0,memory,SQL_STRICT_TABLES,1429747,2880914,2.014982,-101.498167,true,3
1715,11925,WIN_COUNT_GROUPS_1_PREC_CURRENT,SQLITE_PARITY_11925_WIN_COUNT_GROUPS_1_PREC_CURRENT.rs,P0,memory,SQL_WINDOW,1854010,3735723,2.014942,-101.494221,true,3
1716,00955,VIEW_TRIGGER_GENERATED_008,SQLITE_PARITY_955_VIEW_TRIGGER_GENERATED_008.rs,P2,memory,GEN_SQL_VIEW_TRIGGER,1753940,3533830,2.014795,-101.479526,true,3
1717,11242,CAST_BLOB_HEX_AS_TEXT,SQLITE_PARITY_11242_CAST_BLOB_HEX_AS_TEXT.rs,P0,memory,SQL_CAST,1414227,2849014,2.014538,-101.453798,true,3
1718,11343,AFFINITY_VARCHAR_8_REAL_BIG,SQLITE_PARITY_11343_AFFINITY_VARCHAR_8_REAL_BIG.rs,P0,memory,SQL_TYPE_AFFINITY,1475423,2972017,2.014349,-101.434911,true,3
1719,00120,DOT_EXPLAIN,SQLITE_PARITY_120_DOT_EXPLAIN.rs,P0,memory,CLI_DOT_COMMAND,1267971,2554005,2.014246,-101.424559,true,3
1720,00376,SCALAR_ARITH_038,SQLITE_PARITY_376_SCALAR_ARITH_038.rs,P1,memory,GEN_SQL_SCALAR,1513505,3048321,2.014081,-101.408056,true,3
1721,10430,REC_MULTI_TWO_RECURSIVE_CTES,SQLITE_PARITY_10430_REC_MULTI_TWO_RECURSIVE_CTES.rs,P0,memory,SQL_RECURSIVE_CTE,1643812,3310667,2.014018,-101.401803,true,3
1722,00483,DML_WHERE_ORDER_LIMIT_096,SQLITE_PARITY_483_DML_WHERE_ORDER_LIMIT_096.rs,P1,memory,GEN_SQL_DML,1865592,3757323,2.014011,-101.401110,true,3
1723,00751,CTE_RECURSIVE_MATRIX_044,SQLITE_PARITY_751_CTE_RECURSIVE_MATRIX_044.rs,P1,memory,GEN_SQL_CTE,1565664,3152970,2.013823,-101.382289,true,3
1724,11577,DATETIME_DATETIME_Y2K_PLUS_30_MINUTES,SQLITE_PARITY_11577_DATETIME_DATETIME_Y2K_PLUS_30_MINUTES.rs,P0,memory,SQL_DATETIME,1428113,2875874,2.013758,-101.375801,true,3
1725,00663,JOIN_SUBQUERY_EXISTS_056,SQLITE_PARITY_663_JOIN_SUBQUERY_EXISTS_056.rs,P1,memory,GEN_SQL_JOIN_SUBQUERY,1719715,3462606,2.013477,-101.347665,true,3
1726,01126,INDEX_SCHEMA_PRAGMA_059,SQLITE_PARITY_1126_INDEX_SCHEMA_PRAGMA_059.rs,P2,memory,GEN_SQL_INDEX_PRAGMA,1779650,3582533,2.013055,-101.305481,true,3
1727,00513,AGG_GROUP_HAVING_006,SQLITE_PARITY_513_AGG_GROUP_HAVING_006.rs,P1,memory,GEN_SQL_AGGREGATE,1686593,3395057,2.012968,-101.296756,true,3
1728,00365,SCALAR_CAST_TYPEOF_035,SQLITE_PARITY_365_SCALAR_CAST_TYPEOF_035.rs,P1,memory,GEN_SQL_SCALAR,1489159,2997205,2.012683,-101.268300,true,3
1729,11451,STRING_UNHEX_0102,SQLITE_PARITY_11451_STRING_UNHEX_0102.rs,P0,memory,SQL_STRING,1475633,2969973,2.012677,-101.267727,true,3
1730,11695,DATETIME_DATE_UNIX_START_OF_DAY,SQLITE_PARITY_11695_DATETIME_DATE_UNIX_START_OF_DAY.rs,P0,memory,SQL_DATETIME,1397426,2812555,2.012668,-101.266829,true,3
1731,00327,SCALAR_NULL_COALESCE_025,SQLITE_PARITY_327_SCALAR_NULL_COALESCE_025.rs,P1,memory,GEN_SQL_SCALAR,1577406,3173327,2.011738,-101.173762,true,3
1732,10014,NULL_LIKE_PATTERN,SQLITE_PARITY_10014_NULL_LIKE_PATTERN.rs,P0,memory,SQL_NULL_SEMANTICS,1423555,2863692,2.011648,-101.164830,true,3
1733,10588,LIKE_UNDERSCORE_WILDCARD,SQLITE_PARITY_10588_LIKE_UNDERSCORE_WILDCARD.rs,P0,memory,SQL_PATTERN,1421922,2860375,2.011626,-101.162581,true,3
1734,00706,JOIN_SUBQUERY_EXISTS_099,SQLITE_PARITY_706_JOIN_SUBQUERY_EXISTS_099.rs,P1,memory,GEN_SQL_JOIN_SUBQUERY,1728743,3477193,2.011400,-101.139961,true,3
1735,10615,BLOB_CONCAT_OPERATOR,SQLITE_PARITY_10615_BLOB_CONCAT_OPERATOR.rs,P0,memory,SQL_BLOB,1540176,3097865,2.011371,-101.137078,true,3
1736,10010,NULL_OR_TRUE_SHORTCIRCUIT,SQLITE_PARITY_10010_NULL_OR_TRUE_SHORTCIRCUIT.rs,P0,memory,SQL_NULL_SEMANTICS,1461187,2938734,2.011196,-101.119638,true,3
1737,10336,ON_CONFLICT_RETURNING_UPDATED,SQLITE_PARITY_10336_ON_CONFLICT_RETURNING_UPDATED.rs,P0,memory,SQL_UPSERT,1538773,3094349,2.010920,-101.091974,true,3
1738,11685,DATETIME_DATE_UNIX_PLUS_30_MINUTES,SQLITE_PARITY_11685_DATETIME_DATE_UNIX_PLUS_30_MINUTES.rs,P0,memory,SQL_DATETIME,1472588,2960976,2.010729,-101.072941,true,3
1739,10539,WHERE_BEFORE_GROUP_BY,SQLITE_PARITY_10539_WHERE_BEFORE_GROUP_BY.rs,P0,memory,SQL_AGGREGATE_ADV,1596302,3209617,2.010658,-101.065776,true,3
1740,00523,AGG_GROUP_HAVING_016,SQLITE_PARITY_523_AGG_GROUP_HAVING_016.rs,P1,memory,GEN_SQL_AGGREGATE,1783737,3585758,2.010250,-101.025039,true,3
1741,00366,SCALAR_STRING_035,SQLITE_PARITY_366_SCALAR_STRING_035.rs,P1,memory,GEN_SQL_SCALAR,1453071,2920950,2.010191,-101.019083,true,3
1742,10117,MODE_LIST_HEADERS_OFF_DEFAULT_NULL,SQLITE_PARITY_10117_MODE_LIST_HEADERS_OFF_DEFAULT_NULL.rs,P0,memory,CLI_OUTPUT_MODE,1475314,2964673,2.009520,-100.952001,true,3
1743,01055,JSON_EXTRACT_SET_048,SQLITE_PARITY_1055_JSON_EXTRACT_SET_048.rs,P2,memory,GEN_SQL_JSON,1637090,3289748,2.009510,-100.950956,true,3
1744,00600,AGG_GROUP_HAVING_093,SQLITE_PARITY_600_AGG_GROUP_HAVING_093.rs,P1,memory,GEN_SQL_AGGREGATE,1763939,3544580,2.009469,-100.946858,true,3
1745,00019,REPLACE_INTO,SQLITE_PARITY_019_REPLACE_INTO.rs,P0,memory,SQL_REPLACE,1563430,3141507,2.009369,-100.936850,true,3
1746,10013,NULL_BETWEEN,SQLITE_PARITY_10013_NULL_BETWEEN.rs,P0,memory,SQL_NULL_SEMANTICS,1411543,2836280,2.009347,-100.934722,true,3
1747,10443,REC_SUM_TO_N_VIA_FOLD,SQLITE_PARITY_10443_REC_SUM_TO_N_VIA_FOLD.rs,P0,memory,SQL_RECURSIVE_CTE,1538533,3091443,2.009345,-100.934462,true,3
1748,00686,JOIN_SUBQUERY_EXISTS_079,SQLITE_PARITY_686_JOIN_SUBQUERY_EXISTS_079.rs,P1,memory,GEN_SQL_JOIN_SUBQUERY,1767066,3550391,2.009201,-100.920113,true,3
1749,11624,DATETIME_STRFTIME_ISO_DATE_2024_PLUS_1_YEAR,SQLITE_PARITY_11624_DATETIME_STRFTIME_ISO_DATE_2024_PLUS_1_YEAR.rs,P0,memory,SQL_DATETIME,1437060,2887066,2.009009,-100.900867,true,3
1750,11923,WIN_COUNT_ROWS_2_PREC_CURRENT,SQLITE_PARITY_11923_WIN_COUNT_ROWS_2_PREC_CURRENT.rs,P0,memory,SQL_WINDOW,1688246,3391461,2.008867,-100.886660,true,3
1751,00369,SCALAR_CAST_TYPEOF_036,SQLITE_PARITY_369_SCALAR_CAST_TYPEOF_036.rs,P1,memory,GEN_SQL_SCALAR,1468911,2950476,2.008615,-100.861455,true,3
1752,00984,VIEW_TRIGGER_GENERATED_037,SQLITE_PARITY_984_VIEW_TRIGGER_GENERATED_037.rs,P2,memory,GEN_SQL_VIEW_TRIGGER,1633283,3279879,2.008151,-100.815107,true,3
1753,10515,GROUP_CONCAT_DISTINCT_BASIC,SQLITE_PARITY_10515_GROUP_CONCAT_DISTINCT_BASIC.rs,P0,memory,SQL_AGGREGATE_ADV,1585702,3183948,2.007911,-100.791069,true,3
1754,11356,AFFINITY_NUMERIC_INT_1,SQLITE_PARITY_11356_AFFINITY_NUMERIC_INT_1.rs,P0,memory,SQL_TYPE_AFFINITY,1592515,3197574,2.007877,-100.787685,true,3
1755,00381,SCALAR_CAST_TYPEOF_039,SQLITE_PARITY_381_SCALAR_CAST_TYPEOF_039.rs,P1,memory,GEN_SQL_SCALAR,1524686,3060564,2.007341,-100.734053,true,3
1756,01046,JSON_EXTRACT_SET_039,SQLITE_PARITY_1046_JSON_EXTRACT_SET_039.rs,P2,memory,GEN_SQL_JSON,1606081,3223703,2.007186,-100.718581,true,3
1757,10100,STRICT_NOT_NULL_REJECTS_NULL,SQLITE_PARITY_10100_STRICT_NOT_NULL_REJECTS_NULL.rs,P0,memory,SQL_STRICT_TABLES,1407094,2824006,2.006978,-100.697750,true,3
1758,10056,HAVING_SUM_NULL_FILTERED,SQLITE_PARITY_10056_HAVING_SUM_NULL_FILTERED.rs,P0,memory,SQL_AGGREGATE_NULL,1624535,3260072,2.006772,-100.677240,true,3
1759,00664,JOIN_SUBQUERY_EXISTS_057,SQLITE_PARITY_664_JOIN_SUBQUERY_EXISTS_057.rs,P1,memory,GEN_SQL_JOIN_SUBQUERY,1764470,3540553,2.006582,-100.658158,true,3
1760,10043,UNION_ALL_ORDER_BY_ASC_NULL_FIRST,SQLITE_PARITY_10043_UNION_ALL_ORDER_BY_ASC_NULL_FIRST.rs,P0,memory,SQL_NULL_ORDER,1533113,3076314,2.006580,-100.658008,true,3
1761,00847,WINDOW_PARTITION_SUM_060,SQLITE_PARITY_847_WINDOW_PARTITION_SUM_060.rs,P2,memory,GEN_SQL_WINDOW,1626790,3264280,2.006577,-100.657737,true,3
1762,00659,JOIN_SUBQUERY_EXISTS_052,SQLITE_PARITY_659_JOIN_SUBQUERY_EXISTS_052.rs,P1,memory,GEN_SQL_JOIN_SUBQUERY,1695580,3402030,2.006411,-100.641079,true,3
1763,00783,CTE_RECURSIVE_MATRIX_076,SQLITE_PARITY_783_CTE_RECURSIVE_MATRIX_076.rs,P1,memory,GEN_SQL_CTE,1453292,2915309,2.006004,-100.600361,true,3
1764,00902,CONSTRAINT_FK_SAVEPOINT_035,SQLITE_PARITY_902_CONSTRAINT_FK_SAVEPOINT_035.rs,P2,memory,GEN_SQL_CONSTRAINT_TX,1661265,3332459,2.005977,-100.597677,true,3
1765,00399,DML_WHERE_ORDER_LIMIT_012,SQLITE_PARITY_399_DML_WHERE_ORDER_LIMIT_012.rs,P1,memory,GEN_SQL_DML,1729134,3468246,2.005771,-100.577052,true,3
1766,10123,MODE_CSV_BASIC,SQLITE_PARITY_10123_MODE_CSV_BASIC.rs,P0,memory,CLI_OUTPUT_MODE,1510230,3028984,2.005644,-100.564417,true,3
1767,11052,MATH_LN_1_0,SQLITE_PARITY_11052_MATH_LN_1_0.rs,P1,memory,SQL_MATH,1484300,2976605,2.005393,-100.539311,true,3
1768,11700,DATETIME_DATE_UNIX_START_OF_MONTH,SQLITE_PARITY_11700_DATETIME_DATE_UNIX_START_OF_MONTH.rs,P0,memory,SQL_DATETIME,1435027,2877759,2.005369,-100.536924,true,3
1769,10385,SCHEMA_VERSION_PER_DB,SQLITE_PARITY_10385_SCHEMA_VERSION_PER_DB.rs,P0,memory,SQL_ATTACH,1484410,2976535,2.005197,-100.519735,true,3
1770,10157,CLI_FLAG_QUOTE,SQLITE_PARITY_10157_CLI_FLAG_QUOTE.rs,P0,memory,CLI_OUTPUT_MODE,1502886,3013535,2.005165,-100.516540,true,3
1771,00480,DML_WHERE_ORDER_LIMIT_093,SQLITE_PARITY_480_DML_WHERE_ORDER_LIMIT_093.rs,P1,memory,GEN_SQL_DML,1735125,3479197,2.005156,-100.515640,true,3
1772,00582,AGG_GROUP_HAVING_075,SQLITE_PARITY_582_AGG_GROUP_HAVING_075.rs,P1,memory,GEN_SQL_AGGREGATE,1717191,3443128,2.005093,-100.509320,true,3
1773,00636,JOIN_SUBQUERY_EXISTS_029,SQLITE_PARITY_636_JOIN_SUBQUERY_EXISTS_029.rs,P1,memory,GEN_SQL_JOIN_SUBQUERY,1753850,3516608,2.005079,-100.507911,true,3
1774,00177,OPT_JSON_MODE,SQLITE_PARITY_177_OPT_JSON_MODE.rs,P1,memory,CLI_OPTION,1383940,2774612,2.004864,-100.486437,true,3
1775,00583,AGG_GROUP_HAVING_076,SQLITE_PARITY_583_AGG_GROUP_HAVING_076.rs,P1,memory,GEN_SQL_AGGREGATE,1681032,3369639,2.004506,-100.450616,true,3
1776,11839,JSON_QUOTE_INT,SQLITE_PARITY_11839_JSON_QUOTE_INT.rs,P0,memory,SQL_JSON,1472037,2950646,2.004465,-100.446456,true,3
1777,11521,DATETIME_TIME_EPOCH_PLUS_30_MINUTES,SQLITE_PARITY_11521_DATETIME_TIME_EPOCH_PLUS_30_MINUTES.rs,P0,memory,SQL_DATETIME,1534194,3074961,2.004284,-100.428433,true,3
1778,00319,SCALAR_NULL_COALESCE_023,SQLITE_PARITY_319_SCALAR_NULL_COALESCE_023.rs,P1,memory,GEN_SQL_SCALAR,1555815,3118233,2.004244,-100.424408,true,3
1779,10192,DOT_BAIL_ON_NOOP,SQLITE_PARITY_10192_DOT_BAIL_ON_NOOP.rs,P0,memory,CLI_DOT_COMMAND,1476084,2958401,2.004223,-100.422266,true,3
1780,10450,JOIN_CROSS,SQLITE_PARITY_10450_JOIN_CROSS.rs,P0,memory,SQL_JOIN,1554243,3114827,2.004080,-100.407980,true,3
1781,00934,CONSTRAINT_FK_SAVEPOINT_067,SQLITE_PARITY_934_CONSTRAINT_FK_SAVEPOINT_067.rs,P2,memory,GEN_SQL_CONSTRAINT_TX,1688346,3383576,2.004077,-100.407736,true,3
1782,10088,STRICT_REAL_REJECTS_NON_NUMERIC_TEXT,SQLITE_PARITY_10088_STRICT_REAL_REJECTS_NON_NUMERIC_TEXT.rs,P0,memory,SQL_STRICT_TABLES,1416411,2838293,2.003863,-100.386258,true,3
1783,00612,JOIN_SUBQUERY_EXISTS_005,SQLITE_PARITY_612_JOIN_SUBQUERY_EXISTS_005.rs,P1,memory,GEN_SQL_JOIN_SUBQUERY,1744162,3494937,2.003792,-100.379151,true,3
1784,11554,DATETIME_STRFTIME_ISO_EPOCH_UTC,SQLITE_PARITY_11554_DATETIME_STRFTIME_ISO_EPOCH_UTC.rs,P0,memory,SQL_DATETIME,1447501,2900110,2.003529,-100.352884,true,3
1785,11594,DATETIME_STRFTIME_ISO_Y2K_START_OF_MONTH,SQLITE_PARITY_11594_DATETIME_STRFTIME_ISO_Y2K_START_OF_MONTH.rs,P0,memory,SQL_DATETIME,1463711,2932311,2.003340,-100.334014,true,3
1786,10166,DOT_HEADERS_ON_PERSISTS,SQLITE_PARITY_10166_DOT_HEADERS_ON_PERSISTS.rs,P0,memory,CLI_DOT_COMMAND,1363281,2731040,2.003285,-100.328472,true,3
1787,00956,VIEW_TRIGGER_GENERATED_009,SQLITE_PARITY_956_VIEW_TRIGGER_GENERATED_009.rs,P2,memory,GEN_SQL_VIEW_TRIGGER,1758309,3522078,2.003105,-100.310526,true,3
1788,00590,AGG_GROUP_HAVING_083,SQLITE_PARITY_590_AGG_GROUP_HAVING_083.rs,P1,memory,GEN_SQL_AGGREGATE,1725958,3456274,2.002525,-100.252497,true,3
1789,12019,PRAGMA_ANALYSIS_LIMIT,SQLITE_PARITY_12019_PRAGMA_ANALYSIS_LIMIT.rs,P1,memory,SQL_PRAGMA,1352220,2707716,2.002423,-100.242268,true,3
1790,11074,MATH_SINH_1_0,SQLITE_PARITY_11074_MATH_SINH_1_0.rs,P1,memory,SQL_MATH,1503226,3010069,2.002406,-100.240616,true,3
1791,11066,MATH_RADIANS_180_0,SQLITE_PARITY_11066_MATH_RADIANS_180_0.rs,P1,memory,SQL_MATH,1481315,2965876,2.002191,-100.219130,true,3
1792,00549,AGG_GROUP_HAVING_042,SQLITE_PARITY_549_AGG_GROUP_HAVING_042.rs,P1,memory,GEN_SQL_AGGREGATE,1755684,3515115,2.002134,-100.213421,true,3
1793,00218,PRAGMA_FORMS_SCHEMA_EQUALS_PARENS,SQLITE_PARITY_218_PRAGMA_FORMS_SCHEMA_EQUALS_PARENS.rs,P0,memory,SQL_PRAGMA,1349254,2701224,2.002013,-100.201296,true,3
1794,11503,DATETIME_JULIANDAY_EPOCH_PLUS_5_DAYS,SQLITE_PARITY_11503_DATETIME_JULIANDAY_EPOCH_PLUS_5_DAYS.rs,P0,memory,SQL_DATETIME,1417343,2837512,2.001994,-100.199387,true,3
1795,00264,SCALAR_ARITH_010,SQLITE_PARITY_264_SCALAR_ARITH_010.rs,P1,memory,GEN_SQL_SCALAR,1553922,3110549,2.001741,-100.174076,true,3
1796,11618,DATETIME_JULIANDAY_DATE_2024_MINUS_1_MONTH,SQLITE_PARITY_11618_DATETIME_JULIANDAY_DATE_2024_MINUS_1_MONTH.rs,P0,memory,SQL_DATETIME,1456176,2914728,2.001632,-100.163167,true,3
1797,00343,SCALAR_NULL_COALESCE_029,SQLITE_PARITY_343_SCALAR_NULL_COALESCE_029.rs,P1,memory,GEN_SQL_SCALAR,1498487,2999108,2.001424,-100.142410,true,3
1798,00037,DROP_VIEW,SQLITE_PARITY_037_DROP_VIEW.rs,P0,memory,SQL_DROP,1480112,2962319,2.001415,-100.141543,true,3
1799,10005,NULL_CONCAT_TEXT_IS_NULL,SQLITE_PARITY_10005_NULL_CONCAT_TEXT_IS_NULL.rs,P0,memory,SQL_NULL_SEMANTICS,1310471,2622796,2.001415,-100.141476,true,3
1800,11510,DATETIME_DATE_EPOCH_PLUS_1_YEAR,SQLITE_PARITY_11510_DATETIME_DATE_EPOCH_PLUS_1_YEAR.rs,P0,memory,SQL_DATETIME,1435908,2873781,2.001368,-100.136847,true,3
1801,00811,WINDOW_PARTITION_SUM_024,SQLITE_PARITY_811_WINDOW_PARTITION_SUM_024.rs,P2,memory,GEN_SQL_WINDOW,1625547,3252608,2.000931,-100.093138,true,3
1802,10142,MODE_BOX_BASIC,SQLITE_PARITY_10142_MODE_BOX_BASIC.rs,P0,memory,CLI_OUTPUT_MODE,1610769,3222891,2.000840,-100.083997,true,3
1803,11344,AFFINITY_VARCHAR_8_TEXT_NUM,SQLITE_PARITY_11344_AFFINITY_VARCHAR_8_TEXT_NUM.rs,P0,memory,SQL_TYPE_AFFINITY,1558470,3117342,2.000258,-100.025795,true,3
1804,00978,VIEW_TRIGGER_GENERATED_031,SQLITE_PARITY_978_VIEW_TRIGGER_GENERATED_031.rs,P2,memory,GEN_SQL_VIEW_TRIGGER,1699417,3399205,2.000218,-100.021831,true,3
1805,00519,AGG_GROUP_HAVING_012,SQLITE_PARITY_519_AGG_GROUP_HAVING_012.rs,P1,memory,GEN_SQL_AGGREGATE,1679951,3359971,2.000041,-100.004107,true,3
1806,00770,CTE_RECURSIVE_MATRIX_063,SQLITE_PARITY_770_CTE_RECURSIVE_MATRIX_063.rs,P1,memory,GEN_SQL_CTE,1618414,3236848,2.000012,-100.001236,true,3
1807,11536,DATETIME_TIME_EPOCH_START_OF_MONTH,SQLITE_PARITY_11536_DATETIME_TIME_EPOCH_START_OF_MONTH.rs,P0,memory,SQL_DATETIME,1364834,2729678,2.000007,-100.000733,true,3
1808,11518,DATETIME_JULIANDAY_EPOCH_PLUS_3_HOURS,SQLITE_PARITY_11518_DATETIME_JULIANDAY_EPOCH_PLUS_3_HOURS.rs,P0,memory,SQL_DATETIME,1480893,2961707,1.999947,-99.994665,true,3
1809,01105,INDEX_SCHEMA_PRAGMA_038,SQLITE_PARITY_1105_INDEX_SCHEMA_PRAGMA_038.rs,P2,memory,GEN_SQL_INDEX_PRAGMA,1800209,3600216,1.999888,-99.988779,true,3
1810,00913,CONSTRAINT_FK_SAVEPOINT_046,SQLITE_PARITY_913_CONSTRAINT_FK_SAVEPOINT_046.rs,P2,memory,GEN_SQL_CONSTRAINT_TX,1680681,3360863,1.999703,-99.970310,true,3
1811,11100,MATH_POW_2_0_10,SQLITE_PARITY_11100_MATH_POW_2_0_10.rs,P1,memory,SQL_MATH,1442450,2884300,1.999584,-99.958404,true,3
1812,00189,OPT_ECHO,SQLITE_PARITY_189_OPT_ECHO.rs,P2,memory,CLI_OPTION,1388038,2775415,1.999524,-99.952379,true,3
1813,11585,DATETIME_DATE_Y2K_START_OF_DAY,SQLITE_PARITY_11585_DATETIME_DATE_Y2K_START_OF_DAY.rs,P0,memory,SQL_DATETIME,1432441,2864022,1.999400,-99.939963,true,3
1814,11319,AFFINITY_REAL_REAL_BIG,SQLITE_PARITY_11319_AFFINITY_REAL_REAL_BIG.rs,P0,memory,SQL_TYPE_AFFINITY,1532111,3063119,1.999280,-99.928008,true,3
1815,10468,JOIN_SUBQUERY_WITH_GROUPBY,SQLITE_PARITY_10468_JOIN_SUBQUERY_WITH_GROUPBY.rs,P0,memory,SQL_JOIN,1600340,3198345,1.998541,-99.854094,true,3
1816,10395,SQLITE_SEQUENCE_AUTOINCREMENT,SQLITE_PARITY_10395_SQLITE_SEQUENCE_AUTOINCREMENT.rs,P0,memory,SQL_SCHEMA_INTROSPECTION,1542550,3082696,1.998442,-99.844154,true,3
1817,00328,SCALAR_ARITH_026,SQLITE_PARITY_328_SCALAR_ARITH_026.rs,P1,memory,GEN_SQL_SCALAR,1495271,2987566,1.998010,-99.800973,true,3
1818,10204,OPT_SEPARATOR_SEMI,SQLITE_PARITY_10204_OPT_SEPARATOR_SEMI.rs,P0,memory,CLI_OPTION,1506211,3009317,1.997939,-99.793854,true,3
1819,11737,DATETIME_DATETIME_UNIX_BASE,SQLITE_PARITY_11737_DATETIME_DATETIME_UNIX_BASE.rs,P0,memory,SQL_DATETIME,1503516,3003856,1.997888,-99.788762,true,3
1820,10269,PRAGMA_TABLE_INFO_BASIC,SQLITE_PARITY_10269_PRAGMA_TABLE_INFO_BASIC.rs,P0,memory,SQL_PRAGMA,1635225,3266594,1.997642,-99.764191,true,3
1821,10036,CREATE_INDEX_ASC_NULLS_LAST_REJECTED,SQLITE_PARITY_10036_CREATE_INDEX_ASC_NULLS_LAST_REJECTED.rs,P0,memory,SQL_NULL_ORDER,1421391,2839395,1.997617,-99.761712,true,3
1822,11951,WIN_FIRST_VALUE_ROWS_CURRENT_UNBND_FOLL,SQLITE_PARITY_11951_WIN_FIRST_VALUE_ROWS_CURRENT_UNBND_FOLL.rs,P0,memory,SQL_WINDOW,1722552,3440914,1.997568,-99.756756,true,3
1823,00062,WINDOW_FRAMES_ROWS,SQLITE_PARITY_062_WINDOW_FRAMES_ROWS.rs,P0,memory,SQL_WINDOW,1526159,3048481,1.997486,-99.748585,true,3
1824,10308,ROLLBACK_TO_SAVEPOINT_DOES_NOT_CLOSE,SQLITE_PARITY_10308_ROLLBACK_TO_SAVEPOINT_DOES_NOT_CLOSE.rs,P0,memory,SQL_TRANSACTION,1520609,3037290,1.997417,-99.741682,true,3
1825,10394,SQLITE_SCHEMA_ALIAS,SQLITE_PARITY_10394_SQLITE_SCHEMA_ALIAS.rs,P0,memory,SQL_SCHEMA_INTROSPECTION,1463510,2922974,1.997235,-99.723541,true,3
1826,00607,AGG_GROUP_HAVING_100,SQLITE_PARITY_607_AGG_GROUP_HAVING_100.rs,P1,memory,GEN_SQL_AGGREGATE,1694909,3384447,1.996831,-99.683110,true,3
1827,11210,CAST_INT_NEG_3_AS_INTEGER,SQLITE_PARITY_11210_CAST_INT_NEG_3_AS_INTEGER.rs,P0,memory,SQL_CAST,1498507,2992245,1.996817,-99.681750,true,3
1828,11009,MATH_ASIN_0_0,SQLITE_PARITY_11009_MATH_ASIN_0_0.rs,P1,memory,SQL_MATH,1308878,2613458,1.996716,-99.671627,true,3
1829,00322,SCALAR_STRING_024,SQLITE_PARITY_322_SCALAR_STRING_024.rs,P1,memory,GEN_SQL_SCALAR,1574992,3144353,1.996425,-99.642474,true,3
1830,10209,OPT_CMD_BEFORE_STDIN,SQLITE_PARITY_10209_OPT_CMD_BEFORE_STDIN.rs,P0,memory,CLI_OPTION,1441699,2878079,1.996311,-99.631060,true,3
1831,11819,JSON_JSON_TYPE_D_0,SQLITE_PARITY_11819_JSON_JSON_TYPE_D_0.rs,P0,memory,SQL_JSON,1503506,3001152,1.996102,-99.610244,true,3
1832,00245,SCALAR_CAST_TYPEOF_005,SQLITE_PARITY_245_SCALAR_CAST_TYPEOF_005.rs,P1,memory,GEN_SQL_SCALAR,1508416,3010860,1.996041,-99.604088,true,3
1833,00113,DOT_NULLVALUE,SQLITE_PARITY_113_DOT_NULLVALUE.rs,P0,memory,CLI_DOT_COMMAND,1346399,2687318,1.995930,-99.592988,true,3
1834,11838,JSON_ARRAY_LENGTH_DOC_ARRAY,SQLITE_PARITY_11838_JSON_ARRAY_LENGTH_DOC_ARRAY.rs,P0,memory,SQL_JSON,1492696,2978850,1.995617,-99.561733,true,3
1835,00839,WINDOW_PARTITION_SUM_052,SQLITE_PARITY_839_WINDOW_PARTITION_SUM_052.rs,P2,memory,GEN_SQL_WINDOW,1617402,3227090,1.995231,-99.523062,true,3
1836,11218,CAST_REAL_3_14_AS_BLOB,SQLITE_PARITY_11218_CAST_REAL_3_14_AS_BLOB.rs,P0,memory,SQL_CAST,1425489,2844034,1.995129,-99.512869,true,3
1837,11313,AFFINITY_BIGINT_TEXT_BARE,SQLITE_PARITY_11313_AFFINITY_BIGINT_TEXT_BARE.rs,P0,memory,SQL_TYPE_AFFINITY,1589700,3171604,1.995096,-99.509593,true,3
1838,00654,JOIN_SUBQUERY_EXISTS_047,SQLITE_PARITY_654_JOIN_SUBQUERY_EXISTS_047.rs,P1,memory,GEN_SQL_JOIN_SUBQUERY,1713575,3418392,1.994889,-99.488905,true,3
1839,00696,JOIN_SUBQUERY_EXISTS_089,SQLITE_PARITY_696_JOIN_SUBQUERY_EXISTS_089.rs,P1,memory,GEN_SQL_JOIN_SUBQUERY,1732911,3456524,1.994634,-99.463446,true,3
1840,01115,INDEX_SCHEMA_PRAGMA_048,SQLITE_PARITY_1115_INDEX_SCHEMA_PRAGMA_048.rs,P2,memory,GEN_SQL_INDEX_PRAGMA,1812321,3613181,1.993676,-99.367607,true,3
1841,10219,OPT_MODE_QUOTE,SQLITE_PARITY_10219_OPT_MODE_QUOTE.rs,P0,memory,CLI_OPTION,1396123,2782949,1.993341,-99.334084,true,3
1842,00909,CONSTRAINT_FK_SAVEPOINT_042,SQLITE_PARITY_909_CONSTRAINT_FK_SAVEPOINT_042.rs,P2,memory,GEN_SQL_CONSTRAINT_TX,1744703,3477654,1.993264,-99.326418,true,3
1843,10162,DOT_MODE_JSON_AFTER_LIST,SQLITE_PARITY_10162_DOT_MODE_JSON_AFTER_LIST.rs,P0,memory,CLI_DOT_COMMAND,1431851,2853853,1.993121,-99.312149,true,3
1844,00041,DROP_TRIGGER,SQLITE_PARITY_041_DROP_TRIGGER.rs,P0,memory,SQL_DROP,1560655,3110118,1.992829,-99.282865,true,3
1845,00176,OPT_LINE_MODE,SQLITE_PARITY_176_OPT_LINE_MODE.rs,P2,memory,CLI_OPTION,1429677,2849084,1.992817,-99.281656,true,3
1846,11509,DATETIME_STRFTIME_ISO_EPOCH_MINUS_1_MONTH,SQLITE_PARITY_11509_DATETIME_STRFTIME_ISO_EPOCH_MINUS_1_MONTH.rs,P0,memory,SQL_DATETIME,1441820,2873269,1.992807,-99.280701,true,3
1847,01001,VIEW_TRIGGER_GENERATED_054,SQLITE_PARITY_1001_VIEW_TRIGGER_GENERATED_054.rs,P2,memory,GEN_SQL_VIEW_TRIGGER,1700039,3387343,1.992509,-99.250900,true,3
1848,12007,PRAGMA_FULLFSYNC,SQLITE_PARITY_12007_PRAGMA_FULLFSYNC.rs,P1,memory,SQL_PRAGMA,1390984,2771126,1.992206,-99.220552,true,3
1849,10125,MODE_CSV_HEADERS_OFF,SQLITE_PARITY_10125_MODE_CSV_HEADERS_OFF.rs,P0,memory,CLI_OUTPUT_MODE,1542300,3072557,1.992192,-99.219153,true,3
1850,11926,WIN_COUNT_EXCL_CURRENT_ROW,SQLITE_PARITY_11926_WIN_COUNT_EXCL_CURRENT_ROW.rs,P0,memory,SQL_WINDOW,1614437,3215527,1.991733,-99.173272,true,3
1851,12002,PRAGMA_PAGE_SIZE,SQLITE_PARITY_12002_PRAGMA_PAGE_SIZE.rs,P1,memory,SQL_PRAGMA,1364493,2717384,1.991497,-99.149721,true,3
1852,10391,SQLITE_MASTER_AFTER_CREATE_INDEX,SQLITE_PARITY_10391_SQLITE_MASTER_AFTER_CREATE_INDEX.rs,P0,memory,SQL_SCHEMA_INTROSPECTION,1500331,2987747,1.991392,-99.139190,true,3
1853,10471,JOIN_LEFT_EMPTY_RIGHT,SQLITE_PARITY_10471_JOIN_LEFT_EMPTY_RIGHT.rs,P0,memory,SQL_JOIN,1617683,3219735,1.990337,-99.033741,true,3
1854,10109,MODE_LIST_SEP_SEMICOLON,SQLITE_PARITY_10109_MODE_LIST_SEP_SEMICOLON.rs,P0,memory,CLI_OUTPUT_MODE,1631168,3246466,1.990271,-99.027078,true,3
1855,00995,VIEW_TRIGGER_GENERATED_048,SQLITE_PARITY_995_VIEW_TRIGGER_GENERATED_048.rs,P2,memory,GEN_SQL_VIEW_TRIGGER,1820146,3621527,1.989690,-98.969039,true,3
1856,00764,CTE_RECURSIVE_MATRIX_057,SQLITE_PARITY_764_CTE_RECURSIVE_MATRIX_057.rs,P1,memory,GEN_SQL_CTE,1625728,3234394,1.989505,-98.950501,true,3
1857,11046,MATH_EXP_1_0,SQLITE_PARITY_11046_MATH_EXP_1_0.rs,P1,memory,SQL_MATH,1419808,2823345,1.988540,-98.854000,true,3
1858,10248,PRAGMA_TRUSTED_SCHEMA_DEFAULT,SQLITE_PARITY_10248_PRAGMA_TRUSTED_SCHEMA_DEFAULT.rs,P0,memory,SQL_PRAGMA,1392877,2769764,1.988520,-98.852016,true,3
1859,10352,INSERT_RETURNING_EXPR_ALIAS,SQLITE_PARITY_10352_INSERT_RETURNING_EXPR_ALIAS.rs,P0,memory,SQL_RETURNING,1422183,2827623,1.988227,-98.822725,true,3
1860,00758,CTE_RECURSIVE_MATRIX_051,SQLITE_PARITY_758_CTE_RECURSIVE_MATRIX_051.rs,P1,memory,GEN_SQL_CTE,1663780,3307602,1.988004,-98.800442,true,3
1861,10386,PRAGMA_MAIN_USER_VERSION_SET,SQLITE_PARITY_10386_PRAGMA_MAIN_USER_VERSION_SET.rs,P0,memory,SQL_ATTACH,1187689,2361070,1.987953,-98.795308,true,3
1862,00307,SCALAR_NULL_COALESCE_020,SQLITE_PARITY_307_SCALAR_NULL_COALESCE_020.rs,P1,memory,GEN_SQL_SCALAR,1541158,3063489,1.987784,-98.778386,true,3
1863,11508,DATETIME_JULIANDAY_EPOCH_MINUS_1_MONTH,SQLITE_PARITY_11508_DATETIME_JULIANDAY_EPOCH_MINUS_1_MONTH.rs,P0,memory,SQL_DATETIME,1437491,2856367,1.987050,-98.705035,true,3
1864,10461,JOIN_INDEXED_BY,SQLITE_PARITY_10461_JOIN_INDEXED_BY.rs,P0,memory,SQL_JOIN,1585782,3150956,1.987005,-98.700452,true,3
1865,11569,DATETIME_STRFTIME_ISO_Y2K_PLUS_1_YEAR,SQLITE_PARITY_11569_DATETIME_STRFTIME_ISO_Y2K_PLUS_1_YEAR.rs,P0,memory,SQL_DATETIME,1447971,2876776,1.986764,-98.676355,true,3
1866,01100,INDEX_SCHEMA_PRAGMA_033,SQLITE_PARITY_1100_INDEX_SCHEMA_PRAGMA_033.rs,P2,memory,GEN_SQL_INDEX_PRAGMA,1722150,3421428,1.986719,-98.671893,true,3
1867,10112,MODE_LIST_HEADERS_ON,SQLITE_PARITY_10112_MODE_LIST_HEADERS_ON.rs,P0,memory,CLI_OUTPUT_MODE,1587145,3152949,1.986554,-98.655384,true,3
1868,10059,INTPK_ALIAS_ROWID_EQUALS_PK,SQLITE_PARITY_10059_INTPK_ALIAS_ROWID_EQUALS_PK.rs,P0,memory,SQL_AUTOINCREMENT,1568429,3115568,1.986426,-98.642591,true,3
1869,00331,SCALAR_NULL_COALESCE_026,SQLITE_PARITY_331_SCALAR_NULL_COALESCE_026.rs,P1,memory,GEN_SQL_SCALAR,1520378,3019186,1.985813,-98.581274,true,3
1870,00465,DML_WHERE_ORDER_LIMIT_078,SQLITE_PARITY_465_DML_WHERE_ORDER_LIMIT_078.rs,P1,memory,GEN_SQL_DML,1800108,3574518,1.985724,-98.572419,true,3
1871,11734,DATETIME_STRFTIME_ISO_DATE_2024_BASE,SQLITE_PARITY_11734_DATETIME_STRFTIME_ISO_DATE_2024_BASE.rs,P0,memory,SQL_DATETIME,1473199,2925118,1.985555,-98.555524,true,3
1872,11045,MATH_EXP_1_0,SQLITE_PARITY_11045_MATH_EXP_1_0.rs,P1,memory,SQL_MATH,1410630,2800802,1.985497,-98.549726,true,3
1873,00613,JOIN_SUBQUERY_EXISTS_006,SQLITE_PARITY_613_JOIN_SUBQUERY_EXISTS_006.rs,P1,memory,GEN_SQL_JOIN_SUBQUERY,1840174,3652815,1.985038,-98.503783,true,3
1874,10574,INSERT_INTO_VIEW,SQLITE_PARITY_10574_INSERT_INTO_VIEW.rs,P0,memory,SQL_ERROR_MESSAGES,1572256,3120869,1.984962,-98.496237,true,3
1875,11072,MATH_SINH_0_0,SQLITE_PARITY_11072_MATH_SINH_0_0.rs,P1,memory,SQL_MATH,1467659,2912744,1.984619,-98.461904,true,3
1876,11097,MATH_LOG_10_0_100_0,SQLITE_PARITY_11097_MATH_LOG_10_0_100_0.rs,P1,memory,SQL_MATH,1441849,2861347,1.984498,-98.449838,true,3
1877,10042,MULTI_COL_ORDER_BY_MIXED_NULLS,SQLITE_PARITY_10042_MULTI_COL_ORDER_BY_MIXED_NULLS.rs,P0,memory,SQL_NULL_ORDER,1599298,3173728,1.984451,-98.445068,true,3
1878,00472,DML_WHERE_ORDER_LIMIT_085,SQLITE_PARITY_472_DML_WHERE_ORDER_LIMIT_085.rs,P1,memory,GEN_SQL_DML,1953709,3876859,1.984358,-98.435847,true,3
1879,11062,MATH_LOG2_8_0,SQLITE_PARITY_11062_MATH_LOG2_8_0.rs,P1,memory,SQL_MATH,1452229,2881676,1.984312,-98.431239,true,3
1880,00035,DROP_INDEX,SQLITE_PARITY_035_DROP_INDEX.rs,P0,memory,SQL_DROP,1561506,3098176,1.984095,-98.409484,true,3
1881,10451,JOIN_NATURAL,SQLITE_PARITY_10451_JOIN_NATURAL.rs,P0,memory,SQL_JOIN,1580782,3136157,1.983928,-98.392758,true,3
1882,00051,PRAGMA_INDEX_LIST_FUNCTION,SQLITE_PARITY_051_PRAGMA_INDEX_LIST_FUNCTION.rs,P0,memory,SQL_PRAGMA,1513355,3002324,1.983886,-98.388613,true,3
1883,10629,CAST_BLOB_TO_TEXT,SQLITE_PARITY_10629_CAST_BLOB_TO_TEXT.rs,P0,memory,SQL_BLOB,1522352,3019386,1.983369,-98.336916,true,3
1884,00266,SCALAR_STRING_010,SQLITE_PARITY_266_SCALAR_STRING_010.rs,P1,memory,GEN_SQL_SCALAR,1524225,3023024,1.983319,-98.331874,true,3
1885,10482,COMPOUND_VALUES_OPERAND,SQLITE_PARITY_10482_COMPOUND_VALUES_OPERAND.rs,P0,memory,SQL_COMPOUND,1440227,2856227,1.983178,-98.317835,true,3
1886,11418,STRING_RTRIM_,SQLITE_PARITY_11418_STRING_RTRIM_.rs,P0,memory,SQL_STRING,1479301,2933224,1.982845,-98.284460,true,3
1887,10080,STRICT_FIVE_TYPES_TYPEOF,SQLITE_PARITY_10080_STRICT_FIVE_TYPES_TYPEOF.rs,P0,memory,SQL_STRICT_TABLES,1577837,3128593,1.982837,-98.283663,true,3
1888,00006,ROWID_INTEGER_PRIMARY_KEY,SQLITE_PARITY_006_ROWID_INTEGER_PRIMARY_KEY.rs,P0,memory,SQL_ROWID,1514156,3001934,1.982579,-98.257907,true,3
1889,11644,DATETIME_STRFTIME_ISO_DATE_2024_START_OF_DAY,SQLITE_PARITY_11644_DATETIME_STRFTIME_ISO_DATE_2024_START_OF_DAY.rs,P0,memory,SQL_DATETIME,1445146,2864663,1.982265,-98.226546,true,3
1890,11726,DATETIME_TIME_Y2K_BASE,SQLITE_PARITY_11726_DATETIME_TIME_Y2K_BASE.rs,P0,memory,SQL_DATETIME,1395292,2765797,1.982235,-98.223526,true,3
1891,10361,DELETE_ALL_RETURNING,SQLITE_PARITY_10361_DELETE_ALL_RETURNING.rs,P0,memory,SQL_RETURNING,1604207,3179861,1.982201,-98.220117,true,3
1892,10062,INTPK_ROWID_REUSE_AFTER_DELETE,SQLITE_PARITY_10062_INTPK_ROWID_REUSE_AFTER_DELETE.rs,P0,memory,SQL_AUTOINCREMENT,1589299,3149252,1.981535,-98.153526,true,3
1893,10587,LIKE_PCT_WILDCARD,SQLITE_PARITY_10587_LIKE_PCT_WILDCARD.rs,P0,memory,SQL_PATTERN,1468541,2909428,1.981169,-98.116907,true,3
1894,10489,COMPOUND_INTERSECT_THEN_UNION,SQLITE_PARITY_10489_COMPOUND_INTERSECT_THEN_UNION.rs,P0,memory,SQL_COMPOUND,1633142,3234944,1.980810,-98.081000,true,3
1895,11011,MATH_ASIN_0_5,SQLITE_PARITY_11011_MATH_ASIN_0_5.rs,P1,memory,SQL_MATH,1275235,2525471,1.980397,-98.039655,true,3
1896,11910,WIN_AVG_ROWS_UNBND_PREC_CURRENT,SQLITE_PARITY_11910_WIN_AVG_ROWS_UNBND_PREC_CURRENT.rs,P0,memory,SQL_WINDOW,1678147,3323262,1.980316,-98.031638,true,3
1897,11557,DATETIME_DATETIME_Y2K_PLUS_5_DAYS,SQLITE_PARITY_11557_DATETIME_DATETIME_Y2K_PLUS_5_DAYS.rs,P0,memory,SQL_DATETIME,1450326,2871877,1.980160,-98.015963,true,3
1898,10459,JOIN_ON_VS_WHERE_LEFT_DIFFERS,SQLITE_PARITY_10459_JOIN_ON_VS_WHERE_LEFT_DIFFERS.rs,P0,memory,SQL_JOIN,1646236,3259801,1.980154,-98.015412,true,3
1899,00109,DOT_MODE_JSON,SQLITE_PARITY_109_DOT_MODE_JSON.rs,P0,memory,CLI_DOT_COMMAND,1326331,2626101,1.979974,-97.997408,true,3
1900,00175,OPT_QUOTE_MODE,SQLITE_PARITY_175_OPT_QUOTE_MODE.rs,P1,memory,CLI_OPTION,1417213,2805502,1.979591,-97.959093,true,3
1901,11865,JSON_ARROW_A_B_99,SQLITE_PARITY_11865_JSON_ARROW_A_B_99.rs,P0,memory,SQL_JSON,1523374,3015610,1.979560,-97.955985,true,3
1902,11034,MATH_COS_3_14159265358979,SQLITE_PARITY_11034_MATH_COS_3_14159265358979.rs,P1,memory,SQL_MATH,1462849,2895742,1.979522,-97.952215,true,3
1903,00347,SCALAR_NULL_COALESCE_030,SQLITE_PARITY_347_SCALAR_NULL_COALESCE_030.rs,P1,memory,GEN_SQL_SCALAR,1517844,3004118,1.979201,-97.920076,true,3
1904,00543,AGG_GROUP_HAVING_036,SQLITE_PARITY_543_AGG_GROUP_HAVING_036.rs,P1,memory,GEN_SQL_AGGREGATE,1726899,3417801,1.979155,-97.915512,true,3
1905,11078,MATH_SQRT_4_0,SQLITE_PARITY_11078_MATH_SQRT_4_0.rs,P1,memory,SQL_MATH,1427132,2824337,1.979030,-97.902997,true,3
1906,00683,JOIN_SUBQUERY_EXISTS_076,SQLITE_PARITY_683_JOIN_SUBQUERY_EXISTS_076.rs,P1,memory,GEN_SQL_JOIN_SUBQUERY,1750324,3463828,1.978964,-97.896389,true,3
1907,11450,STRING_GLOB_A_ABC,SQLITE_PARITY_11450_STRING_GLOB_A_ABC.rs,P0,memory,SQL_STRING,1374092,2719268,1.978956,-97.895629,true,3
1908,10327,MULTI_COLUMN_CONFLICT_TARGET,SQLITE_PARITY_10327_MULTI_COLUMN_CONFLICT_TARGET.rs,P0,memory,SQL_UPSERT,1627281,3219735,1.978598,-97.859804,true,3
1909,11359,AFFINITY_NUMERIC_REAL_BIG,SQLITE_PARITY_11359_AFFINITY_NUMERIC_REAL_BIG.rs,P0,memory,SQL_TYPE_AFFINITY,1516271,2998807,1.977751,-97.775134,true,3
1910,11905,WIN_SUM_GROUPS_1_PREC_CURRENT,SQLITE_PARITY_11905_WIN_SUM_GROUPS_1_PREC_CURRENT.rs,P0,memory,SQL_WINDOW,1622542,3208645,1.977542,-97.754203,true,3
1911,01081,INDEX_SCHEMA_PRAGMA_014,SQLITE_PARITY_1081_INDEX_SCHEMA_PRAGMA_014.rs,P2,memory,GEN_SQL_INDEX_PRAGMA,1782905,3525574,1.977432,-97.743234,true,3
1912,11092,MATH_PI_NO_ARG,SQLITE_PARITY_11092_MATH_PI_NO_ARG.rs,P1,memory,SQL_MATH,1439615,2845016,1.976234,-97.623392,true,3
1913,00382,SCALAR_STRING_039,SQLITE_PARITY_382_SCALAR_STRING_039.rs,P1,memory,GEN_SQL_SCALAR,1555886,3074621,1.976122,-97.612229,true,3
1914,11022,MATH_ATANH_0_5,SQLITE_PARITY_11022_MATH_ATANH_0_5.rs,P1,memory,SQL_MATH,1464964,2894089,1.975536,-97.553592,true,3
1915,10590,LIKE_ESCAPE_PERCENT,SQLITE_PARITY_10590_LIKE_ESCAPE_PERCENT.rs,P0,memory,SQL_PATTERN,1491955,2947400,1.975529,-97.552875,true,3
1916,00056,SUBQUERIES_EXISTS_IN,SQLITE_PARITY_056_SUBQUERIES_EXISTS_IN.rs,P0,memory,SQL_SELECT,1597234,3154552,1.975009,-97.500930,true,3
1917,00953,VIEW_TRIGGER_GENERATED_006,SQLITE_PARITY_953_VIEW_TRIGGER_GENERATED_006.rs,P2,memory,GEN_SQL_VIEW_TRIGGER,1736647,3429833,1.974974,-97.497419,true,3
1918,00836,WINDOW_PARTITION_SUM_049,SQLITE_PARITY_836_WINDOW_PARTITION_SUM_049.rs,P2,memory,GEN_SQL_WINDOW,1683898,3324153,1.974082,-97.408216,true,3
1919,00538,AGG_GROUP_HAVING_031,SQLITE_PARITY_538_AGG_GROUP_HAVING_031.rs,P1,memory,GEN_SQL_AGGREGATE,1748991,3452396,1.973936,-97.393583,true,3
1920,00939,CONSTRAINT_FK_SAVEPOINT_072,SQLITE_PARITY_939_CONSTRAINT_FK_SAVEPOINT_072.rs,P2,memory,GEN_SQL_CONSTRAINT_TX,1721880,3397602,1.973193,-97.319325,true,3
1921,10053,DISTINCT_ALL_NULL_COUNT_ZERO,SQLITE_PARITY_10053_DISTINCT_ALL_NULL_COUNT_ZERO.rs,P0,memory,SQL_AGGREGATE_NULL,1622682,3201641,1.973055,-97.305510,true,3
1922,00564,AGG_GROUP_HAVING_057,SQLITE_PARITY_564_AGG_GROUP_HAVING_057.rs,P1,memory,GEN_SQL_AGGREGATE,1750264,3452727,1.972689,-97.268926,true,3
1923,00830,WINDOW_PARTITION_SUM_043,SQLITE_PARITY_830_WINDOW_PARTITION_SUM_043.rs,P2,memory,GEN_SQL_WINDOW,1622742,3200970,1.972569,-97.256865,true,3
1924,00285,SCALAR_CAST_TYPEOF_015,SQLITE_PARITY_285_SCALAR_CAST_TYPEOF_015.rs,P1,memory,GEN_SQL_SCALAR,1576866,3110138,1.972354,-97.235402,true,3
1925,01073,INDEX_SCHEMA_PRAGMA_006,SQLITE_PARITY_1073_INDEX_SCHEMA_PRAGMA_006.rs,P2,memory,GEN_SQL_INDEX_PRAGMA,1792323,3534461,1.972000,-97.200002,true,3
1926,10185,DOT_QUIT_TERMINATES,SQLITE_PARITY_10185_DOT_QUIT_TERMINATES.rs,P0,memory,CLI_DOT_COMMAND,1397937,2756318,1.971704,-97.170402,true,3
1927,00965,VIEW_TRIGGER_GENERATED_018,SQLITE_PARITY_965_VIEW_TRIGGER_GENERATED_018.rs,P2,memory,GEN_SQL_VIEW_TRIGGER,1798094,3545131,1.971605,-97.160493,true,3
1928,00132,DOT_TRACE_STDOUT,SQLITE_PARITY_132_DOT_TRACE_STDOUT.rs,P2,memory,CLI_DOT_COMMAND_DIAGNOSTIC,1466225,2890542,1.971418,-97.141776,true,3
1929,00303,SCALAR_NULL_COALESCE_019,SQLITE_PARITY_303_SCALAR_NULL_COALESCE_019.rs,P1,memory,GEN_SQL_SCALAR,1547119,3049883,1.971331,-97.133058,true,3
1930,00804,WINDOW_PARTITION_SUM_017,SQLITE_PARITY_804_WINDOW_PARTITION_SUM_017.rs,P2,memory,GEN_SQL_WINDOW,1693356,3337539,1.970961,-97.096122,true,3
1931,10622,BLOB_GROUP_BY,SQLITE_PARITY_10622_BLOB_GROUP_BY.rs,P0,memory,SQL_BLOB,1473520,2904228,1.970946,-97.094576,true,3
1932,00691,JOIN_SUBQUERY_EXISTS_084,SQLITE_PARITY_691_JOIN_SUBQUERY_EXISTS_084.rs,P1,memory,GEN_SQL_JOIN_SUBQUERY,1733041,3415596,1.970869,-97.086855,true,3
1933,00882,CONSTRAINT_FK_SAVEPOINT_015,SQLITE_PARITY_882_CONSTRAINT_FK_SAVEPOINT_015.rs,P2,memory,GEN_SQL_CONSTRAINT_TX,1766043,3480509,1.970795,-97.079516,true,3
1934,00362,SCALAR_STRING_034,SQLITE_PARITY_362_SCALAR_STRING_034.rs,P1,memory,GEN_SQL_SCALAR,1554092,3062718,1.970744,-97.074433,true,3
1935,00700,JOIN_SUBQUERY_EXISTS_093,SQLITE_PARITY_700_JOIN_SUBQUERY_EXISTS_093.rs,P1,memory,GEN_SQL_JOIN_SUBQUERY,1758670,3464349,1.969869,-96.986871,true,3
1936,00110,DOT_MODE_LINE_COLUMN_TABLE_BOX_MARKDOWN,SQLITE_PARITY_110_DOT_MODE_LINE_COLUMN_TABLE_BOX_MARKDOWN.rs,P0,memory,CLI_DOT_COMMAND,1426782,2810341,1.969706,-96.970595,true,3
1937,11828,JSON_JSON_ARRAY_LENGTH_A_B_1,SQLITE_PARITY_11828_JSON_JSON_ARRAY_LENGTH_A_B_1.rs,P0,memory,SQL_JSON,1463732,2883008,1.969628,-96.962832,true,3
1938,00348,SCALAR_ARITH_031,SQLITE_PARITY_348_SCALAR_ARITH_031.rs,P1,memory,GEN_SQL_SCALAR,1481545,2917874,1.969481,-96.948051,true,3
1939,11048,MATH_FLOOR_1_4,SQLITE_PARITY_11048_MATH_FLOOR_1_4.rs,P1,memory,SQL_MATH,1424877,2806172,1.969414,-96.941350,true,3
1940,00796,WINDOW_PARTITION_SUM_009,SQLITE_PARITY_796_WINDOW_PARTITION_SUM_009.rs,P2,memory,GEN_SQL_WINDOW,1715257,3377915,1.969335,-96.933462,true,3
1941,00893,CONSTRAINT_FK_SAVEPOINT_026,SQLITE_PARITY_893_CONSTRAINT_FK_SAVEPOINT_026.rs,P2,memory,GEN_SQL_CONSTRAINT_TX,1599578,3149963,1.969246,-96.924626,true,3
1942,00747,CTE_RECURSIVE_MATRIX_040,SQLITE_PARITY_747_CTE_RECURSIVE_MATRIX_040.rs,P1,memory,GEN_SQL_CTE,1581234,3113775,1.969206,-96.920570,true,3
1943,11207,CAST_INT_5_AS_TEXT,SQLITE_PARITY_11207_CAST_INT_5_AS_TEXT.rs,P0,memory,SQL_CAST,1479521,2913305,1.969087,-96.908662,true,3
1944,10251,PRAGMA_IGNORE_CHECK_PERMITS_VIOLATING_INSERT,SQLITE_PARITY_10251_PRAGMA_IGNORE_CHECK_PERMITS_VIOLATING_INSERT.rs,P0,memory,SQL_PRAGMA,1624987,3199247,1.968783,-96.878313,true,3
1945,10445,JOIN_INNER_USING_MERGES_COLUMN,SQLITE_PARITY_10445_JOIN_INNER_USING_MERGES_COLUMN.rs,P0,memory,SQL_JOIN,1605469,3160674,1.968692,-96.869201,true,3
1946,00557,AGG_GROUP_HAVING_050,SQLITE_PARITY_557_AGG_GROUP_HAVING_050.rs,P1,memory,GEN_SQL_AGGREGATE,1708064,3362546,1.968630,-96.862998,true,3
1947,00003,CREATE_TABLE_INSERT_SELECT,SQLITE_PARITY_003_CREATE_TABLE_INSERT_SELECT.rs,P0,memory,SQL_DDL_DML,1574401,3099378,1.968608,-96.860774,true,3
1948,11904,WIN_SUM_RANGE_UNBND_PREC_CURRENT,SQLITE_PARITY_11904_WIN_SUM_RANGE_UNBND_PREC_CURRENT.rs,P0,memory,SQL_WINDOW,1700820,3347708,1.968291,-96.829059,true,3
1949,00709,CTE_RECURSIVE_MATRIX_002,SQLITE_PARITY_709_CTE_RECURSIVE_MATRIX_002.rs,P1,memory,GEN_SQL_CTE,1612934,3174400,1.968090,-96.809045,true,3
1950,10233,OPT_CMD_MULTIPLE,SQLITE_PARITY_10233_OPT_CMD_MULTIPLE.rs,P0,memory,CLI_OPTION,1460104,2873400,1.967942,-96.794201,true,3
1951,10291,FK_COMPOSITE_HAPPY_AND_LIST,SQLITE_PARITY_10291_FK_COMPOSITE_HAPPY_AND_LIST.rs,P0,memory,SQL_FOREIGN_KEYS,1694438,3334012,1.967621,-96.762112,true,3
1952,10105,STRICT_WITHOUT_ROWID_COMBO,SQLITE_PARITY_10105_STRICT_WITHOUT_ROWID_COMBO.rs,P0,memory,SQL_STRICT_TABLES,1665283,3276353,1.967445,-96.744517,true,3
1953,10111,MODE_LIST_SEP_TAB,SQLITE_PARITY_10111_MODE_LIST_SEP_TAB.rs,P0,memory,CLI_OUTPUT_MODE,1453282,2858952,1.967238,-96.723829,true,3
1954,11329,AFFINITY_DOUBLE_TEXT_BARE,SQLITE_PARITY_11329_AFFINITY_DOUBLE_TEXT_BARE.rs,P0,memory,SQL_TYPE_AFFINITY,1600770,3148911,1.967123,-96.712270,true,3
1955,00623,JOIN_SUBQUERY_EXISTS_016,SQLITE_PARITY_623_JOIN_SUBQUERY_EXISTS_016.rs,P1,memory,GEN_SQL_JOIN_SUBQUERY,1758209,3458317,1.966954,-96.695444,true,3
1956,10424,ADD_COLUMN_DEFAULT_FILLS_EXISTING_ROWS,SQLITE_PARITY_10424_ADD_COLUMN_DEFAULT_FILLS_EXISTING_ROWS.rs,P0,memory,SQL_ALTER,1576956,3101241,1.966600,-96.659958,true,3
1957,10526,AGGREGATE_OVER_EMPTY_SET,SQLITE_PARITY_10526_AGGREGATE_OVER_EMPTY_SET.rs,P0,memory,SQL_AGGREGATE_ADV,1525468,2999979,1.966596,-96.659583,true,3
1958,00671,JOIN_SUBQUERY_EXISTS_064,SQLITE_PARITY_671_JOIN_SUBQUERY_EXISTS_064.rs,P1,memory,GEN_SQL_JOIN_SUBQUERY,1734645,3411208,1.966516,-96.651649,true,3
1959,11238,CAST_TEXT_BARE_AS_BLOB,SQLITE_PARITY_11238_CAST_TEXT_BARE_AS_BLOB.rs,P0,memory,SQL_CAST,1448593,2848583,1.966448,-96.644813,true,3
1960,11720,DATETIME_DATE_EPOCH_BASE,SQLITE_PARITY_11720_DATETIME_DATE_EPOCH_BASE.rs,P0,memory,SQL_DATETIME,1689789,3322621,1.966293,-96.629342,true,3
1961,00083,CORE_NUMERIC_FUNCTIONS,SQLITE_PARITY_083_CORE_NUMERIC_FUNCTIONS.rs,P0,memory,SQL_FUNCTIONS,1477286,2904599,1.966172,-96.617243,true,3
1962,10046,SUM_AVG_ALL_NULL_RETURNS_NULL,SQLITE_PARITY_10046_SUM_AVG_ALL_NULL_RETURNS_NULL.rs,P0,memory,SQL_AGGREGATE_NULL,1628383,3201421,1.966012,-96.601230,true,3
1963,00274,SCALAR_STRING_012,SQLITE_PARITY_274_SCALAR_STRING_012.rs,P1,memory,GEN_SQL_SCALAR,1546067,3039224,1.965778,-96.577768,true,3
1964,10258,PRAGMA_LOCKING_MODE_EXCLUSIVE_SET,SQLITE_PARITY_10258_PRAGMA_LOCKING_MODE_EXCLUSIVE_SET.rs,P0,memory,SQL_PRAGMA,1423745,2798087,1.965301,-96.530067,true,3
1965,11578,DATETIME_JULIANDAY_Y2K_PLUS_30_MINUTES,SQLITE_PARITY_11578_DATETIME_JULIANDAY_Y2K_PLUS_30_MINUTES.rs,P0,memory,SQL_DATETIME,1473149,2894480,1.964825,-96.482501,true,3
1966,00532,AGG_GROUP_HAVING_025,SQLITE_PARITY_532_AGG_GROUP_HAVING_025.rs,P1,memory,GEN_SQL_AGGREGATE,1800279,3537057,1.964727,-96.472713,true,3
1967,10626,EMPTY_BLOB_LENGTH,SQLITE_PARITY_10626_EMPTY_BLOB_LENGTH.rs,P0,memory,SQL_BLOB,1440157,2829487,1.964707,-96.470732,true,3
1968,10129,MODE_LINE_BASIC,SQLITE_PARITY_10129_MODE_LINE_BASIC.rs,P0,memory,CLI_OUTPUT_MODE,1518234,2982817,1.964662,-96.466223,true,3
1969,00837,WINDOW_PARTITION_SUM_050,SQLITE_PARITY_837_WINDOW_PARTITION_SUM_050.rs,P2,memory,GEN_SQL_WINDOW,1636508,3215127,1.964627,-96.462651,true,3
1970,10523,GROUP_BY_EXPRESSION_LOWER,SQLITE_PARITY_10523_GROUP_BY_EXPRESSION_LOWER.rs,P0,memory,SQL_AGGREGATE_ADV,1615709,3174260,1.964624,-96.462358,true,3
1971,10440,REC_FIBONACCI,SQLITE_PARITY_10440_REC_FIBONACCI.rs,P0,memory,SQL_RECURSIVE_CTE,1606822,3156716,1.964571,-96.457106,true,3
1972,01109,INDEX_SCHEMA_PRAGMA_042,SQLITE_PARITY_1109_INDEX_SCHEMA_PRAGMA_042.rs,P2,memory,GEN_SQL_INDEX_PRAGMA,1792634,3521307,1.964320,-96.432010,true,3
1973,11339,AFFINITY_TEXT_NULL_LIT,SQLITE_PARITY_11339_AFFINITY_TEXT_NULL_LIT.rs,P0,memory,SQL_TYPE_AFFINITY,1584891,3112924,1.964125,-96.412498,true,3
1974,00672,JOIN_SUBQUERY_EXISTS_065,SQLITE_PARITY_672_JOIN_SUBQUERY_EXISTS_065.rs,P1,memory,GEN_SQL_JOIN_SUBQUERY,1838942,3611888,1.964112,-96.411197,true,3
1975,00299,SCALAR_NULL_COALESCE_018,SQLITE_PARITY_299_SCALAR_NULL_COALESCE_018.rs,P1,memory,GEN_SQL_SCALAR,1528834,3001993,1.963583,-96.358336,true,3
1976,10160,DOT_MODE_LIST_AFTER_CSV,SQLITE_PARITY_10160_DOT_MODE_LIST_AFTER_CSV.rs,P0,memory,CLI_DOT_COMMAND,1419407,2786916,1.963437,-96.343684,true,3
1977,00820,WINDOW_PARTITION_SUM_033,SQLITE_PARITY_820_WINDOW_PARTITION_SUM_033.rs,P2,memory,GEN_SQL_WINDOW,1635236,3210438,1.963287,-96.328726,true,3
1978,10055,GROUP_BY_NULL_KEY_COLLAPSES,SQLITE_PARITY_10055_GROUP_BY_NULL_KEY_COLLAPSES.rs,P0,memory,SQL_AGGREGATE_NULL,1537771,3018705,1.963039,-96.303936,true,3
1979,11944,WIN_MAX_RANGE_UNBND_PREC_CURRENT,SQLITE_PARITY_11944_WIN_MAX_RANGE_UNBND_PREC_CURRENT.rs,P0,memory,SQL_WINDOW,1705008,3346897,1.962980,-96.298023,true,3
1980,11958,WIN_FIRST_VALUE_EXCL_TIES,SQLITE_PARITY_11958_WIN_FIRST_VALUE_EXCL_TIES.rs,P0,memory,SQL_WINDOW,1702042,3340925,1.962892,-96.289222,true,3
1981,00722,CTE_RECURSIVE_MATRIX_015,SQLITE_PARITY_722_CTE_RECURSIVE_MATRIX_015.rs,P1,memory,GEN_SQL_CTE,1604858,3150134,1.962874,-96.287397,true,3
1982,00566,AGG_GROUP_HAVING_059,SQLITE_PARITY_566_AGG_GROUP_HAVING_059.rs,P1,memory,GEN_SQL_AGGREGATE,1776483,3487011,1.962873,-96.287327,true,3
1983,11546,DATETIME_TIME_EPOCH_WEEKDAY_0,SQLITE_PARITY_11546_DATETIME_TIME_EPOCH_WEEKDAY_0.rs,P0,memory,SQL_DATETIME,1464142,2873760,1.962760,-96.276044,true,3
1984,10254,PRAGMA_SECURE_DELETE_DEFAULT,SQLITE_PARITY_10254_PRAGMA_SECURE_DELETE_DEFAULT.rs,P0,memory,SQL_PRAGMA,1327984,2606444,1.962707,-96.270738,true,3
1985,01071,INDEX_SCHEMA_PRAGMA_004,SQLITE_PARITY_1071_INDEX_SCHEMA_PRAGMA_004.rs,P2,memory,GEN_SQL_INDEX_PRAGMA,1836006,3603542,1.962707,-96.270709,true,3
1986,10481,COMPOUND_COLUMN_NAMES_FROM_LEFTMOST,SQLITE_PARITY_10481_COMPOUND_COLUMN_NAMES_FROM_LEFTMOST.rs,P0,memory,SQL_COMPOUND,1376887,2702166,1.962518,-96.251835,true,3
1987,11024,MATH_CEIL_1_4,SQLITE_PARITY_11024_MATH_CEIL_1_4.rs,P1,memory,SQL_MATH,1432202,2810571,1.962412,-96.241243,true,3
1988,11038,MATH_COSH_1_0,SQLITE_PARITY_11038_MATH_COSH_1_0.rs,P1,memory,SQL_MATH,1452840,2850908,1.962300,-96.230005,true,3
1989,11962,WIN_LAST_VALUE_ROWS_1_PREC_1_FOLL,SQLITE_PARITY_11962_WIN_LAST_VALUE_ROWS_1_PREC_1_FOLL.rs,P0,memory,SQL_WINDOW,1628053,3194708,1.962287,-96.228747,true,3
1990,11431,STRING_UNICODE_,SQLITE_PARITY_11431_STRING_UNICODE_.rs,P0,memory,SQL_STRING,1368982,2686116,1.962127,-96.212660,true,3
1991,11626,DATETIME_TIME_DATE_2024_PLUS_3_HOURS,SQLITE_PARITY_11626_DATETIME_TIME_DATE_2024_PLUS_3_HOURS.rs,P0,memory,SQL_DATETIME,1508015,2958732,1.962004,-96.200436,true,3
1992,00267,SCALAR_NULL_COALESCE_010,SQLITE_PARITY_267_SCALAR_NULL_COALESCE_010.rs,P1,memory,GEN_SQL_SCALAR,1599278,3137740,1.961973,-96.197284,true,3
1993,11525,DATETIME_DATE_EPOCH_PLUS_10_SECONDS,SQLITE_PARITY_11525_DATETIME_DATE_EPOCH_PLUS_10_SECONDS.rs,P0,memory,SQL_DATETIME,1524096,2990100,1.961884,-96.188429,true,3
1994,01002,VIEW_TRIGGER_GENERATED_055,SQLITE_PARITY_1002_VIEW_TRIGGER_GENERATED_055.rs,P2,memory,GEN_SQL_VIEW_TRIGGER,1752427,3437738,1.961701,-96.170112,true,3
1995,11040,MATH_DEGREES_0_0,SQLITE_PARITY_11040_MATH_DEGREES_0_0.rs,P1,memory,SQL_MATH,1384110,2713076,1.960159,-96.015924,true,3
1996,10240,PRAGMA_FOREIGN_KEYS_DEFAULT_OFF,SQLITE_PARITY_10240_PRAGMA_FOREIGN_KEYS_DEFAULT_OFF.rs,P0,memory,SQL_PRAGMA,1324738,2595834,1.959507,-95.950746,true,3
1997,11415,STRING_LTRIM_,SQLITE_PARITY_11415_STRING_LTRIM_.rs,P0,memory,SQL_STRING,1504618,2948202,1.959436,-95.943555,true,3
1998,11859,JSON_ARROW_D_3,SQLITE_PARITY_11859_JSON_ARROW_D_3.rs,P0,memory,SQL_JSON,1522111,2982336,1.959342,-95.934199,true,3
1999,00943,CONSTRAINT_FK_SAVEPOINT_076,SQLITE_PARITY_943_CONSTRAINT_FK_SAVEPOINT_076.rs,P2,memory,GEN_SQL_CONSTRAINT_TX,1768037,3463327,1.958854,-95.885437,true,3
2000,00957,VIEW_TRIGGER_GENERATED_010,SQLITE_PARITY_957_VIEW_TRIGGER_GENERATED_010.rs,P2,memory,GEN_SQL_VIEW_TRIGGER,1871883,3666561,1.958755,-95.875544,true,3
2001,11674,DATETIME_STRFTIME_ISO_UNIX_MINUS_1_MONTH,SQLITE_PARITY_11674_DATETIME_STRFTIME_ISO_UNIX_MINUS_1_MONTH.rs,P0,memory,SQL_DATETIME,1473460,2886124,1.958739,-95.873929,true,3
2002,00423,DML_WHERE_ORDER_LIMIT_036,SQLITE_PARITY_423_DML_WHERE_ORDER_LIMIT_036.rs,P1,memory,GEN_SQL_DML,1746526,3420566,1.958497,-95.849704,true,3
2003,11429,STRING_QUOTE_1_5,SQLITE_PARITY_11429_STRING_QUOTE_1_5.rs,P0,memory,SQL_STRING,1544223,3024095,1.958328,-95.832791,true,3
2004,00263,SCALAR_NULL_COALESCE_009,SQLITE_PARITY_263_SCALAR_NULL_COALESCE_009.rs,P1,memory,GEN_SQL_SCALAR,1541388,3017944,1.957939,-95.793921,true,3
2005,10077,AUTOINCREMENT_WITHOUT_ROWID_REJECTED,SQLITE_PARITY_10077_AUTOINCREMENT_WITHOUT_ROWID_REJECTED.rs,P0,memory,SQL_AUTOINCREMENT,1390733,2722955,1.957928,-95.792794,true,3
2006,10195,DOT_INDEXES_NAMED_INDEX,SQLITE_PARITY_10195_DOT_INDEXES_NAMED_INDEX.rs,P0,memory,CLI_DOT_COMMAND,1713283,3354350,1.957849,-95.784935,true,3
2007,00597,AGG_GROUP_HAVING_090,SQLITE_PARITY_597_AGG_GROUP_HAVING_090.rs,P1,memory,GEN_SQL_AGGREGATE,1745535,3417079,1.957611,-95.761128,true,3
2008,11050,MATH_FLOOR_1_4,SQLITE_PARITY_11050_MATH_FLOOR_1_4.rs,P1,memory,SQL_MATH,1454163,2845938,1.957097,-95.709697,true,3
2009,01116,INDEX_SCHEMA_PRAGMA_049,SQLITE_PARITY_1116_INDEX_SCHEMA_PRAGMA_049.rs,P2,memory,GEN_SQL_INDEX_PRAGMA,1758850,3441465,1.956656,-95.665634,true,3
2010,10189,DOT_ECHO_OFF,SQLITE_PARITY_10189_DOT_ECHO_OFF.rs,P0,memory,CLI_DOT_COMMAND,1473520,2882908,1.956477,-95.647701,true,3
2011,00074,NOT_INDEXED,SQLITE_PARITY_074_NOT_INDEXED.rs,P0,memory,SQL_INDEX,1546488,3024686,1.955842,-95.584188,true,3
2012,01097,INDEX_SCHEMA_PRAGMA_030,SQLITE_PARITY_1097_INDEX_SCHEMA_PRAGMA_030.rs,P2,memory,GEN_SQL_INDEX_PRAGMA,1748961,3420576,1.955776,-95.577603,true,3
2013,11015,MATH_ASINH_10_0,SQLITE_PARITY_11015_MATH_ASINH_10_0.rs,P1,memory,SQL_MATH,1557358,3045797,1.955746,-95.574621,true,3
2014,00908,CONSTRAINT_FK_SAVEPOINT_041,SQLITE_PARITY_908_CONSTRAINT_FK_SAVEPOINT_041.rs,P2,memory,GEN_SQL_CONSTRAINT_TX,1690511,3306139,1.955704,-95.570393,true,3
2015,10460,JOIN_LEFT_IS_NULL_ANTIJOIN,SQLITE_PARITY_10460_JOIN_LEFT_IS_NULL_ANTIJOIN.rs,P0,memory,SQL_JOIN,1589960,3109206,1.955525,-95.552467,true,3
2016,00374,SCALAR_STRING_037,SQLITE_PARITY_374_SCALAR_STRING_037.rs,P1,memory,GEN_SQL_SCALAR,1423876,2784381,1.955494,-95.549402,true,3
2017,00522,AGG_GROUP_HAVING_015,SQLITE_PARITY_522_AGG_GROUP_HAVING_015.rs,P1,memory,GEN_SQL_AGGREGATE,1725917,3374679,1.955296,-95.529623,true,3
2018,11105,MATH_POWER_3_0_2,SQLITE_PARITY_11105_MATH_POWER_3_0_2.rs,P1,memory,SQL_MATH,1546648,3023424,1.954824,-95.482359,true,3
2019,10390,SQLITE_MASTER_AFTER_CREATE_TABLE,SQLITE_PARITY_10390_SQLITE_MASTER_AFTER_CREATE_TABLE.rs,P0,memory,SQL_SCHEMA_INTROSPECTION,1389371,2715240,1.954294,-95.429443,true,3
2020,01068,INDEX_SCHEMA_PRAGMA_001,SQLITE_PARITY_1068_INDEX_SCHEMA_PRAGMA_001.rs,P2,memory,GEN_SQL_INDEX_PRAGMA,1837860,3590557,1.953662,-95.366187,true,3
2021,11595,DATETIME_DATE_Y2K_START_OF_YEAR,SQLITE_PARITY_11595_DATETIME_DATE_Y2K_START_OF_YEAR.rs,P0,memory,SQL_DATETIME,1476505,2884410,1.953539,-95.353893,true,3
2022,00798,WINDOW_PARTITION_SUM_011,SQLITE_PARITY_798_WINDOW_PARTITION_SUM_011.rs,P2,memory,GEN_SQL_WINDOW,1644914,3213333,1.953496,-95.349605,true,3
2023,00520,AGG_GROUP_HAVING_013,SQLITE_PARITY_520_AGG_GROUP_HAVING_013.rs,P1,memory,GEN_SQL_AGGREGATE,1706671,3333230,1.953059,-95.305949,true,3
2024,00142,DOT_EXIT_CODE,SQLITE_PARITY_142_DOT_EXIT_CODE.rs,P0,memory,CLI_DOT_COMMAND,1384792,2704270,1.952835,-95.283479,true,3
2025,00071,BETWEEN_IN_ISNULL_IS,SQLITE_PARITY_071_BETWEEN_IN_ISNULL_IS.rs,P0,memory,SQL_OPERATORS,1484149,2898247,1.952801,-95.280056,true,3
2026,01103,INDEX_SCHEMA_PRAGMA_036,SQLITE_PARITY_1103_INDEX_SCHEMA_PRAGMA_036.rs,P2,memory,GEN_SQL_INDEX_PRAGMA,1778046,3471803,1.952595,-95.259459,true,3
2027,11215,CAST_REAL_3_14_AS_INTEGER,SQLITE_PARITY_11215_CAST_REAL_3_14_AS_INTEGER.rs,P0,memory,SQL_CAST,1493678,2916432,1.952517,-95.251721,true,3
2028,11929,WIN_COUNT_EXCL_NO_OTHERS,SQLITE_PARITY_11929_WIN_COUNT_EXCL_NO_OTHERS.rs,P0,memory,SQL_WINDOW,1784979,3484777,1.952279,-95.227899,true,3
2029,10265,PRAGMA_INTEGRITY_CHECK_OK,SQLITE_PARITY_10265_PRAGMA_INTEGRITY_CHECK_OK.rs,P0,memory,SQL_PRAGMA,1430017,2791565,1.952120,-95.212015,true,3
2030,00890,CONSTRAINT_FK_SAVEPOINT_023,SQLITE_PARITY_890_CONSTRAINT_FK_SAVEPOINT_023.rs,P2,memory,GEN_SQL_CONSTRAINT_TX,1735886,3388164,1.951836,-95.183555,true,3
2031,01040,JSON_EXTRACT_SET_033,SQLITE_PARITY_1040_JSON_EXTRACT_SET_033.rs,P2,memory,GEN_SQL_JSON,1697254,3312381,1.951612,-95.161184,true,3
2032,10624,BLOB_ORDER_WITH_NULL,SQLITE_PARITY_10624_BLOB_ORDER_WITH_NULL.rs,P0,memory,SQL_BLOB,1627522,3175943,1.951398,-95.139789,true,3
2033,11703,DATETIME_JULIANDAY_UNIX_START_OF_MONTH,SQLITE_PARITY_11703_DATETIME_JULIANDAY_UNIX_START_OF_MONTH.rs,P0,memory,SQL_DATETIME,1456368,2840959,1.950715,-95.071507,true,3
2034,11439,STRING_SOUNDEX_X,SQLITE_PARITY_11439_STRING_SOUNDEX_X.rs,P0,memory,SQL_STRING,1318025,2569865,1.949785,-94.978472,true,3
2035,10630,JSON_REJECTS_BLOB,SQLITE_PARITY_10630_JSON_REJECTS_BLOB.rs,P0,memory,SQL_BLOB,1477587,2880424,1.949411,-94.941076,true,3
2036,11855,JSON_ARROW_D,SQLITE_PARITY_11855_JSON_ARROW_D.rs,P0,memory,SQL_JSON,1388398,2706474,1.949350,-94.935026,true,3
2037,11922,WIN_COUNT_ROWS_1_PREC_1_FOLL,SQLITE_PARITY_11922_WIN_COUNT_ROWS_1_PREC_1_FOLL.rs,P0,memory,SQL_WINDOW,1726539,3365391,1.949212,-94.921227,true,3
2038,01059,JSON_EXTRACT_SET_052,SQLITE_PARITY_1059_JSON_EXTRACT_SET_052.rs,P2,memory,GEN_SQL_JSON,1570313,3060845,1.949194,-94.919421,true,3
2039,00931,CONSTRAINT_FK_SAVEPOINT_064,SQLITE_PARITY_931_CONSTRAINT_FK_SAVEPOINT_064.rs,P2,memory,GEN_SQL_CONSTRAINT_TX,1726499,3364460,1.948718,-94.871819,true,3
2040,11650,DATETIME_DATE_DATE_2024_START_OF_YEAR,SQLITE_PARITY_11650_DATETIME_DATE_DATE_2024_START_OF_YEAR.rs,P0,memory,SQL_DATETIME,1481404,2886535,1.948513,-94.851303,true,3
2041,10381,DOT_DATABASES_LISTS_ATTACHED,SQLITE_PARITY_10381_DOT_DATABASES_LISTS_ATTACHED.rs,P0,memory,SQL_ATTACH,1383669,2695503,1.948084,-94.808368,true,3
2042,00320,SCALAR_ARITH_024,SQLITE_PARITY_320_SCALAR_ARITH_024.rs,P1,memory,GEN_SQL_SCALAR,1505881,2933363,1.947938,-94.793812,true,3
2043,00687,JOIN_SUBQUERY_EXISTS_080,SQLITE_PARITY_687_JOIN_SUBQUERY_EXISTS_080.rs,P1,memory,GEN_SQL_JOIN_SUBQUERY,1772606,3452867,1.947904,-94.790438,true,3
2044,11016,MATH_ATAN_1_0,SQLITE_PARITY_11016_MATH_ATAN_1_0.rs,P1,memory,SQL_MATH,1506542,2934596,1.947902,-94.790188,true,3
2045,00427,DML_WHERE_ORDER_LIMIT_040,SQLITE_PARITY_427_DML_WHERE_ORDER_LIMIT_040.rs,P1,memory,GEN_SQL_DML,1798114,3502511,1.947880,-94.788039,true,3
2046,10399,PRAGMA_INDEX_LIST_TVF,SQLITE_PARITY_10399_PRAGMA_INDEX_LIST_TVF.rs,P0,memory,SQL_SCHEMA_INTROSPECTION,1609567,3135196,1.947851,-94.785057,true,3
2047,11514,DATETIME_STRFTIME_ISO_EPOCH_PLUS_1_YEAR,SQLITE_PARITY_11514_DATETIME_STRFTIME_ISO_EPOCH_PLUS_1_YEAR.rs,P0,memory,SQL_DATETIME,1548081,3015159,1.947675,-94.767522,true,3
2048,00282,SCALAR_STRING_014,SQLITE_PARITY_282_SCALAR_STRING_014.rs,P1,memory,GEN_SQL_SCALAR,1551106,3020248,1.947158,-94.715771,true,3
2049,00535,AGG_GROUP_HAVING_028,SQLITE_PARITY_535_AGG_GROUP_HAVING_028.rs,P1,memory,GEN_SQL_AGGREGATE,1696222,3302102,1.946739,-94.673928,true,3
2050,01124,INDEX_SCHEMA_PRAGMA_057,SQLITE_PARITY_1124_INDEX_SCHEMA_PRAGMA_057.rs,P2,memory,GEN_SQL_INDEX_PRAGMA,1894818,3688042,1.946383,-94.638324,true,3
2051,00647,JOIN_SUBQUERY_EXISTS_040,SQLITE_PARITY_647_JOIN_SUBQUERY_EXISTS_040.rs,P1,memory,GEN_SQL_JOIN_SUBQUERY,1743821,3392774,1.945598,-94.559763,true,3
2052,11102,MATH_POW_4_0_0_5,SQLITE_PARITY_11102_MATH_POW_4_0_0_5.rs,P1,memory,SQL_MATH,1620437,3151397,1.944782,-94.478218,true,3
2053,00616,JOIN_SUBQUERY_EXISTS_009,SQLITE_PARITY_616_JOIN_SUBQUERY_EXISTS_009.rs,P1,memory,GEN_SQL_JOIN_SUBQUERY,1819615,3538709,1.944757,-94.475700,true,3
2054,00733,CTE_RECURSIVE_MATRIX_026,SQLITE_PARITY_733_CTE_RECURSIVE_MATRIX_026.rs,P1,memory,GEN_SQL_CTE,1695340,3296551,1.944478,-94.447780,true,3
2055,10237,OPT_BATCH_BAIL_COMBO,SQLITE_PARITY_10237_OPT_BATCH_BAIL_COMBO.rs,P0,memory,CLI_OPTION,1414047,2749576,1.944473,-94.447285,true,3
2056,11571,DATETIME_TIME_Y2K_PLUS_3_HOURS,SQLITE_PARITY_11571_DATETIME_TIME_Y2K_PLUS_3_HOURS.rs,P0,memory,SQL_DATETIME,1550716,3015188,1.944384,-94.438440,true,3
2057,10193,DOT_BAIL_OFF_NOOP,SQLITE_PARITY_10193_DOT_BAIL_OFF_NOOP.rs,P0,memory,CLI_DOT_COMMAND,1517833,2951047,1.944250,-94.425013,true,3
2058,11555,DATETIME_DATE_Y2K_PLUS_5_DAYS,SQLITE_PARITY_11555_DATETIME_DATE_Y2K_PLUS_5_DAYS.rs,P0,memory,SQL_DATETIME,1424026,2767931,1.943736,-94.373628,true,3
2059,00539,AGG_GROUP_HAVING_032,SQLITE_PARITY_539_AGG_GROUP_HAVING_032.rs,P1,memory,GEN_SQL_AGGREGATE,1783507,3465882,1.943296,-94.329599,true,3
2060,00591,AGG_GROUP_HAVING_084,SQLITE_PARITY_591_AGG_GROUP_HAVING_084.rs,P1,memory,GEN_SQL_AGGREGATE,1706410,3316048,1.943289,-94.328913,true,3
2061,11221,CAST_REAL_0_AS_REAL,SQLITE_PARITY_11221_CAST_REAL_0_AS_REAL.rs,P0,memory,SQL_CAST,1514667,2942591,1.942731,-94.273131,true,3
2062,00843,WINDOW_PARTITION_SUM_056,SQLITE_PARITY_843_WINDOW_PARTITION_SUM_056.rs,P2,memory,GEN_SQL_WINDOW,1507144,2927071,1.942131,-94.213094,true,3
2063,10421,ALTER_ADD_COLUMN_ON_STRICT_TABLE,SQLITE_PARITY_10421_ALTER_ADD_COLUMN_ON_STRICT_TABLE.rs,P0,memory,SQL_ALTER,1655584,3215238,1.942057,-94.205670,true,3
2064,00701,JOIN_SUBQUERY_EXISTS_094,SQLITE_PARITY_701_JOIN_SUBQUERY_EXISTS_094.rs,P1,memory,GEN_SQL_JOIN_SUBQUERY,1790319,3476842,1.942024,-94.202374,true,3
2065,00826,WINDOW_PARTITION_SUM_039,SQLITE_PARITY_826_WINDOW_PARTITION_SUM_039.rs,P2,memory,GEN_SQL_WINDOW,1668298,3239744,1.941946,-94.194562,true,3
2066,11918,WIN_AVG_EXCL_TIES,SQLITE_PARITY_11918_WIN_AVG_EXCL_TIES.rs,P0,memory,SQL_WINDOW,1764461,3426256,1.941815,-94.181453,true,3
2067,11664,DATETIME_STRFTIME_ISO_DATE_2024_UTC,SQLITE_PARITY_11664_DATETIME_STRFTIME_ISO_DATE_2024_UTC.rs,P0,memory,SQL_DATETIME,1435919,2787858,1.941515,-94.151481,true,3
2068,10275,FK_UPDATE_VIOLATION_REJECTED,SQLITE_PARITY_10275_FK_UPDATE_VIOLATION_REJECTED.rs,P0,memory,SQL_FOREIGN_KEYS,1505991,2923846,1.941476,-94.147641,true,3
2069,11304,AFFINITY_INTEGER_TEXT_NUM,SQLITE_PARITY_11304_AFFINITY_INTEGER_TEXT_NUM.rs,P0,memory,SQL_TYPE_AFFINITY,1612754,3131118,1.941473,-94.147279,true,3
2070,00580,AGG_GROUP_HAVING_073,SQLITE_PARITY_580_AGG_GROUP_HAVING_073.rs,P1,memory,GEN_SQL_AGGREGATE,1691853,3283897,1.941006,-94.100610,true,3
2071,10085,STRICT_INT_REJECTS_NON_NUMERIC_TEXT,SQLITE_PARITY_10085_STRICT_INT_REJECTS_NON_NUMERIC_TEXT.rs,P0,memory,SQL_STRICT_TABLES,1428054,2771106,1.940477,-94.047704,true,3
2072,11691,DATETIME_TIME_UNIX_PLUS_10_SECONDS,SQLITE_PARITY_11691_DATETIME_TIME_UNIX_PLUS_10_SECONDS.rs,P0,memory,SQL_DATETIME,1443242,2800411,1.940361,-94.036135,true,3
2073,10279,FK_DELETE_SET_NULL_NULLIFIES_CHILD,SQLITE_PARITY_10279_FK_DELETE_SET_NULL_NULLIFIES_CHILD.rs,P0,memory,SQL_FOREIGN_KEYS,1652809,3206661,1.940128,-94.012799,true,3
2074,10503,SUBQUERY_GROUP_BY_HAVING_IN_WHERE,SQLITE_PARITY_10503_SUBQUERY_GROUP_BY_HAVING_IN_WHERE.rs,P0,memory,SQL_SUBQUERY,1689168,3277054,1.940040,-94.004030,true,3
2075,00357,SCALAR_CAST_TYPEOF_033,SQLITE_PARITY_357_SCALAR_CAST_TYPEOF_033.rs,P1,memory,GEN_SQL_SCALAR,1417543,2749055,1.939310,-93.930978,true,3
2076,10049,MIN_MAX_IGNORE_NULL,SQLITE_PARITY_10049_MIN_MAX_IGNORE_NULL.rs,P0,memory,SQL_AGGREGATE_NULL,1597164,3097193,1.939183,-93.918283,true,3
2077,00509,AGG_GROUP_HAVING_002,SQLITE_PARITY_509_AGG_GROUP_HAVING_002.rs,P1,memory,GEN_SQL_AGGREGATE,1784158,3459329,1.938914,-93.891404,true,3
2078,00631,JOIN_SUBQUERY_EXISTS_024,SQLITE_PARITY_631_JOIN_SUBQUERY_EXISTS_024.rs,P1,memory,GEN_SQL_JOIN_SUBQUERY,1837228,3560391,1.937915,-93.791462,true,3
2079,01054,JSON_EXTRACT_SET_047,SQLITE_PARITY_1054_JSON_EXTRACT_SET_047.rs,P2,memory,GEN_SQL_JSON,1684008,3261264,1.936608,-93.660838,true,3
2080,10552,DATATYPE_MISMATCH_INT_PK,SQLITE_PARITY_10552_DATATYPE_MISMATCH_INT_PK.rs,P0,memory,SQL_ERROR_MESSAGES,1473099,2852681,1.936517,-93.651683,true,3
2081,12005,PRAGMA_CACHE_SPILL,SQLITE_PARITY_12005_PRAGMA_CACHE_SPILL.rs,P1,memory,SQL_PRAGMA,1350276,2614810,1.936500,-93.650039,true,3
2082,00729,CTE_RECURSIVE_MATRIX_022,SQLITE_PARITY_729_CTE_RECURSIVE_MATRIX_022.rs,P1,memory,GEN_SQL_CTE,1655965,3206310,1.936218,-93.621846,true,3
2083,11661,DATETIME_TIME_DATE_2024_UTC,SQLITE_PARITY_11661_DATETIME_TIME_DATE_2024_UTC.rs,P0,memory,SQL_DATETIME,1484271,2873610,1.936041,-93.604133,true,3
2084,10359,DELETE_RETURNING_BASIC,SQLITE_PARITY_10359_DELETE_RETURNING_BASIC.rs,P0,memory,SQL_RETURNING,1636709,3167647,1.935376,-93.537581,true,3
2085,10224,OPT_PAGECACHE_ZERO,SQLITE_PARITY_10224_OPT_PAGECACHE_ZERO.rs,P0,memory,CLI_OPTION,1485602,2874432,1.934860,-93.486008,true,3
2086,00275,SCALAR_NULL_COALESCE_012,SQLITE_PARITY_275_SCALAR_NULL_COALESCE_012.rs,P1,memory,GEN_SQL_SCALAR,1477056,2857780,1.934781,-93.478108,true,3
2087,11657,DATETIME_DATETIME_DATE_2024_WEEKDAY_0,SQLITE_PARITY_11657_DATETIME_DATETIME_DATE_2024_WEEKDAY_0.rs,P0,memory,SQL_DATETIME,1522883,2946298,1.934684,-93.468441,true,3
2088,00840,WINDOW_PARTITION_SUM_053,SQLITE_PARITY_840_WINDOW_PARTITION_SUM_053.rs,P2,memory,GEN_SQL_WINDOW,1727581,3340895,1.933857,-93.385723,true,3
2089,10438,REC_PIVOT_STYLE_STRING_AGG,SQLITE_PARITY_10438_REC_PIVOT_STYLE_STRING_AGG.rs,P0,memory,SQL_RECURSIVE_CTE,1849551,3576080,1.933485,-93.348548,true,3
2090,01021,JSON_EXTRACT_SET_014,SQLITE_PARITY_1021_JSON_EXTRACT_SET_014.rs,P2,memory,GEN_SQL_JSON,1779890,3441035,1.933285,-93.328520,true,3
2091,10006,IS_NULL_DEFINITE_BOOL,SQLITE_PARITY_10006_IS_NULL_DEFINITE_BOOL.rs,P0,memory,SQL_NULL_SEMANTICS,1488278,2876907,1.933044,-93.304410,true,3
2092,12013,PRAGMA_ENCODING,SQLITE_PARITY_12013_PRAGMA_ENCODING.rs,P1,memory,SQL_PRAGMA,1378540,2664775,1.933041,-93.304148,true,3
2093,10559,NO_SUCH_COLLATION_IN_ORDER_BY,SQLITE_PARITY_10559_NO_SUCH_COLLATION_IN_ORDER_BY.rs,P0,memory,SQL_ERROR_MESSAGES,1516782,2931881,1.932961,-93.296136,true,3
2094,00454,DML_WHERE_ORDER_LIMIT_067,SQLITE_PARITY_454_DML_WHERE_ORDER_LIMIT_067.rs,P1,memory,GEN_SQL_DML,1677095,3240475,1.932195,-93.219525,true,3
2095,10350,INSERT_RETURNING_STAR,SQLITE_PARITY_10350_INSERT_RETURNING_STAR.rs,P0,memory,SQL_RETURNING,1513235,2922814,1.931500,-93.150039,true,3
2096,00196,OPT_MMAP,SQLITE_PARITY_196_OPT_MMAP.rs,P3,memory,CLI_OPTION,1233615,2382640,1.931429,-93.142917,true,3
2097,10505,SUBQUERY_LIMIT_1_AS_SCALAR,SQLITE_PARITY_10505_SUBQUERY_LIMIT_1_AS_SCALAR.rs,P0,memory,SQL_SUBQUERY,1620408,3129295,1.931177,-93.117721,true,3
2098,01003,VIEW_TRIGGER_GENERATED_056,SQLITE_PARITY_1003_VIEW_TRIGGER_GENERATED_056.rs,P2,memory,GEN_SQL_VIEW_TRIGGER,1800368,3476472,1.930979,-93.097856,true,3
2099,00011,CREATE_TABLE_AS_SELECT,SQLITE_PARITY_011_CREATE_TABLE_AS_SELECT.rs,P0,memory,SQL_DDL,1568289,3028183,1.930883,-93.088327,true,3
2100,11412,STRING_UPPER_,SQLITE_PARITY_11412_STRING_UPPER_.rs,P0,memory,SQL_STRING,1584891,3058861,1.930013,-93.001348,true,3
2101,00048,PRAGMA_USER_VERSION,SQLITE_PARITY_048_PRAGMA_USER_VERSION.rs,P0,memory,SQL_PRAGMA,1336450,2579343,1.929996,-92.999588,true,3
2102,10465,JOIN_ON_EXPRESSION,SQLITE_PARITY_10465_JOIN_ON_EXPRESSION.rs,P0,memory,SQL_JOIN,1614807,3116359,1.929865,-92.986468,true,3
2103,01078,INDEX_SCHEMA_PRAGMA_011,SQLITE_PARITY_1078_INDEX_SCHEMA_PRAGMA_011.rs,P2,memory,GEN_SQL_INDEX_PRAGMA,1843641,3557706,1.929717,-92.971734,true,3
2104,00806,WINDOW_PARTITION_SUM_019,SQLITE_PARITY_806_WINDOW_PARTITION_SUM_019.rs,P2,memory,GEN_SQL_WINDOW,1706381,3292824,1.929712,-92.971206,true,3
2105,00294,SCALAR_STRING_017,SQLITE_PARITY_294_SCALAR_STRING_017.rs,P1,memory,GEN_SQL_SCALAR,1561827,3013595,1.929532,-92.953189,true,3
2106,00079,CHECK_CONSTRAINT_FAILURE,SQLITE_PARITY_079_CHECK_CONSTRAINT_FAILURE.rs,P0,memory,SQL_CONSTRAINTS_NEGATIVE,1507564,2908407,1.929210,-92.920964,true,3
2107,11692,DATETIME_DATETIME_UNIX_PLUS_10_SECONDS,SQLITE_PARITY_11692_DATETIME_DATETIME_UNIX_PLUS_10_SECONDS.rs,P0,memory,SQL_DATETIME,1547390,2984320,1.928615,-92.861528,true,3
2108,11410,STRING_LOWER_,SQLITE_PARITY_11410_STRING_LOWER_.rs,P0,memory,SQL_STRING,1424016,2746199,1.928489,-92.848887,true,3
2109,11017,MATH_ATAN_0_0,SQLITE_PARITY_11017_MATH_ATAN_0_0.rs,P1,memory,SQL_MATH,1456818,2809008,1.928180,-92.818046,true,3
2110,11640,DATETIME_DATE_DATE_2024_START_OF_DAY,SQLITE_PARITY_11640_DATETIME_DATE_DATE_2024_START_OF_DAY.rs,P0,memory,SQL_DATETIME,1512473,2916251,1.928134,-92.813425,true,3
2111,11710,DATETIME_DATE_UNIX_WEEKDAY_0,SQLITE_PARITY_11710_DATETIME_DATE_UNIX_WEEKDAY_0.rs,P0,memory,SQL_DATETIME,1533643,2956678,1.927879,-92.787891,true,3
2112,11822,JSON_JSON_TYPE_MISSING,SQLITE_PARITY_11822_JSON_JSON_TYPE_MISSING.rs,P0,memory,SQL_JSON,1556016,2999669,1.927788,-92.778802,true,3
2113,10511,SUBQUERY_ORDER_BY_NO_LIMIT_SCALAR,SQLITE_PARITY_10511_SUBQUERY_ORDER_BY_NO_LIMIT_SCALAR.rs,P0,memory,SQL_SUBQUERY,1614727,3111471,1.926933,-92.693316,true,3
2114,00026,FOREIGN_KEYS_CASCADE,SQLITE_PARITY_026_FOREIGN_KEYS_CASCADE.rs,P0,memory,SQL_FOREIGN_KEYS,1698405,3272566,1.926847,-92.684666,true,3
2115,10089,STRICT_REAL_REJECTS_BLOB,SQLITE_PARITY_10089_STRICT_REAL_REJECTS_BLOB.rs,P0,memory,SQL_STRICT_TABLES,1538443,2963892,1.926553,-92.655301,true,3
2116,00447,DML_WHERE_ORDER_LIMIT_060,SQLITE_PARITY_447_DML_WHERE_ORDER_LIMIT_060.rs,P1,memory,GEN_SQL_DML,1763398,3396701,1.926225,-92.622482,true,3
2117,01004,VIEW_TRIGGER_GENERATED_057,SQLITE_PARITY_1004_VIEW_TRIGGER_GENERATED_057.rs,P2,memory,GEN_SQL_VIEW_TRIGGER,1789097,3445914,1.926063,-92.606326,true,3
2118,10176,DOT_SCHEMA_NOSYS,SQLITE_PARITY_10176_DOT_SCHEMA_NOSYS.rs,P0,memory,CLI_DOT_COMMAND,1621740,3123473,1.926001,-92.600109,true,3
2119,01085,INDEX_SCHEMA_PRAGMA_018,SQLITE_PARITY_1085_INDEX_SCHEMA_PRAGMA_018.rs,P2,memory,GEN_SQL_INDEX_PRAGMA,1889337,3638719,1.925924,-92.592375,true,3
2120,10183,DOT_VERSION_PRINTS_3,SQLITE_PARITY_10183_DOT_VERSION_PRINTS_3.rs,P0,memory,CLI_DOT_COMMAND,1285964,2475466,1.924989,-92.498857,true,3
2121,00900,CONSTRAINT_FK_SAVEPOINT_033,SQLITE_PARITY_900_CONSTRAINT_FK_SAVEPOINT_033.rs,P2,memory,GEN_SQL_CONSTRAINT_TX,1714146,3299025,1.924588,-92.458810,true,3
2122,00179,OPT_MARKDOWN_MODE,SQLITE_PARITY_179_OPT_MARKDOWN_MODE.rs,P2,memory,CLI_OPTION,1455225,2800542,1.924474,-92.447354,true,3
2123,00144,DOT_PROMPT,SQLITE_PARITY_144_DOT_PROMPT.rs,P0,memory,CLI_DOT_COMMAND,1477988,2843844,1.924132,-92.413200,true,3
2124,11063,MATH_LOG2_0_5,SQLITE_PARITY_11063_MATH_LOG2_0_5.rs,P1,memory,SQL_MATH,1507754,2900731,1.923876,-92.387551,true,3
2125,10551,CHECK_CONSTRAINT_FAILED,SQLITE_PARITY_10551_CHECK_CONSTRAINT_FAILED.rs,P0,memory,SQL_ERROR_MESSAGES,1482758,2852611,1.923855,-92.385474,true,3
2126,12000,PRAGMA_FREELIST_COUNT,SQLITE_PARITY_12000_PRAGMA_FREELIST_COUNT.rs,P1,memory,SQL_PRAGMA,1388448,2671027,1.923750,-92.375012,true,3
2127,11825,JSON_JSON_ARRAY_LENGTH_A,SQLITE_PARITY_11825_JSON_JSON_ARRAY_LENGTH_A.rs,P0,memory,SQL_JSON,1621731,3118524,1.922960,-92.296010,true,3
2128,10319,SAVEPOINT_REUSE_AFTER_RELEASE,SQLITE_PARITY_10319_SAVEPOINT_REUSE_AFTER_RELEASE.rs,P0,memory,SQL_TRANSACTION,1606241,3088487,1.922804,-92.280424,true,3
2129,00958,VIEW_TRIGGER_GENERATED_011,SQLITE_PARITY_958_VIEW_TRIGGER_GENERATED_011.rs,P2,memory,GEN_SQL_VIEW_TRIGGER,1825205,3509474,1.922783,-92.278347,true,3
2130,11069,MATH_SIN_1_5707963267949,SQLITE_PARITY_11069_MATH_SIN_1_5707963267949.rs,P1,memory,SQL_MATH,1520559,2923355,1.922553,-92.255282,true,3
2131,00243,SCALAR_NULL_COALESCE_004,SQLITE_PARITY_243_SCALAR_NULL_COALESCE_004.rs,P1,memory,GEN_SQL_SCALAR,1513014,2908125,1.922074,-92.207409,true,3
2132,11901,WIN_SUM_ROWS_CURRENT_UNBND_FOLL,SQLITE_PARITY_11901_WIN_SUM_ROWS_CURRENT_UNBND_FOLL.rs,P0,memory,SQL_WINDOW,1684038,3236277,1.921736,-92.173633,true,3
2133,12023,PRAGMA_COMPILE_OPTIONS,SQLITE_PARITY_12023_PRAGMA_COMPILE_OPTIONS.rs,P1,memory,SQL_PRAGMA,1343974,2582279,1.921376,-92.137571,true,3
2134,11949,WIN_MAX_EXCL_NO_OTHERS,SQLITE_PARITY_11949_WIN_MAX_EXCL_NO_OTHERS.rs,P0,memory,SQL_WINDOW,1653630,3176664,1.921025,-92.102465,true,3
2135,00986,VIEW_TRIGGER_GENERATED_039,SQLITE_PARITY_986_VIEW_TRIGGER_GENERATED_039.rs,P2,memory,GEN_SQL_VIEW_TRIGGER,1810488,3477584,1.920799,-92.079925,true,3
2136,01070,INDEX_SCHEMA_PRAGMA_003,SQLITE_PARITY_1070_INDEX_SCHEMA_PRAGMA_003.rs,P2,memory,GEN_SQL_INDEX_PRAGMA,1631338,3133462,1.920793,-92.079263,true,3
2137,11620,DATETIME_DATE_DATE_2024_PLUS_1_YEAR,SQLITE_PARITY_11620_DATETIME_DATE_DATE_2024_PLUS_1_YEAR.rs,P0,memory,SQL_DATETIME,1498417,2877548,1.920392,-92.039199,true,3
2138,00997,VIEW_TRIGGER_GENERATED_050,SQLITE_PARITY_997_VIEW_TRIGGER_GENERATED_050.rs,P2,memory,GEN_SQL_VIEW_TRIGGER,1880901,3611407,1.920041,-92.004098,true,3
2139,00477,DML_WHERE_ORDER_LIMIT_090,SQLITE_PARITY_477_DML_WHERE_ORDER_LIMIT_090.rs,P1,memory,GEN_SQL_DML,1890258,3629040,1.919865,-91.986491,true,3
2140,11352,AFFINITY_BLOB_TEXT_NUM,SQLITE_PARITY_11352_AFFINITY_BLOB_TEXT_NUM.rs,P0,memory,SQL_TYPE_AFFINITY,1672186,3210198,1.919761,-91.976132,true,3
2141,01107,INDEX_SCHEMA_PRAGMA_040,SQLITE_PARITY_1107_INDEX_SCHEMA_PRAGMA_040.rs,P2,memory,GEN_SQL_INDEX_PRAGMA,1827981,3509244,1.919738,-91.973768,true,3
2142,00802,WINDOW_PARTITION_SUM_015,SQLITE_PARITY_802_WINDOW_PARTITION_SUM_015.rs,P2,memory,GEN_SQL_WINDOW,1656806,3179419,1.919005,-91.900500,true,3
2143,10455,JOIN_SUBQUERY_AS_TABLE_SOURCE,SQLITE_PARITY_10455_JOIN_SUBQUERY_AS_TABLE_SOURCE.rs,P0,memory,SQL_JOIN,1742990,3343590,1.918307,-91.830705,true,3
2144,10141,MODE_ASCII_BASIC,SQLITE_PARITY_10141_MODE_ASCII_BASIC.rs,P0,memory,CLI_OUTPUT_MODE,1655044,3173608,1.917537,-91.753694,true,3
2145,00838,WINDOW_PARTITION_SUM_051,SQLITE_PARITY_838_WINDOW_PARTITION_SUM_051.rs,P2,memory,GEN_SQL_WINDOW,1643572,3151507,1.917474,-91.747426,true,3
2146,10335,REPLACE_INTO_LEGACY_FORM,SQLITE_PARITY_10335_REPLACE_INTO_LEGACY_FORM.rs,P0,memory,SQL_UPSERT,1656546,3176113,1.917310,-91.731048,true,3
2147,10095,STRICT_BLOB_REJECTS_TEXT,SQLITE_PARITY_10095_STRICT_BLOB_REJECTS_TEXT.rs,P0,memory,SQL_STRICT_TABLES,1473250,2824026,1.916868,-91.686815,true,3
2148,10201,OPT_HEADER_LIST,SQLITE_PARITY_10201_OPT_HEADER_LIST.rs,P0,memory,CLI_OPTION,1502645,2879542,1.916316,-91.631556,true,3
2149,00599,AGG_GROUP_HAVING_092,SQLITE_PARITY_599_AGG_GROUP_HAVING_092.rs,P1,memory,GEN_SQL_AGGREGATE,1659912,3180091,1.915819,-91.581903,true,3
2150,00603,AGG_GROUP_HAVING_096,SQLITE_PARITY_603_AGG_GROUP_HAVING_096.rs,P1,memory,GEN_SQL_AGGREGATE,1756887,3365682,1.915708,-91.570773,true,3
2151,00101,SCHEMA_SQLITE_MASTER_ALIAS,SQLITE_PARITY_101_SCHEMA_SQLITE_MASTER_ALIAS.rs,P0,memory,SQL_SCHEMA,1551427,2969592,1.914104,-91.410360,true,3
2152,00665,JOIN_SUBQUERY_EXISTS_058,SQLITE_PARITY_665_JOIN_SUBQUERY_EXISTS_058.rs,P1,memory,GEN_SQL_JOIN_SUBQUERY,1804136,3453298,1.914101,-91.410071,true,3
2153,10273,FK_REFS_UNIQUE_HAPPY,SQLITE_PARITY_10273_FK_REFS_UNIQUE_HAPPY.rs,P0,memory,SQL_FOREIGN_KEYS,1688196,3231237,1.914018,-91.401769,true,3
2154,10175,DOT_SCHEMA_INDENT,SQLITE_PARITY_10175_DOT_SCHEMA_INDENT.rs,P0,memory,CLI_DOT_COMMAND,1639804,3138061,1.913681,-91.368054,true,3
2155,00595,AGG_GROUP_HAVING_088,SQLITE_PARITY_595_AGG_GROUP_HAVING_088.rs,P1,memory,GEN_SQL_AGGREGATE,1797213,3437488,1.912677,-91.267702,true,3
2156,00907,CONSTRAINT_FK_SAVEPOINT_040,SQLITE_PARITY_907_CONSTRAINT_FK_SAVEPOINT_040.rs,P2,memory,GEN_SQL_CONSTRAINT_TX,1736859,3319945,1.911465,-91.146489,true,3
2157,10410,ADD_COLUMN_NOT_NULL_DEFAULT,SQLITE_PARITY_10410_ADD_COLUMN_NOT_NULL_DEFAULT.rs,P0,memory,SQL_ALTER,1616350,3089459,1.911380,-91.137996,true,3
2158,00819,WINDOW_PARTITION_SUM_032,SQLITE_PARITY_819_WINDOW_PARTITION_SUM_032.rs,P2,memory,GEN_SQL_WINDOW,1708635,3265692,1.911287,-91.128708,true,3
2159,11823,JSON_JSON_TYPE_A_B_99,SQLITE_PARITY_11823_JSON_JSON_TYPE_A_B_99.rs,P0,memory,SQL_JSON,1536248,2935909,1.911091,-91.109053,true,3
2160,11047,MATH_EXP_2_0,SQLITE_PARITY_11047_MATH_EXP_2_0.rs,P1,memory,SQL_MATH,1507364,2880313,1.910828,-91.082778,true,3
2161,11444,STRING_INSTR_ABCDEF_CD,SQLITE_PARITY_11444_STRING_INSTR_ABCDEF_CD.rs,P0,memory,SQL_STRING,1469232,2806954,1.910491,-91.049065,true,3
2162,10287,FK_DEFERRED_FAILS_AT_COMMIT,SQLITE_PARITY_10287_FK_DEFERRED_FAILS_AT_COMMIT.rs,P0,memory,SQL_FOREIGN_KEYS,1483648,2831541,1.908499,-90.849919,true,3
2163,10550,NOT_NULL_CONSTRAINT_FAILED,SQLITE_PARITY_10550_NOT_NULL_CONSTRAINT_FAILED.rs,P0,memory,SQL_ERROR_MESSAGES,1456166,2778541,1.908121,-90.812105,true,3
2164,11912,WIN_AVG_ROWS_1_PREC_1_FOLL,SQLITE_PARITY_11912_WIN_AVG_ROWS_1_PREC_1_FOLL.rs,P0,memory,SQL_WINDOW,1695801,3234724,1.907490,-90.749032,true,3
2165,10018,IIF_NULL_CONDITION,SQLITE_PARITY_10018_IIF_NULL_CONDITION.rs,P0,memory,SQL_NULL_SEMANTICS,1524526,2907435,1.907108,-90.710752,true,3
2166,11552,DATETIME_DATETIME_EPOCH_UTC,SQLITE_PARITY_11552_DATETIME_DATETIME_EPOCH_UTC.rs,P0,memory,SQL_DATETIME,1526921,2911352,1.906681,-90.668149,true,3
2167,00400,DML_WHERE_ORDER_LIMIT_013,SQLITE_PARITY_400_DML_WHERE_ORDER_LIMIT_013.rs,P1,memory,GEN_SQL_DML,1709917,3259571,1.906274,-90.627440,true,3
2168,00844,WINDOW_PARTITION_SUM_057,SQLITE_PARITY_844_WINDOW_PARTITION_SUM_057.rs,P2,memory,GEN_SQL_WINDOW,1681864,3205899,1.906158,-90.615829,true,3
2169,10351,INSERT_RETURNING_SINGLE_COL,SQLITE_PARITY_10351_INSERT_RETURNING_SINGLE_COL.rs,P0,memory,SQL_RETURNING,1607544,3064131,1.906095,-90.609464,true,3
2170,00059,AGGREGATE_FUNCTIONS_CORE,SQLITE_PARITY_059_AGGREGATE_FUNCTIONS_CORE.rs,P0,memory,SQL_FUNCTIONS,1447250,2758252,1.905857,-90.585732,true,3
2171,10186,DOT_EXIT_TERMINATES,SQLITE_PARITY_10186_DOT_EXIT_TERMINATES.rs,P0,memory,CLI_DOT_COMMAND,1441749,2746941,1.905284,-90.528379,true,3
2172,11717,DATETIME_DATETIME_UNIX_UTC,SQLITE_PARITY_11717_DATETIME_DATETIME_UNIX_UTC.rs,P0,memory,SQL_DATETIME,1520649,2896654,1.904880,-90.488009,true,3
2173,01088,INDEX_SCHEMA_PRAGMA_021,SQLITE_PARITY_1088_INDEX_SCHEMA_PRAGMA_021.rs,P2,memory,GEN_SQL_INDEX_PRAGMA,1661125,3163529,1.904450,-90.444970,true,3
2174,10522,GROUP_BY_MULTIPLE_COLUMNS,SQLITE_PARITY_10522_GROUP_BY_MULTIPLE_COLUMNS.rs,P0,memory,SQL_AGGREGATE_ADV,1642650,3127972,1.904223,-90.422305,true,3
2175,00562,AGG_GROUP_HAVING_055,SQLITE_PARITY_562_AGG_GROUP_HAVING_055.rs,P1,memory,GEN_SQL_AGGREGATE,1770922,3369820,1.902862,-90.286190,true,3
2176,00801,WINDOW_PARTITION_SUM_014,SQLITE_PARITY_801_WINDOW_PARTITION_SUM_014.rs,P2,memory,GEN_SQL_WINDOW,1736417,3303905,1.902714,-90.271404,true,3
2177,10115,MODE_LIST_NULLVALUE_CUSTOM,SQLITE_PARITY_10115_MODE_LIST_NULLVALUE_CUSTOM.rs,P0,memory,CLI_OUTPUT_MODE,1522002,2895231,1.902252,-90.225177,true,3
2178,12020,PRAGMA_AUTOMATIC_INDEX,SQLITE_PARITY_12020_PRAGMA_AUTOMATIC_INDEX.rs,P1,memory,SQL_PRAGMA,1305662,2483392,1.902018,-90.201752,true,3
2179,11960,WIN_LAST_VALUE_ROWS_UNBND_PREC_CURRENT,SQLITE_PARITY_11960_WIN_LAST_VALUE_ROWS_UNBND_PREC_CURRENT.rs,P0,memory,SQL_WINDOW,1733832,3297542,1.901881,-90.188092,true,3
2180,00391,DML_WHERE_ORDER_LIMIT_004,SQLITE_PARITY_391_DML_WHERE_ORDER_LIMIT_004.rs,P1,memory,GEN_SQL_DML,1818182,3457346,1.901540,-90.154011,true,3
2181,00345,SCALAR_CAST_TYPEOF_030,SQLITE_PARITY_345_SCALAR_CAST_TYPEOF_030.rs,P1,memory,GEN_SQL_SCALAR,1562237,2969312,1.900680,-90.067960,true,3
2182,10281,FK_UPDATE_NO_ACTION_REJECTED,SQLITE_PARITY_10281_FK_UPDATE_NO_ACTION_REJECTED.rs,P0,memory,SQL_FOREIGN_KEYS,1429336,2716653,1.900640,-90.063988,true,3
2183,10196,DOT_PARAMETER_SET_SUBSTITUTES,SQLITE_PARITY_10196_DOT_PARAMETER_SET_SUBSTITUTES.rs,P0,memory,CLI_DOT_COMMAND,1621660,3082085,1.900574,-90.057410,true,3
2184,11853,JSON_ARROW_A_B_1_C,SQLITE_PARITY_11853_JSON_ARROW_A_B_1_C.rs,P0,memory,SQL_JSON,1577787,2998687,1.900565,-90.056516,true,3
2185,10353,INSERT_RETURNING_MULTI_COL,SQLITE_PARITY_10353_INSERT_RETURNING_MULTI_COL.rs,P0,memory,SQL_RETURNING,1558641,2961808,1.900250,-90.025028,true,3
2186,10094,STRICT_BLOB_REJECTS_INTEGER,SQLITE_PARITY_10094_STRICT_BLOB_REJECTS_INTEGER.rs,P0,memory,SQL_STRICT_TABLES,1343143,2552081,1.900081,-90.008138,true,3
2187,11573,DATETIME_JULIANDAY_Y2K_PLUS_3_HOURS,SQLITE_PARITY_11573_DATETIME_JULIANDAY_Y2K_PLUS_3_HOURS.rs,P0,memory,SQL_DATETIME,1382587,2625861,1.899237,-89.923744,true,3
2188,10357,UPDATE_MULTI_ROW_RETURNING,SQLITE_PARITY_10357_UPDATE_MULTI_ROW_RETURNING.rs,P0,memory,SQL_RETURNING,1659011,3150154,1.898814,-89.881441,true,3
2189,00016,UPDATE_RETURNING,SQLITE_PARITY_016_UPDATE_RETURNING.rs,P0,memory,SQL_UPDATE,1608756,3054523,1.898686,-89.868631,true,3
2190,10602,LIKE_WITH_NULL_PATTERN_VALUE,SQLITE_PARITY_10602_LIKE_WITH_NULL_PATTERN_VALUE.rs,P0,memory,SQL_PATTERN,1566235,2973380,1.898425,-89.842520,true,3
2191,00125,DOT_TIMER,SQLITE_PARITY_125_DOT_TIMER.rs,P3,memory,CLI_DOT_COMMAND_DIAGNOSTIC,1492796,2833273,1.897964,-89.796395,true,3
2192,11611,DATETIME_TIME_DATE_2024_PLUS_5_DAYS,SQLITE_PARITY_11611_DATETIME_TIME_DATE_2024_PLUS_5_DAYS.rs,P0,memory,SQL_DATETIME,1512924,2869963,1.896964,-89.696442,true,3
2193,10064,AUTOINCREMENT_KEYWORD_CREATES_SEQUENCE,SQLITE_PARITY_10064_AUTOINCREMENT_KEYWORD_CREATES_SEQUENCE.rs,P0,memory,SQL_AUTOINCREMENT,1628313,3088307,1.896630,-89.662982,true,3
2194,10103,STRICT_CHECK_PASSING_AND_FAILING,SQLITE_PARITY_10103_STRICT_CHECK_PASSING_AND_FAILING.rs,P0,memory,SQL_STRICT_TABLES,1506852,2857550,1.896371,-89.637071,true,3
2195,00832,WINDOW_PARTITION_SUM_045,SQLITE_PARITY_832_WINDOW_PARTITION_SUM_045.rs,P2,memory,GEN_SQL_WINDOW,1723302,3266204,1.895317,-89.531725,true,3
2196,00861,WINDOW_PARTITION_SUM_074,SQLITE_PARITY_861_WINDOW_PARTITION_SUM_074.rs,P2,memory,GEN_SQL_WINDOW,1680151,3182906,1.894417,-89.441663,true,3
2197,10230,OPT_SAFE_BENIGN,SQLITE_PARITY_10230_OPT_SAFE_BENIGN.rs,P0,memory,CLI_OPTION,1485643,2813847,1.894026,-89.402636,true,3
2198,11921,WIN_COUNT_ROWS_CURRENT_UNBND_FOLL,SQLITE_PARITY_11921_WIN_COUNT_ROWS_CURRENT_UNBND_FOLL.rs,P0,memory,SQL_WINDOW,1653169,3130407,1.893580,-89.357954,true,3
2199,10420,LEGACY_ALTER_TABLE_NO_VIEW_REWRITE,SQLITE_PARITY_10420_LEGACY_ALTER_TABLE_NO_VIEW_REWRITE.rs,P0,memory,SQL_ALTER,1707342,3232810,1.893475,-89.347536,true,3
2200,00644,JOIN_SUBQUERY_EXISTS_037,SQLITE_PARITY_644_JOIN_SUBQUERY_EXISTS_037.rs,P1,memory,GEN_SQL_JOIN_SUBQUERY,1870702,3541425,1.893099,-89.309949,true,3
2201,00005,UNIQUE_CONSTRAINT_FAILURE,SQLITE_PARITY_005_UNIQUE_CONSTRAINT_FAILURE.rs,P0,memory,SQL_CONSTRAINTS_NEGATIVE,1404910,2659355,1.892901,-89.290061,true,3
2202,11020,MATH_ATANH_0_0,SQLITE_PARITY_11020_MATH_ATANH_0_0.rs,P1,memory,SQL_MATH,1526199,2888809,1.892813,-89.281280,true,3
2203,00971,VIEW_TRIGGER_GENERATED_024,SQLITE_PARITY_971_VIEW_TRIGGER_GENERATED_024.rs,P2,memory,GEN_SQL_VIEW_TRIGGER,1887703,3572333,1.892423,-89.242323,true,3
2204,00261,SCALAR_CAST_TYPEOF_009,SQLITE_PARITY_261_SCALAR_CAST_TYPEOF_009.rs,P1,memory,GEN_SQL_SCALAR,1448111,2740327,1.892346,-89.234596,true,3
2205,10606,LIKE_ON_INDEXED_COLUMN,SQLITE_PARITY_10606_LIKE_ON_INDEXED_COLUMN.rs,P0,memory,SQL_PATTERN,1696541,3210188,1.892196,-89.219594,true,3
2206,10401,PRAGMA_FOREIGN_KEY_LIST_TVF,SQLITE_PARITY_10401_PRAGMA_FOREIGN_KEY_LIST_TVF.rs,P0,memory,SQL_SCHEMA_INTROSPECTION,1577947,2984921,1.891648,-89.164845,true,3
2207,00046,VACUUM_MEMORY,SQLITE_PARITY_046_VACUUM_MEMORY.rs,P0,memory,SQL_VACUUM,1568420,2966507,1.891398,-89.139835,true,3
2208,00906,CONSTRAINT_FK_SAVEPOINT_039,SQLITE_PARITY_906_CONSTRAINT_FK_SAVEPOINT_039.rs,P2,memory,GEN_SQL_CONSTRAINT_TX,1767396,3342748,1.891341,-89.134071,true,3
2209,11414,STRING_LTRIM_HI,SQLITE_PARITY_11414_STRING_LTRIM_HI.rs,P0,memory,SQL_STRING,1527903,2889450,1.891121,-89.112136,true,3
2210,01061,JSON_EXTRACT_SET_054,SQLITE_PARITY_1061_JSON_EXTRACT_SET_054.rs,P2,memory,GEN_SQL_JSON,1774679,3356054,1.891077,-89.107664,true,3
2211,01038,JSON_EXTRACT_SET_031,SQLITE_PARITY_1038_JSON_EXTRACT_SET_031.rs,P2,memory,GEN_SQL_JSON,1553702,2937261,1.890492,-89.049187,true,3
2212,00537,AGG_GROUP_HAVING_030,SQLITE_PARITY_537_AGG_GROUP_HAVING_030.rs,P1,memory,GEN_SQL_AGGREGATE,1784639,3372505,1.889741,-88.974073,true,3
2213,10152,CLI_FLAG_HTML,SQLITE_PARITY_10152_CLI_FLAG_HTML.rs,P0,memory,CLI_OUTPUT_MODE,1693296,3199187,1.889325,-88.932532,true,3
2214,00885,CONSTRAINT_FK_SAVEPOINT_018,SQLITE_PARITY_885_CONSTRAINT_FK_SAVEPOINT_018.rs,P2,memory,GEN_SQL_CONSTRAINT_TX,1807081,3412621,1.888472,-88.847152,true,3
2215,11421,STRING_TRIM_,SQLITE_PARITY_11421_STRING_TRIM_.rs,P0,memory,SQL_STRING,1523835,2877248,1.888162,-88.816243,true,3
2216,11952,WIN_FIRST_VALUE_ROWS_1_PREC_1_FOLL,SQLITE_PARITY_11952_WIN_FIRST_VALUE_ROWS_1_PREC_1_FOLL.rs,P0,memory,SQL_WINDOW,1721810,3250043,1.887574,-88.757354,true,3
2217,12029,PRAGMA_SET_AUTO_VACUUM_NONE,SQLITE_PARITY_12029_PRAGMA_SET_AUTO_VACUUM_NONE.rs,P1,memory,SQL_PRAGMA,1413747,2668422,1.887482,-88.748199,true,3
2218,11002,MATH_ACOS_1_0,SQLITE_PARITY_11002_MATH_ACOS_1_0.rs,P1,memory,SQL_MATH,1618284,3054092,1.887241,-88.724105,true,3
2219,10138,MODE_TCL_WITH_BLOB,SQLITE_PARITY_10138_MODE_TCL_WITH_BLOB.rs,P0,memory,CLI_OUTPUT_MODE,1618705,3054373,1.886924,-88.692381,true,3
2220,00628,JOIN_SUBQUERY_EXISTS_021,SQLITE_PARITY_628_JOIN_SUBQUERY_EXISTS_021.rs,P1,memory,GEN_SQL_JOIN_SUBQUERY,1905828,3595136,1.886391,-88.639059,true,3
2221,00530,AGG_GROUP_HAVING_023,SQLITE_PARITY_530_AGG_GROUP_HAVING_023.rs,P1,memory,GEN_SQL_AGGREGATE,1877605,3540703,1.885755,-88.575499,true,3
2222,12032,PRAGMA_SET_ANALYSIS_LIMIT_100,SQLITE_PARITY_12032_PRAGMA_SET_ANALYSIS_LIMIT_100.rs,P1,memory,SQL_PRAGMA,1397155,2633636,1.884999,-88.499916,true,3
2223,10282,FK_UPDATE_RESTRICT_REJECTED,SQLITE_PARITY_10282_FK_UPDATE_RESTRICT_REJECTED.rs,P0,memory,SQL_FOREIGN_KEYS,1611891,3036869,1.884041,-88.404117,true,3
2224,11845,JSON_ARROW_A,SQLITE_PARITY_11845_JSON_ARROW_A.rs,P0,memory,SQL_JSON,1538553,2897636,1.883351,-88.335143,true,3
2225,11707,DATETIME_DATETIME_UNIX_START_OF_YEAR,SQLITE_PARITY_11707_DATETIME_DATETIME_UNIX_START_OF_YEAR.rs,P0,memory,SQL_DATETIME,1571696,2956878,1.881329,-88.132947,true,3
2226,11735,DATETIME_DATE_UNIX_BASE,SQLITE_PARITY_11735_DATETIME_DATE_UNIX_BASE.rs,P0,memory,SQL_DATETIME,1495641,2812755,1.880635,-88.063513,true,3
2227,10012,NULL_IN_LIST,SQLITE_PARITY_10012_NULL_IN_LIST.rs,P0,memory,SQL_NULL_SEMANTICS,1525368,2868470,1.880510,-88.051015,true,3
2228,10549,FOREIGN_KEY_CONSTRAINT_FAILED,SQLITE_PARITY_10549_FOREIGN_KEY_CONSTRAINT_FAILED.rs,P0,memory,SQL_ERROR_MESSAGES,1473119,2766958,1.878299,-87.829904,true,3
2229,00558,AGG_GROUP_HAVING_051,SQLITE_PARITY_558_AGG_GROUP_HAVING_051.rs,P1,memory,GEN_SQL_AGGREGATE,1814455,3407802,1.878141,-87.814082,true,3
2230,00991,VIEW_TRIGGER_GENERATED_044,SQLITE_PARITY_991_VIEW_TRIGGER_GENERATED_044.rs,P2,memory,GEN_SQL_VIEW_TRIGGER,1888285,3542356,1.875965,-87.596470,true,3
2231,10179,DOT_DATABASES_MAIN,SQLITE_PARITY_10179_DOT_DATABASES_MAIN.rs,P0,memory,CLI_DOT_COMMAND,1449364,2718908,1.875932,-87.593179,true,3
2232,00049,PRAGMA_TEMP_STORE_MEMORY,SQLITE_PARITY_049_PRAGMA_TEMP_STORE_MEMORY.rs,P0,memory,SQL_PRAGMA,1311073,2458354,1.875070,-87.507027,true,3
2233,10316,PRAGMA_RECURSIVE_TRIGGERS_DEFAULT,SQLITE_PARITY_10316_PRAGMA_RECURSIVE_TRIGGERS_DEFAULT.rs,P0,memory,SQL_TRANSACTION,1358872,2546752,1.874166,-87.416622,true,3
2234,00863,WINDOW_PARTITION_SUM_076,SQLITE_PARITY_863_WINDOW_PARTITION_SUM_076.rs,P2,memory,GEN_SQL_WINDOW,1539865,2885904,1.874128,-87.412793,true,3
2235,10363,UPSERT_RETURNING_INSERT_PATH,SQLITE_PARITY_10363_UPSERT_RETURNING_INSERT_PATH.rs,P0,memory,SQL_RETURNING,1650846,3092084,1.873030,-87.302995,true,3
2236,00167,DOT_UNMODULE_CATALOG,SQLITE_PARITY_167_DOT_UNMODULE_CATALOG.rs,P4,catalog,CLI_CATALOG,1228536,2300826,1.872819,-87.281936,true,3
2237,10569,UPSERT_CONFLICT_NO_MATCH,SQLITE_PARITY_10569_UPSERT_CONFLICT_NO_MATCH.rs,P0,memory,SQL_ERROR_MESSAGES,1493708,2795994,1.871848,-87.184778,true,3
2238,11240,CAST_BLOB_HEX_AS_INTEGER,SQLITE_PARITY_11240_CAST_BLOB_HEX_AS_INTEGER.rs,P0,memory,SQL_CAST,1554413,2900261,1.865824,-86.582395,true,3
2239,10130,MODE_LINE_WITH_NEWLINE_IN_VALUE,SQLITE_PARITY_10130_MODE_LINE_WITH_NEWLINE_IN_VALUE.rs,P0,memory,CLI_OUTPUT_MODE,1639794,3058741,1.865320,-86.532028,true,3
2240,00853,WINDOW_PARTITION_SUM_066,SQLITE_PARITY_853_WINDOW_PARTITION_SUM_066.rs,P2,memory,GEN_SQL_WINDOW,1602223,2987375,1.864519,-86.451886,true,3
2241,10246,PRAGMA_JOURNAL_MODE_READ_MEMORY,SQLITE_PARITY_10246_PRAGMA_JOURNAL_MODE_READ_MEMORY.rs,P0,memory,SQL_PRAGMA,1386365,2584483,1.864215,-86.421541,true,3
2242,00256,SCALAR_ARITH_008,SQLITE_PARITY_256_SCALAR_ARITH_008.rs,P1,memory,GEN_SQL_SCALAR,1490482,2778390,1.864088,-86.408826,true,3
2243,10024,NULL_LITERAL_VS_QUOTED_STRING,SQLITE_PARITY_10024_NULL_LITERAL_VS_QUOTED_STRING.rs,P0,memory,SQL_NULL_SEMANTICS,1538542,2866567,1.863171,-86.317111,true,3
2244,00884,CONSTRAINT_FK_SAVEPOINT_017,SQLITE_PARITY_884_CONSTRAINT_FK_SAVEPOINT_017.rs,P2,memory,GEN_SQL_CONSTRAINT_TX,1748570,3256585,1.862428,-86.242758,true,3
2245,00258,SCALAR_STRING_008,SQLITE_PARITY_258_SCALAR_STRING_008.rs,P1,memory,GEN_SQL_SCALAR,1475103,2743914,1.860151,-86.015078,true,3
2246,00880,CONSTRAINT_FK_SAVEPOINT_013,SQLITE_PARITY_880_CONSTRAINT_FK_SAVEPOINT_013.rs,P2,memory,GEN_SQL_CONSTRAINT_TX,1670683,3103496,1.857621,-85.762110,true,3
2247,10247,PRAGMA_JOURNAL_MODE_SET_DELETE_ON_MEMORY,SQLITE_PARITY_10247_PRAGMA_JOURNAL_MODE_SET_DELETE_ON_MEMORY.rs,P0,memory,SQL_PRAGMA,1404729,2608929,1.857247,-85.724720,true,3
2248,11956,WIN_FIRST_VALUE_EXCL_CURRENT_ROW,SQLITE_PARITY_11956_WIN_FIRST_VALUE_EXCL_CURRENT_ROW.rs,P0,memory,SQL_WINDOW,1747669,3245715,1.857168,-85.716803,true,3
2249,10113,MODE_LIST_NULLVALUE_NULL,SQLITE_PARITY_10113_MODE_LIST_NULLVALUE_NULL.rs,P0,memory,CLI_OUTPUT_MODE,1682405,3123724,1.856702,-85.670157,true,3
2250,10591,LIKE_CASE_INSENSITIVE_ASCII_DEFAULT,SQLITE_PARITY_10591_LIKE_CASE_INSENSITIVE_ASCII_DEFAULT.rs,P0,memory,SQL_PATTERN,1394250,2587750,1.856016,-85.601578,true,3
2251,00868,CONSTRAINT_FK_SAVEPOINT_001,SQLITE_PARITY_868_CONSTRAINT_FK_SAVEPOINT_001.rs,P2,memory,GEN_SQL_CONSTRAINT_TX,1869409,3466533,1.854347,-85.434702,true,3
2252,00756,CTE_RECURSIVE_MATRIX_049,SQLITE_PARITY_756_CTE_RECURSIVE_MATRIX_049.rs,P1,memory,GEN_SQL_CTE,1670282,3096973,1.854162,-85.416175,true,3
2253,11950,WIN_FIRST_VALUE_ROWS_UNBND_PREC_CURRENT,SQLITE_PARITY_11950_WIN_FIRST_VALUE_ROWS_UNBND_PREC_CURRENT.rs,P0,memory,SQL_WINDOW,1761094,3263448,1.853080,-85.307996,true,3
2254,11651,DATETIME_TIME_DATE_2024_START_OF_YEAR,SQLITE_PARITY_11651_DATETIME_TIME_DATE_2024_START_OF_YEAR.rs,P0,memory,SQL_DATETIME,1672667,3099318,1.852920,-85.291992,true,3
2255,10466,JOIN_NATURAL_LEFT,SQLITE_PARITY_10466_JOIN_NATURAL_LEFT.rs,P0,memory,SQL_JOIN,1641147,3040005,1.852366,-85.236606,true,3
2256,11001,MATH_ACOS_0_0,SQLITE_PARITY_11001_MATH_ACOS_0_0.rs,P1,memory,SQL_MATH,1717691,3179830,1.851224,-85.122353,true,3
2257,00568,AGG_GROUP_HAVING_061,SQLITE_PARITY_568_AGG_GROUP_HAVING_061.rs,P1,memory,GEN_SQL_AGGREGATE,1867074,3449691,1.847646,-84.764557,true,3
2258,00559,AGG_GROUP_HAVING_052,SQLITE_PARITY_559_AGG_GROUP_HAVING_052.rs,P1,memory,GEN_SQL_AGGREGATE,1810237,3344312,1.847444,-84.744428,true,3
2259,10261,PRAGMA_SCHEMA_VERSION_READ,SQLITE_PARITY_10261_PRAGMA_SCHEMA_VERSION_READ.rs,P0,memory,SQL_PRAGMA,1353613,2500284,1.847119,-84.711879,true,3
2260,00326,SCALAR_STRING_025,SQLITE_PARITY_326_SCALAR_STRING_025.rs,P1,memory,GEN_SQL_SCALAR,1616370,2984681,1.846533,-84.653328,true,3
2261,00589,AGG_GROUP_HAVING_082,SQLITE_PARITY_589_AGG_GROUP_HAVING_082.rs,P1,memory,GEN_SQL_AGGREGATE,1777676,3281653,1.846035,-84.603550,true,3
2262,00162,DOT_LOAD_EXTENSION_NEGATIVE,SQLITE_PARITY_162_DOT_LOAD_EXTENSION_NEGATIVE.rs,P4,side_effect,CLI_SIDE_EFFECT,1264053,2332936,1.845600,-84.559983,true,3
2263,10355,INSERT_RETURNING_PRESERVES_INSERT_ORDER,SQLITE_PARITY_10355_INSERT_RETURNING_PRESERVES_INSERT_ORDER.rs,P0,memory,SQL_RETURNING,1607653,2962648,1.842840,-84.284046,true,3
2264,00171,OPT_HELP,SQLITE_PARITY_171_OPT_HELP.rs,P1,memory,CLI_OPTION,1053615,1941546,1.842747,-84.274711,true,3
2265,10571,RAISE_ROLLBACK_IN_TRIGGER,SQLITE_PARITY_10571_RAISE_ROLLBACK_IN_TRIGGER.rs,P0,memory,SQL_ERROR_MESSAGES,1581063,2912935,1.842390,-84.239021,true,3
2266,11094,MATH_ATAN2_0_0_1_0,SQLITE_PARITY_11094_MATH_ATAN2_0_0_1_0.rs,P1,memory,SQL_MATH,1587135,2923445,1.841964,-84.196366,true,3
2267,10403,PRAGMA_FUNCTION_LIST_FILTERED,SQLITE_PARITY_10403_PRAGMA_FUNCTION_LIST_FILTERED.rs,P0,memory,SQL_SCHEMA_INTROSPECTION,1603415,2953391,1.841938,-84.193799,true,3
2268,10556,NO_SUCH_COLUMN_QUALIFIED,SQLITE_PARITY_10556_NO_SUCH_COLUMN_QUALIFIED.rs,P0,memory,SQL_ERROR_MESSAGES,1508276,2777188,1.841300,-84.129960,true,3
2269,10276,FK_DELETE_NO_ACTION_REJECTED,SQLITE_PARITY_10276_FK_DELETE_NO_ACTION_REJECTED.rs,P0,memory,SQL_FOREIGN_KEYS,1363732,2510683,1.841038,-84.103842,true,3
2270,11018,MATH_ATAN_1_0,SQLITE_PARITY_11018_MATH_ATAN_1_0.rs,P1,memory,SQL_MATH,1556938,2863431,1.839143,-83.914260,true,3
2271,12028,PRAGMA_SET_TEMP_STORE_MEMORY,SQLITE_PARITY_12028_PRAGMA_SET_TEMP_STORE_MEMORY.rs,P1,memory,SQL_PRAGMA,1290403,2372672,1.838706,-83.870620,true,3
2272,10243,PRAGMA_RECURSIVE_TRIGGERS_DEFAULT,SQLITE_PARITY_10243_PRAGMA_RECURSIVE_TRIGGERS_DEFAULT.rs,P0,memory,SQL_PRAGMA,1428835,2626352,1.838107,-83.810727,true,3
2273,12033,PRAGMA_SET_SYNCHRONOUS_NORMAL,SQLITE_PARITY_12033_PRAGMA_SET_SYNCHRONOUS_NORMAL.rs,P1,memory,SQL_PRAGMA,1383299,2541792,1.837486,-83.748561,true,3
2274,00681,JOIN_SUBQUERY_EXISTS_074,SQLITE_PARITY_681_JOIN_SUBQUERY_EXISTS_074.rs,P1,memory,GEN_SQL_JOIN_SUBQUERY,1912280,3512510,1.836818,-83.681783,true,3
2275,10409,RENAME_COLUMN_BASIC,SQLITE_PARITY_10409_RENAME_COLUMN_BASIC.rs,P0,memory,SQL_ALTER,1747549,3208554,1.836031,-83.603092,true,3
2276,11438,STRING_SOUNDEX_RUPERT,SQLITE_PARITY_11438_STRING_SOUNDEX_RUPERT.rs,P0,memory,SQL_STRING,1401543,2572109,1.835198,-83.519806,true,3
2277,00009,STRICT_TABLE_TYPE_FAILURE,SQLITE_PARITY_009_STRICT_TABLE_TYPE_FAILURE.rs,P0,memory,SQL_DDL_NEGATIVE,1373651,2520441,1.834848,-83.484815,true,3
2278,11913,WIN_AVG_ROWS_2_PREC_CURRENT,SQLITE_PARITY_11913_WIN_AVG_ROWS_2_PREC_CURRENT.rs,P0,memory,SQL_WINDOW,1725427,3156456,1.829377,-82.937673,true,3
2279,01090,INDEX_SCHEMA_PRAGMA_023,SQLITE_PARITY_1090_INDEX_SCHEMA_PRAGMA_023.rs,P2,memory,GEN_SQL_INDEX_PRAGMA,1882964,3441966,1.827951,-82.795104,true,3
2280,10241,PRAGMA_FOREIGN_KEYS_ON_THEN_QUERY,SQLITE_PARITY_10241_PRAGMA_FOREIGN_KEYS_ON_THEN_QUERY.rs,P0,memory,SQL_PRAGMA,1415750,2586938,1.827256,-82.725622,true,3
2281,11008,MATH_ASIN_1_0,SQLITE_PARITY_11008_MATH_ASIN_1_0.rs,P1,memory,SQL_MATH,1593607,2907915,1.824738,-82.473784,true,3
2282,00014,INSERT_RETURNING,SQLITE_PARITY_014_INSERT_RETURNING.rs,P0,memory,SQL_INSERT,1607043,2931540,1.824183,-82.418268,true,3
2283,00052,PRAGMA_INTEGRITY_QUICK_CHECK,SQLITE_PARITY_052_PRAGMA_INTEGRITY_QUICK_CHECK.rs,P0,memory,SQL_PRAGMA,1563530,2851318,1.823641,-82.364138,true,3
2284,10165,DOT_HEADERS_ON_THEN_OFF,SQLITE_PARITY_10165_DOT_HEADERS_ON_THEN_OFF.rs,P0,memory,CLI_DOT_COMMAND,1460635,2661780,1.822344,-82.234439,true,3
2285,00341,SCALAR_CAST_TYPEOF_029,SQLITE_PARITY_341_SCALAR_CAST_TYPEOF_029.rs,P1,memory,GEN_SQL_SCALAR,1695770,3085992,1.819818,-81.981755,true,3
2286,00794,WINDOW_PARTITION_SUM_007,SQLITE_PARITY_794_WINDOW_PARTITION_SUM_007.rs,P2,memory,GEN_SQL_WINDOW,1653841,3007984,1.818787,-81.878669,true,3
2287,12035,PRAGMA_SET_SYNCHRONOUS_OFF,SQLITE_PARITY_12035_PRAGMA_SET_SYNCHRONOUS_OFF.rs,P1,memory,SQL_PRAGMA,1353132,2460969,1.818721,-81.872057,true,3
2288,10387,PRAGMA_AUX_USER_VERSION_ISOLATED,SQLITE_PARITY_10387_PRAGMA_AUX_USER_VERSION_ISOLATED.rs,P0,memory,SQL_ATTACH,1444495,2626533,1.818305,-81.830536,true,3
2289,10493,IN_SELECT_SUBQUERY_BASIC,SQLITE_PARITY_10493_IN_SELECT_SUBQUERY_BASIC.rs,P0,memory,SQL_SUBQUERY,1734895,3154111,1.818041,-81.804144,true,3
2290,10034,CREATE_INDEX_ASC_NULLS_FIRST_REJECTED,SQLITE_PARITY_10034_CREATE_INDEX_ASC_NULLS_FIRST_REJECTED.rs,P0,memory,SQL_NULL_ORDER,1503897,2732984,1.817268,-81.726807,true,3
2291,00795,WINDOW_PARTITION_SUM_008,SQLITE_PARITY_795_WINDOW_PARTITION_SUM_008.rs,P2,memory,GEN_SQL_WINDOW,1751596,3181172,1.816156,-81.615624,true,3
2292,10414,RENAME_COLUMN_REWRITES_VIEW,SQLITE_PARITY_10414_RENAME_COLUMN_REWRITES_VIEW.rs,P0,memory,SQL_ALTER,1919615,3480108,1.812920,-81.291978,true,3
2293,00310,SCALAR_STRING_021,SQLITE_PARITY_310_SCALAR_STRING_021.rs,P1,memory,GEN_SQL_SCALAR,1513135,2742863,1.812702,-81.270211,true,3
2294,00702,JOIN_SUBQUERY_EXISTS_095,SQLITE_PARITY_702_JOIN_SUBQUERY_EXISTS_095.rs,P1,memory,GEN_SQL_JOIN_SUBQUERY,1838180,3329253,1.811168,-81.116811,true,3
2295,11816,JSON_JSON_TYPE_A_B_1,SQLITE_PARITY_11816_JSON_JSON_TYPE_A_B_1.rs,P0,memory,SQL_JSON,1640054,2969562,1.810649,-81.064892,true,3
2296,00173,OPT_LIST_MODE,SQLITE_PARITY_173_OPT_LIST_MODE.rs,P1,memory,CLI_OPTION,1271227,2299954,1.809239,-80.923942,true,3
2297,10358,UPDATE_WHERE_RETURNING_FILTERED,SQLITE_PARITY_10358_UPDATE_WHERE_RETURNING_FILTERED.rs,P0,memory,SQL_RETURNING,1720638,3110308,1.807648,-80.764809,true,3
2298,11697,DATETIME_DATETIME_UNIX_START_OF_DAY,SQLITE_PARITY_11697_DATETIME_DATETIME_UNIX_START_OF_DAY.rs,P0,memory,SQL_DATETIME,1563190,2821401,1.804900,-80.489960,true,3
2299,10292,FK_COMPOSITE_VIOLATION_REJECTED,SQLITE_PARITY_10292_FK_COMPOSITE_VIOLATION_REJECTED.rs,P0,memory,SQL_FOREIGN_KEYS,1579891,2846409,1.801649,-80.164897,true,3
2300,10411,DROP_COLUMN_BASIC,SQLITE_PARITY_10411_DROP_COLUMN_BASIC.rs,P0,memory,SQL_ALTER,1891811,3402952,1.798780,-79.878011,true,3
2301,10309,RELEASE_UNKNOWN_SAVEPOINT_REJECTED,SQLITE_PARITY_10309_RELEASE_UNKNOWN_SAVEPOINT_REJECTED.rs,P0,memory,SQL_TRANSACTION,1339205,2406576,1.797018,-79.701838,true,3
2302,12034,PRAGMA_SET_SYNCHRONOUS_FULL,SQLITE_PARITY_12034_PRAGMA_SET_SYNCHRONOUS_FULL.rs,P1,memory,SQL_PRAGMA,1448031,2599832,1.795426,-79.542565,true,3
2303,00547,AGG_GROUP_HAVING_040,SQLITE_PARITY_547_AGG_GROUP_HAVING_040.rs,P1,memory,GEN_SQL_AGGREGATE,1880239,3375320,1.795155,-79.515476,true,3
2304,10106,STRICT_INSERT_SELECT_REJECTS_WRONG_TYPE,SQLITE_PARITY_10106_STRICT_INSERT_SELECT_REJECTS_WRONG_TYPE.rs,P0,memory,SQL_STRICT_TABLES,1469321,2635710,1.793829,-79.382858,true,3
2305,10289,PRAGMA_FOREIGN_KEY_LIST_BASIC,SQLITE_PARITY_10289_PRAGMA_FOREIGN_KEY_LIST_BASIC.rs,P0,memory,SQL_FOREIGN_KEYS,1521581,2729327,1.793744,-79.374414,true,3
2306,00154,DOT_DBINFO_TEMPFILE,SQLITE_PARITY_154_DOT_DBINFO_TEMPFILE.rs,P3,tempfile,CLI_TEMPFILE_DIAGNOSTIC,1909084,3423241,1.793133,-79.313273,true,3
2307,10368,RETURNING_COMPUTED_FROM_INSERTED_ROW,SQLITE_PARITY_10368_RETURNING_COMPUTED_FROM_INSERTED_ROW.rs,P0,memory,SQL_RETURNING,1714205,3071986,1.792076,-79.207621,true,3
2308,10553,STRICT_TABLE_TYPE_REJECT,SQLITE_PARITY_10553_STRICT_TABLE_TYPE_REJECT.rs,P0,memory,SQL_ERROR_MESSAGES,1569782,2810721,1.790517,-79.051677,true,3
2309,10383,DETACH_NONEXISTENT_ERROR,SQLITE_PARITY_10383_DETACH_NONEXISTENT_ERROR.rs,P0,memory,SQL_ATTACH,1345998,2405153,1.786892,-78.689196,true,3
2310,10266,PRAGMA_QUICK_CHECK_OK,SQLITE_PARITY_10266_PRAGMA_QUICK_CHECK_OK.rs,P0,memory,SQL_PRAGMA,1638281,2924957,1.785382,-78.538175,true,3
2311,10463,JOIN_THREE_WAY_INNER,SQLITE_PARITY_10463_JOIN_THREE_WAY_INNER.rs,P0,memory,SQL_JOIN,1786903,3187906,1.784040,-78.403976,true,3
2312,00593,AGG_GROUP_HAVING_086,SQLITE_PARITY_593_AGG_GROUP_HAVING_086.rs,P1,memory,GEN_SQL_AGGREGATE,1790440,3179299,1.775708,-77.570821,true,3
2313,00475,DML_WHERE_ORDER_LIMIT_088,SQLITE_PARITY_475_DML_WHERE_ORDER_LIMIT_088.rs,P1,memory,GEN_SQL_DML,2001039,3542727,1.770444,-77.044375,true,3
2314,10412,ADD_COLUMN_WITH_FK_REFERENCE,SQLITE_PARITY_10412_ADD_COLUMN_WITH_FK_REFERENCE.rs,P0,memory,SQL_ALTER,1671625,2959453,1.770405,-77.040485,true,3
2315,12025,PRAGMA_SET_PAGE_SIZE_4096,SQLITE_PARITY_12025_PRAGMA_SET_PAGE_SIZE_4096.rs,P1,memory,SQL_PRAGMA,1439535,2539027,1.763783,-76.378275,true,3
2316,10076,AUTOINCREMENT_MAX_ROWID_FAIL,SQLITE_PARITY_10076_AUTOINCREMENT_MAX_ROWID_FAIL.rs,P0,memory,SQL_AUTOINCREMENT,1574901,2773020,1.760758,-76.075830,true,3
2317,10107,STRICT_TEXT_UPDATE_REJECTS_BLOB,SQLITE_PARITY_10107_STRICT_TEXT_UPDATE_REJECTS_BLOB.rs,P0,memory,SQL_STRICT_TABLES,1554283,2726912,1.754450,-75.445012,true,3
2318,10173,DOT_SCHEMA_NO_ARG,SQLITE_PARITY_10173_DOT_SCHEMA_NO_ARG.rs,P0,memory,CLI_DOT_COMMAND,1628313,2856689,1.754386,-75.438567,true,3
2319,10035,CREATE_INDEX_DESC_NULLS_LAST_REJECTED,SQLITE_PARITY_10035_CREATE_INDEX_DESC_NULLS_LAST_REJECTED.rs,P0,memory,SQL_NULL_ORDER,1582276,2773290,1.752722,-75.272203,true,3
2320,00191,OPT_BATCH,SQLITE_PARITY_191_OPT_BATCH.rs,P2,memory,CLI_OPTION,1321632,2316235,1.752557,-75.255669,true,3
2321,10415,RENAME_COLUMN_REWRITES_TRIGGER,SQLITE_PARITY_10415_RENAME_COLUMN_REWRITES_TRIGGER.rs,P0,memory,SQL_ALTER,1957386,3426918,1.750762,-75.076250,true,3
2322,12026,PRAGMA_SET_MAX_PAGE_COUNT_1073741823,SQLITE_PARITY_12026_PRAGMA_SET_MAX_PAGE_COUNT_1073741823.rs,P1,memory,SQL_PRAGMA,1392596,2435211,1.748684,-74.868447,true,3
2323,10274,FK_INSERT_VIOLATION_REJECTED,SQLITE_PARITY_10274_FK_INSERT_VIOLATION_REJECTED.rs,P0,memory,SQL_FOREIGN_KEYS,1637680,2862059,1.747630,-74.763018,true,3
2324,12024,PRAGMA_SET_CACHE_SIZE_2000,SQLITE_PARITY_12024_PRAGMA_SET_CACHE_SIZE_2000.rs,P1,memory,SQL_PRAGMA,1432392,2501606,1.746453,-74.645348,true,3
2325,00028,ALTER_TABLE_RENAME,SQLITE_PARITY_028_ALTER_TABLE_RENAME.rs,P0,memory,SQL_ALTER,1697594,2960705,1.744060,-74.405953,true,3
2326,00197,OPT_MAXSIZE_DESERIALIZE_TEMPFILE,SQLITE_PARITY_197_OPT_MAXSIZE_DESERIALIZE_TEMPFILE.rs,P3,tempfile,CLI_OPTION_TEMPFILE,5158616,8995951,1.743869,-74.386909,false,3
2327,10197,DOT_LINT_FKEY_INDEXES,SQLITE_PARITY_10197_DOT_LINT_FKEY_INDEXES.rs,P0,memory,CLI_DOT_COMMAND,1874499,3255403,1.736679,-73.667897,true,3
2328,10417,RENAME_TABLE_REWRITES_TRIGGER_REF,SQLITE_PARITY_10417_RENAME_TABLE_REWRITES_TRIGGER_REF.rs,P0,memory,SQL_ALTER,1826739,3171985,1.736419,-73.641938,true,3
2329,11416,STRING_LTRIM_NO_SPACE,SQLITE_PARITY_11416_STRING_LTRIM_NO_SPACE.rs,P0,memory,SQL_STRING,1539164,2671087,1.735414,-73.541416,true,3
2330,00193,OPT_READONLY_TEMPFILE,SQLITE_PARITY_193_OPT_READONLY_TEMPFILE.rs,P2,tempfile,CLI_OPTION_TEMPFILE,6097464,10579660,1.735092,-73.509183,false,3
2331,10256,PRAGMA_ENCODING_DEFAULT,SQLITE_PARITY_10256_PRAGMA_ENCODING_DEFAULT.rs,P0,memory,SQL_PRAGMA,1490903,2582329,1.732057,-73.205702,true,3
2332,10470,JOIN_FOUR_TABLE_CHAIN,SQLITE_PARITY_10470_JOIN_FOUR_TABLE_CHAIN.rs,P0,memory,SQL_JOIN,1853660,3202563,1.727697,-72.769710,true,3
2333,00226,OPT_NOFOLLOW_CATALOG,SQLITE_PARITY_226_OPT_NOFOLLOW_CATALOG.rs,P4,catalog,CLI_OPTION_CATALOG,1243845,2147045,1.726135,-72.613549,true,3
2334,10408,RENAME_TABLE_BASIC,SQLITE_PARITY_10408_RENAME_TABLE_BASIC.rs,P0,memory,SQL_ALTER,1839061,3165343,1.721173,-72.117347,true,3
2335,10086,STRICT_INT_REJECTS_BLOB,SQLITE_PARITY_10086_STRICT_INT_REJECTS_BLOB.rs,P0,memory,SQL_STRICT_TABLES,1579621,2709300,1.715158,-71.515826,true,3
2336,12006,PRAGMA_SYNCHRONOUS,SQLITE_PARITY_12006_PRAGMA_SYNCHRONOUS.rs,P1,memory,SQL_PRAGMA,1456076,2493981,1.712810,-71.280963,true,3
2337,00163,DOT_FILECTRL_CATALOG,SQLITE_PARITY_163_DOT_FILECTRL_CATALOG.rs,P4,catalog,CLI_CATALOG,1329287,2271650,1.708924,-70.892366,true,3
2338,12004,PRAGMA_CACHE_SIZE,SQLITE_PARITY_12004_PRAGMA_CACHE_SIZE.rs,P1,memory,SQL_PRAGMA,1565964,2674533,1.707915,-70.791474,true,3
2339,00030,ALTER_TABLE_ADD_DROP_COLUMN,SQLITE_PARITY_030_ALTER_TABLE_ADD_DROP_COLUMN.rs,P0,memory,SQL_ALTER,1896550,3223132,1.699471,-69.947114,true,3
2340,10423,RENAME_COLUMN_PRESERVES_DATA,SQLITE_PARITY_10423_RENAME_COLUMN_PRESERVES_DATA.rs,P0,memory,SQL_ALTER,1842398,3125016,1.696168,-69.616771,true,3
2341,00199,OPT_PAGECACHE,SQLITE_PARITY_199_OPT_PAGECACHE.rs,P3,memory,CLI_OPTION,1403397,2358915,1.680861,-68.086080,true,3
2342,10356,UPDATE_RETURNING_BASIC,SQLITE_PARITY_10356_UPDATE_RETURNING_BASIC.rs,P0,memory,SQL_RETURNING,1604287,2694150,1.679344,-67.934416,true,3
2343,11000,MATH_ACOS_1_0,SQLITE_PARITY_11000_MATH_ACOS_1_0.rs,P1,memory,SQL_MATH,1883936,3140937,1.667221,-66.722065,true,3
2344,10576,DELETE_ON_VIEW,SQLITE_PARITY_10576_DELETE_ON_VIEW.rs,P0,memory,SQL_ERROR_MESSAGES,1687284,2812244,1.666728,-66.672830,true,3
2345,00227,OPT_UNSAFE_TESTING_CATALOG,SQLITE_PARITY_227_OPT_UNSAFE_TESTING_CATALOG.rs,P4,catalog,CLI_OPTION_CATALOG,1290673,2134521,1.653805,-65.380464,true,3
2346,10416,RENAME_TABLE_REWRITES_VIEW_REF,SQLITE_PARITY_10416_RENAME_TABLE_REWRITES_VIEW_REF.rs,P0,memory,SQL_ALTER,1881421,3103525,1.649564,-64.956435,true,3
2347,00210,OPT_NOUNICODE_UTF8_CATALOG,SQLITE_PARITY_210_OPT_NOUNICODE_UTF8_CATALOG.rs,P4,catalog,CLI_OPTION_CATALOG,1376937,2270850,1.649204,-64.920399,true,3
2348,11007,MATH_ACOSH_100_0,SQLITE_PARITY_11007_MATH_ACOSH_100_0.rs,P1,memory,SQL_MATH,1806490,2934676,1.624518,-62.451826,true,3
2349,00198,OPT_LOOKASIDE,SQLITE_PARITY_198_OPT_LOOKASIDE.rs,P3,memory,CLI_OPTION,1484962,2346703,1.580312,-58.031182,true,3
2350,00205,OPT_VFS_CATALOG,SQLITE_PARITY_205_OPT_VFS_CATALOG.rs,P4,catalog,CLI_OPTION_CATALOG,1358201,2080990,1.532166,-53.216645,true,3
2351,00221,OPT_DOUBLE_DASH_END_OPTIONS,SQLITE_PARITY_221_OPT_DOUBLE_DASH_END_OPTIONS.rs,P2,memory,CLI_OPTION,1483459,2221035,1.497200,-49.720012,true,3
2352,00029,ALTER_TABLE_RENAME_COLUMN,SQLITE_PARITY_029_ALTER_TABLE_RENAME_COLUMN.rs,P0,memory,SQL_ALTER,2105817,3142630,1.492357,-49.235665,true,3
2353,00200,OPT_HEAP,SQLITE_PARITY_200_OPT_HEAP.rs,P4,memory,CLI_OPTION,1483058,2127137,1.434291,-43.429117,true,3
2354,10174,DOT_SCHEMA_SQLITE_MASTER,SQLITE_PARITY_10174_DOT_SCHEMA_SQLITE_MASTER.rs,P0,memory,CLI_DOT_COMMAND,1781653,2510843,1.409277,-40.927723,true,3
2355,00208,OPT_VFSTRACE_CATALOG,SQLITE_PARITY_208_OPT_VFSTRACE_CATALOG.rs,P4,catalog,CLI_OPTION_CATALOG,1359614,1901140,1.398294,-39.829393,true,3
2356,10419,SCHEMA_VERSION_INCREMENTS_ON_ALTER,SQLITE_PARITY_10419_SCHEMA_VERSION_INCREMENTS_ON_ALTER.rs,P0,memory,SQL_ALTER,2043178,2834366,1.387234,-38.723401,true,3
2357,00156,DOT_RECOVER_TEMPFILE,SQLITE_PARITY_156_DOT_RECOVER_TEMPFILE.rs,P3,tempfile,CLI_TEMPFILE,3080431,4245117,1.378092,-37.809190,false,3
2358,00204,OPT_ZIP_TEMPFILE_CATALOG,SQLITE_PARITY_204_OPT_ZIP_TEMPFILE_CATALOG.rs,P4,catalog,CLI_OPTION_CATALOG,1756045,2245261,1.278590,-27.858967,true,3
2359,00157,DOT_ARCHIVE_TEMPFILE_OPTIONAL,SQLITE_PARITY_157_DOT_ARCHIVE_TEMPFILE_OPTIONAL.rs,P3,tempfile,CLI_TEMPFILE_OPTIONAL,2263085,2872278,1.269187,-26.918697,true,3
2360,00206,OPT_MEMTRACE_CATALOG,SQLITE_PARITY_206_OPT_MEMTRACE_CATALOG.rs,P4,catalog,CLI_OPTION_CATALOG,1907291,2240161,1.174525,-17.452502,true,3
2361,00203,OPT_ARCHIVE_A_TEMPFILE_OPTIONAL,SQLITE_PARITY_203_OPT_ARCHIVE_A_TEMPFILE_OPTIONAL.rs,P4,tempfile,CLI_OPTION_TEMPFILE_OPTIONAL,1666736,1573790,0.944235,5.576528,true,3
2362,00165,DOT_INTCK_CATALOG,SQLITE_PARITY_165_DOT_INTCK_CATALOG.rs,P4,catalog,CLI_CATALOG,3876479,2705422,0.697907,30.209296,false,3
2363,00161,DOT_WWW_EXTERNAL_APP,SQLITE_PARITY_161_DOT_WWW_EXTERNAL_APP.rs,P4,external_app,CLI_EXTERNAL_APP,24666148,3098506,0.125618,87.438225,false,3
2364,00160,DOT_EXCEL_EXTERNAL_APP,SQLITE_PARITY_160_DOT_EXCEL_EXTERNAL_APP.rs,P4,external_app,CLI_EXTERNAL_APP,24115605,2931019,0.121540,87.845965,false,3
